/*
 * Auto-generated from: deepvqe_opt_exact_vela.npz
 * Do not edit by hand.
 *
 * Generated for Ethos-U direct driver invocation (no TFLM).
 * Assumes a single NPU command stream with no CPU fallback.
 */
#pragma once
#include <stdint.h>
#include <stddef.h>

static const uint8_t deepvqe_opt_exact_cmd_data[] = {
    0x43, 0x4F, 0x50, 0x31, 0x01, 0x00, 0x10, 0x00, 0x18, 0x01, 0x00, 0x20,
    0x00, 0x70, 0x00, 0x20, 0x05, 0x00, 0x00, 0x00, 0x05, 0x00, 0x00, 0x00,
    0x05, 0x00, 0x00, 0x00, 0x02, 0x00, 0x37, 0x1B, 0x2F, 0x01, 0x00, 0x00,
    0x05, 0x01, 0x05, 0x00, 0x0F, 0x01, 0x01, 0x00, 0x00, 0x40, 0x00, 0x00,
    0xC0, 0x30, 0x00, 0x00, 0x01, 0x40, 0x00, 0x00, 0x00, 0x00, 0x00, 0x00,
    0x02, 0x40, 0x00, 0x00, 0x00, 0x00, 0x00, 0x00, 0x03, 0x40, 0x00, 0x00,
    0x00, 0x00, 0x00, 0x00, 0x0B, 0x01, 0x02, 0x00, 0x0C, 0x01, 0x02, 0x00,
    0x0A, 0x01, 0x80, 0x00, 0x04, 0x01, 0x01, 0x00, 0x05, 0x40, 0x00, 0x00,
    0x04, 0x02, 0x00, 0x00, 0x04, 0x40, 0x00, 0x00, 0x04, 0x00, 0x00, 0x00,
    0x06, 0x40, 0x00, 0x00, 0x02, 0x00, 0x00, 0x00, 0x09, 0x01, 0x00, 0x00,
    0x07, 0x01, 0x00, 0x00, 0x00, 0x01, 0x00, 0x00, 0x01, 0x01, 0x00, 0x00,
    0x03, 0x01, 0x00, 0x00, 0x02, 0x01, 0x00, 0x00, 0x14, 0x01, 0x03, 0x01,
    0x1F, 0x01, 0x01, 0x00, 0x10, 0x40, 0x00, 0x00, 0x70, 0x09, 0x03, 0x00,
    0x11, 0x40, 0x00, 0x00, 0x00, 0x00, 0x00, 0x00, 0x12, 0x40, 0x00, 0x00,
    0x00, 0x00, 0x00, 0x00, 0x13, 0x40, 0x00, 0x00, 0x00, 0x00, 0x00, 0x00,
    0x12, 0x01, 0x02, 0x00, 0x11, 0x01, 0x80, 0x00, 0x13, 0x01, 0x01, 0x00,
    0x1B, 0x01, 0x02, 0x00, 0x1C, 0x01, 0x02, 0x00, 0x1A, 0x01, 0x80, 0x00,
    0x15, 0x40, 0x00, 0x00, 0x04, 0x02, 0x00, 0x00, 0x14, 0x40, 0x00, 0x00,
    0x04, 0x00, 0x00, 0x00, 0x16, 0x40, 0x00, 0x00, 0x02, 0x00, 0x00, 0x00,
    0x18, 0x01, 0x00, 0x00, 0x21, 0x01, 0x00, 0x00, 0x20, 0x01, 0x00, 0x00,
    0x22, 0x01, 0x00, 0x00, 0x25, 0x01, 0x00, 0x00, 0x26, 0x01, 0x00, 0x80,
    0x27, 0x01, 0xFF, 0x7F, 0x24, 0x40, 0x1F, 0x00, 0xC6, 0xC4, 0x7C, 0x63,
    0x16, 0x01, 0x02, 0x00, 0x15, 0x01, 0x43, 0x00, 0x17, 0x01, 0x0F, 0x00,
    0x24, 0x01, 0x00, 0x02, 0x05, 0x00, 0x03, 0x00, 0x2F, 0x01, 0x07, 0x00,
    0x00, 0x40, 0x00, 0x00, 0x90, 0x67, 0x00, 0x00, 0x0B, 0x01, 0x00, 0x00,
    0x0C, 0x01, 0x00, 0x00, 0x10, 0x40, 0x00, 0x00, 0x7C, 0x0F, 0x03, 0x00,
    0x12, 0x01, 0x00, 0x00, 0x1B, 0x01, 0x00, 0x00, 0x1C, 0x01, 0x00, 0x00,
    0x24, 0x40, 0x00, 0x20, 0x01, 0x00, 0x00, 0x00, 0x16, 0x01, 0x00, 0x00,
    0x15, 0x01, 0x0B, 0x00, 0x05, 0x00, 0x03, 0x00, 0x2F, 0x01, 0x02, 0x00,
    0x24, 0x40, 0x16, 0x20, 0x4B, 0x7D, 0x00, 0x00, 0x00, 0x40, 0x00, 0x00,
    0x70, 0x09, 0x03, 0x00, 0x0B, 0x01, 0x03, 0x00, 0x0C, 0x01, 0x03, 0x00,
    0x01, 0x01, 0x01, 0x00, 0x02, 0x01, 0x01, 0x00, 0x14, 0x01, 0x43, 0x00,
    0x1F, 0x01, 0x02, 0x00, 0x10, 0x40, 0x00, 0x00, 0x40, 0x10, 0x00, 0x00,
    0x11, 0x01, 0x40, 0x00, 0x1A, 0x01, 0x40, 0x00, 0x15, 0x40, 0x00, 0x00,
    0x20, 0x08, 0x00, 0x00, 0x14, 0x40, 0x00, 0x00, 0x20, 0x00, 0x00, 0x00,
    0x16, 0x40, 0x00, 0x00, 0x20, 0x08, 0x00, 0x00, 0x21, 0x01, 0x03, 0x00,
    0x20, 0x01, 0x02, 0x00, 0x22, 0x01, 0x01, 0x00, 0x2E, 0x01, 0x00, 0x00,
    0x28, 0x01, 0x00, 0x00, 0x20, 0x40, 0x00, 0x00, 0xA0, 0x00, 0x00, 0x00,
    0x21, 0x40, 0x00, 0x00, 0x20, 0x00, 0x00, 0x00, 0x29, 0x01, 0x00, 0x00,
    0x22, 0x40, 0x00, 0x00, 0x00, 0x00, 0x00, 0x00, 0x23, 0x40, 0x00, 0x00,
    0xA0, 0x00, 0x00, 0x00, 0x15, 0x01, 0x1B, 0x00, 0x24, 0x01, 0x01, 0x02,
    0x03, 0x00, 0x00, 0x00, 0x24, 0x40, 0x18, 0x20, 0x3D, 0x62, 0x00, 0x00,
    0x05, 0x01, 0x45, 0x00, 0x0F, 0x01, 0x02, 0x00, 0x00, 0x40, 0x00, 0x00,
    0x40, 0x10, 0x00, 0x00, 0x0B, 0x01, 0x00, 0x00, 0x0C, 0x01, 0x00, 0x00,
    0x0A, 0x01, 0x40, 0x00, 0x05, 0x40, 0x00, 0x00, 0x20, 0x08, 0x00, 0x00,
    0x04, 0x40, 0x00, 0x00, 0x20, 0x00, 0x00, 0x00, 0x06, 0x40, 0x00, 0x00,
    0x20, 0x08, 0x00, 0x00, 0x01, 0x01, 0x00, 0x00, 0x02, 0x01, 0x00, 0x00,
    0x10, 0x40, 0x00, 0x00, 0x00, 0x00, 0x00, 0x00, 0x13, 0x01, 0x1F, 0x00,
    0x15, 0x40, 0x00, 0x00, 0x40, 0x10, 0x00, 0x00, 0x21, 0x01, 0x00, 0x00,
    0x20, 0x01, 0x00, 0x00, 0x22, 0x01, 0x04, 0x00, 0x20, 0x40, 0x00, 0x00,
    0x00, 0x02, 0x00, 0x00, 0x21, 0x40, 0x00, 0x00, 0xA0, 0x00, 0x00, 0x00,
    0x22, 0x40, 0x00, 0x00, 0xC0, 0x00, 0x00, 0x00, 0x23, 0x40, 0x00, 0x00,
    0x40, 0x01, 0x00, 0x00, 0x15, 0x01, 0x17, 0x00, 0x17, 0x01, 0x1F, 0x00,
    0x02, 0x00, 0x00, 0x00, 0x2F, 0x01, 0x00, 0x00, 0x05, 0x01, 0x45, 0x00,
    0x0F, 0x01, 0x02, 0x00, 0x00, 0x40, 0x00, 0x00, 0x00, 0x00, 0x00, 0x00,
    0x01, 0x40, 0x00, 0x00, 0x00, 0x00, 0x00, 0x00, 0x02, 0x40, 0x00, 0x00,
    0x00, 0x00, 0x00, 0x00, 0x03, 0x40, 0x00, 0x00, 0x00, 0x00, 0x00, 0x00,
    0x0B, 0x01, 0x00, 0x00, 0x0C, 0x01, 0x00, 0x00, 0x0A, 0x01, 0x40, 0x00,
    0x04, 0x01, 0x1F, 0x00, 0x05, 0x40, 0x00, 0x00, 0x40, 0x10, 0x00, 0x00,
    0x04, 0x40, 0x00, 0x00, 0x20, 0x00, 0x00, 0x00, 0x06, 0x40, 0x00, 0x00,
    0x20, 0x08, 0x00, 0x00, 0x09, 0x01, 0x00, 0x00, 0x14, 0x01, 0x43, 0x81,
    0x1F, 0x01, 0x00, 0x00, 0x22, 0x01, 0x00, 0x00, 0x24, 0x40, 0x1E, 0x00,
    0x54, 0xE8, 0xFF, 0x43, 0x15, 0x01, 0x43, 0x00, 0x24, 0x01, 0x00, 0x02,
    0x05, 0x00, 0x03, 0x00, 0x25, 0x40, 0x00, 0x00, 0x01, 0x00, 0x00, 0x00,
    0x26, 0x40, 0x00, 0x00, 0x01, 0x00, 0x00, 0x00, 0x24, 0x40, 0x00, 0x00,
    0x01, 0x00, 0x00, 0x00, 0x05, 0x01, 0x45, 0x80, 0x0F, 0x01, 0x00, 0x00,
    0x09, 0x01, 0x00, 0x00, 0x14, 0x01, 0x43, 0x81, 0x1F, 0x01, 0x01, 0x00,
    0x85, 0x01, 0x05, 0xC0, 0x27, 0x40, 0x00, 0x00, 0x00, 0x00, 0x00, 0x00,
    0x89, 0x01, 0x00, 0x00, 0x08, 0x01, 0x00, 0x00, 0x80, 0x01, 0x08, 0x00,
    0x06, 0x00, 0x03, 0x00, 0x24, 0x40, 0x2C, 0x00, 0x80, 0x6A, 0x92, 0x42,
    0x05, 0x01, 0x45, 0x80, 0x0F, 0x01, 0x01, 0x00, 0x09, 0x01, 0x00, 0x00,
    0x14, 0x01, 0x43, 0x01, 0x1F, 0x01, 0x02, 0x00, 0x10, 0x40, 0x00, 0x00,
    0x90, 0x20, 0x00, 0x00, 0x85, 0x01, 0x05, 0x00, 0x8F, 0x01, 0x00, 0x00,
    0x80, 0x40, 0x00, 0x00, 0xB0, 0x02, 0x00, 0x00, 0x81, 0x40, 0x00, 0x00,
    0x00, 0x00, 0x00, 0x00, 0x82, 0x40, 0x00, 0x00, 0x00, 0x00, 0x00, 0x00,
    0x83, 0x40, 0x00, 0x00, 0x00, 0x00, 0x00, 0x00, 0x8B, 0x01, 0x00, 0x00,
    0x8C, 0x01, 0x00, 0x00, 0x8A, 0x01, 0x00, 0x00, 0x85, 0x40, 0x00, 0x00,
    0x40, 0x00, 0x00, 0x00, 0x84, 0x40, 0x00, 0x00, 0x40, 0x00, 0x00, 0x00,
    0x86, 0x40, 0x00, 0x00, 0x02, 0x00, 0x00, 0x00, 0x89, 0x01, 0x00, 0x00,
    0x80, 0x01, 0x02, 0x00, 0x06, 0x00, 0x00, 0x00, 0x05, 0x01, 0x45, 0x00,
    0x0F, 0x01, 0x02, 0x00, 0x00, 0x40, 0x00, 0x00, 0x00, 0x00, 0x00, 0x00,
    0x01, 0x40, 0x00, 0x00, 0x00, 0x00, 0x00, 0x00, 0x02, 0x40, 0x00, 0x00,
    0x00, 0x00, 0x00, 0x00, 0x03, 0x40, 0x00, 0x00, 0x00, 0x00, 0x00, 0x00,
    0x0B, 0x01, 0x00, 0x00, 0x0C, 0x01, 0x00, 0x00, 0x0A, 0x01, 0x40, 0x00,
    0x05, 0x40, 0x00, 0x00, 0x40, 0x10, 0x00, 0x00, 0x04, 0x40, 0x00, 0x00,
    0x20, 0x00, 0x00, 0x00, 0x06, 0x40, 0x00, 0x00, 0x20, 0x08, 0x00, 0x00,
    0x09, 0x01, 0x00, 0x00, 0x14, 0x01, 0x43, 0x81, 0x1F, 0x01, 0x00, 0x00,
    0x26, 0x01, 0x00, 0x00, 0x24, 0x40, 0x00, 0x00, 0x01, 0x00, 0x00, 0x00,
    0x05, 0x00, 0x03, 0x00, 0x25, 0x40, 0xD0, 0x03, 0x00, 0x00, 0x00, 0x40,
    0x26, 0x40, 0xD2, 0x03, 0xB1, 0x5F, 0xE1, 0x6F, 0x24, 0x40, 0x2C, 0x00,
    0x00, 0x00, 0x00, 0x40, 0x05, 0x01, 0x45, 0x80, 0x0F, 0x01, 0x00, 0x00,
    0x09, 0x01, 0x00, 0x00, 0x14, 0x01, 0x43, 0x01, 0x1F, 0x01, 0x02, 0x00,
    0x10, 0x40, 0x00, 0x00, 0x50, 0x10, 0x00, 0x00, 0x26, 0x01, 0x00, 0x80,
    0x85, 0x01, 0x45, 0x00, 0x8F, 0x01, 0x02, 0x00, 0x80, 0x40, 0x00, 0x00,
    0x90, 0x20, 0x00, 0x00, 0x81, 0x40, 0x00, 0x00, 0x00, 0x00, 0x00, 0x00,
    0x82, 0x40, 0x00, 0x00, 0x00, 0x00, 0x00, 0x00, 0x83, 0x40, 0x00, 0x00,
    0x00, 0x00, 0x00, 0x00, 0x8B, 0x01, 0x00, 0x00, 0x8C, 0x01, 0x00, 0x00,
    0x8A, 0x01, 0x40, 0x00, 0x85, 0x40, 0x00, 0x00, 0x40, 0x10, 0x00, 0x00,
    0x84, 0x40, 0x00, 0x00, 0x20, 0x00, 0x00, 0x00, 0x86, 0x40, 0x00, 0x00,
    0x20, 0x08, 0x00, 0x00, 0x89, 0x01, 0x00, 0x00, 0x80, 0x01, 0x00, 0x00,
    0x06, 0x00, 0x01, 0x00, 0x2F, 0x01, 0x07, 0x00, 0x05, 0x01, 0x05, 0x00,
    0x0F, 0x01, 0x01, 0x00, 0x00, 0x40, 0x00, 0x00, 0xD0, 0x36, 0x00, 0x00,
    0x01, 0x40, 0x00, 0x00, 0x00, 0x00, 0x00, 0x00, 0x02, 0x40, 0x00, 0x00,
    0x00, 0x00, 0x00, 0x00, 0x03, 0x40, 0x00, 0x00, 0x00, 0x00, 0x00, 0x00,
    0x0B, 0x01, 0x02, 0x00, 0x0C, 0x01, 0x02, 0x00, 0x0A, 0x01, 0x40, 0x00,
    0x05, 0x40, 0x00, 0x00, 0x40, 0x10, 0x00, 0x00, 0x04, 0x40, 0x00, 0x00,
    0x40, 0x00, 0x00, 0x00, 0x06, 0x40, 0x00, 0x00, 0x02, 0x00, 0x00, 0x00,
    0x09, 0x01, 0x00, 0x00, 0x14, 0x01, 0x03, 0x01, 0x1F, 0x01, 0x01, 0x00,
    0x10, 0x40, 0x00, 0x00, 0x40, 0xBC, 0x00, 0x00, 0x12, 0x01, 0x02, 0x00,
    0x1B, 0x01, 0x02, 0x00, 0x1C, 0x01, 0x02, 0x00, 0x14, 0x40, 0x00, 0x00,
    0x40, 0x00, 0x00, 0x00, 0x16, 0x40, 0x00, 0x00, 0x02, 0x00, 0x00, 0x00,
    0x24, 0x40, 0x1F, 0x00, 0xDF, 0xD4, 0xB5, 0x67, 0x16, 0x01, 0x01, 0x00,
    0x15, 0x01, 0x23, 0x00, 0x05, 0x00, 0x03, 0x00, 0x05, 0x01, 0x45, 0x00,
    0x0F, 0x01, 0x02, 0x00, 0x00, 0x40, 0x00, 0x00, 0x50, 0x10, 0x00, 0x00,
    0x0B, 0x01, 0x00, 0x00, 0x0C, 0x01, 0x00, 0x00, 0x04, 0x40, 0x00, 0x00,
    0x20, 0x00, 0x00, 0x00, 0x06, 0x40, 0x00, 0x00, 0x20, 0x08, 0x00, 0x00,
    0x10, 0x40, 0x00, 0x00, 0x00, 0xED, 0x00, 0x00, 0x12, 0x01, 0x00, 0x00,
    0x1B, 0x01, 0x00, 0x00, 0x1C, 0x01, 0x00, 0x00, 0x24, 0x40, 0x00, 0x20,
    0x01, 0x00, 0x00, 0x00, 0x16, 0x01, 0x00, 0x00, 0x15, 0x01, 0x43, 0x00,
    0x17, 0x01, 0x0F, 0x00, 0x05, 0x00, 0x03, 0x00, 0x2F, 0x01, 0x01, 0x00,
    0x24, 0x40, 0x16, 0x20, 0x4D, 0x7A, 0x00, 0x00, 0x05, 0x01, 0x05, 0x00,
    0x0F, 0x01, 0x01, 0x00, 0x00, 0x40, 0x00, 0x00, 0x40, 0xBC, 0x00, 0x00,
    0x0B, 0x01, 0x03, 0x00, 0x0C, 0x01, 0x03, 0x00, 0x04, 0x40, 0x00, 0x00,
    0x40, 0x00, 0x00, 0x00, 0x06, 0x40, 0x00, 0x00, 0x02, 0x00, 0x00, 0x00,
    0x01, 0x01, 0x01, 0x00, 0x02, 0x01, 0x01, 0x00, 0x14, 0x01, 0x43, 0x00,
    0x1F, 0x01, 0x02, 0x00, 0x10, 0x40, 0x00, 0x00, 0x00, 0x00, 0x00, 0x00,
    0x14, 0x40, 0x00, 0x00, 0x20, 0x00, 0x00, 0x00, 0x16, 0x40, 0x00, 0x00,
    0x20, 0x08, 0x00, 0x00, 0x21, 0x01, 0x03, 0x00, 0x20, 0x01, 0x02, 0x00,
    0x20, 0x40, 0x00, 0x00, 0x30, 0x04, 0x00, 0x00, 0x21, 0x40, 0x00, 0x00,
    0xF0, 0x01, 0x00, 0x00, 0x22, 0x40, 0x00, 0x00, 0xF0, 0x02, 0x00, 0x00,
    0x15, 0x01, 0x3B, 0x00, 0x24, 0x01, 0x01, 0x02, 0x03, 0x00, 0x00, 0x00,
    0x2F, 0x01, 0x03, 0x00, 0x24, 0x40, 0x15, 0x20, 0xB7, 0x5A, 0x00, 0x00,
    0x05, 0x01, 0x45, 0x00, 0x0F, 0x01, 0x02, 0x00, 0x00, 0x40, 0x00, 0x00,
    0x00, 0x00, 0x00, 0x00, 0x0B, 0x01, 0x00, 0x00, 0x0C, 0x01, 0x00, 0x00,
    0x04, 0x40, 0x00, 0x00, 0x20, 0x00, 0x00, 0x00, 0x06, 0x40, 0x00, 0x00,
    0x20, 0x08, 0x00, 0x00, 0x01, 0x01, 0x00, 0x00, 0x02, 0x01, 0x00, 0x00,
    0x10, 0x40, 0x00, 0x00, 0x90, 0x20, 0x00, 0x00, 0x21, 0x01, 0x00, 0x00,
    0x20, 0x01, 0x00, 0x00, 0x22, 0x01, 0x04, 0x00, 0x20, 0x40, 0x00, 0x00,
    0x60, 0x07, 0x00, 0x00, 0x21, 0x40, 0x00, 0x00, 0x90, 0x06, 0x00, 0x00,
    0x22, 0x40, 0x00, 0x00, 0x20, 0x06, 0x00, 0x00, 0x15, 0x01, 0x17, 0x00,
    0x17, 0x01, 0x1F, 0x00, 0x02, 0x00, 0x00, 0x00, 0x2F, 0x01, 0x00, 0x00,
    0x25, 0x40, 0x00, 0x00, 0x01, 0x00, 0x00, 0x00, 0x26, 0x40, 0x00, 0x00,
    0x01, 0x00, 0x00, 0x00, 0x24, 0x40, 0x00, 0x00, 0x01, 0x00, 0x00, 0x00,
    0x05, 0x01, 0x45, 0x00, 0x0F, 0x01, 0x02, 0x00, 0x00, 0x40, 0x00, 0x00,
    0x90, 0x20, 0x00, 0x00, 0x01, 0x40, 0x00, 0x00, 0x00, 0x00, 0x00, 0x00,
    0x02, 0x40, 0x00, 0x00, 0x00, 0x00, 0x00, 0x00, 0x03, 0x40, 0x00, 0x00,
    0x00, 0x00, 0x00, 0x00, 0x0B, 0x01, 0x00, 0x00, 0x0C, 0x01, 0x00, 0x00,
    0x0A, 0x01, 0x40, 0x00, 0x05, 0x40, 0x00, 0x00, 0x40, 0x10, 0x00, 0x00,
    0x04, 0x40, 0x00, 0x00, 0x20, 0x00, 0x00, 0x00, 0x06, 0x40, 0x00, 0x00,
    0x20, 0x08, 0x00, 0x00, 0x09, 0x01, 0x00, 0x00, 0x14, 0x01, 0x43, 0x81,
    0x1F, 0x01, 0x00, 0x00, 0x85, 0x01, 0x05, 0xC0, 0x89, 0x01, 0x00, 0x00,
    0x80, 0x01, 0x08, 0x00, 0x15, 0x01, 0x3F, 0x00, 0x17, 0x01, 0x0F, 0x00,
    0x24, 0x01, 0x01, 0x01, 0x06, 0x00, 0x03, 0x00, 0x24, 0x40, 0x2C, 0x00,
    0x00, 0xAE, 0x48, 0x5D, 0x05, 0x01, 0x45, 0x80, 0x0F, 0x01, 0x00, 0x00,
    0x09, 0x01, 0x00, 0x00, 0x14, 0x01, 0x43, 0x01, 0x1F, 0x01, 0x02, 0x00,
    0x10, 0x40, 0x00, 0x00, 0xD0, 0x30, 0x00, 0x00, 0x85, 0x01, 0x05, 0x00,
    0x8F, 0x01, 0x00, 0x00, 0x80, 0x40, 0x00, 0x00, 0xF0, 0x0D, 0x00, 0x00,
    0x81, 0x40, 0x00, 0x00, 0x00, 0x00, 0x00, 0x00, 0x82, 0x40, 0x00, 0x00,
    0x00, 0x00, 0x00, 0x00, 0x83, 0x40, 0x00, 0x00, 0x00, 0x00, 0x00, 0x00,
    0x8B, 0x01, 0x00, 0x00, 0x8C, 0x01, 0x00, 0x00, 0x8A, 0x01, 0x00, 0x00,
    0x85, 0x40, 0x00, 0x00, 0x40, 0x00, 0x00, 0x00, 0x84, 0x40, 0x00, 0x00,
    0x40, 0x00, 0x00, 0x00, 0x86, 0x40, 0x00, 0x00, 0x02, 0x00, 0x00, 0x00,
    0x89, 0x01, 0x00, 0x00, 0x80, 0x01, 0x02, 0x00, 0x06, 0x00, 0x00, 0x00,
    0x05, 0x01, 0x45, 0x00, 0x0F, 0x01, 0x02, 0x00, 0x00, 0x40, 0x00, 0x00,
    0x90, 0x20, 0x00, 0x00, 0x01, 0x40, 0x00, 0x00, 0x00, 0x00, 0x00, 0x00,
    0x02, 0x40, 0x00, 0x00, 0x00, 0x00, 0x00, 0x00, 0x03, 0x40, 0x00, 0x00,
    0x00, 0x00, 0x00, 0x00, 0x0B, 0x01, 0x00, 0x00, 0x0C, 0x01, 0x00, 0x00,
    0x0A, 0x01, 0x40, 0x00, 0x05, 0x40, 0x00, 0x00, 0x40, 0x10, 0x00, 0x00,
    0x04, 0x40, 0x00, 0x00, 0x20, 0x00, 0x00, 0x00, 0x06, 0x40, 0x00, 0x00,
    0x20, 0x08, 0x00, 0x00, 0x09, 0x01, 0x00, 0x00, 0x14, 0x01, 0x43, 0x81,
    0x1F, 0x01, 0x00, 0x00, 0x22, 0x01, 0x00, 0x00, 0x26, 0x01, 0x00, 0x00,
    0x24, 0x40, 0x1E, 0x00, 0x00, 0x07, 0x48, 0x5F, 0x15, 0x01, 0x43, 0x00,
    0x17, 0x01, 0x1F, 0x00, 0x24, 0x01, 0x00, 0x02, 0x05, 0x00, 0x03, 0x00,
    0x25, 0x40, 0xD0, 0x03, 0x00, 0x00, 0x00, 0x40, 0x26, 0x40, 0xD1, 0x03,
    0x7B, 0x82, 0xD9, 0x5B, 0x24, 0x40, 0x2D, 0x00, 0x14, 0x49, 0x51, 0x69,
    0x05, 0x01, 0x45, 0x80, 0x0F, 0x01, 0x00, 0x00, 0x09, 0x01, 0x00, 0x00,
    0x14, 0x01, 0x43, 0x81, 0x1F, 0x01, 0x01, 0x00, 0x26, 0x01, 0x00, 0x80,
    0x85, 0x01, 0x45, 0x00, 0x8F, 0x01, 0x02, 0x00, 0x80, 0x40, 0x00, 0x00,
    0xD0, 0x30, 0x00, 0x00, 0x81, 0x40, 0x00, 0x00, 0x00, 0x00, 0x00, 0x00,
    0x82, 0x40, 0x00, 0x00, 0x00, 0x00, 0x00, 0x00, 0x83, 0x40, 0x00, 0x00,
    0x00, 0x00, 0x00, 0x00, 0x8B, 0x01, 0x00, 0x00, 0x8C, 0x01, 0x00, 0x00,
    0x8A, 0x01, 0x40, 0x00, 0x85, 0x40, 0x00, 0x00, 0x40, 0x10, 0x00, 0x00,
    0x84, 0x40, 0x00, 0x00, 0x20, 0x00, 0x00, 0x00, 0x86, 0x40, 0x00, 0x00,
    0x20, 0x08, 0x00, 0x00, 0x89, 0x01, 0x00, 0x00, 0x80, 0x01, 0x00, 0x00,
    0x06, 0x00, 0x01, 0x00, 0x26, 0x40, 0xD2, 0x03, 0xE9, 0xA6, 0xDF, 0x76,
    0x24, 0x40, 0x2C, 0x00, 0x00, 0x00, 0x00, 0x40, 0x05, 0x01, 0x45, 0x80,
    0x0F, 0x01, 0x01, 0x00, 0x09, 0x01, 0x00, 0x00, 0x14, 0x01, 0x43, 0x01,
    0x1F, 0x01, 0x02, 0x00, 0x10, 0x40, 0x00, 0x00, 0x10, 0x00, 0x00, 0x00,
    0x85, 0x01, 0x45, 0x00, 0x8F, 0x01, 0x02, 0x00, 0x80, 0x40, 0x00, 0x00,
    0x50, 0x10, 0x00, 0x00, 0x81, 0x40, 0x00, 0x00, 0x00, 0x00, 0x00, 0x00,
    0x82, 0x40, 0x00, 0x00, 0x00, 0x00, 0x00, 0x00, 0x83, 0x40, 0x00, 0x00,
    0x00, 0x00, 0x00, 0x00, 0x8B, 0x01, 0x00, 0x00, 0x8C, 0x01, 0x00, 0x00,
    0x8A, 0x01, 0x40, 0x00, 0x85, 0x40, 0x00, 0x00, 0x40, 0x10, 0x00, 0x00,
    0x84, 0x40, 0x00, 0x00, 0x20, 0x00, 0x00, 0x00, 0x86, 0x40, 0x00, 0x00,
    0x20, 0x08, 0x00, 0x00, 0x89, 0x01, 0x00, 0x00, 0x06, 0x00, 0x01, 0x00,
    0x24, 0x40, 0x13, 0x20, 0x96, 0x4E, 0x00, 0x00, 0x05, 0x01, 0x45, 0x00,
    0x0F, 0x01, 0x02, 0x00, 0x00, 0x40, 0x00, 0x00, 0x10, 0x00, 0x00, 0x00,
    0x01, 0x40, 0x00, 0x00, 0x00, 0x00, 0x00, 0x00, 0x02, 0x40, 0x00, 0x00,
    0x00, 0x00, 0x00, 0x00, 0x03, 0x40, 0x00, 0x00, 0x00, 0x00, 0x00, 0x00,
    0x0B, 0x01, 0x00, 0x00, 0x0C, 0x01, 0x00, 0x00, 0x0A, 0x01, 0x40, 0x00,
    0x05, 0x40, 0x00, 0x00, 0x40, 0x10, 0x00, 0x00, 0x04, 0x40, 0x00, 0x00,
    0x20, 0x00, 0x00, 0x00, 0x06, 0x40, 0x00, 0x00, 0x20, 0x08, 0x00, 0x00,
    0x09, 0x01, 0x00, 0x00, 0x14, 0x01, 0x43, 0x00, 0x1F, 0x01, 0x01, 0x00,
    0x10, 0x40, 0x00, 0x00, 0x40, 0x7F, 0x01, 0x00, 0x22, 0x01, 0x04, 0x00,
    0x20, 0x40, 0x00, 0x00, 0x70, 0x0F, 0x00, 0x00, 0x21, 0x40, 0x00, 0x00,
    0x60, 0x06, 0x00, 0x00, 0x22, 0x40, 0x00, 0x00, 0x30, 0x0E, 0x00, 0x00,
    0x15, 0x01, 0x17, 0x00, 0x24, 0x01, 0x01, 0x02, 0x02, 0x00, 0x00, 0x00,
    0x2F, 0x01, 0x07, 0x00, 0x05, 0x01, 0x05, 0x00, 0x0F, 0x01, 0x01, 0x00,
    0x00, 0x40, 0x00, 0x00, 0x00, 0x2E, 0x01, 0x00, 0x0B, 0x01, 0x04, 0x00,
    0x0C, 0x01, 0x04, 0x00, 0x04, 0x40, 0x00, 0x00, 0x40, 0x00, 0x00, 0x00,
    0x06, 0x40, 0x00, 0x00, 0x02, 0x00, 0x00, 0x00, 0x14, 0x01, 0x03, 0x01,
    0x10, 0x40, 0x00, 0x00, 0xC0, 0x30, 0x00, 0x00, 0x12, 0x01, 0x04, 0x00,
    0x1B, 0x01, 0x04, 0x00, 0x1C, 0x01, 0x04, 0x00, 0x14, 0x40, 0x00, 0x00,
    0x40, 0x00, 0x00, 0x00, 0x16, 0x40, 0x00, 0x00, 0x02, 0x00, 0x00, 0x00,
    0x22, 0x01, 0x00, 0x00, 0x24, 0x40, 0x1F, 0x00, 0x98, 0xFC, 0xFA, 0x7E,
    0x16, 0x01, 0x02, 0x00, 0x15, 0x01, 0x23, 0x00, 0x24, 0x01, 0x00, 0x02,
    0x05, 0x00, 0x03, 0x00, 0x00, 0x40, 0x00, 0x00, 0x40, 0x51, 0x02, 0x00,
    0x0B, 0x01, 0x02, 0x00, 0x0C, 0x01, 0x02, 0x00, 0x0A, 0x01, 0x80, 0x00,
    0x04, 0x01, 0x01, 0x00, 0x05, 0x40, 0x00, 0x00, 0x04, 0x02, 0x00, 0x00,
    0x04, 0x40, 0x00, 0x00, 0x04, 0x00, 0x00, 0x00, 0x10, 0x40, 0x00, 0x00,
    0xC0, 0xDE, 0x02, 0x00, 0x12, 0x01, 0x02, 0x00, 0x11, 0x01, 0x80, 0x00,
    0x13, 0x01, 0x01, 0x00, 0x1B, 0x01, 0x02, 0x00, 0x1C, 0x01, 0x02, 0x00,
    0x1A, 0x01, 0x80, 0x00, 0x15, 0x40, 0x00, 0x00, 0x04, 0x02, 0x00, 0x00,
    0x14, 0x40, 0x00, 0x00, 0x04, 0x00, 0x00, 0x00, 0x24, 0x40, 0x1F, 0x00,
    0x65, 0x72, 0x20, 0x7B, 0x15, 0x01, 0x43, 0x00, 0x17, 0x01, 0x0F, 0x00,
    0x05, 0x00, 0x03, 0x00, 0x00, 0x40, 0x00, 0x00, 0x40, 0x92, 0x00, 0x00,
    0x0B, 0x01, 0x00, 0x00, 0x0C, 0x01, 0x00, 0x00, 0x10, 0x40, 0x00, 0x00,
    0xCC, 0xE4, 0x02, 0x00, 0x12, 0x01, 0x00, 0x00, 0x1B, 0x01, 0x00, 0x00,
    0x1C, 0x01, 0x00, 0x00, 0x24, 0x40, 0x00, 0x20, 0x01, 0x00, 0x00, 0x00,
    0x16, 0x01, 0x00, 0x00, 0x15, 0x01, 0x0B, 0x00, 0x05, 0x00, 0x03, 0x00,
    0x2F, 0x01, 0x02, 0x00, 0x24, 0x40, 0x16, 0x20, 0x4D, 0x73, 0x00, 0x00,
    0x00, 0x40, 0x00, 0x00, 0xC0, 0xDE, 0x02, 0x00, 0x0B, 0x01, 0x03, 0x00,
    0x0C, 0x01, 0x03, 0x00, 0x01, 0x01, 0x01, 0x00, 0x02, 0x01, 0x01, 0x00,
    0x14, 0x01, 0x43, 0x00, 0x1F, 0x01, 0x02, 0x00, 0x10, 0x40, 0x00, 0x00,
    0x90, 0x20, 0x00, 0x00, 0x11, 0x01, 0x40, 0x00, 0x1A, 0x01, 0x40, 0x00,
    0x15, 0x40, 0x00, 0x00, 0x20, 0x08, 0x00, 0x00, 0x14, 0x40, 0x00, 0x00,
    0x20, 0x00, 0x00, 0x00, 0x16, 0x40, 0x00, 0x00, 0x20, 0x08, 0x00, 0x00,
    0x21, 0x01, 0x03, 0x00, 0x20, 0x01, 0x02, 0x00, 0x22, 0x01, 0x01, 0x00,
    0x20, 0x40, 0x00, 0x00, 0x70, 0x16, 0x00, 0x00, 0x21, 0x40, 0x00, 0x00,
    0x40, 0x00, 0x00, 0x00, 0x22, 0x40, 0x00, 0x00, 0xD0, 0x15, 0x00, 0x00,
    0x23, 0x40, 0x00, 0x00, 0xA0, 0x00, 0x00, 0x00, 0x15, 0x01, 0x1B, 0x00,
    0x24, 0x01, 0x01, 0x02, 0x03, 0x00, 0x00, 0x00, 0x24, 0x40, 0x17, 0x20,
    0xB2, 0x68, 0x00, 0x00, 0x05, 0x01, 0x45, 0x00, 0x0F, 0x01, 0x02, 0x00,
    0x00, 0x40, 0x00, 0x00, 0x90, 0x20, 0x00, 0x00, 0x0B, 0x01, 0x00, 0x00,
    0x0C, 0x01, 0x00, 0x00, 0x0A, 0x01, 0x40, 0x00, 0x05, 0x40, 0x00, 0x00,
    0x20, 0x08, 0x00, 0x00, 0x04, 0x40, 0x00, 0x00, 0x20, 0x00, 0x00, 0x00,
    0x06, 0x40, 0x00, 0x00, 0x20, 0x08, 0x00, 0x00, 0x01, 0x01, 0x00, 0x00,
    0x02, 0x01, 0x00, 0x00, 0x10, 0x40, 0x00, 0x00, 0x50, 0x10, 0x00, 0x00,
    0x13, 0x01, 0x1F, 0x00, 0x15, 0x40, 0x00, 0x00, 0x40, 0x10, 0x00, 0x00,
    0x21, 0x01, 0x00, 0x00, 0x20, 0x01, 0x00, 0x00, 0x22, 0x01, 0x04, 0x00,
    0x20, 0x40, 0x00, 0x00, 0xF0, 0x17, 0x00, 0x00, 0x21, 0x40, 0x00, 0x00,
    0xA0, 0x00, 0x00, 0x00, 0x22, 0x40, 0x00, 0x00, 0xB0, 0x16, 0x00, 0x00,
    0x23, 0x40, 0x00, 0x00, 0x40, 0x01, 0x00, 0x00, 0x15, 0x01, 0x17, 0x00,
    0x17, 0x01, 0x1F, 0x00, 0x02, 0x00, 0x00, 0x00, 0x2F, 0x01, 0x00, 0x00,
    0x25, 0x40, 0x00, 0x00, 0x01, 0x00, 0x00, 0x00, 0x26, 0x40, 0x00, 0x00,
    0x01, 0x00, 0x00, 0x00, 0x24, 0x40, 0x00, 0x00, 0x01, 0x00, 0x00, 0x00,
    0x05, 0x01, 0x45, 0x00, 0x0F, 0x01, 0x02, 0x00, 0x00, 0x40, 0x00, 0x00,
    0x50, 0x10, 0x00, 0x00, 0x01, 0x40, 0x00, 0x00, 0x00, 0x00, 0x00, 0x00,
    0x02, 0x40, 0x00, 0x00, 0x00, 0x00, 0x00, 0x00, 0x03, 0x40, 0x00, 0x00,
    0x00, 0x00, 0x00, 0x00, 0x0B, 0x01, 0x00, 0x00, 0x0C, 0x01, 0x00, 0x00,
    0x0A, 0x01, 0x40, 0x00, 0x04, 0x01, 0x1F, 0x00, 0x05, 0x40, 0x00, 0x00,
    0x40, 0x10, 0x00, 0x00, 0x04, 0x40, 0x00, 0x00, 0x20, 0x00, 0x00, 0x00,
    0x06, 0x40, 0x00, 0x00, 0x20, 0x08, 0x00, 0x00, 0x09, 0x01, 0x00, 0x00,
    0x14, 0x01, 0x43, 0x81, 0x1F, 0x01, 0x00, 0x00, 0x85, 0x01, 0x05, 0xC0,
    0x89, 0x01, 0x00, 0x00, 0x80, 0x01, 0x08, 0x00, 0x15, 0x01, 0x3F, 0x00,
    0x17, 0x01, 0x0F, 0x00, 0x24, 0x01, 0x01, 0x01, 0x06, 0x00, 0x03, 0x00,
    0x24, 0x40, 0x2C, 0x00, 0x80, 0x9B, 0x89, 0x42, 0x05, 0x01, 0x45, 0x80,
    0x0F, 0x01, 0x00, 0x00, 0x09, 0x01, 0x00, 0x00, 0x14, 0x01, 0x43, 0x01,
    0x1F, 0x01, 0x02, 0x00, 0x10, 0x40, 0x00, 0x00, 0xD0, 0x30, 0x00, 0x00,
    0x85, 0x01, 0x05, 0x00, 0x8F, 0x01, 0x00, 0x00, 0x80, 0x40, 0x00, 0x00,
    0x90, 0x18, 0x00, 0x00, 0x81, 0x40, 0x00, 0x00, 0x00, 0x00, 0x00, 0x00,
    0x82, 0x40, 0x00, 0x00, 0x00, 0x00, 0x00, 0x00, 0x83, 0x40, 0x00, 0x00,
    0x00, 0x00, 0x00, 0x00, 0x8B, 0x01, 0x00, 0x00, 0x8C, 0x01, 0x00, 0x00,
    0x8A, 0x01, 0x00, 0x00, 0x85, 0x40, 0x00, 0x00, 0x40, 0x00, 0x00, 0x00,
    0x84, 0x40, 0x00, 0x00, 0x40, 0x00, 0x00, 0x00, 0x86, 0x40, 0x00, 0x00,
    0x02, 0x00, 0x00, 0x00, 0x89, 0x01, 0x00, 0x00, 0x80, 0x01, 0x02, 0x00,
    0x06, 0x00, 0x00, 0x00, 0x05, 0x01, 0x45, 0x00, 0x0F, 0x01, 0x02, 0x00,
    0x00, 0x40, 0x00, 0x00, 0x50, 0x10, 0x00, 0x00, 0x01, 0x40, 0x00, 0x00,
    0x00, 0x00, 0x00, 0x00, 0x02, 0x40, 0x00, 0x00, 0x00, 0x00, 0x00, 0x00,
    0x03, 0x40, 0x00, 0x00, 0x00, 0x00, 0x00, 0x00, 0x0B, 0x01, 0x00, 0x00,
    0x0C, 0x01, 0x00, 0x00, 0x0A, 0x01, 0x40, 0x00, 0x05, 0x40, 0x00, 0x00,
    0x40, 0x10, 0x00, 0x00, 0x04, 0x40, 0x00, 0x00, 0x20, 0x00, 0x00, 0x00,
    0x06, 0x40, 0x00, 0x00, 0x20, 0x08, 0x00, 0x00, 0x09, 0x01, 0x00, 0x00,
    0x14, 0x01, 0x43, 0x81, 0x1F, 0x01, 0x00, 0x00, 0x22, 0x01, 0x00, 0x00,
    0x26, 0x01, 0x00, 0x00, 0x24, 0x40, 0x1E, 0x00, 0x80, 0x6D, 0x73, 0x42,
    0x15, 0x01, 0x43, 0x00, 0x17, 0x01, 0x1F, 0x00, 0x24, 0x01, 0x00, 0x02,
    0x05, 0x00, 0x03, 0x00, 0x25, 0x40, 0xD0, 0x03, 0x00, 0x00, 0x00, 0x40,
    0x26, 0x40, 0xD2, 0x03, 0x7B, 0x25, 0x3D, 0x65, 0x24, 0x40, 0x2C, 0x00,
    0x00, 0x00, 0x00, 0x40, 0x05, 0x01, 0x45, 0x80, 0x0F, 0x01, 0x00, 0x00,
    0x09, 0x01, 0x00, 0x00, 0x14, 0x01, 0x43, 0x01, 0x1F, 0x01, 0x02, 0x00,
    0x10, 0x40, 0x00, 0x00, 0x90, 0x20, 0x00, 0x00, 0x26, 0x01, 0x00, 0x80,
    0x85, 0x01, 0x45, 0x00, 0x8F, 0x01, 0x02, 0x00, 0x80, 0x40, 0x00, 0x00,
    0xD0, 0x30, 0x00, 0x00, 0x81, 0x40, 0x00, 0x00, 0x00, 0x00, 0x00, 0x00,
    0x82, 0x40, 0x00, 0x00, 0x00, 0x00, 0x00, 0x00, 0x83, 0x40, 0x00, 0x00,
    0x00, 0x00, 0x00, 0x00, 0x8B, 0x01, 0x00, 0x00, 0x8C, 0x01, 0x00, 0x00,
    0x8A, 0x01, 0x40, 0x00, 0x85, 0x40, 0x00, 0x00, 0x40, 0x10, 0x00, 0x00,
    0x84, 0x40, 0x00, 0x00, 0x20, 0x00, 0x00, 0x00, 0x86, 0x40, 0x00, 0x00,
    0x20, 0x08, 0x00, 0x00, 0x89, 0x01, 0x00, 0x00, 0x80, 0x01, 0x00, 0x00,
    0x06, 0x00, 0x01, 0x00, 0x2F, 0x01, 0x07, 0x00, 0x05, 0x01, 0x05, 0x00,
    0x0F, 0x01, 0x01, 0x00, 0x00, 0x40, 0x00, 0x00, 0x40, 0xFD, 0x00, 0x00,
    0x01, 0x40, 0x00, 0x00, 0x00, 0x00, 0x00, 0x00, 0x02, 0x40, 0x00, 0x00,
    0x00, 0x00, 0x00, 0x00, 0x03, 0x40, 0x00, 0x00, 0x00, 0x00, 0x00, 0x00,
    0x0B, 0x01, 0x02, 0x00, 0x0C, 0x01, 0x02, 0x00, 0x0A, 0x01, 0x40, 0x00,
    0x05, 0x40, 0x00, 0x00, 0x40, 0x10, 0x00, 0x00, 0x04, 0x40, 0x00, 0x00,
    0x40, 0x00, 0x00, 0x00, 0x06, 0x40, 0x00, 0x00, 0x02, 0x00, 0x00, 0x00,
    0x09, 0x01, 0x00, 0x00, 0x14, 0x01, 0x03, 0x01, 0x1F, 0x01, 0x01, 0x00,
    0x10, 0x40, 0x00, 0x00, 0xC0, 0x5C, 0x02, 0x00, 0x12, 0x01, 0x02, 0x00,
    0x1B, 0x01, 0x02, 0x00, 0x1C, 0x01, 0x02, 0x00, 0x14, 0x40, 0x00, 0x00,
    0x40, 0x00, 0x00, 0x00, 0x16, 0x40, 0x00, 0x00, 0x02, 0x00, 0x00, 0x00,
    0x24, 0x40, 0x1F, 0x00, 0x0B, 0xE0, 0x2A, 0x7E, 0x16, 0x01, 0x01, 0x00,
    0x15, 0x01, 0x23, 0x00, 0x05, 0x00, 0x03, 0x00, 0x05, 0x01, 0x45, 0x00,
    0x0F, 0x01, 0x02, 0x00, 0x00, 0x40, 0x00, 0x00, 0x90, 0x20, 0x00, 0x00,
    0x0B, 0x01, 0x00, 0x00, 0x0C, 0x01, 0x00, 0x00, 0x04, 0x40, 0x00, 0x00,
    0x20, 0x00, 0x00, 0x00, 0x06, 0x40, 0x00, 0x00, 0x20, 0x08, 0x00, 0x00,
    0x10, 0x40, 0x00, 0x00, 0x80, 0x8D, 0x02, 0x00, 0x12, 0x01, 0x00, 0x00,
    0x1B, 0x01, 0x00, 0x00, 0x1C, 0x01, 0x00, 0x00, 0x24, 0x40, 0x00, 0x20,
    0x01, 0x00, 0x00, 0x00, 0x16, 0x01, 0x00, 0x00, 0x15, 0x01, 0x43, 0x00,
    0x17, 0x01, 0x0F, 0x00, 0x05, 0x00, 0x03, 0x00, 0x2F, 0x01, 0x01, 0x00,
    0x24, 0x40, 0x15, 0x20, 0x3F, 0x51, 0x00, 0x00, 0x05, 0x01, 0x05, 0x00,
    0x0F, 0x01, 0x01, 0x00, 0x00, 0x40, 0x00, 0x00, 0xC0, 0x5C, 0x02, 0x00,
    0x0B, 0x01, 0x03, 0x00, 0x0C, 0x01, 0x03, 0x00, 0x04, 0x40, 0x00, 0x00,
    0x40, 0x00, 0x00, 0x00, 0x06, 0x40, 0x00, 0x00, 0x02, 0x00, 0x00, 0x00,
    0x01, 0x01, 0x01, 0x00, 0x02, 0x01, 0x01, 0x00, 0x14, 0x01, 0x43, 0x00,
    0x1F, 0x01, 0x02, 0x00, 0x10, 0x40, 0x00, 0x00, 0x50, 0x10, 0x00, 0x00,
    0x14, 0x40, 0x00, 0x00, 0x20, 0x00, 0x00, 0x00, 0x16, 0x40, 0x00, 0x00,
    0x20, 0x08, 0x00, 0x00, 0x21, 0x01, 0x03, 0x00, 0x20, 0x01, 0x02, 0x00,
    0x20, 0x40, 0x00, 0x00, 0x10, 0x1A, 0x00, 0x00, 0x21, 0x40, 0x00, 0x00,
    0xF0, 0x01, 0x00, 0x00, 0x22, 0x40, 0x00, 0x00, 0xD0, 0x18, 0x00, 0x00,
    0x15, 0x01, 0x3B, 0x00, 0x24, 0x01, 0x01, 0x02, 0x03, 0x00, 0x00, 0x00,
    0x2F, 0x01, 0x03, 0x00, 0x24, 0x40, 0x18, 0x20, 0x38, 0x4F, 0x00, 0x00,
    0x05, 0x01, 0x45, 0x00, 0x0F, 0x01, 0x02, 0x00, 0x00, 0x40, 0x00, 0x00,
    0x50, 0x10, 0x00, 0x00, 0x0B, 0x01, 0x00, 0x00, 0x0C, 0x01, 0x00, 0x00,
    0x04, 0x40, 0x00, 0x00, 0x20, 0x00, 0x00, 0x00, 0x06, 0x40, 0x00, 0x00,
    0x20, 0x08, 0x00, 0x00, 0x01, 0x01, 0x00, 0x00, 0x02, 0x01, 0x00, 0x00,
    0x10, 0x40, 0x00, 0x00, 0xD0, 0x30, 0x00, 0x00, 0x21, 0x01, 0x00, 0x00,
    0x20, 0x01, 0x00, 0x00, 0x22, 0x01, 0x04, 0x00, 0x20, 0x40, 0x00, 0x00,
    0x40, 0x1D, 0x00, 0x00, 0x21, 0x40, 0x00, 0x00, 0x70, 0x06, 0x00, 0x00,
    0x22, 0x40, 0x00, 0x00, 0x00, 0x1C, 0x00, 0x00, 0x15, 0x01, 0x17, 0x00,
    0x17, 0x01, 0x1F, 0x00, 0x02, 0x00, 0x00, 0x00, 0x2F, 0x01, 0x00, 0x00,
    0x25, 0x40, 0x00, 0x00, 0x01, 0x00, 0x00, 0x00, 0x26, 0x40, 0x00, 0x00,
    0x01, 0x00, 0x00, 0x00, 0x24, 0x40, 0x00, 0x00, 0x01, 0x00, 0x00, 0x00,
    0x05, 0x01, 0x45, 0x00, 0x0F, 0x01, 0x02, 0x00, 0x00, 0x40, 0x00, 0x00,
    0xD0, 0x30, 0x00, 0x00, 0x01, 0x40, 0x00, 0x00, 0x00, 0x00, 0x00, 0x00,
    0x02, 0x40, 0x00, 0x00, 0x00, 0x00, 0x00, 0x00, 0x03, 0x40, 0x00, 0x00,
    0x00, 0x00, 0x00, 0x00, 0x0B, 0x01, 0x00, 0x00, 0x0C, 0x01, 0x00, 0x00,
    0x0A, 0x01, 0x40, 0x00, 0x05, 0x40, 0x00, 0x00, 0x40, 0x10, 0x00, 0x00,
    0x04, 0x40, 0x00, 0x00, 0x20, 0x00, 0x00, 0x00, 0x06, 0x40, 0x00, 0x00,
    0x20, 0x08, 0x00, 0x00, 0x09, 0x01, 0x00, 0x00, 0x14, 0x01, 0x43, 0x81,
    0x1F, 0x01, 0x00, 0x00, 0x85, 0x01, 0x05, 0xC0, 0x89, 0x01, 0x00, 0x00,
    0x80, 0x01, 0x08, 0x00, 0x15, 0x01, 0x3F, 0x00, 0x17, 0x01, 0x0F, 0x00,
    0x24, 0x01, 0x01, 0x01, 0x06, 0x00, 0x03, 0x00, 0x24, 0x40, 0x2C, 0x00,
    0x00, 0xCE, 0xCC, 0x51, 0x05, 0x01, 0x45, 0x80, 0x0F, 0x01, 0x00, 0x00,
    0x09, 0x01, 0x00, 0x00, 0x14, 0x01, 0x43, 0x01, 0x1F, 0x01, 0x02, 0x00,
    0x10, 0x40, 0x00, 0x00, 0x10, 0x41, 0x00, 0x00, 0x85, 0x01, 0x05, 0x00,
    0x8F, 0x01, 0x00, 0x00, 0x80, 0x40, 0x00, 0x00, 0xB0, 0x23, 0x00, 0x00,
    0x81, 0x40, 0x00, 0x00, 0x00, 0x00, 0x00, 0x00, 0x82, 0x40, 0x00, 0x00,
    0x00, 0x00, 0x00, 0x00, 0x83, 0x40, 0x00, 0x00, 0x00, 0x00, 0x00, 0x00,
    0x8B, 0x01, 0x00, 0x00, 0x8C, 0x01, 0x00, 0x00, 0x8A, 0x01, 0x00, 0x00,
    0x85, 0x40, 0x00, 0x00, 0x40, 0x00, 0x00, 0x00, 0x84, 0x40, 0x00, 0x00,
    0x40, 0x00, 0x00, 0x00, 0x86, 0x40, 0x00, 0x00, 0x02, 0x00, 0x00, 0x00,
    0x89, 0x01, 0x00, 0x00, 0x80, 0x01, 0x02, 0x00, 0x06, 0x00, 0x00, 0x00,
    0x05, 0x01, 0x45, 0x00, 0x0F, 0x01, 0x02, 0x00, 0x00, 0x40, 0x00, 0x00,
    0xD0, 0x30, 0x00, 0x00, 0x01, 0x40, 0x00, 0x00, 0x00, 0x00, 0x00, 0x00,
    0x02, 0x40, 0x00, 0x00, 0x00, 0x00, 0x00, 0x00, 0x03, 0x40, 0x00, 0x00,
    0x00, 0x00, 0x00, 0x00, 0x0B, 0x01, 0x00, 0x00, 0x0C, 0x01, 0x00, 0x00,
    0x0A, 0x01, 0x40, 0x00, 0x05, 0x40, 0x00, 0x00, 0x40, 0x10, 0x00, 0x00,
    0x04, 0x40, 0x00, 0x00, 0x20, 0x00, 0x00, 0x00, 0x06, 0x40, 0x00, 0x00,
    0x20, 0x08, 0x00, 0x00, 0x09, 0x01, 0x00, 0x00, 0x14, 0x01, 0x43, 0x81,
    0x1F, 0x01, 0x00, 0x00, 0x22, 0x01, 0x00, 0x00, 0x26, 0x01, 0x00, 0x00,
    0x24, 0x40, 0x1E, 0x00, 0x00, 0x9C, 0xA8, 0x4A, 0x15, 0x01, 0x43, 0x00,
    0x17, 0x01, 0x1F, 0x00, 0x24, 0x01, 0x00, 0x02, 0x05, 0x00, 0x03, 0x00,
    0x25, 0x40, 0xD0, 0x03, 0x00, 0x00, 0x00, 0x40, 0x26, 0x40, 0xD1, 0x03,
    0xFF, 0x58, 0x2B, 0x41, 0x24, 0x40, 0x2D, 0x00, 0x20, 0xE3, 0x3C, 0x76,
    0x05, 0x01, 0x45, 0x80, 0x0F, 0x01, 0x00, 0x00, 0x09, 0x01, 0x00, 0x00,
    0x14, 0x01, 0x43, 0x81, 0x1F, 0x01, 0x01, 0x00, 0x26, 0x01, 0x00, 0x80,
    0x85, 0x01, 0x45, 0x00, 0x8F, 0x01, 0x02, 0x00, 0x80, 0x40, 0x00, 0x00,
    0x10, 0x41, 0x00, 0x00, 0x81, 0x40, 0x00, 0x00, 0x00, 0x00, 0x00, 0x00,
    0x82, 0x40, 0x00, 0x00, 0x00, 0x00, 0x00, 0x00, 0x83, 0x40, 0x00, 0x00,
    0x00, 0x00, 0x00, 0x00, 0x8B, 0x01, 0x00, 0x00, 0x8C, 0x01, 0x00, 0x00,
    0x8A, 0x01, 0x40, 0x00, 0x85, 0x40, 0x00, 0x00, 0x40, 0x10, 0x00, 0x00,
    0x84, 0x40, 0x00, 0x00, 0x20, 0x00, 0x00, 0x00, 0x86, 0x40, 0x00, 0x00,
    0x20, 0x08, 0x00, 0x00, 0x89, 0x01, 0x00, 0x00, 0x80, 0x01, 0x00, 0x00,
    0x06, 0x00, 0x01, 0x00, 0x26, 0x40, 0xD2, 0x03, 0xE0, 0x78, 0x4B, 0x4E,
    0x24, 0x40, 0x2C, 0x00, 0x00, 0x00, 0x00, 0x40, 0x05, 0x01, 0x45, 0x80,
    0x0F, 0x01, 0x01, 0x00, 0x09, 0x01, 0x00, 0x00, 0x14, 0x01, 0x43, 0x01,
    0x1F, 0x01, 0x02, 0x00, 0x10, 0x40, 0x00, 0x00, 0x50, 0x10, 0x00, 0x00,
    0x85, 0x01, 0x45, 0x00, 0x8F, 0x01, 0x02, 0x00, 0x80, 0x40, 0x00, 0x00,
    0x90, 0x20, 0x00, 0x00, 0x81, 0x40, 0x00, 0x00, 0x00, 0x00, 0x00, 0x00,
    0x82, 0x40, 0x00, 0x00, 0x00, 0x00, 0x00, 0x00, 0x83, 0x40, 0x00, 0x00,
    0x00, 0x00, 0x00, 0x00, 0x8B, 0x01, 0x00, 0x00, 0x8C, 0x01, 0x00, 0x00,
    0x8A, 0x01, 0x40, 0x00, 0x85, 0x40, 0x00, 0x00, 0x40, 0x10, 0x00, 0x00,
    0x84, 0x40, 0x00, 0x00, 0x20, 0x00, 0x00, 0x00, 0x86, 0x40, 0x00, 0x00,
    0x20, 0x08, 0x00, 0x00, 0x89, 0x01, 0x00, 0x00, 0x06, 0x00, 0x01, 0x00,
    0x24, 0x40, 0x13, 0x20, 0x6F, 0x40, 0x00, 0x00, 0x05, 0x01, 0x45, 0x00,
    0x0F, 0x01, 0x02, 0x00, 0x00, 0x40, 0x00, 0x00, 0x50, 0x10, 0x00, 0x00,
    0x01, 0x40, 0x00, 0x00, 0x00, 0x00, 0x00, 0x00, 0x02, 0x40, 0x00, 0x00,
    0x00, 0x00, 0x00, 0x00, 0x03, 0x40, 0x00, 0x00, 0x00, 0x00, 0x00, 0x00,
    0x0B, 0x01, 0x00, 0x00, 0x0C, 0x01, 0x00, 0x00, 0x0A, 0x01, 0x40, 0x00,
    0x05, 0x40, 0x00, 0x00, 0x40, 0x10, 0x00, 0x00, 0x04, 0x40, 0x00, 0x00,
    0x20, 0x00, 0x00, 0x00, 0x06, 0x40, 0x00, 0x00, 0x20, 0x08, 0x00, 0x00,
    0x09, 0x01, 0x00, 0x00, 0x14, 0x01, 0x03, 0x00, 0x1F, 0x01, 0x01, 0x00,
    0x10, 0x40, 0x00, 0x00, 0x00, 0x82, 0x00, 0x00, 0x14, 0x40, 0x00, 0x00,
    0x40, 0x00, 0x00, 0x00, 0x16, 0x40, 0x00, 0x00, 0x02, 0x00, 0x00, 0x00,
    0x22, 0x01, 0x04, 0x00, 0x20, 0x40, 0x00, 0x00, 0x30, 0x25, 0x00, 0x00,
    0x21, 0x40, 0x00, 0x00, 0x40, 0x06, 0x00, 0x00, 0x22, 0x40, 0x00, 0x00,
    0xF0, 0x23, 0x00, 0x00, 0x15, 0x01, 0x17, 0x00, 0x24, 0x01, 0x01, 0x02,
    0x02, 0x00, 0x00, 0x00, 0x25, 0x40, 0x00, 0x00, 0x01, 0x00, 0x00, 0x00,
    0x26, 0x40, 0x00, 0x00, 0x01, 0x00, 0x00, 0x00, 0x24, 0x40, 0x2B, 0x00,
    0x80, 0x4D, 0x32, 0x5B, 0x05, 0x01, 0x05, 0x00, 0x0F, 0x01, 0x01, 0x00,
    0x00, 0x40, 0x00, 0x00, 0xC0, 0x30, 0x00, 0x00, 0x0B, 0x01, 0x05, 0x00,
    0x0C, 0x01, 0x05, 0x00, 0x04, 0x40, 0x00, 0x00, 0x40, 0x00, 0x00, 0x00,
    0x06, 0x40, 0x00, 0x00, 0x02, 0x00, 0x00, 0x00, 0x14, 0x01, 0x43, 0x11,
    0x1F, 0x01, 0x02, 0x00, 0x10, 0x40, 0x00, 0x00, 0x90, 0x20, 0x00, 0x00,
    0x12, 0x01, 0x05, 0x00, 0x1B, 0x01, 0x05, 0x00, 0x1C, 0x01, 0x05, 0x00,
    0x1A, 0x01, 0x1F, 0x00, 0x15, 0x40, 0x00, 0x00, 0x00, 0x14, 0x00, 0x00,
    0x14, 0x40, 0x00, 0x00, 0x20, 0x00, 0x00, 0x00, 0x16, 0x40, 0x00, 0x00,
    0x00, 0x04, 0x00, 0x00, 0x85, 0x01, 0x45, 0x00, 0x8F, 0x01, 0x01, 0x00,
    0x80, 0x40, 0x00, 0x00, 0x40, 0x7F, 0x01, 0x00, 0x81, 0x40, 0x00, 0x00,
    0x00, 0x00, 0x00, 0x00, 0x82, 0x40, 0x00, 0x00, 0x00, 0x00, 0x00, 0x00,
    0x83, 0x40, 0x00, 0x00, 0x00, 0x00, 0x00, 0x00, 0x8B, 0x01, 0x00, 0x00,
    0x8C, 0x01, 0x00, 0x00, 0x8A, 0x01, 0x40, 0x00, 0x85, 0x40, 0x00, 0x00,
    0x40, 0x10, 0x00, 0x00, 0x84, 0x40, 0x00, 0x00, 0x20, 0x00, 0x00, 0x00,
    0x86, 0x40, 0x00, 0x00, 0x20, 0x08, 0x00, 0x00, 0x89, 0x01, 0x00, 0x00,
    0x80, 0x01, 0x01, 0x00, 0x16, 0x01, 0x05, 0x00, 0x15, 0x01, 0x0F, 0x00,
    0x17, 0x01, 0x0F, 0x00, 0x24, 0x01, 0x01, 0x01, 0x06, 0x00, 0x00, 0x00,
    0x05, 0x01, 0x45, 0x00, 0x0F, 0x01, 0x02, 0x00, 0x00, 0x40, 0x00, 0x00,
    0x90, 0x20, 0x00, 0x00, 0x0A, 0x01, 0x1F, 0x00, 0x04, 0x01, 0x40, 0x00,
    0x05, 0x40, 0x00, 0x00, 0x00, 0x14, 0x00, 0x00, 0x04, 0x40, 0x00, 0x00,
    0x20, 0x00, 0x00, 0x00, 0x06, 0x40, 0x00, 0x00, 0x00, 0x04, 0x00, 0x00,
    0x14, 0x01, 0x03, 0x01, 0x10, 0x40, 0x00, 0x00, 0x90, 0x98, 0x00, 0x00,
    0x11, 0x01, 0x1F, 0x00, 0x13, 0x01, 0x00, 0x00, 0x15, 0x40, 0x00, 0x00,
    0x40, 0x00, 0x00, 0x00, 0x14, 0x40, 0x00, 0x00, 0x02, 0x00, 0x00, 0x00,
    0x16, 0x40, 0x00, 0x00, 0x02, 0x00, 0x00, 0x00, 0x22, 0x01, 0x00, 0x00,
    0x24, 0x40, 0x1E, 0x20, 0x00, 0x00, 0x00, 0x40, 0x24, 0x01, 0x00, 0x02,
    0x05, 0x00, 0x02, 0x00, 0x24, 0x40, 0x2F, 0x00, 0x80, 0x27, 0x57, 0x7C,
    0x05, 0x01, 0x05, 0x00, 0x00, 0x40, 0x00, 0x00, 0x90, 0x98, 0x00, 0x00,
    0x0B, 0x01, 0x00, 0x00, 0x0C, 0x01, 0x00, 0x00, 0x0A, 0x01, 0x05, 0x00,
    0x04, 0x01, 0x1F, 0x00, 0x05, 0x40, 0x00, 0x00, 0x80, 0x01, 0x00, 0x00,
    0x04, 0x40, 0x00, 0x00, 0x40, 0x00, 0x00, 0x00, 0x06, 0x40, 0x00, 0x00,
    0x02, 0x00, 0x00, 0x00, 0x14, 0x01, 0x43, 0x01, 0x10, 0x40, 0x00, 0x00,
    0x90, 0x20, 0x00, 0x00, 0x12, 0x01, 0x00, 0x00, 0x11, 0x01, 0x05, 0x00,
    0x13, 0x01, 0x1F, 0x00, 0x1B, 0x01, 0x00, 0x00, 0x1C, 0x01, 0x00, 0x00,
    0x1A, 0x01, 0x05, 0x00, 0x15, 0x40, 0x00, 0x00, 0x80, 0x01, 0x00, 0x00,
    0x14, 0x40, 0x00, 0x00, 0x20, 0x00, 0x00, 0x00, 0x16, 0x40, 0x00, 0x00,
    0xC0, 0x00, 0x00, 0x00, 0x85, 0x01, 0x05, 0xC0, 0x27, 0x40, 0x00, 0x00,
    0xFF, 0x7F, 0x00, 0x00, 0x80, 0x01, 0x08, 0x00, 0x16, 0x01, 0x00, 0x00,
    0x15, 0x01, 0x1F, 0x00, 0x17, 0x01, 0x1F, 0x00, 0x24, 0x01, 0x01, 0x01,
    0x06, 0x00, 0x00, 0x00, 0x05, 0x01, 0x45, 0x00, 0x00, 0x40, 0x00, 0x00,
    0x90, 0x20, 0x00, 0x00, 0x04, 0x40, 0x00, 0x00, 0x20, 0x00, 0x00, 0x00,
    0x06, 0x40, 0x00, 0x00, 0xC0, 0x00, 0x00, 0x00, 0x14, 0x01, 0x03, 0x01,
    0x1F, 0x01, 0x01, 0x00, 0x10, 0x40, 0x00, 0x00, 0xD0, 0xEC, 0x02, 0x00,
    0x14, 0x40, 0x00, 0x00, 0x40, 0x00, 0x00, 0x00, 0x16, 0x40, 0x00, 0x00,
    0x02, 0x00, 0x00, 0x00, 0x24, 0x40, 0x1F, 0x00, 0x2A, 0xBE, 0xD1, 0x4F,
    0x15, 0x01, 0x07, 0x00, 0x24, 0x01, 0x00, 0x02, 0x05, 0x00, 0x03, 0x00,
    0x2F, 0x01, 0x07, 0x00, 0x05, 0x01, 0x05, 0x00, 0x0F, 0x01, 0x01, 0x00,
    0x00, 0x40, 0x00, 0x00, 0x50, 0xEE, 0x02, 0x00, 0x0B, 0x01, 0x03, 0x00,
    0x0C, 0x01, 0x03, 0x00, 0x04, 0x40, 0x00, 0x00, 0x40, 0x00, 0x00, 0x00,
    0x06, 0x40, 0x00, 0x00, 0x02, 0x00, 0x00, 0x00, 0x10, 0x40, 0x00, 0x00,
    0xD0, 0xE6, 0x02, 0x00, 0x12, 0x01, 0x03, 0x00, 0x1B, 0x01, 0x03, 0x00,
    0x1C, 0x01, 0x03, 0x00, 0x24, 0x40, 0x00, 0x20, 0x01, 0x00, 0x00, 0x00,
    0x16, 0x01, 0x03, 0x00, 0x15, 0x01, 0x03, 0x00, 0x24, 0x01, 0x00, 0x03,
    0x05, 0x00, 0x03, 0x00, 0x2F, 0x01, 0x00, 0x00, 0x24, 0x40, 0x17, 0x20,
    0xA0, 0x7D, 0x00, 0x00, 0x00, 0x40, 0x00, 0x00, 0xD0, 0xE6, 0x02, 0x00,
    0x0B, 0x01, 0x04, 0x00, 0x0C, 0x01, 0x04, 0x00, 0x01, 0x01, 0x01, 0x00,
    0x02, 0x01, 0x01, 0x00, 0x14, 0x01, 0x03, 0x00, 0x1F, 0x01, 0x02, 0x00,
    0x10, 0x40, 0x00, 0x00, 0x00, 0x00, 0x00, 0x00, 0x12, 0x01, 0x00, 0x00,
    0x13, 0x01, 0x00, 0x00, 0x1B, 0x01, 0x00, 0x00, 0x1C, 0x01, 0x00, 0x00,
    0x15, 0x40, 0x00, 0x00, 0x0C, 0x00, 0x00, 0x00, 0x14, 0x40, 0x00, 0x00,
    0x02, 0x00, 0x00, 0x00, 0x21, 0x01, 0x04, 0x00, 0x20, 0x01, 0x02, 0x00,
    0x22, 0x01, 0x04, 0x00, 0x20, 0x40, 0x00, 0x00, 0x20, 0x2C, 0x00, 0x00,
    0x21, 0x40, 0x00, 0x00, 0xF0, 0x02, 0x00, 0x00, 0x22, 0x40, 0x00, 0x00,
    0x80, 0x2B, 0x00, 0x00, 0x23, 0x40, 0x00, 0x00, 0xA0, 0x00, 0x00, 0x00,
    0x16, 0x01, 0x00, 0x00, 0x15, 0x01, 0x07, 0x00, 0x17, 0x01, 0x0F, 0x00,
    0x24, 0x01, 0x01, 0x02, 0x02, 0x00, 0x00, 0x00, 0x0F, 0x01, 0x02, 0x00,
    0x00, 0x40, 0x00, 0x00, 0x00, 0x00, 0x00, 0x00, 0x0B, 0x01, 0x00, 0x00,
    0x0C, 0x01, 0x00, 0x00, 0x04, 0x01, 0x00, 0x00, 0x05, 0x40, 0x00, 0x00,
    0x0C, 0x00, 0x00, 0x00, 0x04, 0x40, 0x00, 0x00, 0x02, 0x00, 0x00, 0x00,
    0x01, 0x01, 0x00, 0x00, 0x02, 0x01, 0x00, 0x00, 0x14, 0x01, 0x43, 0x01,
    0x10, 0x40, 0x00, 0x00, 0xB0, 0x20, 0x00, 0x00, 0x11, 0x01, 0x00, 0x00,
    0x1A, 0x01, 0x00, 0x00, 0x15, 0x40, 0x00, 0x00, 0x20, 0x00, 0x00, 0x00,
    0x14, 0x40, 0x00, 0x00, 0x20, 0x00, 0x00, 0x00, 0x16, 0x40, 0x00, 0x00,
    0x20, 0x00, 0x00, 0x00, 0x21, 0x01, 0x00, 0x00, 0x20, 0x01, 0x05, 0x00,
    0x22, 0x01, 0x00, 0x00, 0x24, 0x40, 0x00, 0x20, 0x01, 0x00, 0x00, 0x00,
    0x15, 0x01, 0x03, 0x00, 0x24, 0x01, 0x00, 0x02, 0x05, 0x00, 0x00, 0x00,
    0x30, 0x01, 0x00, 0x00, 0x30, 0x40, 0x00, 0x00, 0x30, 0x2F, 0x00, 0x00,
    0x31, 0x01, 0x03, 0x01, 0x31, 0x40, 0x00, 0x00, 0x00, 0x00, 0x00, 0x00,
    0x32, 0x40, 0x00, 0x00, 0x00, 0x08, 0x00, 0x00, 0x32, 0x01, 0x01, 0x00,
    0x10, 0x00, 0x00, 0x00, 0x25, 0x40, 0xC0, 0x03, 0x01, 0x00, 0x00, 0x00,
    0x26, 0x40, 0xC0, 0x03, 0x01, 0x00, 0x00, 0x00, 0x24, 0x40, 0x00, 0x00,
    0x01, 0x00, 0x00, 0x00, 0x05, 0x01, 0x05, 0x00, 0x0F, 0x01, 0x02, 0x00,
    0x00, 0x40, 0x00, 0x00, 0x00, 0x00, 0x00, 0x00, 0x01, 0x40, 0x00, 0x00,
    0x00, 0x00, 0x00, 0x00, 0x02, 0x40, 0x00, 0x00, 0x00, 0x00, 0x00, 0x00,
    0x03, 0x40, 0x00, 0x00, 0x00, 0x00, 0x00, 0x00, 0x0B, 0x01, 0x00, 0x00,
    0x0C, 0x01, 0x00, 0x00, 0x0A, 0x01, 0x00, 0x00, 0x04, 0x01, 0x05, 0x00,
    0x05, 0x40, 0x00, 0x00, 0x0C, 0x00, 0x00, 0x00, 0x04, 0x40, 0x00, 0x00,
    0x0C, 0x00, 0x00, 0x00, 0x06, 0x40, 0x00, 0x00, 0x02, 0x00, 0x00, 0x00,
    0x09, 0x01, 0x00, 0x00, 0x14, 0x01, 0x45, 0x81, 0x1F, 0x01, 0x00, 0x00,
    0x13, 0x01, 0x05, 0x00, 0x25, 0x01, 0x00, 0x10, 0x27, 0x01, 0xFF, 0xFF,
    0x85, 0x01, 0x45, 0x00, 0x8F, 0x01, 0x02, 0x00, 0x80, 0x40, 0x00, 0x00,
    0xB0, 0x20, 0x00, 0x00, 0x81, 0x40, 0x00, 0x00, 0x00, 0x00, 0x00, 0x00,
    0x82, 0x40, 0x00, 0x00, 0x00, 0x00, 0x00, 0x00, 0x83, 0x40, 0x00, 0x00,
    0x00, 0x00, 0x00, 0x00, 0x8B, 0x01, 0x00, 0x00, 0x8C, 0x01, 0x00, 0x00,
    0x8A, 0x01, 0x00, 0x00, 0x85, 0x40, 0x00, 0x00, 0x20, 0x00, 0x00, 0x00,
    0x84, 0x40, 0x00, 0x00, 0x20, 0x00, 0x00, 0x00, 0x86, 0x40, 0x00, 0x00,
    0x20, 0x00, 0x00, 0x00, 0x89, 0x01, 0x00, 0x00, 0x80, 0x01, 0x04, 0x00,
    0x15, 0x01, 0x3F, 0x00, 0x24, 0x01, 0x01, 0x01, 0x06, 0x00, 0x02, 0x00,
    0x25, 0x40, 0x00, 0x00, 0x01, 0x00, 0x00, 0x00, 0x26, 0x40, 0x00, 0x00,
    0x01, 0x00, 0x00, 0x00, 0x24, 0x40, 0x1D, 0x00, 0x80, 0xF7, 0xAD, 0x74,
    0x05, 0x01, 0x49, 0x80, 0x0F, 0x01, 0x00, 0x00, 0x09, 0x01, 0x00, 0x00,
    0x14, 0x01, 0x45, 0x81, 0x1F, 0x01, 0x01, 0x00, 0x85, 0x01, 0x09, 0xC0,
    0x27, 0x40, 0x00, 0x00, 0x52, 0xF7, 0xAD, 0x74, 0x89, 0x01, 0x00, 0x00,
    0x80, 0x01, 0x08, 0x00, 0x06, 0x00, 0x00, 0x00, 0x25, 0x40, 0xC0, 0x03,
    0x01, 0x00, 0x00, 0x00, 0x26, 0x40, 0xC0, 0x03, 0x01, 0x00, 0x00, 0x00,
    0x24, 0x40, 0x00, 0x00, 0x01, 0x00, 0x00, 0x00, 0x05, 0x01, 0x49, 0x80,
    0x0F, 0x01, 0x01, 0x00, 0x09, 0x01, 0x00, 0x00, 0x14, 0x01, 0x43, 0x01,
    0x1F, 0x01, 0x02, 0x00, 0x10, 0x40, 0x00, 0x00, 0x90, 0x20, 0x00, 0x00,
    0x25, 0x01, 0x08, 0x00, 0x27, 0x01, 0xFF, 0x7F, 0x85, 0x01, 0x09, 0xC0,
    0x27, 0x40, 0x00, 0x00, 0xFF, 0x7F, 0x00, 0x00, 0x89, 0x01, 0x00, 0x00,
    0x11, 0x00, 0x00, 0x00, 0x06, 0x00, 0x01, 0x00, 0x05, 0x01, 0x45, 0x00,
    0x0F, 0x01, 0x02, 0x00, 0x00, 0x40, 0x00, 0x00, 0x90, 0x20, 0x00, 0x00,
    0x01, 0x40, 0x00, 0x00, 0x00, 0x00, 0x00, 0x00, 0x02, 0x40, 0x00, 0x00,
    0x00, 0x00, 0x00, 0x00, 0x03, 0x40, 0x00, 0x00, 0x00, 0x00, 0x00, 0x00,
    0x0B, 0x01, 0x00, 0x00, 0x0C, 0x01, 0x00, 0x00, 0x0A, 0x01, 0x00, 0x00,
    0x05, 0x40, 0x00, 0x00, 0x20, 0x00, 0x00, 0x00, 0x04, 0x40, 0x00, 0x00,
    0x20, 0x00, 0x00, 0x00, 0x06, 0x40, 0x00, 0x00, 0x20, 0x00, 0x00, 0x00,
    0x09, 0x01, 0x00, 0x00, 0x14, 0x01, 0x45, 0x01, 0x10, 0x40, 0x00, 0x00,
    0xB0, 0x20, 0x00, 0x00, 0x13, 0x01, 0x00, 0x00, 0x15, 0x40, 0x00, 0x00,
    0x40, 0x00, 0x00, 0x00, 0x14, 0x40, 0x00, 0x00, 0x40, 0x00, 0x00, 0x00,
    0x16, 0x40, 0x00, 0x00, 0x40, 0x00, 0x00, 0x00, 0x20, 0x01, 0x00, 0x00,
    0x25, 0x01, 0x00, 0x10, 0x27, 0x01, 0xFF, 0xFF, 0x24, 0x40, 0x00, 0x20,
    0x01, 0x00, 0x00, 0x00, 0x15, 0x01, 0x03, 0x00, 0x24, 0x01, 0x00, 0x02,
    0x05, 0x00, 0x02, 0x00, 0x25, 0x40, 0x00, 0x00, 0x01, 0x00, 0x00, 0x00,
    0x24, 0x40, 0x00, 0x00, 0x01, 0x00, 0x00, 0x00, 0x05, 0x01, 0x49, 0x00,
    0x00, 0x40, 0x00, 0x00, 0xB0, 0x20, 0x00, 0x00, 0x04, 0x01, 0x00, 0x00,
    0x05, 0x40, 0x00, 0x00, 0x40, 0x00, 0x00, 0x00, 0x04, 0x40, 0x00, 0x00,
    0x40, 0x00, 0x00, 0x00, 0x06, 0x40, 0x00, 0x00, 0x40, 0x00, 0x00, 0x00,
    0x10, 0x40, 0x00, 0x00, 0x30, 0x21, 0x00, 0x00, 0x80, 0x01, 0x00, 0x00,
    0x15, 0x01, 0x1F, 0x00, 0x24, 0x01, 0x00, 0x01, 0x06, 0x00, 0x07, 0x00,
    0x25, 0x40, 0xC0, 0x03, 0x01, 0x00, 0x00, 0x00, 0x05, 0x01, 0x09, 0xC0,
    0x27, 0x40, 0x00, 0x00, 0x1F, 0x00, 0x00, 0x00, 0x10, 0x40, 0x00, 0x00,
    0xF0, 0x20, 0x00, 0x00, 0x85, 0x01, 0x49, 0x00, 0x8F, 0x01, 0x02, 0x00,
    0x80, 0x40, 0x00, 0x00, 0x30, 0x21, 0x00, 0x00, 0x81, 0x40, 0x00, 0x00,
    0x00, 0x00, 0x00, 0x00, 0x82, 0x40, 0x00, 0x00, 0x00, 0x00, 0x00, 0x00,
    0x83, 0x40, 0x00, 0x00, 0x00, 0x00, 0x00, 0x00, 0x8B, 0x01, 0x00, 0x00,
    0x8C, 0x01, 0x00, 0x00, 0x8A, 0x01, 0x00, 0x00, 0x85, 0x40, 0x00, 0x00,
    0x40, 0x00, 0x00, 0x00, 0x84, 0x40, 0x00, 0x00, 0x40, 0x00, 0x00, 0x00,
    0x86, 0x40, 0x00, 0x00, 0x40, 0x00, 0x00, 0x00, 0x89, 0x01, 0x00, 0x00,
    0x08, 0x01, 0x08, 0x00, 0x06, 0x00, 0x02, 0x00, 0x25, 0x40, 0x00, 0x00,
    0x01, 0x00, 0x00, 0x00, 0x26, 0x40, 0x00, 0x00, 0x01, 0x00, 0x00, 0x00,
    0x05, 0x01, 0x09, 0xC0, 0x27, 0x40, 0x00, 0x00, 0x01, 0x00, 0x00, 0x00,
    0x09, 0x01, 0x00, 0x00, 0x14, 0x01, 0x45, 0x81, 0x1F, 0x01, 0x00, 0x00,
    0x85, 0x01, 0x49, 0x00, 0x8F, 0x01, 0x02, 0x00, 0x80, 0x40, 0x00, 0x00,
    0xF0, 0x20, 0x00, 0x00, 0x81, 0x40, 0x00, 0x00, 0x00, 0x00, 0x00, 0x00,
    0x82, 0x40, 0x00, 0x00, 0x00, 0x00, 0x00, 0x00, 0x83, 0x40, 0x00, 0x00,
    0x00, 0x00, 0x00, 0x00, 0x8B, 0x01, 0x00, 0x00, 0x8C, 0x01, 0x00, 0x00,
    0x8A, 0x01, 0x00, 0x00, 0x85, 0x40, 0x00, 0x00, 0x40, 0x00, 0x00, 0x00,
    0x84, 0x40, 0x00, 0x00, 0x40, 0x00, 0x00, 0x00, 0x86, 0x40, 0x00, 0x00,
    0x40, 0x00, 0x00, 0x00, 0x89, 0x01, 0x00, 0x00, 0x06, 0x00, 0x09, 0x00,
    0x25, 0x40, 0xC0, 0x03, 0x01, 0x00, 0x00, 0x00, 0x26, 0x40, 0xC0, 0x03,
    0x01, 0x00, 0x00, 0x00, 0x05, 0x01, 0x49, 0x00, 0x0F, 0x01, 0x02, 0x00,
    0x00, 0x40, 0x00, 0x00, 0xB0, 0x20, 0x00, 0x00, 0x01, 0x40, 0x00, 0x00,
    0x00, 0x00, 0x00, 0x00, 0x02, 0x40, 0x00, 0x00, 0x00, 0x00, 0x00, 0x00,
    0x03, 0x40, 0x00, 0x00, 0x00, 0x00, 0x00, 0x00, 0x0B, 0x01, 0x00, 0x00,
    0x0C, 0x01, 0x00, 0x00, 0x0A, 0x01, 0x00, 0x00, 0x05, 0x40, 0x00, 0x00,
    0x40, 0x00, 0x00, 0x00, 0x04, 0x40, 0x00, 0x00, 0x40, 0x00, 0x00, 0x00,
    0x06, 0x40, 0x00, 0x00, 0x40, 0x00, 0x00, 0x00, 0x09, 0x01, 0x00, 0x00,
    0x14, 0x01, 0x45, 0x81, 0x1F, 0x01, 0x01, 0x00, 0x85, 0x01, 0x49, 0x80,
    0x8F, 0x01, 0x00, 0x00, 0x89, 0x01, 0x00, 0x00, 0x08, 0x01, 0x00, 0x00,
    0x06, 0x00, 0x02, 0x00, 0x25, 0x40, 0x00, 0x00, 0x01, 0x00, 0x00, 0x00,
    0x26, 0x40, 0x00, 0x00, 0x01, 0x00, 0x00, 0x00, 0x05, 0x01, 0x49, 0x80,
    0x0F, 0x01, 0x01, 0x00, 0x09, 0x01, 0x00, 0x00, 0x14, 0x01, 0x45, 0x81,
    0x1F, 0x01, 0x02, 0x00, 0x85, 0x01, 0x49, 0x00, 0x8F, 0x01, 0x02, 0x00,
    0x80, 0x40, 0x00, 0x00, 0x30, 0x21, 0x00, 0x00, 0x81, 0x40, 0x00, 0x00,
    0x00, 0x00, 0x00, 0x00, 0x82, 0x40, 0x00, 0x00, 0x00, 0x00, 0x00, 0x00,
    0x83, 0x40, 0x00, 0x00, 0x00, 0x00, 0x00, 0x00, 0x8B, 0x01, 0x00, 0x00,
    0x8C, 0x01, 0x00, 0x00, 0x8A, 0x01, 0x00, 0x00, 0x85, 0x40, 0x00, 0x00,
    0x40, 0x00, 0x00, 0x00, 0x84, 0x40, 0x00, 0x00, 0x40, 0x00, 0x00, 0x00,
    0x86, 0x40, 0x00, 0x00, 0x40, 0x00, 0x00, 0x00, 0x89, 0x01, 0x00, 0x00,
    0x06, 0x00, 0x09, 0x00, 0x24, 0x40, 0x00, 0x20, 0x01, 0x00, 0x00, 0x00,
    0x05, 0x01, 0x49, 0x80, 0x0F, 0x01, 0x02, 0x00, 0x09, 0x01, 0x00, 0x00,
    0x14, 0x01, 0x45, 0x01, 0x10, 0x40, 0x00, 0x00, 0x70, 0x21, 0x00, 0x00,
    0x85, 0x01, 0x09, 0xC0, 0x27, 0x40, 0x00, 0x00, 0x0F, 0x00, 0x00, 0x00,
    0x89, 0x01, 0x00, 0x00, 0x80, 0x01, 0x08, 0x00, 0x06, 0x00, 0x08, 0x00,
    0x30, 0x40, 0x00, 0x00, 0x70, 0x37, 0x00, 0x00, 0x10, 0x00, 0x00, 0x00,
    0x25, 0x40, 0xC0, 0x03, 0x01, 0x00, 0x00, 0x00, 0x26, 0x40, 0xC0, 0x03,
    0x01, 0x00, 0x00, 0x00, 0x24, 0x40, 0x00, 0x00, 0x01, 0x00, 0x00, 0x00,
    0x05, 0x01, 0x49, 0x00, 0x0F, 0x01, 0x02, 0x00, 0x00, 0x40, 0x00, 0x00,
    0x70, 0x21, 0x00, 0x00, 0x01, 0x40, 0x00, 0x00, 0x00, 0x00, 0x00, 0x00,
    0x02, 0x40, 0x00, 0x00, 0x00, 0x00, 0x00, 0x00, 0x03, 0x40, 0x00, 0x00,
    0x00, 0x00, 0x00, 0x00, 0x0B, 0x01, 0x00, 0x00, 0x0C, 0x01, 0x00, 0x00,
    0x0A, 0x01, 0x00, 0x00, 0x05, 0x40, 0x00, 0x00, 0x40, 0x00, 0x00, 0x00,
    0x04, 0x40, 0x00, 0x00, 0x40, 0x00, 0x00, 0x00, 0x06, 0x40, 0x00, 0x00,
    0x40, 0x00, 0x00, 0x00, 0x09, 0x01, 0x00, 0x00, 0x14, 0x01, 0x43, 0x01,
    0x10, 0x40, 0x00, 0x00, 0xB0, 0x20, 0x00, 0x00, 0x15, 0x40, 0x00, 0x00,
    0x20, 0x00, 0x00, 0x00, 0x14, 0x40, 0x00, 0x00, 0x20, 0x00, 0x00, 0x00,
    0x16, 0x40, 0x00, 0x00, 0x20, 0x00, 0x00, 0x00, 0x25, 0x01, 0x08, 0x00,
    0x27, 0x01, 0xFF, 0x7F, 0x85, 0x01, 0x09, 0xC0, 0x27, 0x40, 0x00, 0x00,
    0x00, 0x80, 0x00, 0x00, 0x89, 0x01, 0x00, 0x00, 0x11, 0x00, 0x00, 0x00,
    0x06, 0x00, 0x02, 0x00, 0x25, 0x40, 0x00, 0x00, 0x01, 0x00, 0x00, 0x00,
    0x26, 0x40, 0x00, 0x00, 0x01, 0x00, 0x00, 0x00, 0x05, 0x01, 0x45, 0x00,
    0x0F, 0x01, 0x02, 0x00, 0x00, 0x40, 0x00, 0x00, 0x90, 0x20, 0x00, 0x00,
    0x01, 0x40, 0x00, 0x00, 0x00, 0x00, 0x00, 0x00, 0x02, 0x40, 0x00, 0x00,
    0x00, 0x00, 0x00, 0x00, 0x03, 0x40, 0x00, 0x00, 0x00, 0x00, 0x00, 0x00,
    0x0B, 0x01, 0x00, 0x00, 0x0C, 0x01, 0x00, 0x00, 0x0A, 0x01, 0x00, 0x00,
    0x04, 0x01, 0x05, 0x00, 0x05, 0x40, 0x00, 0x00, 0x20, 0x00, 0x00, 0x00,
    0x04, 0x40, 0x00, 0x00, 0x20, 0x00, 0x00, 0x00, 0x06, 0x40, 0x00, 0x00,
    0x20, 0x00, 0x00, 0x00, 0x09, 0x01, 0x00, 0x00, 0x14, 0x01, 0x45, 0x81,
    0x1F, 0x01, 0x00, 0x00, 0x13, 0x01, 0x05, 0x00, 0x25, 0x01, 0x00, 0x10,
    0x27, 0x01, 0xFF, 0xFF, 0x85, 0x01, 0x45, 0x00, 0x8F, 0x01, 0x02, 0x00,
    0x80, 0x40, 0x00, 0x00, 0xB0, 0x20, 0x00, 0x00, 0x81, 0x40, 0x00, 0x00,
    0x00, 0x00, 0x00, 0x00, 0x82, 0x40, 0x00, 0x00, 0x00, 0x00, 0x00, 0x00,
    0x83, 0x40, 0x00, 0x00, 0x00, 0x00, 0x00, 0x00, 0x8B, 0x01, 0x00, 0x00,
    0x8C, 0x01, 0x00, 0x00, 0x8A, 0x01, 0x00, 0x00, 0x85, 0x40, 0x00, 0x00,
    0x20, 0x00, 0x00, 0x00, 0x84, 0x40, 0x00, 0x00, 0x20, 0x00, 0x00, 0x00,
    0x86, 0x40, 0x00, 0x00, 0x20, 0x00, 0x00, 0x00, 0x89, 0x01, 0x00, 0x00,
    0x80, 0x01, 0x04, 0x00, 0x15, 0x01, 0x3F, 0x00, 0x24, 0x01, 0x01, 0x01,
    0x06, 0x00, 0x00, 0x00, 0x24, 0x40, 0x00, 0x20, 0x01, 0x00, 0x00, 0x00,
    0x05, 0x01, 0x49, 0x80, 0x0F, 0x01, 0x00, 0x00, 0x09, 0x01, 0x00, 0x00,
    0x14, 0x01, 0x03, 0x01, 0x1F, 0x01, 0x02, 0x00, 0x10, 0x40, 0x00, 0x00,
    0x00, 0x00, 0x00, 0x00, 0x15, 0x40, 0x00, 0x00, 0x0C, 0x00, 0x00, 0x00,
    0x14, 0x40, 0x00, 0x00, 0x0C, 0x00, 0x00, 0x00, 0x16, 0x40, 0x00, 0x00,
    0x02, 0x00, 0x00, 0x00, 0x25, 0x01, 0x00, 0x00, 0x27, 0x01, 0xFF, 0x7F,
    0x85, 0x01, 0x49, 0x00, 0x8F, 0x01, 0x02, 0x00, 0x80, 0x40, 0x00, 0x00,
    0xF0, 0x20, 0x00, 0x00, 0x81, 0x40, 0x00, 0x00, 0x00, 0x00, 0x00, 0x00,
    0x82, 0x40, 0x00, 0x00, 0x00, 0x00, 0x00, 0x00, 0x83, 0x40, 0x00, 0x00,
    0x00, 0x00, 0x00, 0x00, 0x8B, 0x01, 0x00, 0x00, 0x8C, 0x01, 0x00, 0x00,
    0x8A, 0x01, 0x00, 0x00, 0x85, 0x40, 0x00, 0x00, 0x40, 0x00, 0x00, 0x00,
    0x84, 0x40, 0x00, 0x00, 0x40, 0x00, 0x00, 0x00, 0x86, 0x40, 0x00, 0x00,
    0x40, 0x00, 0x00, 0x00, 0x89, 0x01, 0x00, 0x00, 0x06, 0x00, 0x08, 0x00,
    0x05, 0x01, 0x05, 0x00, 0x0F, 0x01, 0x02, 0x00, 0x00, 0x40, 0x00, 0x00,
    0x00, 0x00, 0x00, 0x00, 0x01, 0x40, 0x00, 0x00, 0x00, 0x00, 0x00, 0x00,
    0x02, 0x40, 0x00, 0x00, 0x00, 0x00, 0x00, 0x00, 0x03, 0x40, 0x00, 0x00,
    0x00, 0x00, 0x00, 0x00, 0x0B, 0x01, 0x00, 0x00, 0x0C, 0x01, 0x00, 0x00,
    0x0A, 0x01, 0x05, 0x00, 0x04, 0x01, 0x00, 0x00, 0x05, 0x40, 0x00, 0x00,
    0x0C, 0x00, 0x00, 0x00, 0x04, 0x40, 0x00, 0x00, 0x02, 0x00, 0x00, 0x00,
    0x06, 0x40, 0x00, 0x00, 0x02, 0x00, 0x00, 0x00, 0x09, 0x01, 0x00, 0x00,
    0x14, 0x01, 0x03, 0x01, 0x1F, 0x01, 0x01, 0x00, 0x10, 0x40, 0x00, 0x00,
    0x40, 0x92, 0x00, 0x00, 0x11, 0x01, 0x05, 0x00, 0x13, 0x01, 0x00, 0x00,
    0x1A, 0x01, 0x05, 0x00, 0x14, 0x40, 0x00, 0x00, 0x02, 0x00, 0x00, 0x00,
    0x24, 0x40, 0x00, 0x00, 0x01, 0x00, 0x00, 0x00, 0x15, 0x01, 0x03, 0x00,
    0x24, 0x01, 0x00, 0x02, 0x05, 0x00, 0x03, 0x00, 0x2F, 0x01, 0x07, 0x00,
    0x05, 0x01, 0x45, 0x00, 0x00, 0x40, 0x00, 0x00, 0x50, 0x10, 0x00, 0x00,
    0x0A, 0x01, 0x40, 0x00, 0x04, 0x01, 0x1F, 0x00, 0x05, 0x40, 0x00, 0x00,
    0x40, 0x10, 0x00, 0x00, 0x04, 0x40, 0x00, 0x00, 0x20, 0x00, 0x00, 0x00,
    0x06, 0x40, 0x00, 0x00, 0x20, 0x08, 0x00, 0x00, 0x10, 0x40, 0x00, 0x00,
    0x80, 0x4E, 0x01, 0x00, 0x11, 0x01, 0x40, 0x00, 0x13, 0x01, 0x1F, 0x00,
    0x1A, 0x01, 0x40, 0x00, 0x15, 0x40, 0x00, 0x00, 0x40, 0x10, 0x00, 0x00,
    0x14, 0x40, 0x00, 0x00, 0x40, 0x00, 0x00, 0x00, 0x24, 0x40, 0x1F, 0x00,
    0xC7, 0x01, 0x63, 0x7F, 0x15, 0x01, 0x43, 0x00, 0x17, 0x01, 0x1F, 0x00,
    0x05, 0x00, 0x03, 0x00, 0x05, 0x01, 0x05, 0x00, 0x0F, 0x01, 0x01, 0x00,
    0x00, 0x40, 0x00, 0x00, 0x80, 0x8F, 0x01, 0x00, 0x0B, 0x01, 0x04, 0x00,
    0x0C, 0x01, 0x04, 0x00, 0x04, 0x40, 0x00, 0x00, 0x40, 0x00, 0x00, 0x00,
    0x06, 0x40, 0x00, 0x00, 0x02, 0x00, 0x00, 0x00, 0x10, 0x40, 0x00, 0x00,
    0x40, 0xFD, 0x00, 0x00, 0x12, 0x01, 0x04, 0x00, 0x1B, 0x01, 0x04, 0x00,
    0x1C, 0x01, 0x04, 0x00, 0x24, 0x40, 0x00, 0x20, 0x01, 0x00, 0x00, 0x00,
    0x16, 0x01, 0x02, 0x00, 0x15, 0x01, 0x1B, 0x00, 0x17, 0x01, 0x0F, 0x00,
    0x05, 0x00, 0x03, 0x00, 0x2F, 0x01, 0x04, 0x00, 0x24, 0x40, 0x2D, 0x00,
    0x00, 0xFA, 0x2E, 0x50, 0x00, 0x40, 0x00, 0x00, 0x40, 0xFD, 0x00, 0x00,
    0x0B, 0x01, 0x05, 0x00, 0x0C, 0x01, 0x05, 0x00, 0x1F, 0x01, 0x02, 0x00,
    0x10, 0x40, 0x00, 0x00, 0x50, 0x10, 0x00, 0x00, 0x12, 0x01, 0x05, 0x00,
    0x1B, 0x01, 0x05, 0x00, 0x1C, 0x01, 0x05, 0x00, 0x85, 0x01, 0x05, 0x00,
    0x8F, 0x01, 0x01, 0x00, 0x80, 0x40, 0x00, 0x00, 0x40, 0x92, 0x00, 0x00,
    0x81, 0x40, 0x00, 0x00, 0x00, 0x00, 0x00, 0x00, 0x82, 0x40, 0x00, 0x00,
    0x00, 0x00, 0x00, 0x00, 0x83, 0x40, 0x00, 0x00, 0x00, 0x00, 0x00, 0x00,
    0x8B, 0x01, 0x05, 0x00, 0x8C, 0x01, 0x05, 0x00, 0x8A, 0x01, 0x00, 0x00,
    0x85, 0x40, 0x00, 0x00, 0x02, 0x00, 0x00, 0x00, 0x84, 0x40, 0x00, 0x00,
    0x02, 0x00, 0x00, 0x00, 0x86, 0x40, 0x00, 0x00, 0x02, 0x00, 0x00, 0x00,
    0x89, 0x01, 0x00, 0x00, 0x80, 0x01, 0x06, 0x00, 0x16, 0x01, 0x05, 0x00,
    0x15, 0x01, 0x07, 0x00, 0x17, 0x01, 0x1F, 0x00, 0x24, 0x01, 0x01, 0x01,
    0x06, 0x00, 0x00, 0x00, 0x2F, 0x01, 0x00, 0x00, 0x0F, 0x01, 0x02, 0x00,
    0x00, 0x40, 0x00, 0x00, 0x50, 0x10, 0x00, 0x00, 0x0B, 0x01, 0x00, 0x00,
    0x0C, 0x01, 0x00, 0x00, 0x0A, 0x01, 0x05, 0x00, 0x04, 0x01, 0x1F, 0x08,
    0x05, 0x40, 0x00, 0x00, 0x80, 0x61, 0x00, 0x00, 0x04, 0x40, 0x00, 0x00,
    0x40, 0x10, 0x00, 0x00, 0x14, 0x01, 0x43, 0x11, 0x10, 0x40, 0x00, 0x00,
    0xD0, 0x71, 0x00, 0x00, 0x12, 0x01, 0x00, 0x00, 0x11, 0x01, 0x05, 0x00,
    0x13, 0x01, 0x1F, 0x08, 0x1B, 0x01, 0x00, 0x00, 0x1C, 0x01, 0x00, 0x00,
    0x1A, 0x01, 0x1F, 0x08, 0x15, 0x40, 0x00, 0x00, 0x00, 0x04, 0x01, 0x00,
    0x14, 0x40, 0x00, 0x00, 0x20, 0x00, 0x00, 0x00, 0x16, 0x40, 0x00, 0x00,
    0x00, 0x04, 0x01, 0x00, 0x24, 0x40, 0x00, 0x00, 0x01, 0x00, 0x00, 0x00,
    0x16, 0x01, 0x00, 0x00, 0x15, 0x01, 0x0F, 0x00, 0x17, 0x01, 0x7F, 0x00,
    0x24, 0x01, 0x00, 0x02, 0x05, 0x00, 0x03, 0x00, 0x05, 0x01, 0x45, 0x00,
    0x00, 0x40, 0x00, 0x00, 0xD0, 0x71, 0x00, 0x00, 0x0A, 0x01, 0x1F, 0x08,
    0x04, 0x01, 0x05, 0x00, 0x05, 0x40, 0x00, 0x00, 0x00, 0x04, 0x01, 0x00,
    0x04, 0x40, 0x00, 0x00, 0x20, 0x00, 0x00, 0x00, 0x06, 0x40, 0x00, 0x00,
    0x00, 0x04, 0x01, 0x00, 0x14, 0x01, 0x03, 0x01, 0x10, 0x40, 0x00, 0x00,
    0x50, 0x10, 0x00, 0x00, 0x11, 0x01, 0x1F, 0x08, 0x13, 0x01, 0x00, 0x00,
    0x15, 0x40, 0x00, 0x00, 0x40, 0x10, 0x00, 0x00, 0x14, 0x40, 0x00, 0x00,
    0x02, 0x00, 0x00, 0x00, 0x16, 0x40, 0x00, 0x00, 0x02, 0x00, 0x00, 0x00,
    0x24, 0x40, 0x1E, 0x20, 0x00, 0x00, 0x00, 0x40, 0x15, 0x01, 0x3F, 0x00,
    0x17, 0x01, 0x0F, 0x00, 0x05, 0x00, 0x02, 0x00, 0x05, 0x01, 0x05, 0x00,
    0x00, 0x40, 0x00, 0x00, 0x50, 0x10, 0x00, 0x00, 0x0A, 0x01, 0x40, 0x00,
    0x04, 0x01, 0x1F, 0x00, 0x05, 0x40, 0x00, 0x00, 0x40, 0x10, 0x00, 0x00,
    0x04, 0x40, 0x00, 0x00, 0x40, 0x00, 0x00, 0x00, 0x06, 0x40, 0x00, 0x00,
    0x02, 0x00, 0x00, 0x00, 0x14, 0x01, 0x43, 0x01, 0x10, 0x40, 0x00, 0x00,
    0xD0, 0x30, 0x00, 0x00, 0x11, 0x01, 0x40, 0x00, 0x13, 0x01, 0x1F, 0x00,
    0x1A, 0x01, 0x40, 0x00, 0x15, 0x40, 0x00, 0x00, 0x80, 0x20, 0x00, 0x00,
    0x14, 0x40, 0x00, 0x00, 0x20, 0x00, 0x00, 0x00, 0x16, 0x40, 0x00, 0x00,
    0x20, 0x08, 0x00, 0x00, 0x24, 0x40, 0x1F, 0x00, 0xC7, 0x7E, 0xC2, 0x76,
    0x15, 0x01, 0x43, 0x00, 0x17, 0x01, 0x1F, 0x00, 0x05, 0x00, 0x03, 0x00,
    0x2F, 0x01, 0x07, 0x00, 0x05, 0x01, 0x45, 0x00, 0x00, 0x40, 0x00, 0x00,
    0x10, 0x00, 0x00, 0x00, 0x04, 0x40, 0x00, 0x00, 0x20, 0x00, 0x00, 0x00,
    0x06, 0x40, 0x00, 0x00, 0x20, 0x08, 0x00, 0x00, 0x10, 0x40, 0x00, 0x00,
    0x90, 0x20, 0x00, 0x00, 0x24, 0x40, 0x00, 0x20, 0x01, 0x00, 0x00, 0x00,
    0x17, 0x01, 0x0F, 0x00, 0x05, 0x00, 0x03, 0x00, 0x2F, 0x01, 0x00, 0x00,
    0x00, 0x40, 0x00, 0x00, 0x90, 0x20, 0x00, 0x00, 0x04, 0x01, 0x3F, 0x00,
    0x05, 0x40, 0x00, 0x00, 0x80, 0x20, 0x00, 0x00, 0x14, 0x01, 0x03, 0x01,
    0x1F, 0x01, 0x01, 0x00, 0x10, 0x40, 0x00, 0x00, 0x40, 0xC0, 0x01, 0x00,
    0x13, 0x01, 0x3F, 0x00, 0x14, 0x40, 0x00, 0x00, 0x80, 0x00, 0x00, 0x00,
    0x16, 0x40, 0x00, 0x00, 0x02, 0x00, 0x00, 0x00, 0x24, 0x40, 0x1F, 0x00,
    0x91, 0x56, 0x6F, 0x7C, 0x17, 0x01, 0x1F, 0x00, 0x05, 0x00, 0x03, 0x00,
    0x2F, 0x01, 0x07, 0x00, 0x05, 0x01, 0x05, 0x00, 0x0F, 0x01, 0x01, 0x00,
    0x00, 0x40, 0x00, 0x00, 0x80, 0x11, 0x03, 0x00, 0x0B, 0x01, 0x02, 0x00,
    0x0C, 0x01, 0x02, 0x00, 0x04, 0x40, 0x00, 0x00, 0x80, 0x00, 0x00, 0x00,
    0x06, 0x40, 0x00, 0x00, 0x02, 0x00, 0x00, 0x00, 0x10, 0x40, 0x00, 0x00,
    0xC0, 0x5E, 0x01, 0x00, 0x12, 0x01, 0x02, 0x00, 0x1B, 0x01, 0x02, 0x00,
    0x1C, 0x01, 0x02, 0x00, 0x24, 0x40, 0x00, 0x20, 0x01, 0x00, 0x00, 0x00,
    0x16, 0x01, 0x02, 0x00, 0x15, 0x01, 0x03, 0x00, 0x17, 0x01, 0x3F, 0x00,
    0x05, 0x00, 0x03, 0x00, 0x2F, 0x01, 0x02, 0x00, 0x24, 0x40, 0x15, 0x20,
    0x61, 0x42, 0x00, 0x00, 0x00, 0x40, 0x00, 0x00, 0xC0, 0x5E, 0x01, 0x00,
    0x0B, 0x01, 0x03, 0x00, 0x0C, 0x01, 0x03, 0x00, 0x01, 0x01, 0x01, 0x00,
    0x02, 0x01, 0x01, 0x00, 0x14, 0x01, 0x43, 0x00, 0x1F, 0x01, 0x02, 0x00,
    0x10, 0x40, 0x00, 0x00, 0xD0, 0x20, 0x00, 0x00, 0x12, 0x01, 0x00, 0x00,
    0x11, 0x01, 0x20, 0x00, 0x1B, 0x01, 0x00, 0x00, 0x1C, 0x01, 0x00, 0x00,
    0x1A, 0x01, 0x20, 0x00, 0x15, 0x40, 0x00, 0x00, 0x80, 0x10, 0x00, 0x00,
    0x14, 0x40, 0x00, 0x00, 0x20, 0x00, 0x00, 0x00, 0x16, 0x40, 0x00, 0x00,
    0x20, 0x04, 0x00, 0x00, 0x21, 0x01, 0x03, 0x00, 0x20, 0x01, 0x02, 0x00,
    0x22, 0x01, 0x01, 0x00, 0x20, 0x40, 0x00, 0x00, 0xF0, 0x41, 0x00, 0x00,
    0x21, 0x40, 0x00, 0x00, 0x70, 0x03, 0x00, 0x00, 0x22, 0x40, 0x00, 0x00,
    0x70, 0x3F, 0x00, 0x00, 0x23, 0x40, 0x00, 0x00, 0x80, 0x02, 0x00, 0x00,
    0x16, 0x01, 0x00, 0x00, 0x15, 0x01, 0x1B, 0x00, 0x17, 0x01, 0x0F, 0x00,
    0x24, 0x01, 0x01, 0x02, 0x03, 0x00, 0x00, 0x00, 0x2F, 0x01, 0x01, 0x00,
    0x24, 0x40, 0x17, 0x20, 0x5F, 0x54, 0x00, 0x00, 0x05, 0x01, 0x45, 0x00,
    0x0F, 0x01, 0x02, 0x00, 0x00, 0x40, 0x00, 0x00, 0xD0, 0x20, 0x00, 0x00,
    0x0B, 0x01, 0x00, 0x00, 0x0C, 0x01, 0x00, 0x00, 0x0A, 0x01, 0x20, 0x00,
    0x05, 0x40, 0x00, 0x00, 0x80, 0x10, 0x00, 0x00, 0x04, 0x40, 0x00, 0x00,
    0x20, 0x00, 0x00, 0x00, 0x06, 0x40, 0x00, 0x00, 0x20, 0x04, 0x00, 0x00,
    0x01, 0x01, 0x00, 0x00, 0x02, 0x01, 0x00, 0x00, 0x10, 0x40, 0x00, 0x00,
    0x90, 0x18, 0x00, 0x00, 0x13, 0x01, 0x1F, 0x00, 0x15, 0x40, 0x00, 0x00,
    0x40, 0x08, 0x00, 0x00, 0x21, 0x01, 0x00, 0x00, 0x20, 0x01, 0x00, 0x00,
    0x22, 0x01, 0x00, 0x00, 0x2E, 0x01, 0x01, 0x00, 0x20, 0x40, 0x00, 0x00,
    0xA0, 0x46, 0x00, 0x00, 0x21, 0x40, 0x00, 0x00, 0x20, 0x08, 0x00, 0x00,
    0x22, 0x40, 0x00, 0x00, 0x60, 0x45, 0x00, 0x00, 0x23, 0x40, 0x00, 0x00,
    0x40, 0x01, 0x00, 0x00, 0x15, 0x01, 0x21, 0x00, 0x24, 0x01, 0x01, 0x01,
    0x02, 0x00, 0x00, 0x00, 0x24, 0x40, 0x00, 0x00, 0x01, 0x00, 0x00, 0x00,
    0x05, 0x01, 0x45, 0x00, 0x0F, 0x01, 0x02, 0x00, 0x00, 0x40, 0x00, 0x00,
    0x90, 0x18, 0x00, 0x00, 0x01, 0x40, 0x00, 0x00, 0x00, 0x00, 0x00, 0x00,
    0x02, 0x40, 0x00, 0x00, 0x00, 0x00, 0x00, 0x00, 0x03, 0x40, 0x00, 0x00,
    0x00, 0x00, 0x00, 0x00, 0x0B, 0x01, 0x00, 0x00, 0x0C, 0x01, 0x00, 0x00,
    0x0A, 0x01, 0x20, 0x00, 0x04, 0x01, 0x1F, 0x00, 0x05, 0x40, 0x00, 0x00,
    0x40, 0x08, 0x00, 0x00, 0x04, 0x40, 0x00, 0x00, 0x20, 0x00, 0x00, 0x00,
    0x06, 0x40, 0x00, 0x00, 0x20, 0x04, 0x00, 0x00, 0x09, 0x01, 0x00, 0x00,
    0x14, 0x01, 0x43, 0x81, 0x1F, 0x01, 0x00, 0x00, 0x85, 0x01, 0x05, 0xC0,
    0x27, 0x40, 0x00, 0x00, 0x00, 0x00, 0x00, 0x00, 0x89, 0x01, 0x00, 0x00,
    0x80, 0x01, 0x08, 0x00, 0x15, 0x01, 0x3F, 0x00, 0x06, 0x00, 0x03, 0x00,
    0x24, 0x40, 0x2B, 0x00, 0x00, 0x26, 0x82, 0x4F, 0x05, 0x01, 0x45, 0x80,
    0x0F, 0x01, 0x00, 0x00, 0x09, 0x01, 0x00, 0x00, 0x14, 0x01, 0x43, 0x01,
    0x1F, 0x01, 0x02, 0x00, 0x10, 0x40, 0x00, 0x00, 0xD0, 0x20, 0x00, 0x00,
    0x85, 0x01, 0x05, 0x00, 0x8F, 0x01, 0x00, 0x00, 0x80, 0x40, 0x00, 0x00,
    0xC0, 0x4E, 0x00, 0x00, 0x81, 0x40, 0x00, 0x00, 0x00, 0x00, 0x00, 0x00,
    0x82, 0x40, 0x00, 0x00, 0x00, 0x00, 0x00, 0x00, 0x83, 0x40, 0x00, 0x00,
    0x00, 0x00, 0x00, 0x00, 0x8B, 0x01, 0x00, 0x00, 0x8C, 0x01, 0x00, 0x00,
    0x8A, 0x01, 0x00, 0x00, 0x85, 0x40, 0x00, 0x00, 0x40, 0x00, 0x00, 0x00,
    0x84, 0x40, 0x00, 0x00, 0x40, 0x00, 0x00, 0x00, 0x86, 0x40, 0x00, 0x00,
    0x02, 0x00, 0x00, 0x00, 0x89, 0x01, 0x00, 0x00, 0x80, 0x01, 0x02, 0x00,
    0x06, 0x00, 0x00, 0x00, 0x2F, 0x01, 0x00, 0x00, 0x05, 0x01, 0x45, 0x00,
    0x0F, 0x01, 0x02, 0x00, 0x00, 0x40, 0x00, 0x00, 0x90, 0x18, 0x00, 0x00,
    0x01, 0x40, 0x00, 0x00, 0x00, 0x00, 0x00, 0x00, 0x02, 0x40, 0x00, 0x00,
    0x00, 0x00, 0x00, 0x00, 0x03, 0x40, 0x00, 0x00, 0x00, 0x00, 0x00, 0x00,
    0x0B, 0x01, 0x00, 0x00, 0x0C, 0x01, 0x00, 0x00, 0x0A, 0x01, 0x20, 0x00,
    0x05, 0x40, 0x00, 0x00, 0x40, 0x08, 0x00, 0x00, 0x04, 0x40, 0x00, 0x00,
    0x20, 0x00, 0x00, 0x00, 0x06, 0x40, 0x00, 0x00, 0x20, 0x04, 0x00, 0x00,
    0x09, 0x01, 0x00, 0x00, 0x14, 0x01, 0x43, 0x81, 0x1F, 0x01, 0x00, 0x00,
    0x26, 0x01, 0x00, 0x00, 0x24, 0x40, 0x1E, 0x00, 0x00, 0xC5, 0xE6, 0x50,
    0x15, 0x01, 0x23, 0x00, 0x17, 0x01, 0x1F, 0x00, 0x24, 0x01, 0x00, 0x02,
    0x05, 0x00, 0x03, 0x00, 0x25, 0x40, 0xD0, 0x03, 0x00, 0x00, 0x00, 0x40,
    0x26, 0x40, 0xD2, 0x03, 0xFE, 0xB1, 0x2E, 0x70, 0x24, 0x40, 0x2C, 0x00,
    0x00, 0x00, 0x00, 0x40, 0x05, 0x01, 0x45, 0x80, 0x0F, 0x01, 0x00, 0x00,
    0x09, 0x01, 0x00, 0x00, 0x14, 0x01, 0x43, 0x01, 0x1F, 0x01, 0x02, 0x00,
    0x10, 0x40, 0x00, 0x00, 0x50, 0x10, 0x00, 0x00, 0x26, 0x01, 0x00, 0x80,
    0x85, 0x01, 0x45, 0x00, 0x8F, 0x01, 0x02, 0x00, 0x80, 0x40, 0x00, 0x00,
    0xD0, 0x20, 0x00, 0x00, 0x81, 0x40, 0x00, 0x00, 0x00, 0x00, 0x00, 0x00,
    0x82, 0x40, 0x00, 0x00, 0x00, 0x00, 0x00, 0x00, 0x83, 0x40, 0x00, 0x00,
    0x00, 0x00, 0x00, 0x00, 0x8B, 0x01, 0x00, 0x00, 0x8C, 0x01, 0x00, 0x00,
    0x8A, 0x01, 0x20, 0x00, 0x85, 0x40, 0x00, 0x00, 0x40, 0x08, 0x00, 0x00,
    0x84, 0x40, 0x00, 0x00, 0x20, 0x00, 0x00, 0x00, 0x86, 0x40, 0x00, 0x00,
    0x20, 0x04, 0x00, 0x00, 0x89, 0x01, 0x00, 0x00, 0x80, 0x01, 0x00, 0x00,
    0x06, 0x00, 0x01, 0x00, 0x05, 0x01, 0x45, 0x00, 0x0F, 0x01, 0x02, 0x00,
    0x00, 0x40, 0x00, 0x00, 0x50, 0x10, 0x00, 0x00, 0x01, 0x40, 0x00, 0x00,
    0x00, 0x00, 0x00, 0x00, 0x02, 0x40, 0x00, 0x00, 0x00, 0x00, 0x00, 0x00,
    0x03, 0x40, 0x00, 0x00, 0x00, 0x00, 0x00, 0x00, 0x0B, 0x01, 0x00, 0x00,
    0x0C, 0x01, 0x00, 0x00, 0x0A, 0x01, 0x20, 0x00, 0x05, 0x40, 0x00, 0x00,
    0x40, 0x08, 0x00, 0x00, 0x04, 0x40, 0x00, 0x00, 0x20, 0x00, 0x00, 0x00,
    0x06, 0x40, 0x00, 0x00, 0x20, 0x04, 0x00, 0x00, 0x09, 0x01, 0x00, 0x00,
    0x14, 0x01, 0x03, 0x01, 0x1F, 0x01, 0x01, 0x00, 0x10, 0x40, 0x00, 0x00,
    0x40, 0x2A, 0x03, 0x00, 0x14, 0x40, 0x00, 0x00, 0x40, 0x00, 0x00, 0x00,
    0x16, 0x40, 0x00, 0x00, 0x02, 0x00, 0x00, 0x00, 0x24, 0x40, 0x1F, 0x00,
    0x92, 0xB7, 0x8D, 0x77, 0x05, 0x00, 0x03, 0x00, 0x2F, 0x01, 0x07, 0x00,
    0x05, 0x01, 0x05, 0x00, 0x0F, 0x01, 0x01, 0x00, 0x00, 0x40, 0x00, 0x00,
    0xC0, 0xE0, 0x01, 0x00, 0x0B, 0x01, 0x02, 0x00, 0x0C, 0x01, 0x02, 0x00,
    0x04, 0x40, 0x00, 0x00, 0x40, 0x00, 0x00, 0x00, 0x06, 0x40, 0x00, 0x00,
    0x02, 0x00, 0x00, 0x00, 0x10, 0x40, 0x00, 0x00, 0x80, 0x11, 0x03, 0x00,
    0x12, 0x01, 0x02, 0x00, 0x1B, 0x01, 0x02, 0x00, 0x1C, 0x01, 0x02, 0x00,
    0x24, 0x40, 0x00, 0x20, 0x01, 0x00, 0x00, 0x00, 0x16, 0x01, 0x02, 0x00,
    0x17, 0x01, 0x0F, 0x00, 0x05, 0x00, 0x03, 0x00, 0x2F, 0x01, 0x00, 0x00,
    0x24, 0x40, 0x16, 0x20, 0x37, 0x52, 0x00, 0x00, 0x00, 0x40, 0x00, 0x00,
    0x80, 0x11, 0x03, 0x00, 0x0B, 0x01, 0x03, 0x00, 0x0C, 0x01, 0x03, 0x00,
    0x01, 0x01, 0x01, 0x00, 0x02, 0x01, 0x01, 0x00, 0x14, 0x01, 0x43, 0x00,
    0x1F, 0x01, 0x02, 0x00, 0x10, 0x40, 0x00, 0x00, 0x90, 0x18, 0x00, 0x00,
    0x12, 0x01, 0x00, 0x00, 0x1B, 0x01, 0x00, 0x00, 0x1C, 0x01, 0x00, 0x00,
    0x14, 0x40, 0x00, 0x00, 0x20, 0x00, 0x00, 0x00, 0x16, 0x40, 0x00, 0x00,
    0x20, 0x04, 0x00, 0x00, 0x21, 0x01, 0x03, 0x00, 0x20, 0x01, 0x02, 0x00,
    0x2E, 0x01, 0x00, 0x00, 0x20, 0x40, 0x00, 0x00, 0x40, 0x50, 0x00, 0x00,
    0x21, 0x40, 0x00, 0x00, 0xB0, 0x01, 0x00, 0x00, 0x22, 0x40, 0x00, 0x00,
    0x00, 0x4F, 0x00, 0x00, 0x16, 0x01, 0x00, 0x00, 0x17, 0x01, 0x1F, 0x00,
    0x24, 0x01, 0x01, 0x02, 0x03, 0x00, 0x00, 0x00, 0x24, 0x40, 0x16, 0x20,
    0xC6, 0x43, 0x00, 0x00, 0x05, 0x01, 0x45, 0x00, 0x0F, 0x01, 0x02, 0x00,
    0x00, 0x40, 0x00, 0x00, 0x90, 0x18, 0x00, 0x00, 0x0B, 0x01, 0x00, 0x00,
    0x0C, 0x01, 0x00, 0x00, 0x04, 0x40, 0x00, 0x00, 0x20, 0x00, 0x00, 0x00,
    0x06, 0x40, 0x00, 0x00, 0x20, 0x04, 0x00, 0x00, 0x01, 0x01, 0x00, 0x00,
    0x02, 0x01, 0x00, 0x00, 0x10, 0x40, 0x00, 0x00, 0xD0, 0x28, 0x00, 0x00,
    0x21, 0x01, 0x00, 0x00, 0x20, 0x01, 0x00, 0x00, 0x22, 0x01, 0x04, 0x00,
    0x20, 0x40, 0x00, 0x00, 0x30, 0x53, 0x00, 0x00, 0x21, 0x40, 0x00, 0x00,
    0x70, 0x06, 0x00, 0x00, 0x22, 0x40, 0x00, 0x00, 0xF0, 0x51, 0x00, 0x00,
    0x17, 0x01, 0x0F, 0x00, 0x02, 0x00, 0x00, 0x00, 0x2F, 0x01, 0x01, 0x00,
    0x25, 0x40, 0x00, 0x00, 0x01, 0x00, 0x00, 0x00, 0x26, 0x40, 0x00, 0x00,
    0x01, 0x00, 0x00, 0x00, 0x24, 0x40, 0x00, 0x00, 0x01, 0x00, 0x00, 0x00,
    0x05, 0x01, 0x45, 0x00, 0x0F, 0x01, 0x02, 0x00, 0x00, 0x40, 0x00, 0x00,
    0xD0, 0x28, 0x00, 0x00, 0x01, 0x40, 0x00, 0x00, 0x00, 0x00, 0x00, 0x00,
    0x02, 0x40, 0x00, 0x00, 0x00, 0x00, 0x00, 0x00, 0x03, 0x40, 0x00, 0x00,
    0x00, 0x00, 0x00, 0x00, 0x0B, 0x01, 0x00, 0x00, 0x0C, 0x01, 0x00, 0x00,
    0x0A, 0x01, 0x20, 0x00, 0x05, 0x40, 0x00, 0x00, 0x40, 0x08, 0x00, 0x00,
    0x04, 0x40, 0x00, 0x00, 0x20, 0x00, 0x00, 0x00, 0x06, 0x40, 0x00, 0x00,
    0x20, 0x04, 0x00, 0x00, 0x09, 0x01, 0x00, 0x00, 0x14, 0x01, 0x43, 0x81,
    0x1F, 0x01, 0x00, 0x00, 0x85, 0x01, 0x05, 0xC0, 0x89, 0x01, 0x00, 0x00,
    0x80, 0x01, 0x08, 0x00, 0x15, 0x01, 0x3F, 0x00, 0x24, 0x01, 0x01, 0x01,
    0x06, 0x00, 0x03, 0x00, 0x24, 0x40, 0x2C, 0x00, 0x00, 0x0A, 0x56, 0x54,
    0x05, 0x01, 0x45, 0x80, 0x0F, 0x01, 0x00, 0x00, 0x09, 0x01, 0x00, 0x00,
    0x14, 0x01, 0x43, 0x01, 0x1F, 0x01, 0x02, 0x00, 0x10, 0x40, 0x00, 0x00,
    0x10, 0x31, 0x00, 0x00, 0x85, 0x01, 0x05, 0x00, 0x8F, 0x01, 0x00, 0x00,
    0x80, 0x40, 0x00, 0x00, 0xA0, 0x59, 0x00, 0x00, 0x81, 0x40, 0x00, 0x00,
    0x00, 0x00, 0x00, 0x00, 0x82, 0x40, 0x00, 0x00, 0x00, 0x00, 0x00, 0x00,
    0x83, 0x40, 0x00, 0x00, 0x00, 0x00, 0x00, 0x00, 0x8B, 0x01, 0x00, 0x00,
    0x8C, 0x01, 0x00, 0x00, 0x8A, 0x01, 0x00, 0x00, 0x85, 0x40, 0x00, 0x00,
    0x40, 0x00, 0x00, 0x00, 0x84, 0x40, 0x00, 0x00, 0x40, 0x00, 0x00, 0x00,
    0x86, 0x40, 0x00, 0x00, 0x02, 0x00, 0x00, 0x00, 0x89, 0x01, 0x00, 0x00,
    0x80, 0x01, 0x02, 0x00, 0x06, 0x00, 0x00, 0x00, 0x2F, 0x01, 0x00, 0x00,
    0x05, 0x01, 0x45, 0x00, 0x0F, 0x01, 0x02, 0x00, 0x00, 0x40, 0x00, 0x00,
    0xD0, 0x28, 0x00, 0x00, 0x01, 0x40, 0x00, 0x00, 0x00, 0x00, 0x00, 0x00,
    0x02, 0x40, 0x00, 0x00, 0x00, 0x00, 0x00, 0x00, 0x03, 0x40, 0x00, 0x00,
    0x00, 0x00, 0x00, 0x00, 0x0B, 0x01, 0x00, 0x00, 0x0C, 0x01, 0x00, 0x00,
    0x0A, 0x01, 0x20, 0x00, 0x05, 0x40, 0x00, 0x00, 0x40, 0x08, 0x00, 0x00,
    0x04, 0x40, 0x00, 0x00, 0x20, 0x00, 0x00, 0x00, 0x06, 0x40, 0x00, 0x00,
    0x20, 0x04, 0x00, 0x00, 0x09, 0x01, 0x00, 0x00, 0x14, 0x01, 0x43, 0x81,
    0x1F, 0x01, 0x00, 0x00, 0x22, 0x01, 0x00, 0x00, 0x26, 0x01, 0x00, 0x00,
    0x24, 0x40, 0x1E, 0x00, 0x80, 0xD6, 0x1C, 0x49, 0x15, 0x01, 0x23, 0x00,
    0x17, 0x01, 0x1F, 0x00, 0x24, 0x01, 0x00, 0x02, 0x05, 0x00, 0x03, 0x00,
    0x25, 0x40, 0xD0, 0x03, 0x00, 0x00, 0x00, 0x40, 0x26, 0x40, 0xD2, 0x03,
    0x25, 0x99, 0xCD, 0x75, 0x24, 0x40, 0x2D, 0x00, 0x7A, 0xE0, 0x99, 0x71,
    0x05, 0x01, 0x45, 0x80, 0x0F, 0x01, 0x00, 0x00, 0x09, 0x01, 0x00, 0x00,
    0x14, 0x01, 0x43, 0x81, 0x1F, 0x01, 0x01, 0x00, 0x26, 0x01, 0x00, 0x80,
    0x85, 0x01, 0x45, 0x00, 0x8F, 0x01, 0x02, 0x00, 0x80, 0x40, 0x00, 0x00,
    0x10, 0x31, 0x00, 0x00, 0x81, 0x40, 0x00, 0x00, 0x00, 0x00, 0x00, 0x00,
    0x82, 0x40, 0x00, 0x00, 0x00, 0x00, 0x00, 0x00, 0x83, 0x40, 0x00, 0x00,
    0x00, 0x00, 0x00, 0x00, 0x8B, 0x01, 0x00, 0x00, 0x8C, 0x01, 0x00, 0x00,
    0x8A, 0x01, 0x20, 0x00, 0x85, 0x40, 0x00, 0x00, 0x40, 0x08, 0x00, 0x00,
    0x84, 0x40, 0x00, 0x00, 0x20, 0x00, 0x00, 0x00, 0x86, 0x40, 0x00, 0x00,
    0x20, 0x04, 0x00, 0x00, 0x89, 0x01, 0x00, 0x00, 0x80, 0x01, 0x00, 0x00,
    0x06, 0x00, 0x01, 0x00, 0x26, 0x40, 0xD2, 0x03, 0xDC, 0x58, 0x51, 0x7D,
    0x24, 0x40, 0x2C, 0x00, 0x00, 0x00, 0x00, 0x40, 0x05, 0x01, 0x45, 0x80,
    0x0F, 0x01, 0x01, 0x00, 0x09, 0x01, 0x00, 0x00, 0x14, 0x01, 0x43, 0x01,
    0x1F, 0x01, 0x02, 0x00, 0x10, 0x40, 0x00, 0x00, 0x90, 0x20, 0x00, 0x00,
    0x85, 0x01, 0x45, 0x00, 0x8F, 0x01, 0x02, 0x00, 0x80, 0x40, 0x00, 0x00,
    0x50, 0x10, 0x00, 0x00, 0x81, 0x40, 0x00, 0x00, 0x00, 0x00, 0x00, 0x00,
    0x82, 0x40, 0x00, 0x00, 0x00, 0x00, 0x00, 0x00, 0x83, 0x40, 0x00, 0x00,
    0x00, 0x00, 0x00, 0x00, 0x8B, 0x01, 0x00, 0x00, 0x8C, 0x01, 0x00, 0x00,
    0x8A, 0x01, 0x20, 0x00, 0x85, 0x40, 0x00, 0x00, 0x40, 0x08, 0x00, 0x00,
    0x84, 0x40, 0x00, 0x00, 0x20, 0x00, 0x00, 0x00, 0x86, 0x40, 0x00, 0x00,
    0x20, 0x04, 0x00, 0x00, 0x89, 0x01, 0x00, 0x00, 0x06, 0x00, 0x01, 0x00,
    0x05, 0x01, 0x45, 0x00, 0x0F, 0x01, 0x02, 0x00, 0x00, 0x40, 0x00, 0x00,
    0x90, 0x20, 0x00, 0x00, 0x01, 0x40, 0x00, 0x00, 0x00, 0x00, 0x00, 0x00,
    0x02, 0x40, 0x00, 0x00, 0x00, 0x00, 0x00, 0x00, 0x03, 0x40, 0x00, 0x00,
    0x00, 0x00, 0x00, 0x00, 0x0B, 0x01, 0x00, 0x00, 0x0C, 0x01, 0x00, 0x00,
    0x0A, 0x01, 0x20, 0x00, 0x05, 0x40, 0x00, 0x00, 0x40, 0x08, 0x00, 0x00,
    0x04, 0x40, 0x00, 0x00, 0x20, 0x00, 0x00, 0x00, 0x06, 0x40, 0x00, 0x00,
    0x20, 0x04, 0x00, 0x00, 0x09, 0x01, 0x00, 0x00, 0x14, 0x01, 0x03, 0x01,
    0x1F, 0x01, 0x01, 0x00, 0x10, 0x40, 0x00, 0x00, 0x40, 0x4B, 0x03, 0x00,
    0x14, 0x40, 0x00, 0x00, 0x40, 0x00, 0x00, 0x00, 0x16, 0x40, 0x00, 0x00,
    0x02, 0x00, 0x00, 0x00, 0x24, 0x40, 0x1F, 0x00, 0x61, 0x63, 0xFA, 0x63,
    0x05, 0x00, 0x03, 0x00, 0x2F, 0x01, 0x07, 0x00, 0x05, 0x01, 0x05, 0x00,
    0x0F, 0x01, 0x01, 0x00, 0x00, 0x40, 0x00, 0x00, 0x50, 0x94, 0x00, 0x00,
    0x0B, 0x01, 0x02, 0x00, 0x0C, 0x01, 0x02, 0x00, 0x04, 0x40, 0x00, 0x00,
    0x40, 0x00, 0x00, 0x00, 0x06, 0x40, 0x00, 0x00, 0x02, 0x00, 0x00, 0x00,
    0x10, 0x40, 0x00, 0x00, 0x80, 0x32, 0x03, 0x00, 0x12, 0x01, 0x02, 0x00,
    0x1B, 0x01, 0x02, 0x00, 0x1C, 0x01, 0x02, 0x00, 0x24, 0x40, 0x00, 0x20,
    0x01, 0x00, 0x00, 0x00, 0x16, 0x01, 0x02, 0x00, 0x17, 0x01, 0x0F, 0x00,
    0x05, 0x00, 0x03, 0x00, 0x00, 0x40, 0x00, 0x00, 0xF0, 0xB4, 0x00, 0x00,
    0x0A, 0x01, 0x08, 0x00, 0x05, 0x40, 0x00, 0x00, 0x40, 0x02, 0x00, 0x00,
    0x10, 0x40, 0x00, 0x00, 0xC0, 0xE0, 0x01, 0x00, 0x11, 0x01, 0x08, 0x00,
    0x1A, 0x01, 0x08, 0x00, 0x15, 0x40, 0x00, 0x00, 0x40, 0x02, 0x00, 0x00,
    0x24, 0x40, 0x1F, 0x00, 0x8A, 0x0B, 0x9D, 0x76, 0x15, 0x01, 0x0B, 0x00,
    0x17, 0x01, 0x1F, 0x00, 0x05, 0x00, 0x03, 0x00, 0x24, 0x40, 0x15, 0x20,
    0x85, 0x53, 0x00, 0x00, 0x00, 0x40, 0x00, 0x00, 0x80, 0x32, 0x03, 0x00,
    0x0B, 0x01, 0x03, 0x00, 0x0C, 0x01, 0x03, 0x00, 0x0A, 0x01, 0x20, 0x00,
    0x05, 0x40, 0x00, 0x00, 0x40, 0x08, 0x00, 0x00, 0x01, 0x01, 0x01, 0x00,
    0x02, 0x01, 0x01, 0x00, 0x14, 0x01, 0x43, 0x00, 0x1F, 0x01, 0x02, 0x00,
    0x10, 0x40, 0x00, 0x00, 0x50, 0x10, 0x00, 0x00, 0x12, 0x01, 0x00, 0x00,
    0x11, 0x01, 0x10, 0x00, 0x1B, 0x01, 0x00, 0x00, 0x1C, 0x01, 0x00, 0x00,
    0x1A, 0x01, 0x10, 0x00, 0x15, 0x40, 0x00, 0x00, 0x40, 0x04, 0x00, 0x00,
    0x14, 0x40, 0x00, 0x00, 0x20, 0x00, 0x00, 0x00, 0x16, 0x40, 0x00, 0x00,
    0x20, 0x02, 0x00, 0x00, 0x21, 0x01, 0x03, 0x00, 0x20, 0x01, 0x02, 0x00,
    0x22, 0x01, 0x01, 0x00, 0x20, 0x40, 0x00, 0x00, 0x20, 0x5B, 0x00, 0x00,
    0x21, 0x40, 0x00, 0x00, 0xD0, 0x01, 0x00, 0x00, 0x22, 0x40, 0x00, 0x00,
    0xE0, 0x59, 0x00, 0x00, 0x16, 0x01, 0x00, 0x00, 0x15, 0x01, 0x13, 0x00,
    0x24, 0x01, 0x01, 0x02, 0x03, 0x00, 0x00, 0x00, 0x2F, 0x01, 0x00, 0x00,
    0x24, 0x40, 0x17, 0x20, 0xD4, 0x7B, 0x00, 0x00, 0x05, 0x01, 0x45, 0x00,
    0x0F, 0x01, 0x02, 0x00, 0x00, 0x40, 0x00, 0x00, 0x50, 0x10, 0x00, 0x00,
    0x0B, 0x01, 0x00, 0x00, 0x0C, 0x01, 0x00, 0x00, 0x0A, 0x01, 0x10, 0x00,
    0x05, 0x40, 0x00, 0x00, 0x40, 0x04, 0x00, 0x00, 0x04, 0x40, 0x00, 0x00,
    0x20, 0x00, 0x00, 0x00, 0x06, 0x40, 0x00, 0x00, 0x20, 0x02, 0x00, 0x00,
    0x01, 0x01, 0x00, 0x00, 0x02, 0x01, 0x00, 0x00, 0x10, 0x40, 0x00, 0x00,
    0x90, 0x14, 0x00, 0x00, 0x21, 0x01, 0x00, 0x00, 0x20, 0x01, 0x00, 0x00,
    0x22, 0x01, 0x04, 0x00, 0x20, 0x40, 0x00, 0x00, 0x30, 0x5E, 0x00, 0x00,
    0x21, 0x40, 0x00, 0x00, 0x90, 0x06, 0x00, 0x00, 0x22, 0x40, 0x00, 0x00,
    0xF0, 0x5C, 0x00, 0x00, 0x02, 0x00, 0x00, 0x00, 0x05, 0x01, 0x45, 0x00,
    0x0F, 0x01, 0x02, 0x00, 0x00, 0x40, 0x00, 0x00, 0x90, 0x14, 0x00, 0x00,
    0x01, 0x40, 0x00, 0x00, 0x00, 0x00, 0x00, 0x00, 0x02, 0x40, 0x00, 0x00,
    0x00, 0x00, 0x00, 0x00, 0x03, 0x40, 0x00, 0x00, 0x00, 0x00, 0x00, 0x00,
    0x0B, 0x01, 0x00, 0x00, 0x0C, 0x01, 0x00, 0x00, 0x0A, 0x01, 0x10, 0x00,
    0x05, 0x40, 0x00, 0x00, 0x40, 0x04, 0x00, 0x00, 0x04, 0x40, 0x00, 0x00,
    0x20, 0x00, 0x00, 0x00, 0x06, 0x40, 0x00, 0x00, 0x20, 0x02, 0x00, 0x00,
    0x09, 0x01, 0x00, 0x00, 0x14, 0x01, 0x43, 0x81, 0x1F, 0x01, 0x00, 0x00,
    0x22, 0x01, 0x00, 0x00, 0x24, 0x40, 0x1E, 0x00, 0x3B, 0x35, 0xB9, 0x45,
    0x24, 0x01, 0x00, 0x02, 0x05, 0x00, 0x03, 0x00, 0x25, 0x40, 0x00, 0x00,
    0x01, 0x00, 0x00, 0x00, 0x26, 0x40, 0x00, 0x00, 0x01, 0x00, 0x00, 0x00,
    0x24, 0x40, 0x00, 0x00, 0x01, 0x00, 0x00, 0x00, 0x05, 0x01, 0x45, 0x80,
    0x0F, 0x01, 0x00, 0x00, 0x09, 0x01, 0x00, 0x00, 0x14, 0x01, 0x43, 0x81,
    0x1F, 0x01, 0x01, 0x00, 0x85, 0x01, 0x05, 0xC0, 0x89, 0x01, 0x00, 0x00,
    0x80, 0x01, 0x08, 0x00, 0x06, 0x00, 0x03, 0x00, 0x24, 0x40, 0x2C, 0x00,
    0x00, 0xB1, 0xD7, 0x46, 0x05, 0x01, 0x45, 0x80, 0x0F, 0x01, 0x01, 0x00,
    0x09, 0x01, 0x00, 0x00, 0x14, 0x01, 0x43, 0x01, 0x1F, 0x01, 0x02, 0x00,
    0x10, 0x40, 0x00, 0x00, 0xD0, 0x18, 0x00, 0x00, 0x85, 0x01, 0x05, 0x00,
    0x8F, 0x01, 0x00, 0x00, 0x80, 0x40, 0x00, 0x00, 0xC0, 0x64, 0x00, 0x00,
    0x81, 0x40, 0x00, 0x00, 0x00, 0x00, 0x00, 0x00, 0x82, 0x40, 0x00, 0x00,
    0x00, 0x00, 0x00, 0x00, 0x83, 0x40, 0x00, 0x00, 0x00, 0x00, 0x00, 0x00,
    0x8B, 0x01, 0x00, 0x00, 0x8C, 0x01, 0x00, 0x00, 0x8A, 0x01, 0x00, 0x00,
    0x85, 0x40, 0x00, 0x00, 0x40, 0x00, 0x00, 0x00, 0x84, 0x40, 0x00, 0x00,
    0x40, 0x00, 0x00, 0x00, 0x86, 0x40, 0x00, 0x00, 0x02, 0x00, 0x00, 0x00,
    0x89, 0x01, 0x00, 0x00, 0x80, 0x01, 0x02, 0x00, 0x06, 0x00, 0x00, 0x00,
    0x05, 0x01, 0x45, 0x00, 0x0F, 0x01, 0x02, 0x00, 0x00, 0x40, 0x00, 0x00,
    0x90, 0x14, 0x00, 0x00, 0x01, 0x40, 0x00, 0x00, 0x00, 0x00, 0x00, 0x00,
    0x02, 0x40, 0x00, 0x00, 0x00, 0x00, 0x00, 0x00, 0x03, 0x40, 0x00, 0x00,
    0x00, 0x00, 0x00, 0x00, 0x0B, 0x01, 0x00, 0x00, 0x0C, 0x01, 0x00, 0x00,
    0x0A, 0x01, 0x10, 0x00, 0x05, 0x40, 0x00, 0x00, 0x40, 0x04, 0x00, 0x00,
    0x04, 0x40, 0x00, 0x00, 0x20, 0x00, 0x00, 0x00, 0x06, 0x40, 0x00, 0x00,
    0x20, 0x02, 0x00, 0x00, 0x09, 0x01, 0x00, 0x00, 0x14, 0x01, 0x43, 0x81,
    0x1F, 0x01, 0x00, 0x00, 0x26, 0x01, 0x00, 0x00, 0x24, 0x40, 0x00, 0x00,
    0x01, 0x00, 0x00, 0x00, 0x05, 0x00, 0x03, 0x00, 0x25, 0x40, 0xD0, 0x03,
    0x00, 0x00, 0x00, 0x40, 0x26, 0x40, 0xD1, 0x03, 0xFD, 0x56, 0x9A, 0x46,
    0x24, 0x40, 0x2C, 0x00, 0x00, 0x00, 0x00, 0x40, 0x05, 0x01, 0x45, 0x80,
    0x0F, 0x01, 0x00, 0x00, 0x09, 0x01, 0x00, 0x00, 0x14, 0x01, 0x43, 0x01,
    0x1F, 0x01, 0x02, 0x00, 0x10, 0x40, 0x00, 0x00, 0x50, 0x10, 0x00, 0x00,
    0x26, 0x01, 0x00, 0x80, 0x85, 0x01, 0x45, 0x00, 0x8F, 0x01, 0x02, 0x00,
    0x80, 0x40, 0x00, 0x00, 0xD0, 0x18, 0x00, 0x00, 0x81, 0x40, 0x00, 0x00,
    0x00, 0x00, 0x00, 0x00, 0x82, 0x40, 0x00, 0x00, 0x00, 0x00, 0x00, 0x00,
    0x83, 0x40, 0x00, 0x00, 0x00, 0x00, 0x00, 0x00, 0x8B, 0x01, 0x00, 0x00,
    0x8C, 0x01, 0x00, 0x00, 0x8A, 0x01, 0x10, 0x00, 0x85, 0x40, 0x00, 0x00,
    0x40, 0x04, 0x00, 0x00, 0x84, 0x40, 0x00, 0x00, 0x20, 0x00, 0x00, 0x00,
    0x86, 0x40, 0x00, 0x00, 0x20, 0x02, 0x00, 0x00, 0x89, 0x01, 0x00, 0x00,
    0x80, 0x01, 0x00, 0x00, 0x06, 0x00, 0x01, 0x00, 0x05, 0x01, 0x45, 0x00,
    0x0F, 0x01, 0x02, 0x00, 0x00, 0x40, 0x00, 0x00, 0x50, 0x10, 0x00, 0x00,
    0x01, 0x40, 0x00, 0x00, 0x00, 0x00, 0x00, 0x00, 0x02, 0x40, 0x00, 0x00,
    0x00, 0x00, 0x00, 0x00, 0x03, 0x40, 0x00, 0x00, 0x00, 0x00, 0x00, 0x00,
    0x0B, 0x01, 0x00, 0x00, 0x0C, 0x01, 0x00, 0x00, 0x0A, 0x01, 0x10, 0x00,
    0x05, 0x40, 0x00, 0x00, 0x40, 0x04, 0x00, 0x00, 0x04, 0x40, 0x00, 0x00,
    0x20, 0x00, 0x00, 0x00, 0x06, 0x40, 0x00, 0x00, 0x20, 0x02, 0x00, 0x00,
    0x09, 0x01, 0x00, 0x00, 0x14, 0x01, 0x03, 0x01, 0x1F, 0x01, 0x01, 0x00,
    0x10, 0x40, 0x00, 0x00, 0x40, 0x60, 0x03, 0x00, 0x14, 0x40, 0x00, 0x00,
    0x40, 0x00, 0x00, 0x00, 0x16, 0x40, 0x00, 0x00, 0x02, 0x00, 0x00, 0x00,
    0x24, 0x40, 0x1F, 0x00, 0x22, 0xB3, 0x45, 0x6D, 0x05, 0x00, 0x03, 0x00,
    0x2F, 0x01, 0x07, 0x00, 0x05, 0x01, 0x05, 0x00, 0x0F, 0x01, 0x01, 0x00,
    0x00, 0x40, 0x00, 0x00, 0x80, 0x44, 0x02, 0x00, 0x0B, 0x01, 0x02, 0x00,
    0x0C, 0x01, 0x02, 0x00, 0x04, 0x40, 0x00, 0x00, 0x40, 0x00, 0x00, 0x00,
    0x06, 0x40, 0x00, 0x00, 0x02, 0x00, 0x00, 0x00, 0x10, 0x40, 0x00, 0x00,
    0x80, 0x53, 0x03, 0x00, 0x12, 0x01, 0x02, 0x00, 0x1B, 0x01, 0x02, 0x00,
    0x1C, 0x01, 0x02, 0x00, 0x24, 0x40, 0x00, 0x20, 0x01, 0x00, 0x00, 0x00,
    0x16, 0x01, 0x02, 0x00, 0x17, 0x01, 0x0F, 0x00, 0x05, 0x00, 0x03, 0x00,
    0x2F, 0x01, 0x00, 0x00, 0x24, 0x40, 0x16, 0x20, 0xF8, 0x72, 0x00, 0x00,
    0x00, 0x40, 0x00, 0x00, 0x80, 0x53, 0x03, 0x00, 0x0B, 0x01, 0x03, 0x00,
    0x0C, 0x01, 0x03, 0x00, 0x01, 0x01, 0x01, 0x00, 0x02, 0x01, 0x01, 0x00,
    0x14, 0x01, 0x43, 0x00, 0x1F, 0x01, 0x02, 0x00, 0x10, 0x40, 0x00, 0x00,
    0xD0, 0x18, 0x00, 0x00, 0x12, 0x01, 0x00, 0x00, 0x1B, 0x01, 0x00, 0x00,
    0x1C, 0x01, 0x00, 0x00, 0x14, 0x40, 0x00, 0x00, 0x20, 0x00, 0x00, 0x00,
    0x16, 0x40, 0x00, 0x00, 0x20, 0x02, 0x00, 0x00, 0x21, 0x01, 0x03, 0x00,
    0x20, 0x01, 0x02, 0x00, 0x20, 0x40, 0x00, 0x00, 0x40, 0x66, 0x00, 0x00,
    0x21, 0x40, 0x00, 0x00, 0xC0, 0x01, 0x00, 0x00, 0x22, 0x40, 0x00, 0x00,
    0x00, 0x65, 0x00, 0x00, 0x16, 0x01, 0x00, 0x00, 0x17, 0x01, 0x1F, 0x00,
    0x24, 0x01, 0x01, 0x02, 0x03, 0x00, 0x00, 0x00, 0x24, 0x40, 0x16, 0x20,
    0x85, 0x52, 0x00, 0x00, 0x05, 0x01, 0x45, 0x00, 0x0F, 0x01, 0x02, 0x00,
    0x00, 0x40, 0x00, 0x00, 0xD0, 0x18, 0x00, 0x00, 0x0B, 0x01, 0x00, 0x00,
    0x0C, 0x01, 0x00, 0x00, 0x04, 0x40, 0x00, 0x00, 0x20, 0x00, 0x00, 0x00,
    0x06, 0x40, 0x00, 0x00, 0x20, 0x02, 0x00, 0x00, 0x01, 0x01, 0x00, 0x00,
    0x02, 0x01, 0x00, 0x00, 0x10, 0x40, 0x00, 0x00, 0x90, 0x14, 0x00, 0x00,
    0x21, 0x01, 0x00, 0x00, 0x20, 0x01, 0x00, 0x00, 0x22, 0x01, 0x04, 0x00,
    0x20, 0x40, 0x00, 0x00, 0x40, 0x69, 0x00, 0x00, 0x21, 0x40, 0x00, 0x00,
    0x80, 0x06, 0x00, 0x00, 0x22, 0x40, 0x00, 0x00, 0x00, 0x68, 0x00, 0x00,
    0x02, 0x00, 0x00, 0x00, 0x25, 0x40, 0x00, 0x00, 0x01, 0x00, 0x00, 0x00,
    0x26, 0x40, 0x00, 0x00, 0x01, 0x00, 0x00, 0x00, 0x24, 0x40, 0x00, 0x00,
    0x01, 0x00, 0x00, 0x00, 0x05, 0x01, 0x45, 0x00, 0x0F, 0x01, 0x02, 0x00,
    0x00, 0x40, 0x00, 0x00, 0x90, 0x14, 0x00, 0x00, 0x01, 0x40, 0x00, 0x00,
    0x00, 0x00, 0x00, 0x00, 0x02, 0x40, 0x00, 0x00, 0x00, 0x00, 0x00, 0x00,
    0x03, 0x40, 0x00, 0x00, 0x00, 0x00, 0x00, 0x00, 0x0B, 0x01, 0x00, 0x00,
    0x0C, 0x01, 0x00, 0x00, 0x0A, 0x01, 0x10, 0x00, 0x05, 0x40, 0x00, 0x00,
    0x40, 0x04, 0x00, 0x00, 0x04, 0x40, 0x00, 0x00, 0x20, 0x00, 0x00, 0x00,
    0x06, 0x40, 0x00, 0x00, 0x20, 0x02, 0x00, 0x00, 0x09, 0x01, 0x00, 0x00,
    0x14, 0x01, 0x43, 0x81, 0x1F, 0x01, 0x00, 0x00, 0x85, 0x01, 0x05, 0xC0,
    0x89, 0x01, 0x00, 0x00, 0x80, 0x01, 0x08, 0x00, 0x15, 0x01, 0x1F, 0x00,
    0x24, 0x01, 0x01, 0x01, 0x06, 0x00, 0x03, 0x00, 0x24, 0x40, 0x2C, 0x00,
    0x00, 0x46, 0x9D, 0x45, 0x05, 0x01, 0x45, 0x80, 0x0F, 0x01, 0x00, 0x00,
    0x09, 0x01, 0x00, 0x00, 0x14, 0x01, 0x43, 0x01, 0x1F, 0x01, 0x02, 0x00,
    0x10, 0x40, 0x00, 0x00, 0xD0, 0x18, 0x00, 0x00, 0x85, 0x01, 0x05, 0x00,
    0x8F, 0x01, 0x00, 0x00, 0x80, 0x40, 0x00, 0x00, 0xC0, 0x6F, 0x00, 0x00,
    0x81, 0x40, 0x00, 0x00, 0x00, 0x00, 0x00, 0x00, 0x82, 0x40, 0x00, 0x00,
    0x00, 0x00, 0x00, 0x00, 0x83, 0x40, 0x00, 0x00, 0x00, 0x00, 0x00, 0x00,
    0x8B, 0x01, 0x00, 0x00, 0x8C, 0x01, 0x00, 0x00, 0x8A, 0x01, 0x00, 0x00,
    0x85, 0x40, 0x00, 0x00, 0x40, 0x00, 0x00, 0x00, 0x84, 0x40, 0x00, 0x00,
    0x40, 0x00, 0x00, 0x00, 0x86, 0x40, 0x00, 0x00, 0x02, 0x00, 0x00, 0x00,
    0x89, 0x01, 0x00, 0x00, 0x80, 0x01, 0x02, 0x00, 0x06, 0x00, 0x00, 0x00,
    0x05, 0x01, 0x45, 0x00, 0x0F, 0x01, 0x02, 0x00, 0x00, 0x40, 0x00, 0x00,
    0x90, 0x14, 0x00, 0x00, 0x01, 0x40, 0x00, 0x00, 0x00, 0x00, 0x00, 0x00,
    0x02, 0x40, 0x00, 0x00, 0x00, 0x00, 0x00, 0x00, 0x03, 0x40, 0x00, 0x00,
    0x00, 0x00, 0x00, 0x00, 0x0B, 0x01, 0x00, 0x00, 0x0C, 0x01, 0x00, 0x00,
    0x0A, 0x01, 0x10, 0x00, 0x05, 0x40, 0x00, 0x00, 0x40, 0x04, 0x00, 0x00,
    0x04, 0x40, 0x00, 0x00, 0x20, 0x00, 0x00, 0x00, 0x06, 0x40, 0x00, 0x00,
    0x20, 0x02, 0x00, 0x00, 0x09, 0x01, 0x00, 0x00, 0x14, 0x01, 0x43, 0x81,
    0x1F, 0x01, 0x00, 0x00, 0x22, 0x01, 0x00, 0x00, 0x26, 0x01, 0x00, 0x00,
    0x24, 0x40, 0x1E, 0x00, 0x00, 0xE1, 0xA1, 0x52, 0x15, 0x01, 0x13, 0x00,
    0x24, 0x01, 0x00, 0x02, 0x05, 0x00, 0x03, 0x00, 0x25, 0x40, 0xD0, 0x03,
    0x00, 0x00, 0x00, 0x40, 0x26, 0x40, 0xD1, 0x03, 0x58, 0xCA, 0x7B, 0x51,
    0x24, 0x40, 0x2D, 0x00, 0xA5, 0xC7, 0xD3, 0x69, 0x05, 0x01, 0x45, 0x80,
    0x0F, 0x01, 0x00, 0x00, 0x09, 0x01, 0x00, 0x00, 0x14, 0x01, 0x43, 0x81,
    0x1F, 0x01, 0x01, 0x00, 0x26, 0x01, 0x00, 0x80, 0x85, 0x01, 0x45, 0x00,
    0x8F, 0x01, 0x02, 0x00, 0x80, 0x40, 0x00, 0x00, 0xD0, 0x18, 0x00, 0x00,
    0x81, 0x40, 0x00, 0x00, 0x00, 0x00, 0x00, 0x00, 0x82, 0x40, 0x00, 0x00,
    0x00, 0x00, 0x00, 0x00, 0x83, 0x40, 0x00, 0x00, 0x00, 0x00, 0x00, 0x00,
    0x8B, 0x01, 0x00, 0x00, 0x8C, 0x01, 0x00, 0x00, 0x8A, 0x01, 0x10, 0x00,
    0x85, 0x40, 0x00, 0x00, 0x40, 0x04, 0x00, 0x00, 0x84, 0x40, 0x00, 0x00,
    0x20, 0x00, 0x00, 0x00, 0x86, 0x40, 0x00, 0x00, 0x20, 0x02, 0x00, 0x00,
    0x89, 0x01, 0x00, 0x00, 0x80, 0x01, 0x00, 0x00, 0x06, 0x00, 0x01, 0x00,
    0x26, 0x40, 0xD1, 0x03, 0x3E, 0x2C, 0xF7, 0x6B, 0x24, 0x40, 0x2C, 0x00,
    0x00, 0x00, 0x00, 0x40, 0x05, 0x01, 0x45, 0x80, 0x0F, 0x01, 0x01, 0x00,
    0x09, 0x01, 0x00, 0x00, 0x14, 0x01, 0x43, 0x01, 0x1F, 0x01, 0x02, 0x00,
    0x10, 0x40, 0x00, 0x00, 0xD0, 0x28, 0x00, 0x00, 0x85, 0x01, 0x45, 0x00,
    0x8F, 0x01, 0x02, 0x00, 0x80, 0x40, 0x00, 0x00, 0x50, 0x10, 0x00, 0x00,
    0x81, 0x40, 0x00, 0x00, 0x00, 0x00, 0x00, 0x00, 0x82, 0x40, 0x00, 0x00,
    0x00, 0x00, 0x00, 0x00, 0x83, 0x40, 0x00, 0x00, 0x00, 0x00, 0x00, 0x00,
    0x8B, 0x01, 0x00, 0x00, 0x8C, 0x01, 0x00, 0x00, 0x8A, 0x01, 0x10, 0x00,
    0x85, 0x40, 0x00, 0x00, 0x40, 0x04, 0x00, 0x00, 0x84, 0x40, 0x00, 0x00,
    0x20, 0x00, 0x00, 0x00, 0x86, 0x40, 0x00, 0x00, 0x20, 0x02, 0x00, 0x00,
    0x89, 0x01, 0x00, 0x00, 0x06, 0x00, 0x01, 0x00, 0x05, 0x01, 0x45, 0x00,
    0x0F, 0x01, 0x02, 0x00, 0x00, 0x40, 0x00, 0x00, 0xD0, 0x28, 0x00, 0x00,
    0x01, 0x40, 0x00, 0x00, 0x00, 0x00, 0x00, 0x00, 0x02, 0x40, 0x00, 0x00,
    0x00, 0x00, 0x00, 0x00, 0x03, 0x40, 0x00, 0x00, 0x00, 0x00, 0x00, 0x00,
    0x0B, 0x01, 0x00, 0x00, 0x0C, 0x01, 0x00, 0x00, 0x0A, 0x01, 0x10, 0x00,
    0x05, 0x40, 0x00, 0x00, 0x40, 0x04, 0x00, 0x00, 0x04, 0x40, 0x00, 0x00,
    0x20, 0x00, 0x00, 0x00, 0x06, 0x40, 0x00, 0x00, 0x20, 0x02, 0x00, 0x00,
    0x09, 0x01, 0x00, 0x00, 0x14, 0x01, 0x03, 0x01, 0x1F, 0x01, 0x01, 0x00,
    0x10, 0x40, 0x00, 0x00, 0x80, 0x58, 0x02, 0x00, 0x14, 0x40, 0x00, 0x00,
    0x40, 0x00, 0x00, 0x00, 0x16, 0x40, 0x00, 0x00, 0x02, 0x00, 0x00, 0x00,
    0x24, 0x40, 0x1F, 0x00, 0x34, 0xC8, 0xF1, 0x71, 0x05, 0x00, 0x03, 0x00,
    0x2F, 0x01, 0x07, 0x00, 0x05, 0x01, 0x05, 0x00, 0x0F, 0x01, 0x01, 0x00,
    0x00, 0x40, 0x00, 0x00, 0x80, 0xCE, 0x02, 0x00, 0x0B, 0x01, 0x02, 0x00,
    0x0C, 0x01, 0x02, 0x00, 0x04, 0x40, 0x00, 0x00, 0x40, 0x00, 0x00, 0x00,
    0x06, 0x40, 0x00, 0x00, 0x02, 0x00, 0x00, 0x00, 0x10, 0x40, 0x00, 0x00,
    0xC0, 0x4B, 0x02, 0x00, 0x12, 0x01, 0x02, 0x00, 0x1B, 0x01, 0x02, 0x00,
    0x1C, 0x01, 0x02, 0x00, 0x24, 0x40, 0x00, 0x20, 0x01, 0x00, 0x00, 0x00,
    0x16, 0x01, 0x02, 0x00, 0x17, 0x01, 0x0F, 0x00, 0x05, 0x00, 0x03, 0x00,
    0x2F, 0x01, 0x00, 0x00, 0x24, 0x40, 0x17, 0x20, 0x55, 0x7A, 0x00, 0x00,
    0x00, 0x40, 0x00, 0x00, 0xC0, 0x4B, 0x02, 0x00, 0x0B, 0x01, 0x03, 0x00,
    0x0C, 0x01, 0x03, 0x00, 0x01, 0x01, 0x01, 0x00, 0x02, 0x01, 0x01, 0x00,
    0x14, 0x01, 0x43, 0x00, 0x1F, 0x01, 0x02, 0x00, 0x10, 0x40, 0x00, 0x00,
    0x50, 0x10, 0x00, 0x00, 0x12, 0x01, 0x00, 0x00, 0x11, 0x01, 0x08, 0x00,
    0x1B, 0x01, 0x00, 0x00, 0x1C, 0x01, 0x00, 0x00, 0x1A, 0x01, 0x08, 0x00,
    0x15, 0x40, 0x00, 0x00, 0x40, 0x02, 0x00, 0x00, 0x14, 0x40, 0x00, 0x00,
    0x20, 0x00, 0x00, 0x00, 0x16, 0x40, 0x00, 0x00, 0x20, 0x01, 0x00, 0x00,
    0x21, 0x01, 0x03, 0x00, 0x20, 0x01, 0x02, 0x00, 0x22, 0x01, 0x01, 0x00,
    0x20, 0x40, 0x00, 0x00, 0x40, 0x71, 0x00, 0x00, 0x21, 0x40, 0x00, 0x00,
    0xE0, 0x01, 0x00, 0x00, 0x22, 0x40, 0x00, 0x00, 0x00, 0x70, 0x00, 0x00,
    0x16, 0x01, 0x00, 0x00, 0x15, 0x01, 0x0B, 0x00, 0x17, 0x01, 0x1F, 0x00,
    0x24, 0x01, 0x01, 0x02, 0x03, 0x00, 0x00, 0x00, 0x24, 0x40, 0x16, 0x20,
    0xC2, 0x4B, 0x00, 0x00, 0x05, 0x01, 0x45, 0x00, 0x0F, 0x01, 0x02, 0x00,
    0x00, 0x40, 0x00, 0x00, 0x50, 0x10, 0x00, 0x00, 0x0B, 0x01, 0x00, 0x00,
    0x0C, 0x01, 0x00, 0x00, 0x0A, 0x01, 0x08, 0x00, 0x05, 0x40, 0x00, 0x00,
    0x40, 0x02, 0x00, 0x00, 0x04, 0x40, 0x00, 0x00, 0x20, 0x00, 0x00, 0x00,
    0x06, 0x40, 0x00, 0x00, 0x20, 0x01, 0x00, 0x00, 0x01, 0x01, 0x00, 0x00,
    0x02, 0x01, 0x00, 0x00, 0x10, 0x40, 0x00, 0x00, 0x90, 0x12, 0x00, 0x00,
    0x21, 0x01, 0x00, 0x00, 0x20, 0x01, 0x00, 0x00, 0x22, 0x01, 0x04, 0x00,
    0x20, 0x40, 0x00, 0x00, 0x60, 0x74, 0x00, 0x00, 0x21, 0x40, 0x00, 0x00,
    0x90, 0x06, 0x00, 0x00, 0x22, 0x40, 0x00, 0x00, 0x20, 0x73, 0x00, 0x00,
    0x02, 0x00, 0x00, 0x00, 0x25, 0x40, 0x00, 0x00, 0x01, 0x00, 0x00, 0x00,
    0x26, 0x40, 0x00, 0x00, 0x01, 0x00, 0x00, 0x00, 0x24, 0x40, 0x00, 0x00,
    0x01, 0x00, 0x00, 0x00, 0x05, 0x01, 0x45, 0x00, 0x0F, 0x01, 0x02, 0x00,
    0x00, 0x40, 0x00, 0x00, 0x90, 0x12, 0x00, 0x00, 0x01, 0x40, 0x00, 0x00,
    0x00, 0x00, 0x00, 0x00, 0x02, 0x40, 0x00, 0x00, 0x00, 0x00, 0x00, 0x00,
    0x03, 0x40, 0x00, 0x00, 0x00, 0x00, 0x00, 0x00, 0x0B, 0x01, 0x00, 0x00,
    0x0C, 0x01, 0x00, 0x00, 0x0A, 0x01, 0x08, 0x00, 0x05, 0x40, 0x00, 0x00,
    0x40, 0x02, 0x00, 0x00, 0x04, 0x40, 0x00, 0x00, 0x20, 0x00, 0x00, 0x00,
    0x06, 0x40, 0x00, 0x00, 0x20, 0x01, 0x00, 0x00, 0x09, 0x01, 0x00, 0x00,
    0x14, 0x01, 0x43, 0x81, 0x1F, 0x01, 0x00, 0x00, 0x85, 0x01, 0x05, 0xC0,
    0x89, 0x01, 0x00, 0x00, 0x80, 0x01, 0x08, 0x00, 0x15, 0x01, 0x1F, 0x00,
    0x24, 0x01, 0x01, 0x01, 0x06, 0x00, 0x03, 0x00, 0x24, 0x40, 0x2D, 0x00,
    0x00, 0xD3, 0x0F, 0x5B, 0x05, 0x01, 0x45, 0x80, 0x0F, 0x01, 0x00, 0x00,
    0x09, 0x01, 0x00, 0x00, 0x14, 0x01, 0x43, 0x01, 0x1F, 0x01, 0x02, 0x00,
    0x10, 0x40, 0x00, 0x00, 0xD0, 0x14, 0x00, 0x00, 0x85, 0x01, 0x05, 0x00,
    0x8F, 0x01, 0x00, 0x00, 0x80, 0x40, 0x00, 0x00, 0xF0, 0x7A, 0x00, 0x00,
    0x81, 0x40, 0x00, 0x00, 0x00, 0x00, 0x00, 0x00, 0x82, 0x40, 0x00, 0x00,
    0x00, 0x00, 0x00, 0x00, 0x83, 0x40, 0x00, 0x00, 0x00, 0x00, 0x00, 0x00,
    0x8B, 0x01, 0x00, 0x00, 0x8C, 0x01, 0x00, 0x00, 0x8A, 0x01, 0x00, 0x00,
    0x85, 0x40, 0x00, 0x00, 0x40, 0x00, 0x00, 0x00, 0x84, 0x40, 0x00, 0x00,
    0x40, 0x00, 0x00, 0x00, 0x86, 0x40, 0x00, 0x00, 0x02, 0x00, 0x00, 0x00,
    0x89, 0x01, 0x00, 0x00, 0x80, 0x01, 0x02, 0x00, 0x06, 0x00, 0x00, 0x00,
    0x05, 0x01, 0x45, 0x00, 0x0F, 0x01, 0x02, 0x00, 0x00, 0x40, 0x00, 0x00,
    0x90, 0x12, 0x00, 0x00, 0x01, 0x40, 0x00, 0x00, 0x00, 0x00, 0x00, 0x00,
    0x02, 0x40, 0x00, 0x00, 0x00, 0x00, 0x00, 0x00, 0x03, 0x40, 0x00, 0x00,
    0x00, 0x00, 0x00, 0x00, 0x0B, 0x01, 0x00, 0x00, 0x0C, 0x01, 0x00, 0x00,
    0x0A, 0x01, 0x08, 0x00, 0x05, 0x40, 0x00, 0x00, 0x40, 0x02, 0x00, 0x00,
    0x04, 0x40, 0x00, 0x00, 0x20, 0x00, 0x00, 0x00, 0x06, 0x40, 0x00, 0x00,
    0x20, 0x01, 0x00, 0x00, 0x09, 0x01, 0x00, 0x00, 0x14, 0x01, 0x43, 0x81,
    0x1F, 0x01, 0x00, 0x00, 0x22, 0x01, 0x00, 0x00, 0x26, 0x01, 0x00, 0x00,
    0x24, 0x40, 0x1E, 0x00, 0x00, 0x45, 0xA3, 0x4A, 0x15, 0x01, 0x0B, 0x00,
    0x24, 0x01, 0x00, 0x02, 0x05, 0x00, 0x03, 0x00, 0x25, 0x40, 0xD0, 0x03,
    0x00, 0x00, 0x00, 0x40, 0x26, 0x40, 0xD1, 0x03, 0xC0, 0x74, 0x6D, 0x65,
    0x24, 0x40, 0x2C, 0x00, 0x00, 0x00, 0x00, 0x40, 0x05, 0x01, 0x45, 0x80,
    0x0F, 0x01, 0x00, 0x00, 0x09, 0x01, 0x00, 0x00, 0x14, 0x01, 0x43, 0x01,
    0x1F, 0x01, 0x02, 0x00, 0x10, 0x40, 0x00, 0x00, 0x50, 0x10, 0x00, 0x00,
    0x26, 0x01, 0x00, 0x80, 0x85, 0x01, 0x45, 0x00, 0x8F, 0x01, 0x02, 0x00,
    0x80, 0x40, 0x00, 0x00, 0xD0, 0x14, 0x00, 0x00, 0x81, 0x40, 0x00, 0x00,
    0x00, 0x00, 0x00, 0x00, 0x82, 0x40, 0x00, 0x00, 0x00, 0x00, 0x00, 0x00,
    0x83, 0x40, 0x00, 0x00, 0x00, 0x00, 0x00, 0x00, 0x8B, 0x01, 0x00, 0x00,
    0x8C, 0x01, 0x00, 0x00, 0x8A, 0x01, 0x08, 0x00, 0x85, 0x40, 0x00, 0x00,
    0x40, 0x02, 0x00, 0x00, 0x84, 0x40, 0x00, 0x00, 0x20, 0x00, 0x00, 0x00,
    0x86, 0x40, 0x00, 0x00, 0x20, 0x01, 0x00, 0x00, 0x89, 0x01, 0x00, 0x00,
    0x80, 0x01, 0x00, 0x00, 0x06, 0x00, 0x01, 0x00, 0x05, 0x01, 0x45, 0x00,
    0x0F, 0x01, 0x02, 0x00, 0x00, 0x40, 0x00, 0x00, 0x50, 0x10, 0x00, 0x00,
    0x01, 0x40, 0x00, 0x00, 0x00, 0x00, 0x00, 0x00, 0x02, 0x40, 0x00, 0x00,
    0x00, 0x00, 0x00, 0x00, 0x03, 0x40, 0x00, 0x00, 0x00, 0x00, 0x00, 0x00,
    0x0B, 0x01, 0x00, 0x00, 0x0C, 0x01, 0x00, 0x00, 0x0A, 0x01, 0x08, 0x00,
    0x05, 0x40, 0x00, 0x00, 0x40, 0x02, 0x00, 0x00, 0x04, 0x40, 0x00, 0x00,
    0x20, 0x00, 0x00, 0x00, 0x06, 0x40, 0x00, 0x00, 0x20, 0x01, 0x00, 0x00,
    0x09, 0x01, 0x00, 0x00, 0x14, 0x01, 0x03, 0x01, 0x1F, 0x01, 0x01, 0x00,
    0x10, 0x40, 0x00, 0x00, 0x10, 0x06, 0x03, 0x00, 0x14, 0x40, 0x00, 0x00,
    0x40, 0x00, 0x00, 0x00, 0x16, 0x40, 0x00, 0x00, 0x02, 0x00, 0x00, 0x00,
    0x24, 0x40, 0x1F, 0x00, 0xFF, 0x95, 0x2C, 0x6E, 0x05, 0x00, 0x03, 0x00,
    0x2F, 0x01, 0x07, 0x00, 0x05, 0x01, 0x05, 0x00, 0x0F, 0x01, 0x01, 0x00,
    0x00, 0x40, 0x00, 0x00, 0x50, 0xF4, 0x02, 0x00, 0x0B, 0x01, 0x02, 0x00,
    0x0C, 0x01, 0x02, 0x00, 0x04, 0x40, 0x00, 0x00, 0x40, 0x00, 0x00, 0x00,
    0x06, 0x40, 0x00, 0x00, 0x02, 0x00, 0x00, 0x00, 0x10, 0x40, 0x00, 0x00,
    0x50, 0xFF, 0x02, 0x00, 0x12, 0x01, 0x02, 0x00, 0x1B, 0x01, 0x02, 0x00,
    0x1C, 0x01, 0x02, 0x00, 0x24, 0x40, 0x00, 0x20, 0x01, 0x00, 0x00, 0x00,
    0x16, 0x01, 0x02, 0x00, 0x17, 0x01, 0x0F, 0x00, 0x05, 0x00, 0x03, 0x00,
    0x2F, 0x01, 0x00, 0x00, 0x24, 0x40, 0x16, 0x20, 0xC2, 0x47, 0x00, 0x00,
    0x00, 0x40, 0x00, 0x00, 0x50, 0xFF, 0x02, 0x00, 0x0B, 0x01, 0x03, 0x00,
    0x0C, 0x01, 0x03, 0x00, 0x01, 0x01, 0x01, 0x00, 0x02, 0x01, 0x01, 0x00,
    0x14, 0x01, 0x43, 0x00, 0x1F, 0x01, 0x02, 0x00, 0x10, 0x40, 0x00, 0x00,
    0xD0, 0x14, 0x00, 0x00, 0x12, 0x01, 0x00, 0x00, 0x1B, 0x01, 0x00, 0x00,
    0x1C, 0x01, 0x00, 0x00, 0x14, 0x40, 0x00, 0x00, 0x20, 0x00, 0x00, 0x00,
    0x16, 0x40, 0x00, 0x00, 0x20, 0x01, 0x00, 0x00, 0x21, 0x01, 0x03, 0x00,
    0x20, 0x01, 0x02, 0x00, 0x20, 0x40, 0x00, 0x00, 0x70, 0x7C, 0x00, 0x00,
    0x21, 0x40, 0x00, 0x00, 0xE0, 0x01, 0x00, 0x00, 0x22, 0x40, 0x00, 0x00,
    0x30, 0x7B, 0x00, 0x00, 0x16, 0x01, 0x00, 0x00, 0x17, 0x01, 0x1F, 0x00,
    0x24, 0x01, 0x01, 0x02, 0x03, 0x00, 0x00, 0x00, 0x24, 0x40, 0x17, 0x20,
    0xA1, 0x52, 0x00, 0x00, 0x05, 0x01, 0x45, 0x00, 0x0F, 0x01, 0x02, 0x00,
    0x00, 0x40, 0x00, 0x00, 0xD0, 0x14, 0x00, 0x00, 0x0B, 0x01, 0x00, 0x00,
    0x0C, 0x01, 0x00, 0x00, 0x04, 0x40, 0x00, 0x00, 0x20, 0x00, 0x00, 0x00,
    0x06, 0x40, 0x00, 0x00, 0x20, 0x01, 0x00, 0x00, 0x01, 0x01, 0x00, 0x00,
    0x02, 0x01, 0x00, 0x00, 0x10, 0x40, 0x00, 0x00, 0x90, 0x12, 0x00, 0x00,
    0x21, 0x01, 0x00, 0x00, 0x20, 0x01, 0x00, 0x00, 0x22, 0x01, 0x04, 0x00,
    0x20, 0x40, 0x00, 0x00, 0x90, 0x7F, 0x00, 0x00, 0x21, 0x40, 0x00, 0x00,
    0x90, 0x06, 0x00, 0x00, 0x22, 0x40, 0x00, 0x00, 0x50, 0x7E, 0x00, 0x00,
    0x02, 0x00, 0x00, 0x00, 0x25, 0x40, 0x00, 0x00, 0x01, 0x00, 0x00, 0x00,
    0x26, 0x40, 0x00, 0x00, 0x01, 0x00, 0x00, 0x00, 0x24, 0x40, 0x00, 0x00,
    0x01, 0x00, 0x00, 0x00, 0x05, 0x01, 0x45, 0x00, 0x0F, 0x01, 0x02, 0x00,
    0x00, 0x40, 0x00, 0x00, 0x90, 0x12, 0x00, 0x00, 0x01, 0x40, 0x00, 0x00,
    0x00, 0x00, 0x00, 0x00, 0x02, 0x40, 0x00, 0x00, 0x00, 0x00, 0x00, 0x00,
    0x03, 0x40, 0x00, 0x00, 0x00, 0x00, 0x00, 0x00, 0x0B, 0x01, 0x00, 0x00,
    0x0C, 0x01, 0x00, 0x00, 0x0A, 0x01, 0x08, 0x00, 0x05, 0x40, 0x00, 0x00,
    0x40, 0x02, 0x00, 0x00, 0x04, 0x40, 0x00, 0x00, 0x20, 0x00, 0x00, 0x00,
    0x06, 0x40, 0x00, 0x00, 0x20, 0x01, 0x00, 0x00, 0x09, 0x01, 0x00, 0x00,
    0x14, 0x01, 0x43, 0x81, 0x1F, 0x01, 0x00, 0x00, 0x85, 0x01, 0x05, 0xC0,
    0x89, 0x01, 0x00, 0x00, 0x80, 0x01, 0x08, 0x00, 0x15, 0x01, 0x1F, 0x00,
    0x24, 0x01, 0x01, 0x01, 0x06, 0x00, 0x03, 0x00, 0x24, 0x40, 0x2D, 0x00,
    0x00, 0x77, 0x3A, 0x52, 0x05, 0x01, 0x45, 0x80, 0x0F, 0x01, 0x00, 0x00,
    0x09, 0x01, 0x00, 0x00, 0x14, 0x01, 0x43, 0x01, 0x1F, 0x01, 0x02, 0x00,
    0x10, 0x40, 0x00, 0x00, 0xD0, 0x14, 0x00, 0x00, 0x85, 0x01, 0x05, 0x00,
    0x8F, 0x01, 0x00, 0x00, 0x80, 0x40, 0x00, 0x00, 0x20, 0x86, 0x00, 0x00,
    0x81, 0x40, 0x00, 0x00, 0x00, 0x00, 0x00, 0x00, 0x82, 0x40, 0x00, 0x00,
    0x00, 0x00, 0x00, 0x00, 0x83, 0x40, 0x00, 0x00, 0x00, 0x00, 0x00, 0x00,
    0x8B, 0x01, 0x00, 0x00, 0x8C, 0x01, 0x00, 0x00, 0x8A, 0x01, 0x00, 0x00,
    0x85, 0x40, 0x00, 0x00, 0x40, 0x00, 0x00, 0x00, 0x84, 0x40, 0x00, 0x00,
    0x40, 0x00, 0x00, 0x00, 0x86, 0x40, 0x00, 0x00, 0x02, 0x00, 0x00, 0x00,
    0x89, 0x01, 0x00, 0x00, 0x80, 0x01, 0x02, 0x00, 0x06, 0x00, 0x00, 0x00,
    0x05, 0x01, 0x45, 0x00, 0x0F, 0x01, 0x02, 0x00, 0x00, 0x40, 0x00, 0x00,
    0x90, 0x12, 0x00, 0x00, 0x01, 0x40, 0x00, 0x00, 0x00, 0x00, 0x00, 0x00,
    0x02, 0x40, 0x00, 0x00, 0x00, 0x00, 0x00, 0x00, 0x03, 0x40, 0x00, 0x00,
    0x00, 0x00, 0x00, 0x00, 0x0B, 0x01, 0x00, 0x00, 0x0C, 0x01, 0x00, 0x00,
    0x0A, 0x01, 0x08, 0x00, 0x05, 0x40, 0x00, 0x00, 0x40, 0x02, 0x00, 0x00,
    0x04, 0x40, 0x00, 0x00, 0x20, 0x00, 0x00, 0x00, 0x06, 0x40, 0x00, 0x00,
    0x20, 0x01, 0x00, 0x00, 0x09, 0x01, 0x00, 0x00, 0x14, 0x01, 0x43, 0x81,
    0x1F, 0x01, 0x00, 0x00, 0x22, 0x01, 0x00, 0x00, 0x26, 0x01, 0x00, 0x00,
    0x24, 0x40, 0x1E, 0x00, 0x80, 0x91, 0xE2, 0x62, 0x15, 0x01, 0x0B, 0x00,
    0x24, 0x01, 0x00, 0x02, 0x05, 0x00, 0x03, 0x00, 0x25, 0x40, 0xD0, 0x03,
    0x00, 0x00, 0x00, 0x40, 0x26, 0x40, 0xD1, 0x03, 0x67, 0x40, 0xA1, 0x68,
    0x24, 0x40, 0x2D, 0x00, 0x9A, 0x0D, 0x89, 0x49, 0x05, 0x01, 0x45, 0x80,
    0x0F, 0x01, 0x00, 0x00, 0x09, 0x01, 0x00, 0x00, 0x14, 0x01, 0x43, 0x81,
    0x1F, 0x01, 0x01, 0x00, 0x26, 0x01, 0x00, 0x80, 0x85, 0x01, 0x45, 0x00,
    0x8F, 0x01, 0x02, 0x00, 0x80, 0x40, 0x00, 0x00, 0xD0, 0x14, 0x00, 0x00,
    0x81, 0x40, 0x00, 0x00, 0x00, 0x00, 0x00, 0x00, 0x82, 0x40, 0x00, 0x00,
    0x00, 0x00, 0x00, 0x00, 0x83, 0x40, 0x00, 0x00, 0x00, 0x00, 0x00, 0x00,
    0x8B, 0x01, 0x00, 0x00, 0x8C, 0x01, 0x00, 0x00, 0x8A, 0x01, 0x08, 0x00,
    0x85, 0x40, 0x00, 0x00, 0x40, 0x02, 0x00, 0x00, 0x84, 0x40, 0x00, 0x00,
    0x20, 0x00, 0x00, 0x00, 0x86, 0x40, 0x00, 0x00, 0x20, 0x01, 0x00, 0x00,
    0x89, 0x01, 0x00, 0x00, 0x80, 0x01, 0x00, 0x00, 0x06, 0x00, 0x01, 0x00,
    0x26, 0x40, 0xD1, 0x03, 0x32, 0x88, 0x7D, 0x56, 0x24, 0x40, 0x2C, 0x00,
    0x00, 0x00, 0x00, 0x40, 0x05, 0x01, 0x45, 0x80, 0x0F, 0x01, 0x01, 0x00,
    0x09, 0x01, 0x00, 0x00, 0x14, 0x01, 0x43, 0x01, 0x1F, 0x01, 0x02, 0x00,
    0x10, 0x40, 0x00, 0x00, 0x10, 0x17, 0x00, 0x00, 0x85, 0x01, 0x45, 0x00,
    0x8F, 0x01, 0x02, 0x00, 0x80, 0x40, 0x00, 0x00, 0x50, 0x10, 0x00, 0x00,
    0x81, 0x40, 0x00, 0x00, 0x00, 0x00, 0x00, 0x00, 0x82, 0x40, 0x00, 0x00,
    0x00, 0x00, 0x00, 0x00, 0x83, 0x40, 0x00, 0x00, 0x00, 0x00, 0x00, 0x00,
    0x8B, 0x01, 0x00, 0x00, 0x8C, 0x01, 0x00, 0x00, 0x8A, 0x01, 0x08, 0x00,
    0x85, 0x40, 0x00, 0x00, 0x40, 0x02, 0x00, 0x00, 0x84, 0x40, 0x00, 0x00,
    0x20, 0x00, 0x00, 0x00, 0x86, 0x40, 0x00, 0x00, 0x20, 0x01, 0x00, 0x00,
    0x89, 0x01, 0x00, 0x00, 0x06, 0x00, 0x01, 0x00, 0x24, 0x40, 0x15, 0x20,
    0x5F, 0x49, 0x00, 0x00, 0x05, 0x01, 0x45, 0x00, 0x0F, 0x01, 0x02, 0x00,
    0x00, 0x40, 0x00, 0x00, 0x10, 0x17, 0x00, 0x00, 0x01, 0x40, 0x00, 0x00,
    0x00, 0x00, 0x00, 0x00, 0x02, 0x40, 0x00, 0x00, 0x00, 0x00, 0x00, 0x00,
    0x03, 0x40, 0x00, 0x00, 0x00, 0x00, 0x00, 0x00, 0x0B, 0x01, 0x00, 0x00,
    0x0C, 0x01, 0x00, 0x00, 0x0A, 0x01, 0x08, 0x00, 0x05, 0x40, 0x00, 0x00,
    0x40, 0x02, 0x00, 0x00, 0x04, 0x40, 0x00, 0x00, 0x20, 0x00, 0x00, 0x00,
    0x06, 0x40, 0x00, 0x00, 0x20, 0x01, 0x00, 0x00, 0x09, 0x01, 0x00, 0x00,
    0x14, 0x01, 0x43, 0x00, 0x10, 0x40, 0x00, 0x00, 0x50, 0x10, 0x00, 0x00,
    0x22, 0x01, 0x04, 0x00, 0x20, 0x40, 0x00, 0x00, 0xA0, 0x87, 0x00, 0x00,
    0x22, 0x40, 0x00, 0x00, 0x60, 0x86, 0x00, 0x00, 0x24, 0x01, 0x01, 0x02,
    0x02, 0x00, 0x00, 0x00, 0x2F, 0x01, 0x07, 0x00, 0x25, 0x40, 0x00, 0x00,
    0x01, 0x00, 0x00, 0x00, 0x26, 0x40, 0x00, 0x00, 0x01, 0x00, 0x00, 0x00,
    0x24, 0x40, 0x2D, 0x00, 0x00, 0x80, 0x00, 0x40, 0x05, 0x01, 0x05, 0x00,
    0x0F, 0x01, 0x01, 0x00, 0x00, 0x40, 0x00, 0x00, 0x10, 0xAD, 0x00, 0x00,
    0x0A, 0x01, 0x00, 0x00, 0x04, 0x01, 0x8F, 0x00, 0x05, 0x40, 0x00, 0x00,
    0x20, 0x01, 0x00, 0x00, 0x04, 0x40, 0x00, 0x00, 0x20, 0x01, 0x00, 0x00,
    0x06, 0x40, 0x00, 0x00, 0x02, 0x00, 0x00, 0x00, 0x14, 0x01, 0x43, 0x01,
    0x10, 0x40, 0x00, 0x00, 0x90, 0x12, 0x00, 0x00, 0x11, 0x01, 0x00, 0x00,
    0x13, 0x01, 0x8F, 0x00, 0x1A, 0x01, 0x00, 0x00, 0x15, 0x40, 0x00, 0x00,
    0x20, 0x01, 0x00, 0x00, 0x16, 0x40, 0x00, 0x00, 0x20, 0x00, 0x00, 0x00,
    0x85, 0x01, 0x05, 0xC0, 0x27, 0x40, 0x00, 0x00, 0xFF, 0x7F, 0x00, 0x00,
    0x89, 0x01, 0x00, 0x00, 0x80, 0x01, 0x08, 0x00, 0x15, 0x01, 0x07, 0x00,
    0x17, 0x01, 0x8F, 0x00, 0x24, 0x01, 0x01, 0x01, 0x06, 0x00, 0x00, 0x00,
    0x24, 0x40, 0x1A, 0x20, 0x41, 0x63, 0x00, 0x00, 0x14, 0x01, 0x03, 0x00,
    0x10, 0x40, 0x00, 0x00, 0xB0, 0x13, 0x00, 0x00, 0x13, 0x01, 0xAF, 0x01,
    0x15, 0x40, 0x00, 0x00, 0x60, 0x03, 0x00, 0x00, 0x14, 0x40, 0x00, 0x00,
    0x60, 0x03, 0x00, 0x00, 0x16, 0x40, 0x00, 0x00, 0x02, 0x00, 0x00, 0x00,
    0x22, 0x01, 0x00, 0x00, 0x2E, 0x01, 0x01, 0x00, 0x20, 0x40, 0x00, 0x00,
    0x10, 0x9F, 0x00, 0x00, 0x21, 0x40, 0x00, 0x00, 0x20, 0x0E, 0x01, 0x00,
    0x22, 0x40, 0x00, 0x00, 0x30, 0x8E, 0x00, 0x00, 0x23, 0x40, 0x00, 0x00,
    0xE0, 0x10, 0x00, 0x00, 0x15, 0x01, 0x01, 0x00, 0x17, 0x01, 0xAF, 0x01,
    0x02, 0x00, 0x00, 0x00, 0x05, 0x01, 0x45, 0x00, 0x0F, 0x01, 0x02, 0x00,
    0x00, 0x40, 0x00, 0x00, 0x10, 0x17, 0x00, 0x00, 0x0A, 0x01, 0x08, 0x00,
    0x04, 0x01, 0x1F, 0x00, 0x05, 0x40, 0x00, 0x00, 0x40, 0x02, 0x00, 0x00,
    0x04, 0x40, 0x00, 0x00, 0x20, 0x00, 0x00, 0x00, 0x06, 0x40, 0x00, 0x00,
    0x20, 0x01, 0x00, 0x00, 0x14, 0x01, 0x03, 0x11, 0x10, 0x40, 0x00, 0x00,
    0x90, 0x1B, 0x00, 0x00, 0x11, 0x01, 0x08, 0x00, 0x13, 0x01, 0x1F, 0x00,
    0x1A, 0x01, 0x1F, 0x00, 0x15, 0x40, 0x00, 0x00, 0x40, 0x02, 0x00, 0x00,
    0x14, 0x40, 0x00, 0x00, 0x12, 0x00, 0x00, 0x00, 0x24, 0x40, 0x00, 0x00,
    0x01, 0x00, 0x00, 0x00, 0x15, 0x01, 0x0B, 0x00, 0x17, 0x01, 0x1F, 0x00,
    0x24, 0x01, 0x00, 0x02, 0x05, 0x00, 0x03, 0x00, 0x2F, 0x01, 0x00, 0x00,
    0x24, 0x40, 0x18, 0x20, 0x5C, 0x77, 0x00, 0x00, 0x05, 0x01, 0x05, 0x00,
    0x00, 0x40, 0x00, 0x00, 0x90, 0x1B, 0x00, 0x00, 0x0A, 0x01, 0x00, 0x00,
    0x04, 0x01, 0x1F, 0x01, 0x04, 0x40, 0x00, 0x00, 0x40, 0x02, 0x00, 0x00,
    0x06, 0x40, 0x00, 0x00, 0x02, 0x00, 0x00, 0x00, 0x14, 0x01, 0x03, 0x00,
    0x10, 0x40, 0x00, 0x00, 0x30, 0x18, 0x00, 0x00, 0x11, 0x01, 0x00, 0x00,
    0x13, 0x01, 0xAF, 0x01, 0x1A, 0x01, 0x00, 0x00, 0x15, 0x40, 0x00, 0x00,
    0x60, 0x03, 0x00, 0x00, 0x14, 0x40, 0x00, 0x00, 0x60, 0x03, 0x00, 0x00,
    0x20, 0x40, 0x00, 0x00, 0x10, 0xBE, 0x01, 0x00, 0x21, 0x40, 0x00, 0x00,
    0x20, 0xE6, 0x01, 0x00, 0x22, 0x40, 0x00, 0x00, 0x30, 0xAD, 0x01, 0x00,
    0x15, 0x01, 0x01, 0x00, 0x17, 0x01, 0xAF, 0x01, 0x24, 0x01, 0x01, 0x01,
    0x02, 0x00, 0x00, 0x00, 0x25, 0x40, 0xD0, 0x03, 0x00, 0x00, 0x00, 0x40,
    0x26, 0x40, 0xD1, 0x03, 0x92, 0xA7, 0xCF, 0x63, 0x24, 0x40, 0x2C, 0x00,
    0x29, 0xCE, 0x50, 0x4F, 0x00, 0x40, 0x00, 0x00, 0x50, 0x19, 0x00, 0x00,
    0x04, 0x01, 0x8F, 0x00, 0x05, 0x40, 0x00, 0x00, 0x60, 0x03, 0x00, 0x00,
    0x04, 0x40, 0x00, 0x00, 0x60, 0x03, 0x00, 0x00, 0x14, 0x01, 0x43, 0x01,
    0x10, 0x40, 0x00, 0x00, 0x10, 0x17, 0x00, 0x00, 0x13, 0x01, 0x8F, 0x00,
    0x15, 0x40, 0x00, 0x00, 0x20, 0x01, 0x00, 0x00, 0x14, 0x40, 0x00, 0x00,
    0x20, 0x00, 0x00, 0x00, 0x16, 0x40, 0x00, 0x00, 0x20, 0x00, 0x00, 0x00,
    0x85, 0x01, 0x05, 0x00, 0x8F, 0x01, 0x02, 0x00, 0x80, 0x40, 0x00, 0x00,
    0xD0, 0x14, 0x00, 0x00, 0x81, 0x40, 0x00, 0x00, 0x00, 0x00, 0x00, 0x00,
    0x82, 0x40, 0x00, 0x00, 0x00, 0x00, 0x00, 0x00, 0x83, 0x40, 0x00, 0x00,
    0x00, 0x00, 0x00, 0x00, 0x8B, 0x01, 0x00, 0x00, 0x8C, 0x01, 0x00, 0x00,
    0x8A, 0x01, 0x00, 0x00, 0x85, 0x40, 0x00, 0x00, 0x60, 0x03, 0x00, 0x00,
    0x84, 0x40, 0x00, 0x00, 0x60, 0x03, 0x00, 0x00, 0x86, 0x40, 0x00, 0x00,
    0x02, 0x00, 0x00, 0x00, 0x80, 0x01, 0x00, 0x00, 0x15, 0x01, 0x07, 0x00,
    0x17, 0x01, 0x8F, 0x00, 0x06, 0x00, 0x01, 0x00, 0x30, 0x40, 0x00, 0x00,
    0x30, 0xA4, 0x03, 0x00, 0x10, 0x00, 0x00, 0x00, 0x05, 0x01, 0x45, 0x00,
    0x00, 0x40, 0x00, 0x00, 0x10, 0x17, 0x00, 0x00, 0x05, 0x40, 0x00, 0x00,
    0x20, 0x01, 0x00, 0x00, 0x04, 0x40, 0x00, 0x00, 0x20, 0x00, 0x00, 0x00,
    0x06, 0x40, 0x00, 0x00, 0x20, 0x00, 0x00, 0x00, 0x25, 0x01, 0x0B, 0x00,
    0x24, 0x40, 0x0C, 0x00, 0x69, 0x5E, 0x00, 0x00, 0x15, 0x01, 0x03, 0x00,
    0x24, 0x01, 0x00, 0x02, 0x11, 0x00, 0x00, 0x00, 0x05, 0x00, 0x03, 0x00,
    0x25, 0x40, 0x00, 0x00, 0x01, 0x00, 0x00, 0x00, 0x26, 0x40, 0x00, 0x00,
    0x01, 0x00, 0x00, 0x00, 0x24, 0x40, 0x2D, 0x00, 0x80, 0x08, 0xC6, 0x40,
    0x10, 0x40, 0x00, 0x00, 0x90, 0x12, 0x00, 0x00, 0x25, 0x01, 0x00, 0x00,
    0x85, 0x01, 0x45, 0x00, 0x80, 0x40, 0x00, 0x00, 0x90, 0x12, 0x00, 0x00,
    0x85, 0x40, 0x00, 0x00, 0x20, 0x01, 0x00, 0x00, 0x84, 0x40, 0x00, 0x00,
    0x20, 0x00, 0x00, 0x00, 0x86, 0x40, 0x00, 0x00, 0x20, 0x00, 0x00, 0x00,
    0x15, 0x01, 0x07, 0x00, 0x24, 0x01, 0x01, 0x01, 0x06, 0x00, 0x00, 0x00,
    0x2F, 0x01, 0x07, 0x00, 0x25, 0x40, 0xD0, 0x03, 0x00, 0x00, 0x00, 0x40,
    0x26, 0x40, 0xD1, 0x03, 0x92, 0xA7, 0xCF, 0x63, 0x24, 0x40, 0x2D, 0x00,
    0xF3, 0x75, 0x94, 0x7F, 0x05, 0x01, 0x05, 0x00, 0x00, 0x40, 0x00, 0x00,
    0x30, 0x18, 0x00, 0x00, 0x05, 0x40, 0x00, 0x00, 0x60, 0x03, 0x00, 0x00,
    0x04, 0x40, 0x00, 0x00, 0x60, 0x03, 0x00, 0x00, 0x06, 0x40, 0x00, 0x00,
    0x02, 0x00, 0x00, 0x00, 0x10, 0x40, 0x00, 0x00, 0x90, 0x1B, 0x00, 0x00,
    0x85, 0x01, 0x05, 0x00, 0x80, 0x40, 0x00, 0x00, 0xB0, 0x13, 0x00, 0x00,
    0x85, 0x40, 0x00, 0x00, 0x60, 0x03, 0x00, 0x00, 0x84, 0x40, 0x00, 0x00,
    0x60, 0x03, 0x00, 0x00, 0x86, 0x40, 0x00, 0x00, 0x02, 0x00, 0x00, 0x00,
    0x06, 0x00, 0x01, 0x00, 0x2F, 0x01, 0x00, 0x00, 0x05, 0x01, 0x45, 0x00,
    0x0F, 0x01, 0x02, 0x00, 0x00, 0x40, 0x00, 0x00, 0x90, 0x1B, 0x00, 0x00,
    0x01, 0x40, 0x00, 0x00, 0x00, 0x00, 0x00, 0x00, 0x02, 0x40, 0x00, 0x00,
    0x00, 0x00, 0x00, 0x00, 0x03, 0x40, 0x00, 0x00, 0x00, 0x00, 0x00, 0x00,
    0x0B, 0x01, 0x00, 0x00, 0x0C, 0x01, 0x00, 0x00, 0x0A, 0x01, 0x00, 0x00,
    0x05, 0x40, 0x00, 0x00, 0x20, 0x01, 0x00, 0x00, 0x04, 0x40, 0x00, 0x00,
    0x20, 0x00, 0x00, 0x00, 0x06, 0x40, 0x00, 0x00, 0x20, 0x00, 0x00, 0x00,
    0x09, 0x01, 0x00, 0x00, 0x14, 0x01, 0x43, 0x81, 0x1F, 0x01, 0x00, 0x00,
    0x25, 0x01, 0x0B, 0x00, 0x24, 0x40, 0x0C, 0x00, 0x63, 0x75, 0x00, 0x00,
    0x15, 0x01, 0x03, 0x00, 0x24, 0x01, 0x00, 0x02, 0x05, 0x00, 0x03, 0x00,
    0x25, 0x40, 0x00, 0x00, 0x01, 0x00, 0x00, 0x00, 0x26, 0x40, 0x00, 0x00,
    0x01, 0x00, 0x00, 0x00, 0x24, 0x40, 0x2D, 0x00, 0x00, 0x9F, 0xA4, 0x59,
    0x05, 0x01, 0x45, 0x80, 0x0F, 0x01, 0x00, 0x00, 0x09, 0x01, 0x00, 0x00,
    0x14, 0x01, 0x43, 0x81, 0x1F, 0x01, 0x01, 0x00, 0x25, 0x01, 0x00, 0x00,
    0x85, 0x01, 0x05, 0x00, 0x8F, 0x01, 0x02, 0x00, 0x80, 0x40, 0x00, 0x00,
    0xF0, 0x15, 0x00, 0x00, 0x81, 0x40, 0x00, 0x00, 0x00, 0x00, 0x00, 0x00,
    0x82, 0x40, 0x00, 0x00, 0x00, 0x00, 0x00, 0x00, 0x83, 0x40, 0x00, 0x00,
    0x00, 0x00, 0x00, 0x00, 0x8B, 0x01, 0x00, 0x00, 0x8C, 0x01, 0x00, 0x00,
    0x8A, 0x01, 0x00, 0x00, 0x85, 0x40, 0x00, 0x00, 0x60, 0x03, 0x00, 0x00,
    0x84, 0x40, 0x00, 0x00, 0x60, 0x03, 0x00, 0x00, 0x86, 0x40, 0x00, 0x00,
    0x02, 0x00, 0x00, 0x00, 0x89, 0x01, 0x00, 0x00, 0x06, 0x00, 0x00, 0x00,
    0x25, 0x40, 0xD0, 0x03, 0x00, 0x00, 0x00, 0x40, 0x26, 0x40, 0xD1, 0x03,
    0xB5, 0x6A, 0x42, 0x47, 0x24, 0x40, 0x2C, 0x00, 0xFA, 0x3A, 0x50, 0x66,
    0x05, 0x01, 0x05, 0x00, 0x0F, 0x01, 0x02, 0x00, 0x00, 0x40, 0x00, 0x00,
    0x70, 0x1A, 0x00, 0x00, 0x01, 0x40, 0x00, 0x00, 0x00, 0x00, 0x00, 0x00,
    0x02, 0x40, 0x00, 0x00, 0x00, 0x00, 0x00, 0x00, 0x03, 0x40, 0x00, 0x00,
    0x00, 0x00, 0x00, 0x00, 0x0B, 0x01, 0x00, 0x00, 0x0C, 0x01, 0x00, 0x00,
    0x0A, 0x01, 0x00, 0x00, 0x05, 0x40, 0x00, 0x00, 0x60, 0x03, 0x00, 0x00,
    0x04, 0x40, 0x00, 0x00, 0x60, 0x03, 0x00, 0x00, 0x06, 0x40, 0x00, 0x00,
    0x02, 0x00, 0x00, 0x00, 0x09, 0x01, 0x00, 0x00, 0x14, 0x01, 0x43, 0x01,
    0x1F, 0x01, 0x02, 0x00, 0x85, 0x01, 0x45, 0x80, 0x8F, 0x01, 0x01, 0x00,
    0x89, 0x01, 0x00, 0x00, 0x06, 0x00, 0x01, 0x00, 0x30, 0x40, 0x00, 0x00,
    0x30, 0xAC, 0x03, 0x00, 0x12, 0x00, 0x00, 0x00, 0x10, 0x00, 0x00, 0x00,
    0x05, 0x01, 0x45, 0x00, 0x0F, 0x01, 0x02, 0x00, 0x00, 0x40, 0x00, 0x00,
    0x90, 0x1B, 0x00, 0x00, 0x01, 0x40, 0x00, 0x00, 0x00, 0x00, 0x00, 0x00,
    0x02, 0x40, 0x00, 0x00, 0x00, 0x00, 0x00, 0x00, 0x03, 0x40, 0x00, 0x00,
    0x00, 0x00, 0x00, 0x00, 0x0B, 0x01, 0x00, 0x00, 0x0C, 0x01, 0x00, 0x00,
    0x0A, 0x01, 0x00, 0x00, 0x05, 0x40, 0x00, 0x00, 0x20, 0x01, 0x00, 0x00,
    0x04, 0x40, 0x00, 0x00, 0x20, 0x00, 0x00, 0x00, 0x06, 0x40, 0x00, 0x00,
    0x20, 0x00, 0x00, 0x00, 0x09, 0x01, 0x00, 0x00, 0x14, 0x01, 0x43, 0x01,
    0x25, 0x01, 0x0A, 0x00, 0x24, 0x40, 0x0C, 0x00, 0x30, 0x49, 0x00, 0x00,
    0x11, 0x00, 0x00, 0x00, 0x05, 0x00, 0x03, 0x00, 0x26, 0x40, 0xD1, 0x03,
    0x02, 0x00, 0xFF, 0x7F, 0x24, 0x40, 0x2C, 0x00, 0x80, 0x00, 0x00, 0x40,
    0x05, 0x01, 0x05, 0xC0, 0x09, 0x01, 0x00, 0x00, 0x14, 0x01, 0x43, 0x81,
    0x1F, 0x01, 0x00, 0x00, 0x25, 0x01, 0x00, 0x00, 0x85, 0x01, 0x45, 0x00,
    0x8F, 0x01, 0x02, 0x00, 0x80, 0x40, 0x00, 0x00, 0x10, 0x17, 0x00, 0x00,
    0x81, 0x40, 0x00, 0x00, 0x00, 0x00, 0x00, 0x00, 0x82, 0x40, 0x00, 0x00,
    0x00, 0x00, 0x00, 0x00, 0x83, 0x40, 0x00, 0x00, 0x00, 0x00, 0x00, 0x00,
    0x8B, 0x01, 0x00, 0x00, 0x8C, 0x01, 0x00, 0x00, 0x8A, 0x01, 0x00, 0x00,
    0x85, 0x40, 0x00, 0x00, 0x20, 0x01, 0x00, 0x00, 0x84, 0x40, 0x00, 0x00,
    0x20, 0x00, 0x00, 0x00, 0x86, 0x40, 0x00, 0x00, 0x20, 0x00, 0x00, 0x00,
    0x89, 0x01, 0x00, 0x00, 0x08, 0x01, 0x08, 0x00, 0x15, 0x01, 0x07, 0x00,
    0x24, 0x01, 0x01, 0x01, 0x06, 0x00, 0x02, 0x00, 0x25, 0x40, 0x00, 0x00,
    0x01, 0x00, 0x00, 0x00, 0x26, 0x40, 0x00, 0x00, 0x01, 0x00, 0x00, 0x00,
    0x24, 0x40, 0x2D, 0x00, 0x80, 0x0F, 0x00, 0x40, 0x05, 0x01, 0x45, 0x80,
    0x0F, 0x01, 0x00, 0x00, 0x09, 0x01, 0x00, 0x00, 0x14, 0x01, 0x43, 0x81,
    0x1F, 0x01, 0x01, 0x00, 0x85, 0x01, 0x45, 0x00, 0x8F, 0x01, 0x02, 0x00,
    0x80, 0x40, 0x00, 0x00, 0x90, 0x1B, 0x00, 0x00, 0x81, 0x40, 0x00, 0x00,
    0x00, 0x00, 0x00, 0x00, 0x82, 0x40, 0x00, 0x00, 0x00, 0x00, 0x00, 0x00,
    0x83, 0x40, 0x00, 0x00, 0x00, 0x00, 0x00, 0x00, 0x8B, 0x01, 0x00, 0x00,
    0x8C, 0x01, 0x00, 0x00, 0x8A, 0x01, 0x00, 0x00, 0x85, 0x40, 0x00, 0x00,
    0x20, 0x01, 0x00, 0x00, 0x84, 0x40, 0x00, 0x00, 0x20, 0x00, 0x00, 0x00,
    0x86, 0x40, 0x00, 0x00, 0x20, 0x00, 0x00, 0x00, 0x89, 0x01, 0x00, 0x00,
    0x08, 0x01, 0x00, 0x00, 0x06, 0x00, 0x00, 0x00, 0x25, 0x40, 0xD0, 0x03,
    0x00, 0x00, 0x00, 0x40, 0x26, 0x40, 0xD1, 0x03, 0xC8, 0xE5, 0xD6, 0x7D,
    0x24, 0x40, 0x2D, 0x00, 0x00, 0xE3, 0xFF, 0x7F, 0x05, 0x01, 0x45, 0x80,
    0x0F, 0x01, 0x01, 0x00, 0x09, 0x01, 0x00, 0x00, 0x14, 0x01, 0x03, 0x01,
    0x10, 0x40, 0x00, 0x00, 0x50, 0x08, 0x03, 0x00, 0x14, 0x40, 0x00, 0x00,
    0x20, 0x01, 0x00, 0x00, 0x16, 0x40, 0x00, 0x00, 0x02, 0x00, 0x00, 0x00,
    0x85, 0x01, 0x45, 0x00, 0x8F, 0x01, 0x02, 0x00, 0x80, 0x40, 0x00, 0x00,
    0x90, 0x12, 0x00, 0x00, 0x81, 0x40, 0x00, 0x00, 0x00, 0x00, 0x00, 0x00,
    0x82, 0x40, 0x00, 0x00, 0x00, 0x00, 0x00, 0x00, 0x83, 0x40, 0x00, 0x00,
    0x00, 0x00, 0x00, 0x00, 0x8B, 0x01, 0x00, 0x00, 0x8C, 0x01, 0x00, 0x00,
    0x8A, 0x01, 0x00, 0x00, 0x85, 0x40, 0x00, 0x00, 0x20, 0x01, 0x00, 0x00,
    0x84, 0x40, 0x00, 0x00, 0x20, 0x00, 0x00, 0x00, 0x86, 0x40, 0x00, 0x00,
    0x20, 0x00, 0x00, 0x00, 0x89, 0x01, 0x00, 0x00, 0x06, 0x00, 0x01, 0x00,
    0x05, 0x01, 0x05, 0x00, 0x0F, 0x01, 0x01, 0x00, 0x00, 0x40, 0x00, 0x00,
    0x50, 0x08, 0x03, 0x00, 0x01, 0x40, 0x00, 0x00, 0x00, 0x00, 0x00, 0x00,
    0x02, 0x40, 0x00, 0x00, 0x00, 0x00, 0x00, 0x00, 0x03, 0x40, 0x00, 0x00,
    0x00, 0x00, 0x00, 0x00, 0x0B, 0x01, 0x00, 0x00, 0x0C, 0x01, 0x00, 0x00,
    0x0A, 0x01, 0x00, 0x00, 0x05, 0x40, 0x00, 0x00, 0x20, 0x01, 0x00, 0x00,
    0x04, 0x40, 0x00, 0x00, 0x20, 0x01, 0x00, 0x00, 0x06, 0x40, 0x00, 0x00,
    0x02, 0x00, 0x00, 0x00, 0x09, 0x01, 0x00, 0x00, 0x14, 0x01, 0x43, 0x01,
    0x1F, 0x01, 0x02, 0x00, 0x10, 0x40, 0x00, 0x00, 0xD0, 0x14, 0x00, 0x00,
    0x14, 0x40, 0x00, 0x00, 0x20, 0x00, 0x00, 0x00, 0x16, 0x40, 0x00, 0x00,
    0x20, 0x00, 0x00, 0x00, 0x24, 0x40, 0x00, 0x20, 0x01, 0x00, 0x00, 0x00,
    0x15, 0x01, 0x03, 0x00, 0x24, 0x01, 0x00, 0x02, 0x05, 0x00, 0x03, 0x00,
    0x24, 0x40, 0x19, 0x20, 0xB8, 0x66, 0x00, 0x00, 0x05, 0x01, 0x45, 0x00,
    0x0F, 0x01, 0x02, 0x00, 0x00, 0x40, 0x00, 0x00, 0xD0, 0x14, 0x00, 0x00,
    0x04, 0x40, 0x00, 0x00, 0x20, 0x00, 0x00, 0x00, 0x06, 0x40, 0x00, 0x00,
    0x20, 0x00, 0x00, 0x00, 0x14, 0x01, 0x03, 0x00, 0x10, 0x40, 0x00, 0x00,
    0x90, 0x12, 0x00, 0x00, 0x13, 0x01, 0x1F, 0x01, 0x15, 0x40, 0x00, 0x00,
    0x40, 0x02, 0x00, 0x00, 0x14, 0x40, 0x00, 0x00, 0x40, 0x02, 0x00, 0x00,
    0x16, 0x40, 0x00, 0x00, 0x02, 0x00, 0x00, 0x00, 0x20, 0x40, 0x00, 0x00,
    0x70, 0xBF, 0x03, 0x00, 0x21, 0x40, 0x00, 0x00, 0x20, 0xB4, 0x00, 0x00,
    0x22, 0x40, 0x00, 0x00, 0x30, 0xB4, 0x03, 0x00, 0x23, 0x40, 0x00, 0x00,
    0x40, 0x0B, 0x00, 0x00, 0x15, 0x01, 0x01, 0x00, 0x17, 0x01, 0x1F, 0x01,
    0x24, 0x01, 0x01, 0x01, 0x02, 0x00, 0x00, 0x00, 0x05, 0x01, 0x05, 0x00,
    0x00, 0x40, 0x00, 0x00, 0x90, 0x12, 0x00, 0x00, 0x0A, 0x01, 0x1F, 0x00,
    0x04, 0x01, 0x08, 0x00, 0x05, 0x40, 0x00, 0x00, 0x40, 0x02, 0x00, 0x00,
    0x04, 0x40, 0x00, 0x00, 0x12, 0x00, 0x00, 0x00, 0x06, 0x40, 0x00, 0x00,
    0x02, 0x00, 0x00, 0x00, 0x14, 0x01, 0x43, 0x11, 0x10, 0x40, 0x00, 0x00,
    0x10, 0x2D, 0x00, 0x00, 0x11, 0x01, 0x1F, 0x00, 0x13, 0x01, 0x08, 0x00,
    0x1A, 0x01, 0x08, 0x00, 0x14, 0x40, 0x00, 0x00, 0x20, 0x00, 0x00, 0x00,
    0x16, 0x40, 0x00, 0x00, 0x20, 0x01, 0x00, 0x00, 0x24, 0x40, 0x00, 0x00,
    0x01, 0x00, 0x00, 0x00, 0x15, 0x01, 0x1F, 0x00, 0x17, 0x01, 0x0F, 0x00,
    0x24, 0x01, 0x00, 0x02, 0x05, 0x00, 0x03, 0x00, 0x26, 0x40, 0xD3, 0x03,
    0x92, 0xCD, 0x56, 0x6B, 0x24, 0x40, 0x2D, 0x00, 0xC4, 0xD1, 0x5C, 0x7C,
    0x05, 0x01, 0x45, 0x00, 0x00, 0x40, 0x00, 0x00, 0x10, 0x2D, 0x00, 0x00,
    0x0A, 0x01, 0x08, 0x00, 0x04, 0x01, 0x1F, 0x00, 0x04, 0x40, 0x00, 0x00,
    0x20, 0x00, 0x00, 0x00, 0x06, 0x40, 0x00, 0x00, 0x20, 0x01, 0x00, 0x00,
    0x14, 0x01, 0x43, 0x01, 0x11, 0x01, 0x08, 0x00, 0x13, 0x01, 0x1F, 0x00,
    0x85, 0x01, 0x45, 0x00, 0x8F, 0x01, 0x02, 0x00, 0x80, 0x40, 0x00, 0x00,
    0x50, 0x10, 0x00, 0x00, 0x81, 0x40, 0x00, 0x00, 0x00, 0x00, 0x00, 0x00,
    0x82, 0x40, 0x00, 0x00, 0x00, 0x00, 0x00, 0x00, 0x83, 0x40, 0x00, 0x00,
    0x00, 0x00, 0x00, 0x00, 0x8B, 0x01, 0x00, 0x00, 0x8C, 0x01, 0x00, 0x00,
    0x8A, 0x01, 0x08, 0x00, 0x85, 0x40, 0x00, 0x00, 0x40, 0x02, 0x00, 0x00,
    0x84, 0x40, 0x00, 0x00, 0x20, 0x00, 0x00, 0x00, 0x86, 0x40, 0x00, 0x00,
    0x20, 0x01, 0x00, 0x00, 0x89, 0x01, 0x00, 0x00, 0x17, 0x01, 0x1F, 0x00,
    0x24, 0x01, 0x01, 0x01, 0x06, 0x00, 0x01, 0x00, 0x14, 0x01, 0x03, 0x01,
    0x1F, 0x01, 0x01, 0x00, 0x10, 0x40, 0x00, 0x00, 0x80, 0xE7, 0x01, 0x00,
    0x14, 0x40, 0x00, 0x00, 0x40, 0x00, 0x00, 0x00, 0x16, 0x40, 0x00, 0x00,
    0x02, 0x00, 0x00, 0x00, 0x24, 0x40, 0x00, 0x20, 0x01, 0x00, 0x00, 0x00,
    0x15, 0x01, 0x0B, 0x00, 0x17, 0x01, 0x0F, 0x00, 0x24, 0x01, 0x00, 0x02,
    0x05, 0x00, 0x03, 0x00, 0x2F, 0x01, 0x07, 0x00, 0x24, 0x40, 0x19, 0x20,
    0x03, 0x49, 0x00, 0x00, 0x00, 0x40, 0x00, 0x00, 0x10, 0x00, 0x00, 0x00,
    0x0A, 0x01, 0x40, 0x00, 0x05, 0x40, 0x00, 0x00, 0x40, 0x10, 0x00, 0x00,
    0x06, 0x40, 0x00, 0x00, 0x20, 0x08, 0x00, 0x00, 0x14, 0x01, 0x43, 0x00,
    0x1F, 0x01, 0x02, 0x00, 0x10, 0x40, 0x00, 0x00, 0x50, 0x10, 0x00, 0x00,
    0x11, 0x01, 0x40, 0x00, 0x1A, 0x01, 0x40, 0x00, 0x15, 0x40, 0x00, 0x00,
    0x40, 0x10, 0x00, 0x00, 0x14, 0x40, 0x00, 0x00, 0x20, 0x00, 0x00, 0x00,
    0x16, 0x40, 0x00, 0x00, 0x20, 0x08, 0x00, 0x00, 0x22, 0x01, 0x04, 0x00,
    0x2E, 0x01, 0x00, 0x00, 0x20, 0x40, 0x00, 0x00, 0xD0, 0x74, 0x04, 0x00,
    0x21, 0x40, 0x00, 0x00, 0x50, 0x06, 0x00, 0x00, 0x22, 0x40, 0x00, 0x00,
    0x90, 0x73, 0x04, 0x00, 0x23, 0x40, 0x00, 0x00, 0x40, 0x01, 0x00, 0x00,
    0x15, 0x01, 0x17, 0x00, 0x17, 0x01, 0x1F, 0x00, 0x24, 0x01, 0x01, 0x02,
    0x02, 0x00, 0x00, 0x00, 0x24, 0x40, 0x15, 0x20, 0xD0, 0x64, 0x00, 0x00,
    0x00, 0x40, 0x00, 0x00, 0x90, 0x20, 0x00, 0x00, 0x0A, 0x01, 0x20, 0x00,
    0x05, 0x40, 0x00, 0x00, 0x40, 0x08, 0x00, 0x00, 0x06, 0x40, 0x00, 0x00,
    0x20, 0x04, 0x00, 0x00, 0x10, 0x40, 0x00, 0x00, 0x10, 0x00, 0x00, 0x00,
    0x11, 0x01, 0x20, 0x00, 0x1A, 0x01, 0x20, 0x00, 0x15, 0x40, 0x00, 0x00,
    0x40, 0x08, 0x00, 0x00, 0x16, 0x40, 0x00, 0x00, 0x20, 0x04, 0x00, 0x00,
    0x20, 0x40, 0x00, 0x00, 0x60, 0x7C, 0x04, 0x00, 0x21, 0x40, 0x00, 0x00,
    0x60, 0x06, 0x00, 0x00, 0x22, 0x40, 0x00, 0x00, 0x20, 0x7B, 0x04, 0x00,
    0x15, 0x01, 0x23, 0x00, 0x17, 0x01, 0x0F, 0x00, 0x02, 0x00, 0x00, 0x00,
    0x24, 0x40, 0x15, 0x20, 0x2A, 0x43, 0x00, 0x00, 0x00, 0x40, 0x00, 0x00,
    0xD0, 0x28, 0x00, 0x00, 0x0A, 0x01, 0x10, 0x00, 0x05, 0x40, 0x00, 0x00,
    0x40, 0x04, 0x00, 0x00, 0x06, 0x40, 0x00, 0x00, 0x20, 0x02, 0x00, 0x00,
    0x10, 0x40, 0x00, 0x00, 0x50, 0x08, 0x00, 0x00, 0x11, 0x01, 0x10, 0x00,
    0x1A, 0x01, 0x10, 0x00, 0x15, 0x40, 0x00, 0x00, 0x40, 0x04, 0x00, 0x00,
    0x16, 0x40, 0x00, 0x00, 0x20, 0x02, 0x00, 0x00, 0x20, 0x40, 0x00, 0x00,
    0x00, 0x84, 0x04, 0x00, 0x21, 0x40, 0x00, 0x00, 0x80, 0x06, 0x00, 0x00,
    0x22, 0x40, 0x00, 0x00, 0xC0, 0x82, 0x04, 0x00, 0x15, 0x01, 0x13, 0x00,
    0x17, 0x01, 0x1F, 0x00, 0x02, 0x00, 0x00, 0x00, 0x05, 0x01, 0x05, 0x00,
    0x0F, 0x01, 0x01, 0x00, 0x00, 0x40, 0x00, 0x00, 0x30, 0xAE, 0x00, 0x00,
    0x0B, 0x01, 0x02, 0x00, 0x0C, 0x01, 0x02, 0x00, 0x0A, 0x01, 0x08, 0x00,
    0x05, 0x40, 0x00, 0x00, 0x40, 0x02, 0x00, 0x00, 0x04, 0x40, 0x00, 0x00,
    0x40, 0x00, 0x00, 0x00, 0x06, 0x40, 0x00, 0x00, 0x02, 0x00, 0x00, 0x00,
    0x14, 0x01, 0x03, 0x01, 0x1F, 0x01, 0x01, 0x00, 0x10, 0x40, 0x00, 0x00,
    0x40, 0x92, 0x00, 0x00, 0x12, 0x01, 0x02, 0x00, 0x11, 0x01, 0x08, 0x00,
    0x1B, 0x01, 0x02, 0x00, 0x1C, 0x01, 0x02, 0x00, 0x1A, 0x01, 0x08, 0x00,
    0x15, 0x40, 0x00, 0x00, 0x40, 0x02, 0x00, 0x00, 0x14, 0x40, 0x00, 0x00,
    0x40, 0x00, 0x00, 0x00, 0x16, 0x40, 0x00, 0x00, 0x02, 0x00, 0x00, 0x00,
    0x22, 0x01, 0x00, 0x00, 0x24, 0x40, 0x1F, 0x00, 0x00, 0x58, 0x6F, 0x7A,
    0x16, 0x01, 0x02, 0x00, 0x15, 0x01, 0x0B, 0x00, 0x24, 0x01, 0x00, 0x02,
    0x05, 0x00, 0x03, 0x00, 0x24, 0x40, 0x15, 0x20, 0xE4, 0x60, 0x00, 0x00,
    0x00, 0x40, 0x00, 0x00, 0xC0, 0xE0, 0x01, 0x00, 0x0B, 0x01, 0x03, 0x00,
    0x0C, 0x01, 0x03, 0x00, 0x01, 0x01, 0x01, 0x00, 0x02, 0x01, 0x01, 0x00,
    0x14, 0x01, 0x43, 0x00, 0x1F, 0x01, 0x02, 0x00, 0x10, 0x40, 0x00, 0x00,
    0x90, 0x20, 0x00, 0x00, 0x12, 0x01, 0x00, 0x00, 0x1B, 0x01, 0x00, 0x00,
    0x1C, 0x01, 0x00, 0x00, 0x14, 0x40, 0x00, 0x00, 0x20, 0x00, 0x00, 0x00,
    0x16, 0x40, 0x00, 0x00, 0x20, 0x01, 0x00, 0x00, 0x21, 0x01, 0x03, 0x00,
    0x20, 0x01, 0x02, 0x00, 0x20, 0x40, 0x00, 0x00, 0xC0, 0x8B, 0x04, 0x00,
    0x21, 0x40, 0x00, 0x00, 0x90, 0x01, 0x00, 0x00, 0x22, 0x40, 0x00, 0x00,
    0x80, 0x8A, 0x04, 0x00, 0x16, 0x01, 0x00, 0x00, 0x24, 0x01, 0x01, 0x02,
    0x03, 0x00, 0x00, 0x00, 0x2F, 0x01, 0x00, 0x00, 0x24, 0x40, 0x17, 0x20,
    0x8B, 0x7B, 0x00, 0x00, 0x05, 0x01, 0x45, 0x00, 0x0F, 0x01, 0x02, 0x00,
    0x00, 0x40, 0x00, 0x00, 0x90, 0x20, 0x00, 0x00, 0x0B, 0x01, 0x00, 0x00,
    0x0C, 0x01, 0x00, 0x00, 0x04, 0x40, 0x00, 0x00, 0x20, 0x00, 0x00, 0x00,
    0x06, 0x40, 0x00, 0x00, 0x20, 0x01, 0x00, 0x00, 0x01, 0x01, 0x00, 0x00,
    0x02, 0x01, 0x00, 0x00, 0x10, 0x40, 0x00, 0x00, 0x90, 0x0C, 0x00, 0x00,
    0x21, 0x01, 0x00, 0x00, 0x20, 0x01, 0x00, 0x00, 0x22, 0x01, 0x04, 0x00,
    0x20, 0x40, 0x00, 0x00, 0x90, 0x8E, 0x04, 0x00, 0x21, 0x40, 0x00, 0x00,
    0x90, 0x06, 0x00, 0x00, 0x22, 0x40, 0x00, 0x00, 0x50, 0x8D, 0x04, 0x00,
    0x02, 0x00, 0x00, 0x00, 0x25, 0x40, 0x00, 0x00, 0x01, 0x00, 0x00, 0x00,
    0x26, 0x40, 0x00, 0x00, 0x01, 0x00, 0x00, 0x00, 0x24, 0x40, 0x00, 0x00,
    0x01, 0x00, 0x00, 0x00, 0x05, 0x01, 0x45, 0x00, 0x0F, 0x01, 0x02, 0x00,
    0x00, 0x40, 0x00, 0x00, 0x90, 0x0C, 0x00, 0x00, 0x01, 0x40, 0x00, 0x00,
    0x00, 0x00, 0x00, 0x00, 0x02, 0x40, 0x00, 0x00, 0x00, 0x00, 0x00, 0x00,
    0x03, 0x40, 0x00, 0x00, 0x00, 0x00, 0x00, 0x00, 0x0B, 0x01, 0x00, 0x00,
    0x0C, 0x01, 0x00, 0x00, 0x0A, 0x01, 0x08, 0x00, 0x05, 0x40, 0x00, 0x00,
    0x40, 0x02, 0x00, 0x00, 0x04, 0x40, 0x00, 0x00, 0x20, 0x00, 0x00, 0x00,
    0x06, 0x40, 0x00, 0x00, 0x20, 0x01, 0x00, 0x00, 0x09, 0x01, 0x00, 0x00,
    0x14, 0x01, 0x43, 0x81, 0x1F, 0x01, 0x00, 0x00, 0x85, 0x01, 0x05, 0xC0,
    0x27, 0x40, 0x00, 0x00, 0x00, 0x00, 0x00, 0x00, 0x89, 0x01, 0x00, 0x00,
    0x80, 0x01, 0x08, 0x00, 0x15, 0x01, 0x1F, 0x00, 0x24, 0x01, 0x01, 0x01,
    0x06, 0x00, 0x03, 0x00, 0x24, 0x40, 0x2D, 0x00, 0x00, 0xF0, 0xD9, 0x59,
    0x05, 0x01, 0x45, 0x80, 0x0F, 0x01, 0x00, 0x00, 0x09, 0x01, 0x00, 0x00,
    0x14, 0x01, 0x43, 0x01, 0x1F, 0x01, 0x02, 0x00, 0x10, 0x40, 0x00, 0x00,
    0x90, 0x20, 0x00, 0x00, 0x85, 0x01, 0x05, 0x00, 0x8F, 0x01, 0x00, 0x00,
    0x80, 0x40, 0x00, 0x00, 0x20, 0x95, 0x04, 0x00, 0x81, 0x40, 0x00, 0x00,
    0x00, 0x00, 0x00, 0x00, 0x82, 0x40, 0x00, 0x00, 0x00, 0x00, 0x00, 0x00,
    0x83, 0x40, 0x00, 0x00, 0x00, 0x00, 0x00, 0x00, 0x8B, 0x01, 0x00, 0x00,
    0x8C, 0x01, 0x00, 0x00, 0x8A, 0x01, 0x00, 0x00, 0x85, 0x40, 0x00, 0x00,
    0x40, 0x00, 0x00, 0x00, 0x84, 0x40, 0x00, 0x00, 0x40, 0x00, 0x00, 0x00,
    0x86, 0x40, 0x00, 0x00, 0x02, 0x00, 0x00, 0x00, 0x89, 0x01, 0x00, 0x00,
    0x80, 0x01, 0x02, 0x00, 0x06, 0x00, 0x00, 0x00, 0x05, 0x01, 0x45, 0x00,
    0x0F, 0x01, 0x02, 0x00, 0x00, 0x40, 0x00, 0x00, 0x90, 0x0C, 0x00, 0x00,
    0x01, 0x40, 0x00, 0x00, 0x00, 0x00, 0x00, 0x00, 0x02, 0x40, 0x00, 0x00,
    0x00, 0x00, 0x00, 0x00, 0x03, 0x40, 0x00, 0x00, 0x00, 0x00, 0x00, 0x00,
    0x0B, 0x01, 0x00, 0x00, 0x0C, 0x01, 0x00, 0x00, 0x0A, 0x01, 0x08, 0x00,
    0x05, 0x40, 0x00, 0x00, 0x40, 0x02, 0x00, 0x00, 0x04, 0x40, 0x00, 0x00,
    0x20, 0x00, 0x00, 0x00, 0x06, 0x40, 0x00, 0x00, 0x20, 0x01, 0x00, 0x00,
    0x09, 0x01, 0x00, 0x00, 0x14, 0x01, 0x43, 0x81, 0x1F, 0x01, 0x00, 0x00,
    0x22, 0x01, 0x00, 0x00, 0x26, 0x01, 0x00, 0x00, 0x24, 0x40, 0x1E, 0x00,
    0x80, 0x7C, 0x94, 0x44, 0x15, 0x01, 0x0B, 0x00, 0x24, 0x01, 0x00, 0x02,
    0x05, 0x00, 0x03, 0x00, 0x25, 0x40, 0xD0, 0x03, 0x00, 0x00, 0x00, 0x40,
    0x26, 0x40, 0xD1, 0x03, 0x53, 0xAC, 0xC5, 0x58, 0x24, 0x40, 0x2D, 0x00,
    0x17, 0x26, 0x71, 0x4E, 0x05, 0x01, 0x45, 0x80, 0x0F, 0x01, 0x00, 0x00,
    0x09, 0x01, 0x00, 0x00, 0x14, 0x01, 0x43, 0x81, 0x1F, 0x01, 0x01, 0x00,
    0x26, 0x01, 0x00, 0x80, 0x85, 0x01, 0x45, 0x00, 0x8F, 0x01, 0x02, 0x00,
    0x80, 0x40, 0x00, 0x00, 0x90, 0x20, 0x00, 0x00, 0x81, 0x40, 0x00, 0x00,
    0x00, 0x00, 0x00, 0x00, 0x82, 0x40, 0x00, 0x00, 0x00, 0x00, 0x00, 0x00,
    0x83, 0x40, 0x00, 0x00, 0x00, 0x00, 0x00, 0x00, 0x8B, 0x01, 0x00, 0x00,
    0x8C, 0x01, 0x00, 0x00, 0x8A, 0x01, 0x08, 0x00, 0x85, 0x40, 0x00, 0x00,
    0x40, 0x02, 0x00, 0x00, 0x84, 0x40, 0x00, 0x00, 0x20, 0x00, 0x00, 0x00,
    0x86, 0x40, 0x00, 0x00, 0x20, 0x01, 0x00, 0x00, 0x89, 0x01, 0x00, 0x00,
    0x80, 0x01, 0x00, 0x00, 0x06, 0x00, 0x01, 0x00, 0x26, 0x40, 0xD1, 0x03,
    0x1C, 0xCB, 0xFB, 0x73, 0x24, 0x40, 0x2C, 0x00, 0x00, 0x00, 0x00, 0x40,
    0x05, 0x01, 0x45, 0x80, 0x0F, 0x01, 0x01, 0x00, 0x09, 0x01, 0x00, 0x00,
    0x14, 0x01, 0x03, 0x01, 0x10, 0x40, 0x00, 0x00, 0x00, 0x99, 0x00, 0x00,
    0x14, 0x40, 0x00, 0x00, 0x40, 0x00, 0x00, 0x00, 0x16, 0x40, 0x00, 0x00,
    0x02, 0x00, 0x00, 0x00, 0x85, 0x01, 0x45, 0x00, 0x8F, 0x01, 0x02, 0x00,
    0x80, 0x40, 0x00, 0x00, 0x10, 0x2D, 0x00, 0x00, 0x81, 0x40, 0x00, 0x00,
    0x00, 0x00, 0x00, 0x00, 0x82, 0x40, 0x00, 0x00, 0x00, 0x00, 0x00, 0x00,
    0x83, 0x40, 0x00, 0x00, 0x00, 0x00, 0x00, 0x00, 0x8B, 0x01, 0x00, 0x00,
    0x8C, 0x01, 0x00, 0x00, 0x8A, 0x01, 0x08, 0x00, 0x85, 0x40, 0x00, 0x00,
    0x40, 0x02, 0x00, 0x00, 0x84, 0x40, 0x00, 0x00, 0x20, 0x00, 0x00, 0x00,
    0x86, 0x40, 0x00, 0x00, 0x20, 0x01, 0x00, 0x00, 0x89, 0x01, 0x00, 0x00,
    0x06, 0x00, 0x01, 0x00, 0x24, 0x40, 0x16, 0x20, 0x72, 0x5E, 0x00, 0x00,
    0x05, 0x01, 0x05, 0x00, 0x0F, 0x01, 0x01, 0x00, 0x00, 0x40, 0x00, 0x00,
    0x40, 0x92, 0x00, 0x00, 0x01, 0x40, 0x00, 0x00, 0x00, 0x00, 0x00, 0x00,
    0x02, 0x40, 0x00, 0x00, 0x00, 0x00, 0x00, 0x00, 0x03, 0x40, 0x00, 0x00,
    0x00, 0x00, 0x00, 0x00, 0x0B, 0x01, 0x03, 0x00, 0x0C, 0x01, 0x03, 0x00,
    0x0A, 0x01, 0x08, 0x00, 0x05, 0x40, 0x00, 0x00, 0x40, 0x02, 0x00, 0x00,
    0x04, 0x40, 0x00, 0x00, 0x40, 0x00, 0x00, 0x00, 0x06, 0x40, 0x00, 0x00,
    0x02, 0x00, 0x00, 0x00, 0x09, 0x01, 0x00, 0x00, 0x01, 0x01, 0x01, 0x00,
    0x02, 0x01, 0x01, 0x00, 0x14, 0x01, 0x43, 0x00, 0x1F, 0x01, 0x02, 0x00,
    0x10, 0x40, 0x00, 0x00, 0x90, 0x0C, 0x00, 0x00, 0x14, 0x40, 0x00, 0x00,
    0x20, 0x00, 0x00, 0x00, 0x16, 0x40, 0x00, 0x00, 0x20, 0x01, 0x00, 0x00,
    0x21, 0x01, 0x03, 0x00, 0x20, 0x01, 0x02, 0x00, 0x20, 0x40, 0x00, 0x00,
    0xA0, 0x96, 0x04, 0x00, 0x21, 0x40, 0x00, 0x00, 0xC0, 0x01, 0x00, 0x00,
    0x22, 0x40, 0x00, 0x00, 0x60, 0x95, 0x04, 0x00, 0x24, 0x01, 0x01, 0x02,
    0x03, 0x00, 0x00, 0x00, 0x24, 0x40, 0x17, 0x20, 0x94, 0x43, 0x00, 0x00,
    0x05, 0x01, 0x45, 0x00, 0x0F, 0x01, 0x02, 0x00, 0x00, 0x40, 0x00, 0x00,
    0x90, 0x0C, 0x00, 0x00, 0x0B, 0x01, 0x00, 0x00, 0x0C, 0x01, 0x00, 0x00,
    0x04, 0x40, 0x00, 0x00, 0x20, 0x00, 0x00, 0x00, 0x06, 0x40, 0x00, 0x00,
    0x20, 0x01, 0x00, 0x00, 0x01, 0x01, 0x00, 0x00, 0x02, 0x01, 0x00, 0x00,
    0x14, 0x01, 0x03, 0x00, 0x10, 0x40, 0x00, 0x00, 0x90, 0x20, 0x00, 0x00,
    0x13, 0x01, 0x3F, 0x00, 0x15, 0x40, 0x00, 0x00, 0x80, 0x04, 0x00, 0x00,
    0x14, 0x40, 0x00, 0x00, 0x80, 0x00, 0x00, 0x00, 0x16, 0x40, 0x00, 0x00,
    0x02, 0x00, 0x00, 0x00, 0x21, 0x01, 0x00, 0x00, 0x20, 0x01, 0x00, 0x00,
    0x22, 0x01, 0x04, 0x00, 0x20, 0x40, 0x00, 0x00, 0xE0, 0x9A, 0x04, 0x00,
    0x21, 0x40, 0x00, 0x00, 0x10, 0x0D, 0x00, 0x00, 0x22, 0x40, 0x00, 0x00,
    0x60, 0x98, 0x04, 0x00, 0x23, 0x40, 0x00, 0x00, 0x80, 0x02, 0x00, 0x00,
    0x17, 0x01, 0x3F, 0x00, 0x02, 0x00, 0x00, 0x00, 0x05, 0x01, 0x05, 0x00,
    0x00, 0x40, 0x00, 0x00, 0x90, 0x20, 0x00, 0x00, 0x0B, 0x01, 0x08, 0x00,
    0x0C, 0x01, 0x08, 0x00, 0x0A, 0x01, 0x01, 0x00, 0x05, 0x40, 0x00, 0x00,
    0x80, 0x00, 0x00, 0x00, 0x04, 0x40, 0x00, 0x00, 0x40, 0x00, 0x00, 0x00,
    0x06, 0x40, 0x00, 0x00, 0x02, 0x00, 0x00, 0x00, 0x14, 0x01, 0x03, 0x09,
    0x10, 0x40, 0x00, 0x00, 0x10, 0x25, 0x00, 0x00, 0x12, 0x01, 0x08, 0x00,
    0x11, 0x01, 0x01, 0x00, 0x13, 0x01, 0x1F, 0x00, 0x1B, 0x01, 0x01, 0x00,
    0x1C, 0x01, 0x01, 0x00, 0x15, 0x40, 0x00, 0x00, 0x40, 0x02, 0x00, 0x00,
    0x14, 0x40, 0x00, 0x00, 0x40, 0x00, 0x00, 0x00, 0x22, 0x01, 0x00, 0x00,
    0x24, 0x40, 0x00, 0x00, 0x01, 0x00, 0x00, 0x00, 0x16, 0x01, 0x09, 0x00,
    0x15, 0x01, 0x01, 0x00, 0x17, 0x01, 0x1F, 0x00, 0x24, 0x01, 0x00, 0x03,
    0x05, 0x00, 0x03, 0x00, 0x25, 0x40, 0x00, 0x00, 0x01, 0x00, 0x00, 0x00,
    0x26, 0x40, 0x00, 0x00, 0x01, 0x00, 0x00, 0x00, 0x24, 0x40, 0x2D, 0x00,
    0x00, 0x53, 0x39, 0x7B, 0x05, 0x01, 0x05, 0x00, 0x0F, 0x01, 0x02, 0x00,
    0x00, 0x40, 0x00, 0x00, 0x10, 0x25, 0x00, 0x00, 0x01, 0x40, 0x00, 0x00,
    0x00, 0x00, 0x00, 0x00, 0x02, 0x40, 0x00, 0x00, 0x00, 0x00, 0x00, 0x00,
    0x03, 0x40, 0x00, 0x00, 0x00, 0x00, 0x00, 0x00, 0x0B, 0x01, 0x00, 0x00,
    0x0C, 0x01, 0x00, 0x00, 0x0A, 0x01, 0x11, 0x00, 0x05, 0x40, 0x00, 0x00,
    0x80, 0x04, 0x00, 0x00, 0x04, 0x40, 0x00, 0x00, 0x40, 0x00, 0x00, 0x00,
    0x06, 0x40, 0x00, 0x00, 0x02, 0x00, 0x00, 0x00, 0x09, 0x01, 0x00, 0x00,
    0x14, 0x01, 0x43, 0x81, 0x1F, 0x01, 0x00, 0x00, 0x12, 0x01, 0x00, 0x00,
    0x11, 0x01, 0x11, 0x00, 0x85, 0x01, 0x05, 0x00, 0x8F, 0x01, 0x00, 0x00,
    0x80, 0x40, 0x00, 0x00, 0xF0, 0xA7, 0x04, 0x00, 0x81, 0x40, 0x00, 0x00,
    0x00, 0x00, 0x00, 0x00, 0x82, 0x40, 0x00, 0x00, 0x00, 0x00, 0x00, 0x00,
    0x83, 0x40, 0x00, 0x00, 0x00, 0x00, 0x00, 0x00, 0x8B, 0x01, 0x00, 0x00,
    0x8C, 0x01, 0x00, 0x00, 0x8A, 0x01, 0x00, 0x00, 0x85, 0x40, 0x00, 0x00,
    0x40, 0x00, 0x00, 0x00, 0x84, 0x40, 0x00, 0x00, 0x40, 0x00, 0x00, 0x00,
    0x86, 0x40, 0x00, 0x00, 0x02, 0x00, 0x00, 0x00, 0x89, 0x01, 0x00, 0x00,
    0x80, 0x01, 0x02, 0x00, 0x16, 0x01, 0x00, 0x00, 0x15, 0x01, 0x1F, 0x00,
    0x24, 0x01, 0x01, 0x01, 0x06, 0x00, 0x00, 0x00, 0x25, 0x40, 0xD0, 0x03,
    0x00, 0x00, 0x00, 0x40, 0x26, 0x40, 0xD5, 0x03, 0x8B, 0x5C, 0xF5, 0x67,
    0x24, 0x40, 0x2C, 0x00, 0x91, 0x43, 0xC4, 0x41, 0x05, 0x01, 0x45, 0x80,
    0x0F, 0x01, 0x00, 0x00, 0x09, 0x01, 0x00, 0x00, 0x14, 0x01, 0x43, 0x01,
    0x1F, 0x01, 0x02, 0x00, 0x10, 0x40, 0x00, 0x00, 0x90, 0x20, 0x00, 0x00,
    0x1B, 0x01, 0x00, 0x00, 0x1C, 0x01, 0x00, 0x00, 0x1A, 0x01, 0x11, 0x00,
    0x15, 0x40, 0x00, 0x00, 0x80, 0x04, 0x00, 0x00, 0x14, 0x40, 0x00, 0x00,
    0x20, 0x00, 0x00, 0x00, 0x16, 0x40, 0x00, 0x00, 0x40, 0x02, 0x00, 0x00,
    0x85, 0x01, 0x05, 0x00, 0x8F, 0x01, 0x00, 0x00, 0x80, 0x40, 0x00, 0x00,
    0x30, 0xA8, 0x04, 0x00, 0x81, 0x40, 0x00, 0x00, 0x00, 0x00, 0x00, 0x00,
    0x82, 0x40, 0x00, 0x00, 0x00, 0x00, 0x00, 0x00, 0x83, 0x40, 0x00, 0x00,
    0x00, 0x00, 0x00, 0x00, 0x8B, 0x01, 0x00, 0x00, 0x8C, 0x01, 0x00, 0x00,
    0x8A, 0x01, 0x00, 0x00, 0x85, 0x40, 0x00, 0x00, 0x40, 0x00, 0x00, 0x00,
    0x84, 0x40, 0x00, 0x00, 0x40, 0x00, 0x00, 0x00, 0x86, 0x40, 0x00, 0x00,
    0x02, 0x00, 0x00, 0x00, 0x89, 0x01, 0x00, 0x00, 0x06, 0x00, 0x01, 0x00,
    0x05, 0x01, 0x45, 0x00, 0x0F, 0x01, 0x02, 0x00, 0x00, 0x40, 0x00, 0x00,
    0x90, 0x20, 0x00, 0x00, 0x01, 0x40, 0x00, 0x00, 0x00, 0x00, 0x00, 0x00,
    0x02, 0x40, 0x00, 0x00, 0x00, 0x00, 0x00, 0x00, 0x03, 0x40, 0x00, 0x00,
    0x00, 0x00, 0x00, 0x00, 0x0B, 0x01, 0x00, 0x00, 0x0C, 0x01, 0x00, 0x00,
    0x0A, 0x01, 0x11, 0x00, 0x05, 0x40, 0x00, 0x00, 0x80, 0x04, 0x00, 0x00,
    0x04, 0x40, 0x00, 0x00, 0x20, 0x00, 0x00, 0x00, 0x06, 0x40, 0x00, 0x00,
    0x40, 0x02, 0x00, 0x00, 0x09, 0x01, 0x00, 0x00, 0x14, 0x01, 0x43, 0x81,
    0x1F, 0x01, 0x00, 0x00, 0x24, 0x40, 0x1E, 0x00, 0x43, 0x0F, 0xAA, 0x4A,
    0x15, 0x01, 0x13, 0x00, 0x24, 0x01, 0x00, 0x02, 0x05, 0x00, 0x03, 0x00,
    0x25, 0x40, 0x00, 0x00, 0x01, 0x00, 0x00, 0x00, 0x26, 0x40, 0x00, 0x00,
    0x01, 0x00, 0x00, 0x00, 0x24, 0x40, 0x00, 0x00, 0x01, 0x00, 0x00, 0x00,
    0x05, 0x01, 0x45, 0x80, 0x0F, 0x01, 0x00, 0x00, 0x09, 0x01, 0x00, 0x00,
    0x14, 0x01, 0x43, 0x81, 0x1F, 0x01, 0x01, 0x00, 0x85, 0x01, 0x05, 0xC0,
    0x89, 0x01, 0x00, 0x00, 0x80, 0x01, 0x08, 0x00, 0x06, 0x00, 0x03, 0x00,
    0x24, 0x40, 0x2D, 0x00, 0x80, 0x5D, 0xF2, 0x52, 0x05, 0x01, 0x45, 0x80,
    0x0F, 0x01, 0x01, 0x00, 0x09, 0x01, 0x00, 0x00, 0x14, 0x01, 0x43, 0x01,
    0x1F, 0x01, 0x02, 0x00, 0x10, 0x40, 0x00, 0x00, 0x10, 0x25, 0x00, 0x00,
    0x85, 0x01, 0x05, 0x00, 0x8F, 0x01, 0x00, 0x00, 0x80, 0x40, 0x00, 0x00,
    0x70, 0xA8, 0x04, 0x00, 0x81, 0x40, 0x00, 0x00, 0x00, 0x00, 0x00, 0x00,
    0x82, 0x40, 0x00, 0x00, 0x00, 0x00, 0x00, 0x00, 0x83, 0x40, 0x00, 0x00,
    0x00, 0x00, 0x00, 0x00, 0x8B, 0x01, 0x00, 0x00, 0x8C, 0x01, 0x00, 0x00,
    0x8A, 0x01, 0x00, 0x00, 0x85, 0x40, 0x00, 0x00, 0x40, 0x00, 0x00, 0x00,
    0x84, 0x40, 0x00, 0x00, 0x40, 0x00, 0x00, 0x00, 0x86, 0x40, 0x00, 0x00,
    0x02, 0x00, 0x00, 0x00, 0x89, 0x01, 0x00, 0x00, 0x80, 0x01, 0x02, 0x00,
    0x06, 0x00, 0x00, 0x00, 0x05, 0x01, 0x45, 0x00, 0x0F, 0x01, 0x02, 0x00,
    0x00, 0x40, 0x00, 0x00, 0x90, 0x20, 0x00, 0x00, 0x01, 0x40, 0x00, 0x00,
    0x00, 0x00, 0x00, 0x00, 0x02, 0x40, 0x00, 0x00, 0x00, 0x00, 0x00, 0x00,
    0x03, 0x40, 0x00, 0x00, 0x00, 0x00, 0x00, 0x00, 0x0B, 0x01, 0x00, 0x00,
    0x0C, 0x01, 0x00, 0x00, 0x0A, 0x01, 0x11, 0x00, 0x05, 0x40, 0x00, 0x00,
    0x80, 0x04, 0x00, 0x00, 0x04, 0x40, 0x00, 0x00, 0x20, 0x00, 0x00, 0x00,
    0x06, 0x40, 0x00, 0x00, 0x40, 0x02, 0x00, 0x00, 0x09, 0x01, 0x00, 0x00,
    0x14, 0x01, 0x43, 0x81, 0x1F, 0x01, 0x00, 0x00, 0x26, 0x01, 0x00, 0x00,
    0x24, 0x40, 0x00, 0x00, 0x01, 0x00, 0x00, 0x00, 0x05, 0x00, 0x03, 0x00,
    0x25, 0x40, 0xD0, 0x03, 0x00, 0x00, 0x00, 0x40, 0x26, 0x40, 0xD1, 0x03,
    0xB4, 0x60, 0xBB, 0x57, 0x24, 0x40, 0x2C, 0x00, 0x00, 0x00, 0x00, 0x40,
    0x05, 0x01, 0x45, 0x80, 0x0F, 0x01, 0x00, 0x00, 0x09, 0x01, 0x00, 0x00,
    0x14, 0x01, 0x03, 0x01, 0x1F, 0x01, 0x02, 0x00, 0x10, 0x40, 0x00, 0x00,
    0x90, 0x29, 0x00, 0x00, 0x14, 0x40, 0x00, 0x00, 0x40, 0x00, 0x00, 0x00,
    0x16, 0x40, 0x00, 0x00, 0x02, 0x00, 0x00, 0x00, 0x26, 0x01, 0x00, 0x80,
    0x85, 0x01, 0x45, 0x00, 0x8F, 0x01, 0x02, 0x00, 0x80, 0x40, 0x00, 0x00,
    0x10, 0x25, 0x00, 0x00, 0x81, 0x40, 0x00, 0x00, 0x00, 0x00, 0x00, 0x00,
    0x82, 0x40, 0x00, 0x00, 0x00, 0x00, 0x00, 0x00, 0x83, 0x40, 0x00, 0x00,
    0x00, 0x00, 0x00, 0x00, 0x8B, 0x01, 0x00, 0x00, 0x8C, 0x01, 0x00, 0x00,
    0x8A, 0x01, 0x11, 0x00, 0x85, 0x40, 0x00, 0x00, 0x80, 0x04, 0x00, 0x00,
    0x84, 0x40, 0x00, 0x00, 0x20, 0x00, 0x00, 0x00, 0x86, 0x40, 0x00, 0x00,
    0x40, 0x02, 0x00, 0x00, 0x89, 0x01, 0x00, 0x00, 0x80, 0x01, 0x00, 0x00,
    0x06, 0x00, 0x01, 0x00, 0x26, 0x40, 0xD2, 0x03, 0x21, 0xDB, 0xEB, 0x62,
    0x24, 0x40, 0x2C, 0x00, 0xBE, 0x5B, 0xFC, 0x5D, 0x05, 0x01, 0x05, 0x00,
    0x0F, 0x01, 0x02, 0x00, 0x00, 0x40, 0x00, 0x00, 0x90, 0x29, 0x00, 0x00,
    0x01, 0x40, 0x00, 0x00, 0x00, 0x00, 0x00, 0x00, 0x02, 0x40, 0x00, 0x00,
    0x00, 0x00, 0x00, 0x00, 0x03, 0x40, 0x00, 0x00, 0x00, 0x00, 0x00, 0x00,
    0x0B, 0x01, 0x00, 0x00, 0x0C, 0x01, 0x00, 0x00, 0x0A, 0x01, 0x10, 0x00,
    0x05, 0x40, 0x00, 0x00, 0x80, 0x04, 0x00, 0x00, 0x04, 0x40, 0x00, 0x00,
    0x40, 0x00, 0x00, 0x00, 0x06, 0x40, 0x00, 0x00, 0x02, 0x00, 0x00, 0x00,
    0x09, 0x01, 0x00, 0x00, 0x14, 0x01, 0x43, 0x01, 0x10, 0x40, 0x00, 0x00,
    0x50, 0x08, 0x00, 0x00, 0x11, 0x01, 0x10, 0x00, 0x1A, 0x01, 0x10, 0x00,
    0x15, 0x40, 0x00, 0x00, 0x40, 0x04, 0x00, 0x00, 0x14, 0x40, 0x00, 0x00,
    0x20, 0x00, 0x00, 0x00, 0x16, 0x40, 0x00, 0x00, 0x20, 0x02, 0x00, 0x00,
    0x85, 0x01, 0x45, 0x00, 0x8F, 0x01, 0x02, 0x00, 0x80, 0x40, 0x00, 0x00,
    0x50, 0x08, 0x00, 0x00, 0x81, 0x40, 0x00, 0x00, 0x00, 0x00, 0x00, 0x00,
    0x82, 0x40, 0x00, 0x00, 0x00, 0x00, 0x00, 0x00, 0x83, 0x40, 0x00, 0x00,
    0x00, 0x00, 0x00, 0x00, 0x8B, 0x01, 0x00, 0x00, 0x8C, 0x01, 0x00, 0x00,
    0x8A, 0x01, 0x10, 0x00, 0x85, 0x40, 0x00, 0x00, 0x40, 0x04, 0x00, 0x00,
    0x84, 0x40, 0x00, 0x00, 0x20, 0x00, 0x00, 0x00, 0x86, 0x40, 0x00, 0x00,
    0x20, 0x02, 0x00, 0x00, 0x89, 0x01, 0x00, 0x00, 0x15, 0x01, 0x1F, 0x00,
    0x24, 0x01, 0x01, 0x01, 0x06, 0x00, 0x01, 0x00, 0x05, 0x01, 0x45, 0x00,
    0x00, 0x40, 0x00, 0x00, 0x50, 0x08, 0x00, 0x00, 0x05, 0x40, 0x00, 0x00,
    0x40, 0x04, 0x00, 0x00, 0x04, 0x40, 0x00, 0x00, 0x20, 0x00, 0x00, 0x00,
    0x06, 0x40, 0x00, 0x00, 0x20, 0x02, 0x00, 0x00, 0x14, 0x01, 0x03, 0x01,
    0x1F, 0x01, 0x01, 0x00, 0x10, 0x40, 0x00, 0x00, 0x40, 0x71, 0x03, 0x00,
    0x14, 0x40, 0x00, 0x00, 0x40, 0x00, 0x00, 0x00, 0x16, 0x40, 0x00, 0x00,
    0x02, 0x00, 0x00, 0x00, 0x24, 0x40, 0x1F, 0x00, 0x60, 0xA2, 0xAA, 0x76,
    0x15, 0x01, 0x13, 0x00, 0x24, 0x01, 0x00, 0x02, 0x05, 0x00, 0x03, 0x00,
    0x2F, 0x01, 0x07, 0x00, 0x05, 0x01, 0x05, 0x00, 0x0F, 0x01, 0x01, 0x00,
    0x00, 0x40, 0x00, 0x00, 0xC0, 0x37, 0x02, 0x00, 0x0B, 0x01, 0x02, 0x00,
    0x0C, 0x01, 0x02, 0x00, 0x04, 0x40, 0x00, 0x00, 0x40, 0x00, 0x00, 0x00,
    0x06, 0x40, 0x00, 0x00, 0x02, 0x00, 0x00, 0x00, 0x10, 0x40, 0x00, 0x00,
    0x80, 0x64, 0x03, 0x00, 0x12, 0x01, 0x02, 0x00, 0x1B, 0x01, 0x02, 0x00,
    0x1C, 0x01, 0x02, 0x00, 0x24, 0x40, 0x00, 0x20, 0x01, 0x00, 0x00, 0x00,
    0x16, 0x01, 0x02, 0x00, 0x17, 0x01, 0x0F, 0x00, 0x05, 0x00, 0x03, 0x00,
    0x2F, 0x01, 0x00, 0x00, 0x24, 0x40, 0x16, 0x20, 0x58, 0x7D, 0x00, 0x00,
    0x00, 0x40, 0x00, 0x00, 0x80, 0x64, 0x03, 0x00, 0x0B, 0x01, 0x03, 0x00,
    0x0C, 0x01, 0x03, 0x00, 0x01, 0x01, 0x01, 0x00, 0x02, 0x01, 0x01, 0x00,
    0x14, 0x01, 0x43, 0x00, 0x1F, 0x01, 0x02, 0x00, 0x10, 0x40, 0x00, 0x00,
    0xD0, 0x24, 0x00, 0x00, 0x12, 0x01, 0x00, 0x00, 0x1B, 0x01, 0x00, 0x00,
    0x1C, 0x01, 0x00, 0x00, 0x14, 0x40, 0x00, 0x00, 0x20, 0x00, 0x00, 0x00,
    0x16, 0x40, 0x00, 0x00, 0x20, 0x02, 0x00, 0x00, 0x21, 0x01, 0x03, 0x00,
    0x20, 0x01, 0x02, 0x00, 0x20, 0x40, 0x00, 0x00, 0xF0, 0xA9, 0x04, 0x00,
    0x21, 0x40, 0x00, 0x00, 0xA0, 0x01, 0x00, 0x00, 0x22, 0x40, 0x00, 0x00,
    0xB0, 0xA8, 0x04, 0x00, 0x23, 0x40, 0x00, 0x00, 0x40, 0x01, 0x00, 0x00,
    0x16, 0x01, 0x00, 0x00, 0x17, 0x01, 0x1F, 0x00, 0x24, 0x01, 0x01, 0x02,
    0x03, 0x00, 0x00, 0x00, 0x24, 0x40, 0x17, 0x20, 0x23, 0x64, 0x00, 0x00,
    0x05, 0x01, 0x45, 0x00, 0x0F, 0x01, 0x02, 0x00, 0x00, 0x40, 0x00, 0x00,
    0xD0, 0x24, 0x00, 0x00, 0x0B, 0x01, 0x00, 0x00, 0x0C, 0x01, 0x00, 0x00,
    0x04, 0x40, 0x00, 0x00, 0x20, 0x00, 0x00, 0x00, 0x06, 0x40, 0x00, 0x00,
    0x20, 0x02, 0x00, 0x00, 0x01, 0x01, 0x00, 0x00, 0x02, 0x01, 0x00, 0x00,
    0x10, 0x40, 0x00, 0x00, 0x90, 0x20, 0x00, 0x00, 0x21, 0x01, 0x00, 0x00,
    0x20, 0x01, 0x00, 0x00, 0x22, 0x01, 0x04, 0x00, 0x20, 0x40, 0x00, 0x00,
    0xD0, 0xAC, 0x04, 0x00, 0x21, 0x40, 0x00, 0x00, 0x80, 0x06, 0x00, 0x00,
    0x22, 0x40, 0x00, 0x00, 0x90, 0xAB, 0x04, 0x00, 0x02, 0x00, 0x00, 0x00,
    0x05, 0x01, 0x45, 0x00, 0x0F, 0x01, 0x02, 0x00, 0x00, 0x40, 0x00, 0x00,
    0x90, 0x20, 0x00, 0x00, 0x01, 0x40, 0x00, 0x00, 0x00, 0x00, 0x00, 0x00,
    0x02, 0x40, 0x00, 0x00, 0x00, 0x00, 0x00, 0x00, 0x03, 0x40, 0x00, 0x00,
    0x00, 0x00, 0x00, 0x00, 0x0B, 0x01, 0x00, 0x00, 0x0C, 0x01, 0x00, 0x00,
    0x0A, 0x01, 0x10, 0x00, 0x05, 0x40, 0x00, 0x00, 0x40, 0x04, 0x00, 0x00,
    0x04, 0x40, 0x00, 0x00, 0x20, 0x00, 0x00, 0x00, 0x06, 0x40, 0x00, 0x00,
    0x20, 0x02, 0x00, 0x00, 0x09, 0x01, 0x00, 0x00, 0x14, 0x01, 0x43, 0x81,
    0x1F, 0x01, 0x00, 0x00, 0x22, 0x01, 0x00, 0x00, 0x24, 0x40, 0x1E, 0x00,
    0x62, 0x49, 0x93, 0x63, 0x24, 0x01, 0x00, 0x02, 0x05, 0x00, 0x03, 0x00,
    0x25, 0x40, 0x00, 0x00, 0x01, 0x00, 0x00, 0x00, 0x26, 0x40, 0x00, 0x00,
    0x01, 0x00, 0x00, 0x00, 0x24, 0x40, 0x00, 0x00, 0x01, 0x00, 0x00, 0x00,
    0x05, 0x01, 0x45, 0x80, 0x0F, 0x01, 0x00, 0x00, 0x09, 0x01, 0x00, 0x00,
    0x14, 0x01, 0x43, 0x81, 0x1F, 0x01, 0x01, 0x00, 0x85, 0x01, 0x05, 0xC0,
    0x89, 0x01, 0x00, 0x00, 0x80, 0x01, 0x08, 0x00, 0x06, 0x00, 0x03, 0x00,
    0x24, 0x40, 0x2D, 0x00, 0x00, 0xE6, 0x1D, 0x5D, 0x05, 0x01, 0x45, 0x80,
    0x0F, 0x01, 0x01, 0x00, 0x09, 0x01, 0x00, 0x00, 0x14, 0x01, 0x43, 0x01,
    0x1F, 0x01, 0x02, 0x00, 0x10, 0x40, 0x00, 0x00, 0xD0, 0x24, 0x00, 0x00,
    0x85, 0x01, 0x05, 0x00, 0x8F, 0x01, 0x00, 0x00, 0x80, 0x40, 0x00, 0x00,
    0x50, 0xB3, 0x04, 0x00, 0x81, 0x40, 0x00, 0x00, 0x00, 0x00, 0x00, 0x00,
    0x82, 0x40, 0x00, 0x00, 0x00, 0x00, 0x00, 0x00, 0x83, 0x40, 0x00, 0x00,
    0x00, 0x00, 0x00, 0x00, 0x8B, 0x01, 0x00, 0x00, 0x8C, 0x01, 0x00, 0x00,
    0x8A, 0x01, 0x00, 0x00, 0x85, 0x40, 0x00, 0x00, 0x40, 0x00, 0x00, 0x00,
    0x84, 0x40, 0x00, 0x00, 0x40, 0x00, 0x00, 0x00, 0x86, 0x40, 0x00, 0x00,
    0x02, 0x00, 0x00, 0x00, 0x89, 0x01, 0x00, 0x00, 0x80, 0x01, 0x02, 0x00,
    0x06, 0x00, 0x00, 0x00, 0x05, 0x01, 0x45, 0x00, 0x0F, 0x01, 0x02, 0x00,
    0x00, 0x40, 0x00, 0x00, 0x90, 0x20, 0x00, 0x00, 0x01, 0x40, 0x00, 0x00,
    0x00, 0x00, 0x00, 0x00, 0x02, 0x40, 0x00, 0x00, 0x00, 0x00, 0x00, 0x00,
    0x03, 0x40, 0x00, 0x00, 0x00, 0x00, 0x00, 0x00, 0x0B, 0x01, 0x00, 0x00,
    0x0C, 0x01, 0x00, 0x00, 0x0A, 0x01, 0x10, 0x00, 0x05, 0x40, 0x00, 0x00,
    0x40, 0x04, 0x00, 0x00, 0x04, 0x40, 0x00, 0x00, 0x20, 0x00, 0x00, 0x00,
    0x06, 0x40, 0x00, 0x00, 0x20, 0x02, 0x00, 0x00, 0x09, 0x01, 0x00, 0x00,
    0x14, 0x01, 0x43, 0x81, 0x1F, 0x01, 0x00, 0x00, 0x26, 0x01, 0x00, 0x00,
    0x24, 0x40, 0x00, 0x00, 0x01, 0x00, 0x00, 0x00, 0x05, 0x00, 0x03, 0x00,
    0x25, 0x40, 0xD0, 0x03, 0x00, 0x00, 0x00, 0x40, 0x26, 0x40, 0xD2, 0x03,
    0x4A, 0xA3, 0x1F, 0x73, 0x24, 0x40, 0x2C, 0x00, 0x00, 0x00, 0x00, 0x40,
    0x05, 0x01, 0x45, 0x80, 0x0F, 0x01, 0x00, 0x00, 0x09, 0x01, 0x00, 0x00,
    0x14, 0x01, 0x43, 0x81, 0x1F, 0x01, 0x01, 0x00, 0x26, 0x01, 0x00, 0x80,
    0x85, 0x01, 0x45, 0x00, 0x8F, 0x01, 0x02, 0x00, 0x80, 0x40, 0x00, 0x00,
    0xD0, 0x24, 0x00, 0x00, 0x81, 0x40, 0x00, 0x00, 0x00, 0x00, 0x00, 0x00,
    0x82, 0x40, 0x00, 0x00, 0x00, 0x00, 0x00, 0x00, 0x83, 0x40, 0x00, 0x00,
    0x00, 0x00, 0x00, 0x00, 0x8B, 0x01, 0x00, 0x00, 0x8C, 0x01, 0x00, 0x00,
    0x8A, 0x01, 0x10, 0x00, 0x85, 0x40, 0x00, 0x00, 0x40, 0x04, 0x00, 0x00,
    0x84, 0x40, 0x00, 0x00, 0x20, 0x00, 0x00, 0x00, 0x86, 0x40, 0x00, 0x00,
    0x20, 0x02, 0x00, 0x00, 0x89, 0x01, 0x00, 0x00, 0x80, 0x01, 0x00, 0x00,
    0x06, 0x00, 0x01, 0x00, 0x26, 0x40, 0xD2, 0x03, 0x17, 0xD7, 0xFA, 0x7D,
    0x24, 0x40, 0x2C, 0x00, 0x7A, 0x3A, 0xA9, 0x44, 0x05, 0x01, 0x45, 0x80,
    0x0F, 0x01, 0x01, 0x00, 0x09, 0x01, 0x00, 0x00, 0x14, 0x01, 0x43, 0x01,
    0x1F, 0x01, 0x02, 0x00, 0x10, 0x40, 0x00, 0x00, 0x10, 0x29, 0x00, 0x00,
    0x85, 0x01, 0x45, 0x00, 0x8F, 0x01, 0x02, 0x00, 0x80, 0x40, 0x00, 0x00,
    0x50, 0x08, 0x00, 0x00, 0x81, 0x40, 0x00, 0x00, 0x00, 0x00, 0x00, 0x00,
    0x82, 0x40, 0x00, 0x00, 0x00, 0x00, 0x00, 0x00, 0x83, 0x40, 0x00, 0x00,
    0x00, 0x00, 0x00, 0x00, 0x8B, 0x01, 0x00, 0x00, 0x8C, 0x01, 0x00, 0x00,
    0x8A, 0x01, 0x10, 0x00, 0x85, 0x40, 0x00, 0x00, 0x40, 0x04, 0x00, 0x00,
    0x84, 0x40, 0x00, 0x00, 0x20, 0x00, 0x00, 0x00, 0x86, 0x40, 0x00, 0x00,
    0x20, 0x02, 0x00, 0x00, 0x89, 0x01, 0x00, 0x00, 0x06, 0x00, 0x01, 0x00,
    0x05, 0x01, 0x45, 0x00, 0x0F, 0x01, 0x02, 0x00, 0x00, 0x40, 0x00, 0x00,
    0x10, 0x29, 0x00, 0x00, 0x01, 0x40, 0x00, 0x00, 0x00, 0x00, 0x00, 0x00,
    0x02, 0x40, 0x00, 0x00, 0x00, 0x00, 0x00, 0x00, 0x03, 0x40, 0x00, 0x00,
    0x00, 0x00, 0x00, 0x00, 0x0B, 0x01, 0x00, 0x00, 0x0C, 0x01, 0x00, 0x00,
    0x0A, 0x01, 0x10, 0x00, 0x05, 0x40, 0x00, 0x00, 0x40, 0x04, 0x00, 0x00,
    0x04, 0x40, 0x00, 0x00, 0x20, 0x00, 0x00, 0x00, 0x06, 0x40, 0x00, 0x00,
    0x20, 0x02, 0x00, 0x00, 0x09, 0x01, 0x00, 0x00, 0x14, 0x01, 0x03, 0x01,
    0x1F, 0x01, 0x01, 0x00, 0x10, 0x40, 0x00, 0x00, 0x10, 0xFB, 0x02, 0x00,
    0x14, 0x40, 0x00, 0x00, 0x40, 0x00, 0x00, 0x00, 0x16, 0x40, 0x00, 0x00,
    0x02, 0x00, 0x00, 0x00, 0x24, 0x40, 0x1F, 0x00, 0x53, 0x15, 0xAF, 0x7D,
    0x05, 0x00, 0x03, 0x00, 0x2F, 0x01, 0x07, 0x00, 0x05, 0x01, 0x05, 0x00,
    0x0F, 0x01, 0x01, 0x00, 0x00, 0x40, 0x00, 0x00, 0x00, 0x2B, 0x02, 0x00,
    0x0B, 0x01, 0x02, 0x00, 0x0C, 0x01, 0x02, 0x00, 0x04, 0x40, 0x00, 0x00,
    0x40, 0x00, 0x00, 0x00, 0x06, 0x40, 0x00, 0x00, 0x02, 0x00, 0x00, 0x00,
    0x10, 0x40, 0x00, 0x00, 0x50, 0xEE, 0x02, 0x00, 0x12, 0x01, 0x02, 0x00,
    0x1B, 0x01, 0x02, 0x00, 0x1C, 0x01, 0x02, 0x00, 0x24, 0x40, 0x00, 0x20,
    0x01, 0x00, 0x00, 0x00, 0x16, 0x01, 0x02, 0x00, 0x17, 0x01, 0x0F, 0x00,
    0x05, 0x00, 0x03, 0x00, 0x2F, 0x01, 0x00, 0x00, 0x24, 0x40, 0x17, 0x20,
    0x9A, 0x54, 0x00, 0x00, 0x00, 0x40, 0x00, 0x00, 0x50, 0xEE, 0x02, 0x00,
    0x0B, 0x01, 0x03, 0x00, 0x0C, 0x01, 0x03, 0x00, 0x01, 0x01, 0x01, 0x00,
    0x02, 0x01, 0x01, 0x00, 0x14, 0x01, 0x43, 0x00, 0x1F, 0x01, 0x02, 0x00,
    0x10, 0x40, 0x00, 0x00, 0x50, 0x08, 0x00, 0x00, 0x12, 0x01, 0x00, 0x00,
    0x1B, 0x01, 0x00, 0x00, 0x1C, 0x01, 0x00, 0x00, 0x14, 0x40, 0x00, 0x00,
    0x20, 0x00, 0x00, 0x00, 0x16, 0x40, 0x00, 0x00, 0x20, 0x02, 0x00, 0x00,
    0x21, 0x01, 0x03, 0x00, 0x20, 0x01, 0x02, 0x00, 0x20, 0x40, 0x00, 0x00,
    0xD0, 0xB4, 0x04, 0x00, 0x21, 0x40, 0x00, 0x00, 0xF0, 0x01, 0x00, 0x00,
    0x22, 0x40, 0x00, 0x00, 0x90, 0xB3, 0x04, 0x00, 0x16, 0x01, 0x00, 0x00,
    0x17, 0x01, 0x1F, 0x00, 0x24, 0x01, 0x01, 0x02, 0x03, 0x00, 0x00, 0x00,
    0x24, 0x40, 0x16, 0x20, 0xAF, 0x4C, 0x00, 0x00, 0x05, 0x01, 0x45, 0x00,
    0x0F, 0x01, 0x02, 0x00, 0x00, 0x40, 0x00, 0x00, 0x50, 0x08, 0x00, 0x00,
    0x0B, 0x01, 0x00, 0x00, 0x0C, 0x01, 0x00, 0x00, 0x04, 0x40, 0x00, 0x00,
    0x20, 0x00, 0x00, 0x00, 0x06, 0x40, 0x00, 0x00, 0x20, 0x02, 0x00, 0x00,
    0x01, 0x01, 0x00, 0x00, 0x02, 0x01, 0x00, 0x00, 0x14, 0x01, 0x03, 0x00,
    0x10, 0x40, 0x00, 0x00, 0x90, 0x20, 0x00, 0x00, 0x13, 0x01, 0x3F, 0x00,
    0x15, 0x40, 0x00, 0x00, 0x80, 0x08, 0x00, 0x00, 0x14, 0x40, 0x00, 0x00,
    0x80, 0x00, 0x00, 0x00, 0x16, 0x40, 0x00, 0x00, 0x02, 0x00, 0x00, 0x00,
    0x21, 0x01, 0x00, 0x00, 0x20, 0x01, 0x00, 0x00, 0x22, 0x01, 0x04, 0x00,
    0x20, 0x40, 0x00, 0x00, 0x40, 0xB9, 0x04, 0x00, 0x21, 0x40, 0x00, 0x00,
    0xE0, 0x0C, 0x00, 0x00, 0x22, 0x40, 0x00, 0x00, 0xC0, 0xB6, 0x04, 0x00,
    0x23, 0x40, 0x00, 0x00, 0x80, 0x02, 0x00, 0x00, 0x02, 0x00, 0x00, 0x00,
    0x05, 0x01, 0x05, 0x00, 0x00, 0x40, 0x00, 0x00, 0x90, 0x20, 0x00, 0x00,
    0x0B, 0x01, 0x10, 0x00, 0x0C, 0x01, 0x10, 0x00, 0x0A, 0x01, 0x01, 0x00,
    0x05, 0x40, 0x00, 0x00, 0x80, 0x00, 0x00, 0x00, 0x04, 0x40, 0x00, 0x00,
    0x40, 0x00, 0x00, 0x00, 0x06, 0x40, 0x00, 0x00, 0x02, 0x00, 0x00, 0x00,
    0x14, 0x01, 0x03, 0x09, 0x10, 0x40, 0x00, 0x00, 0x10, 0x29, 0x00, 0x00,
    0x12, 0x01, 0x10, 0x00, 0x11, 0x01, 0x01, 0x00, 0x13, 0x01, 0x1F, 0x00,
    0x1B, 0x01, 0x01, 0x00, 0x1C, 0x01, 0x01, 0x00, 0x15, 0x40, 0x00, 0x00,
    0x40, 0x04, 0x00, 0x00, 0x14, 0x40, 0x00, 0x00, 0x40, 0x00, 0x00, 0x00,
    0x22, 0x01, 0x00, 0x00, 0x24, 0x40, 0x00, 0x00, 0x01, 0x00, 0x00, 0x00,
    0x16, 0x01, 0x11, 0x00, 0x15, 0x01, 0x01, 0x00, 0x24, 0x01, 0x00, 0x03,
    0x05, 0x00, 0x03, 0x00, 0x25, 0x40, 0x00, 0x00, 0x01, 0x00, 0x00, 0x00,
    0x26, 0x40, 0x00, 0x00, 0x01, 0x00, 0x00, 0x00, 0x24, 0x40, 0x2D, 0x00,
    0x00, 0x60, 0xF6, 0x64, 0x05, 0x01, 0x05, 0x00, 0x0F, 0x01, 0x02, 0x00,
    0x00, 0x40, 0x00, 0x00, 0x10, 0x29, 0x00, 0x00, 0x01, 0x40, 0x00, 0x00,
    0x00, 0x00, 0x00, 0x00, 0x02, 0x40, 0x00, 0x00, 0x00, 0x00, 0x00, 0x00,
    0x03, 0x40, 0x00, 0x00, 0x00, 0x00, 0x00, 0x00, 0x0B, 0x01, 0x00, 0x00,
    0x0C, 0x01, 0x00, 0x00, 0x0A, 0x01, 0x21, 0x00, 0x05, 0x40, 0x00, 0x00,
    0x80, 0x08, 0x00, 0x00, 0x04, 0x40, 0x00, 0x00, 0x40, 0x00, 0x00, 0x00,
    0x06, 0x40, 0x00, 0x00, 0x02, 0x00, 0x00, 0x00, 0x09, 0x01, 0x00, 0x00,
    0x14, 0x01, 0x43, 0x81, 0x1F, 0x01, 0x00, 0x00, 0x12, 0x01, 0x00, 0x00,
    0x11, 0x01, 0x21, 0x00, 0x85, 0x01, 0x05, 0x00, 0x8F, 0x01, 0x00, 0x00,
    0x80, 0x40, 0x00, 0x00, 0x20, 0xC6, 0x04, 0x00, 0x81, 0x40, 0x00, 0x00,
    0x00, 0x00, 0x00, 0x00, 0x82, 0x40, 0x00, 0x00, 0x00, 0x00, 0x00, 0x00,
    0x83, 0x40, 0x00, 0x00, 0x00, 0x00, 0x00, 0x00, 0x8B, 0x01, 0x00, 0x00,
    0x8C, 0x01, 0x00, 0x00, 0x8A, 0x01, 0x00, 0x00, 0x85, 0x40, 0x00, 0x00,
    0x40, 0x00, 0x00, 0x00, 0x84, 0x40, 0x00, 0x00, 0x40, 0x00, 0x00, 0x00,
    0x86, 0x40, 0x00, 0x00, 0x02, 0x00, 0x00, 0x00, 0x89, 0x01, 0x00, 0x00,
    0x80, 0x01, 0x02, 0x00, 0x16, 0x01, 0x00, 0x00, 0x15, 0x01, 0x3F, 0x00,
    0x17, 0x01, 0x0F, 0x00, 0x24, 0x01, 0x01, 0x01, 0x06, 0x00, 0x00, 0x00,
    0x25, 0x40, 0xD0, 0x03, 0x00, 0x00, 0x00, 0x40, 0x26, 0x40, 0xD2, 0x03,
    0x96, 0x36, 0xEE, 0x40, 0x24, 0x40, 0x2C, 0x00, 0x77, 0x03, 0xB5, 0x40,
    0x05, 0x01, 0x45, 0x80, 0x0F, 0x01, 0x00, 0x00, 0x09, 0x01, 0x00, 0x00,
    0x14, 0x01, 0x43, 0x01, 0x1F, 0x01, 0x02, 0x00, 0x10, 0x40, 0x00, 0x00,
    0x90, 0x20, 0x00, 0x00, 0x1B, 0x01, 0x00, 0x00, 0x1C, 0x01, 0x00, 0x00,
    0x1A, 0x01, 0x21, 0x00, 0x15, 0x40, 0x00, 0x00, 0x80, 0x08, 0x00, 0x00,
    0x14, 0x40, 0x00, 0x00, 0x20, 0x00, 0x00, 0x00, 0x16, 0x40, 0x00, 0x00,
    0x40, 0x04, 0x00, 0x00, 0x85, 0x01, 0x05, 0x00, 0x8F, 0x01, 0x00, 0x00,
    0x80, 0x40, 0x00, 0x00, 0x60, 0xC6, 0x04, 0x00, 0x81, 0x40, 0x00, 0x00,
    0x00, 0x00, 0x00, 0x00, 0x82, 0x40, 0x00, 0x00, 0x00, 0x00, 0x00, 0x00,
    0x83, 0x40, 0x00, 0x00, 0x00, 0x00, 0x00, 0x00, 0x8B, 0x01, 0x00, 0x00,
    0x8C, 0x01, 0x00, 0x00, 0x8A, 0x01, 0x00, 0x00, 0x85, 0x40, 0x00, 0x00,
    0x40, 0x00, 0x00, 0x00, 0x84, 0x40, 0x00, 0x00, 0x40, 0x00, 0x00, 0x00,
    0x86, 0x40, 0x00, 0x00, 0x02, 0x00, 0x00, 0x00, 0x89, 0x01, 0x00, 0x00,
    0x06, 0x00, 0x01, 0x00, 0x2F, 0x01, 0x01, 0x00, 0x25, 0x40, 0x00, 0x00,
    0x01, 0x00, 0x00, 0x00, 0x26, 0x40, 0x00, 0x00, 0x01, 0x00, 0x00, 0x00,
    0x24, 0x40, 0x00, 0x00, 0x01, 0x00, 0x00, 0x00, 0x05, 0x01, 0x45, 0x00,
    0x0F, 0x01, 0x02, 0x00, 0x00, 0x40, 0x00, 0x00, 0x90, 0x20, 0x00, 0x00,
    0x01, 0x40, 0x00, 0x00, 0x00, 0x00, 0x00, 0x00, 0x02, 0x40, 0x00, 0x00,
    0x00, 0x00, 0x00, 0x00, 0x03, 0x40, 0x00, 0x00, 0x00, 0x00, 0x00, 0x00,
    0x0B, 0x01, 0x00, 0x00, 0x0C, 0x01, 0x00, 0x00, 0x0A, 0x01, 0x21, 0x00,
    0x05, 0x40, 0x00, 0x00, 0x80, 0x08, 0x00, 0x00, 0x04, 0x40, 0x00, 0x00,
    0x20, 0x00, 0x00, 0x00, 0x06, 0x40, 0x00, 0x00, 0x40, 0x04, 0x00, 0x00,
    0x09, 0x01, 0x00, 0x00, 0x14, 0x01, 0x43, 0x81, 0x1F, 0x01, 0x00, 0x00,
    0x85, 0x01, 0x05, 0xC0, 0x89, 0x01, 0x00, 0x00, 0x80, 0x01, 0x08, 0x00,
    0x06, 0x00, 0x03, 0x00, 0x24, 0x40, 0x2D, 0x00, 0x00, 0x08, 0x32, 0x7E,
    0x05, 0x01, 0x45, 0x80, 0x0F, 0x01, 0x00, 0x00, 0x09, 0x01, 0x00, 0x00,
    0x14, 0x01, 0x43, 0x01, 0x1F, 0x01, 0x02, 0x00, 0x10, 0x40, 0x00, 0x00,
    0x10, 0x29, 0x00, 0x00, 0x85, 0x01, 0x05, 0x00, 0x8F, 0x01, 0x00, 0x00,
    0x80, 0x40, 0x00, 0x00, 0xA0, 0xC6, 0x04, 0x00, 0x81, 0x40, 0x00, 0x00,
    0x00, 0x00, 0x00, 0x00, 0x82, 0x40, 0x00, 0x00, 0x00, 0x00, 0x00, 0x00,
    0x83, 0x40, 0x00, 0x00, 0x00, 0x00, 0x00, 0x00, 0x8B, 0x01, 0x00, 0x00,
    0x8C, 0x01, 0x00, 0x00, 0x8A, 0x01, 0x00, 0x00, 0x85, 0x40, 0x00, 0x00,
    0x40, 0x00, 0x00, 0x00, 0x84, 0x40, 0x00, 0x00, 0x40, 0x00, 0x00, 0x00,
    0x86, 0x40, 0x00, 0x00, 0x02, 0x00, 0x00, 0x00, 0x89, 0x01, 0x00, 0x00,
    0x80, 0x01, 0x02, 0x00, 0x06, 0x00, 0x00, 0x00, 0x2F, 0x01, 0x00, 0x00,
    0x05, 0x01, 0x45, 0x00, 0x0F, 0x01, 0x02, 0x00, 0x00, 0x40, 0x00, 0x00,
    0x90, 0x20, 0x00, 0x00, 0x01, 0x40, 0x00, 0x00, 0x00, 0x00, 0x00, 0x00,
    0x02, 0x40, 0x00, 0x00, 0x00, 0x00, 0x00, 0x00, 0x03, 0x40, 0x00, 0x00,
    0x00, 0x00, 0x00, 0x00, 0x0B, 0x01, 0x00, 0x00, 0x0C, 0x01, 0x00, 0x00,
    0x0A, 0x01, 0x21, 0x00, 0x05, 0x40, 0x00, 0x00, 0x80, 0x08, 0x00, 0x00,
    0x04, 0x40, 0x00, 0x00, 0x20, 0x00, 0x00, 0x00, 0x06, 0x40, 0x00, 0x00,
    0x40, 0x04, 0x00, 0x00, 0x09, 0x01, 0x00, 0x00, 0x14, 0x01, 0x43, 0x81,
    0x1F, 0x01, 0x00, 0x00, 0x26, 0x01, 0x00, 0x00, 0x24, 0x40, 0x1E, 0x00,
    0x00, 0xA6, 0xFF, 0x43, 0x15, 0x01, 0x23, 0x00, 0x17, 0x01, 0x1F, 0x00,
    0x24, 0x01, 0x00, 0x02, 0x05, 0x00, 0x03, 0x00, 0x25, 0x40, 0xD0, 0x03,
    0x00, 0x00, 0x00, 0x40, 0x26, 0x40, 0xD1, 0x03, 0x54, 0x3D, 0x89, 0x4D,
    0x24, 0x40, 0x2C, 0x00, 0x00, 0x00, 0x00, 0x40, 0x05, 0x01, 0x45, 0x80,
    0x0F, 0x01, 0x00, 0x00, 0x09, 0x01, 0x00, 0x00, 0x14, 0x01, 0x03, 0x01,
    0x1F, 0x01, 0x02, 0x00, 0x10, 0x40, 0x00, 0x00, 0x90, 0x31, 0x00, 0x00,
    0x14, 0x40, 0x00, 0x00, 0x40, 0x00, 0x00, 0x00, 0x16, 0x40, 0x00, 0x00,
    0x02, 0x00, 0x00, 0x00, 0x26, 0x01, 0x00, 0x80, 0x85, 0x01, 0x45, 0x00,
    0x8F, 0x01, 0x02, 0x00, 0x80, 0x40, 0x00, 0x00, 0x10, 0x29, 0x00, 0x00,
    0x81, 0x40, 0x00, 0x00, 0x00, 0x00, 0x00, 0x00, 0x82, 0x40, 0x00, 0x00,
    0x00, 0x00, 0x00, 0x00, 0x83, 0x40, 0x00, 0x00, 0x00, 0x00, 0x00, 0x00,
    0x8B, 0x01, 0x00, 0x00, 0x8C, 0x01, 0x00, 0x00, 0x8A, 0x01, 0x21, 0x00,
    0x85, 0x40, 0x00, 0x00, 0x80, 0x08, 0x00, 0x00, 0x84, 0x40, 0x00, 0x00,
    0x20, 0x00, 0x00, 0x00, 0x86, 0x40, 0x00, 0x00, 0x40, 0x04, 0x00, 0x00,
    0x89, 0x01, 0x00, 0x00, 0x80, 0x01, 0x00, 0x00, 0x06, 0x00, 0x01, 0x00,
    0x26, 0x40, 0xD2, 0x03, 0xED, 0xB8, 0xA4, 0x5E, 0x24, 0x40, 0x2D, 0x00,
    0x65, 0xFF, 0xB8, 0x75, 0x05, 0x01, 0x05, 0x00, 0x0F, 0x01, 0x02, 0x00,
    0x00, 0x40, 0x00, 0x00, 0x90, 0x31, 0x00, 0x00, 0x01, 0x40, 0x00, 0x00,
    0x00, 0x00, 0x00, 0x00, 0x02, 0x40, 0x00, 0x00, 0x00, 0x00, 0x00, 0x00,
    0x03, 0x40, 0x00, 0x00, 0x00, 0x00, 0x00, 0x00, 0x0B, 0x01, 0x00, 0x00,
    0x0C, 0x01, 0x00, 0x00, 0x0A, 0x01, 0x20, 0x00, 0x05, 0x40, 0x00, 0x00,
    0x80, 0x08, 0x00, 0x00, 0x04, 0x40, 0x00, 0x00, 0x40, 0x00, 0x00, 0x00,
    0x06, 0x40, 0x00, 0x00, 0x02, 0x00, 0x00, 0x00, 0x09, 0x01, 0x00, 0x00,
    0x14, 0x01, 0x43, 0x01, 0x10, 0x40, 0x00, 0x00, 0x10, 0x00, 0x00, 0x00,
    0x11, 0x01, 0x20, 0x00, 0x1A, 0x01, 0x20, 0x00, 0x15, 0x40, 0x00, 0x00,
    0x40, 0x08, 0x00, 0x00, 0x14, 0x40, 0x00, 0x00, 0x20, 0x00, 0x00, 0x00,
    0x16, 0x40, 0x00, 0x00, 0x20, 0x04, 0x00, 0x00, 0x85, 0x01, 0x45, 0x00,
    0x8F, 0x01, 0x02, 0x00, 0x80, 0x40, 0x00, 0x00, 0x10, 0x00, 0x00, 0x00,
    0x81, 0x40, 0x00, 0x00, 0x00, 0x00, 0x00, 0x00, 0x82, 0x40, 0x00, 0x00,
    0x00, 0x00, 0x00, 0x00, 0x83, 0x40, 0x00, 0x00, 0x00, 0x00, 0x00, 0x00,
    0x8B, 0x01, 0x00, 0x00, 0x8C, 0x01, 0x00, 0x00, 0x8A, 0x01, 0x20, 0x00,
    0x85, 0x40, 0x00, 0x00, 0x40, 0x08, 0x00, 0x00, 0x84, 0x40, 0x00, 0x00,
    0x20, 0x00, 0x00, 0x00, 0x86, 0x40, 0x00, 0x00, 0x20, 0x04, 0x00, 0x00,
    0x89, 0x01, 0x00, 0x00, 0x15, 0x01, 0x3F, 0x00, 0x17, 0x01, 0x0F, 0x00,
    0x24, 0x01, 0x01, 0x01, 0x06, 0x00, 0x01, 0x00, 0x05, 0x01, 0x45, 0x00,
    0x00, 0x40, 0x00, 0x00, 0x10, 0x00, 0x00, 0x00, 0x05, 0x40, 0x00, 0x00,
    0x40, 0x08, 0x00, 0x00, 0x04, 0x40, 0x00, 0x00, 0x20, 0x00, 0x00, 0x00,
    0x06, 0x40, 0x00, 0x00, 0x20, 0x04, 0x00, 0x00, 0x14, 0x01, 0x03, 0x01,
    0x1F, 0x01, 0x01, 0x00, 0x10, 0x40, 0x00, 0x00, 0x00, 0xB4, 0x00, 0x00,
    0x14, 0x40, 0x00, 0x00, 0x40, 0x00, 0x00, 0x00, 0x16, 0x40, 0x00, 0x00,
    0x02, 0x00, 0x00, 0x00, 0x24, 0x40, 0x1F, 0x00, 0x33, 0xF6, 0x6C, 0x7E,
    0x15, 0x01, 0x23, 0x00, 0x17, 0x01, 0x1F, 0x00, 0x24, 0x01, 0x00, 0x02,
    0x05, 0x00, 0x03, 0x00, 0x2F, 0x01, 0x07, 0x00, 0x05, 0x01, 0x05, 0x00,
    0x0F, 0x01, 0x01, 0x00, 0x00, 0x40, 0x00, 0x00, 0x40, 0x12, 0x02, 0x00,
    0x0B, 0x01, 0x02, 0x00, 0x0C, 0x01, 0x02, 0x00, 0x04, 0x40, 0x00, 0x00,
    0x40, 0x00, 0x00, 0x00, 0x06, 0x40, 0x00, 0x00, 0x02, 0x00, 0x00, 0x00,
    0x10, 0x40, 0x00, 0x00, 0x40, 0x9B, 0x00, 0x00, 0x12, 0x01, 0x02, 0x00,
    0x1B, 0x01, 0x02, 0x00, 0x1C, 0x01, 0x02, 0x00, 0x24, 0x40, 0x00, 0x20,
    0x01, 0x00, 0x00, 0x00, 0x16, 0x01, 0x02, 0x00, 0x17, 0x01, 0x0F, 0x00,
    0x05, 0x00, 0x03, 0x00, 0x2F, 0x01, 0x00, 0x00, 0x24, 0x40, 0x16, 0x20,
    0x9D, 0x45, 0x00, 0x00, 0x00, 0x40, 0x00, 0x00, 0x40, 0x9B, 0x00, 0x00,
    0x0B, 0x01, 0x03, 0x00, 0x0C, 0x01, 0x03, 0x00, 0x01, 0x01, 0x01, 0x00,
    0x02, 0x01, 0x01, 0x00, 0x14, 0x01, 0x43, 0x00, 0x1F, 0x01, 0x02, 0x00,
    0x10, 0x40, 0x00, 0x00, 0xD0, 0x28, 0x00, 0x00, 0x12, 0x01, 0x00, 0x00,
    0x1B, 0x01, 0x00, 0x00, 0x1C, 0x01, 0x00, 0x00, 0x14, 0x40, 0x00, 0x00,
    0x20, 0x00, 0x00, 0x00, 0x16, 0x40, 0x00, 0x00, 0x20, 0x04, 0x00, 0x00,
    0x21, 0x01, 0x03, 0x00, 0x20, 0x01, 0x02, 0x00, 0x20, 0x40, 0x00, 0x00,
    0x20, 0xC8, 0x04, 0x00, 0x21, 0x40, 0x00, 0x00, 0xE0, 0x01, 0x00, 0x00,
    0x22, 0x40, 0x00, 0x00, 0xE0, 0xC6, 0x04, 0x00, 0x23, 0x40, 0x00, 0x00,
    0x40, 0x01, 0x00, 0x00, 0x16, 0x01, 0x00, 0x00, 0x17, 0x01, 0x1F, 0x00,
    0x24, 0x01, 0x01, 0x02, 0x03, 0x00, 0x00, 0x00, 0x24, 0x40, 0x16, 0x20,
    0x53, 0x62, 0x00, 0x00, 0x05, 0x01, 0x45, 0x00, 0x0F, 0x01, 0x02, 0x00,
    0x00, 0x40, 0x00, 0x00, 0xD0, 0x28, 0x00, 0x00, 0x0B, 0x01, 0x00, 0x00,
    0x0C, 0x01, 0x00, 0x00, 0x04, 0x40, 0x00, 0x00, 0x20, 0x00, 0x00, 0x00,
    0x06, 0x40, 0x00, 0x00, 0x20, 0x04, 0x00, 0x00, 0x01, 0x01, 0x00, 0x00,
    0x02, 0x01, 0x00, 0x00, 0x10, 0x40, 0x00, 0x00, 0x90, 0x20, 0x00, 0x00,
    0x21, 0x01, 0x00, 0x00, 0x20, 0x01, 0x00, 0x00, 0x22, 0x01, 0x04, 0x00,
    0x20, 0x40, 0x00, 0x00, 0x40, 0xCB, 0x04, 0x00, 0x21, 0x40, 0x00, 0x00,
    0x40, 0x06, 0x00, 0x00, 0x22, 0x40, 0x00, 0x00, 0x00, 0xCA, 0x04, 0x00,
    0x17, 0x01, 0x0F, 0x00, 0x02, 0x00, 0x00, 0x00, 0x2F, 0x01, 0x01, 0x00,
    0x25, 0x40, 0x00, 0x00, 0x01, 0x00, 0x00, 0x00, 0x26, 0x40, 0x00, 0x00,
    0x01, 0x00, 0x00, 0x00, 0x24, 0x40, 0x00, 0x00, 0x01, 0x00, 0x00, 0x00,
    0x05, 0x01, 0x45, 0x00, 0x0F, 0x01, 0x02, 0x00, 0x00, 0x40, 0x00, 0x00,
    0x90, 0x20, 0x00, 0x00, 0x01, 0x40, 0x00, 0x00, 0x00, 0x00, 0x00, 0x00,
    0x02, 0x40, 0x00, 0x00, 0x00, 0x00, 0x00, 0x00, 0x03, 0x40, 0x00, 0x00,
    0x00, 0x00, 0x00, 0x00, 0x0B, 0x01, 0x00, 0x00, 0x0C, 0x01, 0x00, 0x00,
    0x0A, 0x01, 0x20, 0x00, 0x05, 0x40, 0x00, 0x00, 0x40, 0x08, 0x00, 0x00,
    0x04, 0x40, 0x00, 0x00, 0x20, 0x00, 0x00, 0x00, 0x06, 0x40, 0x00, 0x00,
    0x20, 0x04, 0x00, 0x00, 0x09, 0x01, 0x00, 0x00, 0x14, 0x01, 0x43, 0x81,
    0x1F, 0x01, 0x00, 0x00, 0x85, 0x01, 0x05, 0xC0, 0x89, 0x01, 0x00, 0x00,
    0x80, 0x01, 0x08, 0x00, 0x15, 0x01, 0x3F, 0x00, 0x24, 0x01, 0x01, 0x01,
    0x06, 0x00, 0x03, 0x00, 0x24, 0x40, 0x2C, 0x00, 0x80, 0x9B, 0x9F, 0x51,
    0x05, 0x01, 0x45, 0x80, 0x0F, 0x01, 0x00, 0x00, 0x09, 0x01, 0x00, 0x00,
    0x14, 0x01, 0x43, 0x01, 0x1F, 0x01, 0x02, 0x00, 0x10, 0x40, 0x00, 0x00,
    0xD0, 0x28, 0x00, 0x00, 0x85, 0x01, 0x05, 0x00, 0x8F, 0x01, 0x00, 0x00,
    0x80, 0x40, 0x00, 0x00, 0x80, 0xD1, 0x04, 0x00, 0x81, 0x40, 0x00, 0x00,
    0x00, 0x00, 0x00, 0x00, 0x82, 0x40, 0x00, 0x00, 0x00, 0x00, 0x00, 0x00,
    0x83, 0x40, 0x00, 0x00, 0x00, 0x00, 0x00, 0x00, 0x8B, 0x01, 0x00, 0x00,
    0x8C, 0x01, 0x00, 0x00, 0x8A, 0x01, 0x00, 0x00, 0x85, 0x40, 0x00, 0x00,
    0x40, 0x00, 0x00, 0x00, 0x84, 0x40, 0x00, 0x00, 0x40, 0x00, 0x00, 0x00,
    0x86, 0x40, 0x00, 0x00, 0x02, 0x00, 0x00, 0x00, 0x89, 0x01, 0x00, 0x00,
    0x80, 0x01, 0x02, 0x00, 0x06, 0x00, 0x00, 0x00, 0x2F, 0x01, 0x00, 0x00,
    0x05, 0x01, 0x45, 0x00, 0x0F, 0x01, 0x02, 0x00, 0x00, 0x40, 0x00, 0x00,
    0x90, 0x20, 0x00, 0x00, 0x01, 0x40, 0x00, 0x00, 0x00, 0x00, 0x00, 0x00,
    0x02, 0x40, 0x00, 0x00, 0x00, 0x00, 0x00, 0x00, 0x03, 0x40, 0x00, 0x00,
    0x00, 0x00, 0x00, 0x00, 0x0B, 0x01, 0x00, 0x00, 0x0C, 0x01, 0x00, 0x00,
    0x0A, 0x01, 0x20, 0x00, 0x05, 0x40, 0x00, 0x00, 0x40, 0x08, 0x00, 0x00,
    0x04, 0x40, 0x00, 0x00, 0x20, 0x00, 0x00, 0x00, 0x06, 0x40, 0x00, 0x00,
    0x20, 0x04, 0x00, 0x00, 0x09, 0x01, 0x00, 0x00, 0x14, 0x01, 0x43, 0x81,
    0x1F, 0x01, 0x00, 0x00, 0x22, 0x01, 0x00, 0x00, 0x26, 0x01, 0x00, 0x00,
    0x24, 0x40, 0x1E, 0x00, 0x80, 0x26, 0x24, 0x50, 0x15, 0x01, 0x23, 0x00,
    0x17, 0x01, 0x1F, 0x00, 0x24, 0x01, 0x00, 0x02, 0x05, 0x00, 0x03, 0x00,
    0x25, 0x40, 0xD0, 0x03, 0x00, 0x00, 0x00, 0x40, 0x26, 0x40, 0xD2, 0x03,
    0xA3, 0xBD, 0x1E, 0x72, 0x24, 0x40, 0x2D, 0x00, 0xD0, 0x61, 0x27, 0x75,
    0x05, 0x01, 0x45, 0x80, 0x0F, 0x01, 0x00, 0x00, 0x09, 0x01, 0x00, 0x00,
    0x14, 0x01, 0x43, 0x81, 0x1F, 0x01, 0x01, 0x00, 0x26, 0x01, 0x00, 0x80,
    0x85, 0x01, 0x45, 0x00, 0x8F, 0x01, 0x02, 0x00, 0x80, 0x40, 0x00, 0x00,
    0xD0, 0x28, 0x00, 0x00, 0x81, 0x40, 0x00, 0x00, 0x00, 0x00, 0x00, 0x00,
    0x82, 0x40, 0x00, 0x00, 0x00, 0x00, 0x00, 0x00, 0x83, 0x40, 0x00, 0x00,
    0x00, 0x00, 0x00, 0x00, 0x8B, 0x01, 0x00, 0x00, 0x8C, 0x01, 0x00, 0x00,
    0x8A, 0x01, 0x20, 0x00, 0x85, 0x40, 0x00, 0x00, 0x40, 0x08, 0x00, 0x00,
    0x84, 0x40, 0x00, 0x00, 0x20, 0x00, 0x00, 0x00, 0x86, 0x40, 0x00, 0x00,
    0x20, 0x04, 0x00, 0x00, 0x89, 0x01, 0x00, 0x00, 0x80, 0x01, 0x00, 0x00,
    0x06, 0x00, 0x01, 0x00, 0x26, 0x40, 0xD2, 0x03, 0x02, 0x6E, 0x92, 0x6F,
    0x24, 0x40, 0x2C, 0x00, 0x00, 0x00, 0x00, 0x40, 0x05, 0x01, 0x45, 0x80,
    0x0F, 0x01, 0x01, 0x00, 0x09, 0x01, 0x00, 0x00, 0x14, 0x01, 0x43, 0x01,
    0x1F, 0x01, 0x02, 0x00, 0x10, 0x40, 0x00, 0x00, 0x10, 0x31, 0x00, 0x00,
    0x85, 0x01, 0x45, 0x00, 0x8F, 0x01, 0x02, 0x00, 0x80, 0x40, 0x00, 0x00,
    0x10, 0x00, 0x00, 0x00, 0x81, 0x40, 0x00, 0x00, 0x00, 0x00, 0x00, 0x00,
    0x82, 0x40, 0x00, 0x00, 0x00, 0x00, 0x00, 0x00, 0x83, 0x40, 0x00, 0x00,
    0x00, 0x00, 0x00, 0x00, 0x8B, 0x01, 0x00, 0x00, 0x8C, 0x01, 0x00, 0x00,
    0x8A, 0x01, 0x20, 0x00, 0x85, 0x40, 0x00, 0x00, 0x40, 0x08, 0x00, 0x00,
    0x84, 0x40, 0x00, 0x00, 0x20, 0x00, 0x00, 0x00, 0x86, 0x40, 0x00, 0x00,
    0x20, 0x04, 0x00, 0x00, 0x89, 0x01, 0x00, 0x00, 0x06, 0x00, 0x01, 0x00,
    0x05, 0x01, 0x45, 0x00, 0x0F, 0x01, 0x02, 0x00, 0x00, 0x40, 0x00, 0x00,
    0x10, 0x31, 0x00, 0x00, 0x01, 0x40, 0x00, 0x00, 0x00, 0x00, 0x00, 0x00,
    0x02, 0x40, 0x00, 0x00, 0x00, 0x00, 0x00, 0x00, 0x03, 0x40, 0x00, 0x00,
    0x00, 0x00, 0x00, 0x00, 0x0B, 0x01, 0x00, 0x00, 0x0C, 0x01, 0x00, 0x00,
    0x0A, 0x01, 0x20, 0x00, 0x05, 0x40, 0x00, 0x00, 0x40, 0x08, 0x00, 0x00,
    0x04, 0x40, 0x00, 0x00, 0x20, 0x00, 0x00, 0x00, 0x06, 0x40, 0x00, 0x00,
    0x20, 0x04, 0x00, 0x00, 0x09, 0x01, 0x00, 0x00, 0x14, 0x01, 0x03, 0x01,
    0x1F, 0x01, 0x01, 0x00, 0x10, 0x40, 0x00, 0x00, 0x80, 0x43, 0x02, 0x00,
    0x14, 0x40, 0x00, 0x00, 0x40, 0x00, 0x00, 0x00, 0x16, 0x40, 0x00, 0x00,
    0x02, 0x00, 0x00, 0x00, 0x24, 0x40, 0x1F, 0x00, 0x43, 0x52, 0xF1, 0x7C,
    0x05, 0x00, 0x03, 0x00, 0x2F, 0x01, 0x07, 0x00, 0x05, 0x01, 0x05, 0x00,
    0x0F, 0x01, 0x01, 0x00, 0x00, 0x40, 0x00, 0x00, 0x80, 0xF9, 0x01, 0x00,
    0x0B, 0x01, 0x02, 0x00, 0x0C, 0x01, 0x02, 0x00, 0x04, 0x40, 0x00, 0x00,
    0x40, 0x00, 0x00, 0x00, 0x06, 0x40, 0x00, 0x00, 0x02, 0x00, 0x00, 0x00,
    0x10, 0x40, 0x00, 0x00, 0xC0, 0x2A, 0x02, 0x00, 0x12, 0x01, 0x02, 0x00,
    0x1B, 0x01, 0x02, 0x00, 0x1C, 0x01, 0x02, 0x00, 0x24, 0x40, 0x00, 0x20,
    0x01, 0x00, 0x00, 0x00, 0x16, 0x01, 0x02, 0x00, 0x17, 0x01, 0x0F, 0x00,
    0x05, 0x00, 0x03, 0x00, 0x2F, 0x01, 0x00, 0x00, 0x24, 0x40, 0x16, 0x20,
    0xDD, 0x53, 0x00, 0x00, 0x00, 0x40, 0x00, 0x00, 0xC0, 0x2A, 0x02, 0x00,
    0x0B, 0x01, 0x03, 0x00, 0x0C, 0x01, 0x03, 0x00, 0x01, 0x01, 0x01, 0x00,
    0x02, 0x01, 0x01, 0x00, 0x14, 0x01, 0x43, 0x00, 0x1F, 0x01, 0x02, 0x00,
    0x10, 0x40, 0x00, 0x00, 0x10, 0x00, 0x00, 0x00, 0x12, 0x01, 0x00, 0x00,
    0x1B, 0x01, 0x00, 0x00, 0x1C, 0x01, 0x00, 0x00, 0x14, 0x40, 0x00, 0x00,
    0x20, 0x00, 0x00, 0x00, 0x16, 0x40, 0x00, 0x00, 0x20, 0x04, 0x00, 0x00,
    0x21, 0x01, 0x03, 0x00, 0x20, 0x01, 0x02, 0x00, 0x20, 0x40, 0x00, 0x00,
    0x00, 0xD3, 0x04, 0x00, 0x21, 0x40, 0x00, 0x00, 0xF0, 0x01, 0x00, 0x00,
    0x22, 0x40, 0x00, 0x00, 0xC0, 0xD1, 0x04, 0x00, 0x16, 0x01, 0x00, 0x00,
    0x17, 0x01, 0x1F, 0x00, 0x24, 0x01, 0x01, 0x02, 0x03, 0x00, 0x00, 0x00,
    0x24, 0x40, 0x18, 0x20, 0x57, 0x63, 0x00, 0x00, 0x05, 0x01, 0x45, 0x00,
    0x0F, 0x01, 0x02, 0x00, 0x00, 0x40, 0x00, 0x00, 0x10, 0x00, 0x00, 0x00,
    0x0B, 0x01, 0x00, 0x00, 0x0C, 0x01, 0x00, 0x00, 0x04, 0x40, 0x00, 0x00,
    0x20, 0x00, 0x00, 0x00, 0x06, 0x40, 0x00, 0x00, 0x20, 0x04, 0x00, 0x00,
    0x01, 0x01, 0x00, 0x00, 0x02, 0x01, 0x00, 0x00, 0x14, 0x01, 0x03, 0x00,
    0x10, 0x40, 0x00, 0x00, 0x90, 0x20, 0x00, 0x00, 0x13, 0x01, 0x3F, 0x00,
    0x15, 0x40, 0x00, 0x00, 0x80, 0x10, 0x00, 0x00, 0x14, 0x40, 0x00, 0x00,
    0x80, 0x00, 0x00, 0x00, 0x16, 0x40, 0x00, 0x00, 0x02, 0x00, 0x00, 0x00,
    0x21, 0x01, 0x00, 0x00, 0x20, 0x01, 0x00, 0x00, 0x22, 0x01, 0x04, 0x00,
    0x20, 0x40, 0x00, 0x00, 0x70, 0xD7, 0x04, 0x00, 0x21, 0x40, 0x00, 0x00,
    0x50, 0x0C, 0x00, 0x00, 0x22, 0x40, 0x00, 0x00, 0xF0, 0xD4, 0x04, 0x00,
    0x23, 0x40, 0x00, 0x00, 0x80, 0x02, 0x00, 0x00, 0x17, 0x01, 0x0F, 0x00,
    0x02, 0x00, 0x00, 0x00, 0x05, 0x01, 0x05, 0x00, 0x00, 0x40, 0x00, 0x00,
    0x90, 0x20, 0x00, 0x00, 0x0B, 0x01, 0x20, 0x00, 0x0C, 0x01, 0x20, 0x00,
    0x0A, 0x01, 0x01, 0x00, 0x05, 0x40, 0x00, 0x00, 0x80, 0x00, 0x00, 0x00,
    0x04, 0x40, 0x00, 0x00, 0x40, 0x00, 0x00, 0x00, 0x06, 0x40, 0x00, 0x00,
    0x02, 0x00, 0x00, 0x00, 0x14, 0x01, 0x03, 0x09, 0x10, 0x40, 0x00, 0x00,
    0x10, 0x31, 0x00, 0x00, 0x12, 0x01, 0x20, 0x00, 0x11, 0x01, 0x01, 0x00,
    0x13, 0x01, 0x1F, 0x00, 0x1B, 0x01, 0x01, 0x00, 0x1C, 0x01, 0x01, 0x00,
    0x15, 0x40, 0x00, 0x00, 0x40, 0x08, 0x00, 0x00, 0x14, 0x40, 0x00, 0x00,
    0x40, 0x00, 0x00, 0x00, 0x22, 0x01, 0x00, 0x00, 0x24, 0x40, 0x00, 0x00,
    0x01, 0x00, 0x00, 0x00, 0x16, 0x01, 0x21, 0x00, 0x15, 0x01, 0x01, 0x00,
    0x17, 0x01, 0x1F, 0x00, 0x24, 0x01, 0x00, 0x03, 0x05, 0x00, 0x03, 0x00,
    0x25, 0x40, 0x00, 0x00, 0x01, 0x00, 0x00, 0x00, 0x26, 0x40, 0x00, 0x00,
    0x01, 0x00, 0x00, 0x00, 0x24, 0x40, 0x2D, 0x00, 0x00, 0x83, 0xC6, 0x7C,
    0x05, 0x01, 0x05, 0x00, 0x0F, 0x01, 0x02, 0x00, 0x00, 0x40, 0x00, 0x00,
    0x10, 0x31, 0x00, 0x00, 0x01, 0x40, 0x00, 0x00, 0x00, 0x00, 0x00, 0x00,
    0x02, 0x40, 0x00, 0x00, 0x00, 0x00, 0x00, 0x00, 0x03, 0x40, 0x00, 0x00,
    0x00, 0x00, 0x00, 0x00, 0x0B, 0x01, 0x00, 0x00, 0x0C, 0x01, 0x00, 0x00,
    0x0A, 0x01, 0x41, 0x00, 0x05, 0x40, 0x00, 0x00, 0x80, 0x10, 0x00, 0x00,
    0x04, 0x40, 0x00, 0x00, 0x40, 0x00, 0x00, 0x00, 0x06, 0x40, 0x00, 0x00,
    0x02, 0x00, 0x00, 0x00, 0x09, 0x01, 0x00, 0x00, 0x14, 0x01, 0x43, 0x81,
    0x1F, 0x01, 0x00, 0x00, 0x12, 0x01, 0x00, 0x00, 0x11, 0x01, 0x41, 0x00,
    0x85, 0x01, 0x05, 0x00, 0x8F, 0x01, 0x00, 0x00, 0x80, 0x40, 0x00, 0x00,
    0xC0, 0xE3, 0x04, 0x00, 0x81, 0x40, 0x00, 0x00, 0x00, 0x00, 0x00, 0x00,
    0x82, 0x40, 0x00, 0x00, 0x00, 0x00, 0x00, 0x00, 0x83, 0x40, 0x00, 0x00,
    0x00, 0x00, 0x00, 0x00, 0x8B, 0x01, 0x00, 0x00, 0x8C, 0x01, 0x00, 0x00,
    0x8A, 0x01, 0x00, 0x00, 0x85, 0x40, 0x00, 0x00, 0x40, 0x00, 0x00, 0x00,
    0x84, 0x40, 0x00, 0x00, 0x40, 0x00, 0x00, 0x00, 0x86, 0x40, 0x00, 0x00,
    0x02, 0x00, 0x00, 0x00, 0x89, 0x01, 0x00, 0x00, 0x80, 0x01, 0x02, 0x00,
    0x16, 0x01, 0x00, 0x00, 0x15, 0x01, 0x3F, 0x00, 0x17, 0x01, 0x0F, 0x00,
    0x24, 0x01, 0x01, 0x01, 0x06, 0x00, 0x00, 0x00, 0x25, 0x40, 0xD0, 0x03,
    0x00, 0x00, 0x00, 0x40, 0x26, 0x40, 0xD3, 0x03, 0x34, 0xAD, 0xF2, 0x47,
    0x24, 0x40, 0x2C, 0x00, 0x72, 0xBF, 0xF4, 0x41, 0x05, 0x01, 0x45, 0x80,
    0x0F, 0x01, 0x00, 0x00, 0x09, 0x01, 0x00, 0x00, 0x14, 0x01, 0x43, 0x01,
    0x1F, 0x01, 0x02, 0x00, 0x10, 0x40, 0x00, 0x00, 0x90, 0x20, 0x00, 0x00,
    0x1B, 0x01, 0x00, 0x00, 0x1C, 0x01, 0x00, 0x00, 0x1A, 0x01, 0x41, 0x00,
    0x15, 0x40, 0x00, 0x00, 0x80, 0x10, 0x00, 0x00, 0x14, 0x40, 0x00, 0x00,
    0x20, 0x00, 0x00, 0x00, 0x16, 0x40, 0x00, 0x00, 0x40, 0x08, 0x00, 0x00,
    0x85, 0x01, 0x05, 0x00, 0x8F, 0x01, 0x00, 0x00, 0x80, 0x40, 0x00, 0x00,
    0x00, 0xE4, 0x04, 0x00, 0x81, 0x40, 0x00, 0x00, 0x00, 0x00, 0x00, 0x00,
    0x82, 0x40, 0x00, 0x00, 0x00, 0x00, 0x00, 0x00, 0x83, 0x40, 0x00, 0x00,
    0x00, 0x00, 0x00, 0x00, 0x8B, 0x01, 0x00, 0x00, 0x8C, 0x01, 0x00, 0x00,
    0x8A, 0x01, 0x00, 0x00, 0x85, 0x40, 0x00, 0x00, 0x40, 0x00, 0x00, 0x00,
    0x84, 0x40, 0x00, 0x00, 0x40, 0x00, 0x00, 0x00, 0x86, 0x40, 0x00, 0x00,
    0x02, 0x00, 0x00, 0x00, 0x89, 0x01, 0x00, 0x00, 0x06, 0x00, 0x01, 0x00,
    0x05, 0x01, 0x45, 0x00, 0x0F, 0x01, 0x02, 0x00, 0x00, 0x40, 0x00, 0x00,
    0x90, 0x20, 0x00, 0x00, 0x01, 0x40, 0x00, 0x00, 0x00, 0x00, 0x00, 0x00,
    0x02, 0x40, 0x00, 0x00, 0x00, 0x00, 0x00, 0x00, 0x03, 0x40, 0x00, 0x00,
    0x00, 0x00, 0x00, 0x00, 0x0B, 0x01, 0x00, 0x00, 0x0C, 0x01, 0x00, 0x00,
    0x0A, 0x01, 0x41, 0x00, 0x05, 0x40, 0x00, 0x00, 0x80, 0x10, 0x00, 0x00,
    0x04, 0x40, 0x00, 0x00, 0x20, 0x00, 0x00, 0x00, 0x06, 0x40, 0x00, 0x00,
    0x40, 0x08, 0x00, 0x00, 0x09, 0x01, 0x00, 0x00, 0x14, 0x01, 0x43, 0x81,
    0x1F, 0x01, 0x00, 0x00, 0x24, 0x40, 0x1E, 0x00, 0xA0, 0x9D, 0x11, 0x4F,
    0x15, 0x01, 0x43, 0x00, 0x17, 0x01, 0x1F, 0x00, 0x24, 0x01, 0x00, 0x02,
    0x05, 0x00, 0x03, 0x00, 0x25, 0x40, 0x00, 0x00, 0x01, 0x00, 0x00, 0x00,
    0x26, 0x40, 0x00, 0x00, 0x01, 0x00, 0x00, 0x00, 0x24, 0x40, 0x00, 0x00,
    0x01, 0x00, 0x00, 0x00, 0x05, 0x01, 0x45, 0x80, 0x0F, 0x01, 0x00, 0x00,
    0x09, 0x01, 0x00, 0x00, 0x14, 0x01, 0x43, 0x81, 0x1F, 0x01, 0x01, 0x00,
    0x85, 0x01, 0x05, 0xC0, 0x89, 0x01, 0x00, 0x00, 0x80, 0x01, 0x08, 0x00,
    0x06, 0x00, 0x03, 0x00, 0x24, 0x40, 0x2C, 0x00, 0x00, 0x89, 0xF5, 0x42,
    0x05, 0x01, 0x45, 0x80, 0x0F, 0x01, 0x01, 0x00, 0x09, 0x01, 0x00, 0x00,
    0x14, 0x01, 0x43, 0x01, 0x1F, 0x01, 0x02, 0x00, 0x10, 0x40, 0x00, 0x00,
    0x10, 0x31, 0x00, 0x00, 0x85, 0x01, 0x05, 0x00, 0x8F, 0x01, 0x00, 0x00,
    0x80, 0x40, 0x00, 0x00, 0x40, 0xE4, 0x04, 0x00, 0x81, 0x40, 0x00, 0x00,
    0x00, 0x00, 0x00, 0x00, 0x82, 0x40, 0x00, 0x00, 0x00, 0x00, 0x00, 0x00,
    0x83, 0x40, 0x00, 0x00, 0x00, 0x00, 0x00, 0x00, 0x8B, 0x01, 0x00, 0x00,
    0x8C, 0x01, 0x00, 0x00, 0x8A, 0x01, 0x00, 0x00, 0x85, 0x40, 0x00, 0x00,
    0x40, 0x00, 0x00, 0x00, 0x84, 0x40, 0x00, 0x00, 0x40, 0x00, 0x00, 0x00,
    0x86, 0x40, 0x00, 0x00, 0x02, 0x00, 0x00, 0x00, 0x89, 0x01, 0x00, 0x00,
    0x80, 0x01, 0x02, 0x00, 0x06, 0x00, 0x00, 0x00, 0x05, 0x01, 0x45, 0x00,
    0x0F, 0x01, 0x02, 0x00, 0x00, 0x40, 0x00, 0x00, 0x90, 0x20, 0x00, 0x00,
    0x01, 0x40, 0x00, 0x00, 0x00, 0x00, 0x00, 0x00, 0x02, 0x40, 0x00, 0x00,
    0x00, 0x00, 0x00, 0x00, 0x03, 0x40, 0x00, 0x00, 0x00, 0x00, 0x00, 0x00,
    0x0B, 0x01, 0x00, 0x00, 0x0C, 0x01, 0x00, 0x00, 0x0A, 0x01, 0x41, 0x00,
    0x05, 0x40, 0x00, 0x00, 0x80, 0x10, 0x00, 0x00, 0x04, 0x40, 0x00, 0x00,
    0x20, 0x00, 0x00, 0x00, 0x06, 0x40, 0x00, 0x00, 0x40, 0x08, 0x00, 0x00,
    0x09, 0x01, 0x00, 0x00, 0x14, 0x01, 0x43, 0x81, 0x1F, 0x01, 0x00, 0x00,
    0x26, 0x01, 0x00, 0x00, 0x24, 0x40, 0x00, 0x00, 0x01, 0x00, 0x00, 0x00,
    0x05, 0x00, 0x03, 0x00, 0x25, 0x40, 0xD0, 0x03, 0x00, 0x00, 0x00, 0x40,
    0x26, 0x40, 0xD3, 0x03, 0xE6, 0xE3, 0x37, 0x57, 0x24, 0x40, 0x2C, 0x00,
    0x00, 0x00, 0x00, 0x40, 0x05, 0x01, 0x45, 0x80, 0x0F, 0x01, 0x00, 0x00,
    0x09, 0x01, 0x00, 0x00, 0x14, 0x01, 0x03, 0x01, 0x1F, 0x01, 0x02, 0x00,
    0x10, 0x40, 0x00, 0x00, 0x90, 0x41, 0x00, 0x00, 0x14, 0x40, 0x00, 0x00,
    0x40, 0x00, 0x00, 0x00, 0x16, 0x40, 0x00, 0x00, 0x02, 0x00, 0x00, 0x00,
    0x26, 0x01, 0x00, 0x80, 0x85, 0x01, 0x45, 0x00, 0x8F, 0x01, 0x02, 0x00,
    0x80, 0x40, 0x00, 0x00, 0x10, 0x31, 0x00, 0x00, 0x81, 0x40, 0x00, 0x00,
    0x00, 0x00, 0x00, 0x00, 0x82, 0x40, 0x00, 0x00, 0x00, 0x00, 0x00, 0x00,
    0x83, 0x40, 0x00, 0x00, 0x00, 0x00, 0x00, 0x00, 0x8B, 0x01, 0x00, 0x00,
    0x8C, 0x01, 0x00, 0x00, 0x8A, 0x01, 0x41, 0x00, 0x85, 0x40, 0x00, 0x00,
    0x80, 0x10, 0x00, 0x00, 0x84, 0x40, 0x00, 0x00, 0x20, 0x00, 0x00, 0x00,
    0x86, 0x40, 0x00, 0x00, 0x40, 0x08, 0x00, 0x00, 0x89, 0x01, 0x00, 0x00,
    0x80, 0x01, 0x00, 0x00, 0x06, 0x00, 0x01, 0x00, 0x26, 0x40, 0xD3, 0x03,
    0xD4, 0x8C, 0x78, 0x40, 0x24, 0x40, 0x2C, 0x00, 0xCE, 0xE3, 0x5A, 0x46,
    0x05, 0x01, 0x05, 0x00, 0x0F, 0x01, 0x02, 0x00, 0x00, 0x40, 0x00, 0x00,
    0x90, 0x41, 0x00, 0x00, 0x01, 0x40, 0x00, 0x00, 0x00, 0x00, 0x00, 0x00,
    0x02, 0x40, 0x00, 0x00, 0x00, 0x00, 0x00, 0x00, 0x03, 0x40, 0x00, 0x00,
    0x00, 0x00, 0x00, 0x00, 0x0B, 0x01, 0x00, 0x00, 0x0C, 0x01, 0x00, 0x00,
    0x0A, 0x01, 0x40, 0x00, 0x05, 0x40, 0x00, 0x00, 0x80, 0x10, 0x00, 0x00,
    0x04, 0x40, 0x00, 0x00, 0x40, 0x00, 0x00, 0x00, 0x06, 0x40, 0x00, 0x00,
    0x02, 0x00, 0x00, 0x00, 0x09, 0x01, 0x00, 0x00, 0x14, 0x01, 0x43, 0x01,
    0x10, 0x40, 0x00, 0x00, 0x50, 0x10, 0x00, 0x00, 0x11, 0x01, 0x40, 0x00,
    0x1A, 0x01, 0x40, 0x00, 0x15, 0x40, 0x00, 0x00, 0x40, 0x10, 0x00, 0x00,
    0x14, 0x40, 0x00, 0x00, 0x20, 0x00, 0x00, 0x00, 0x16, 0x40, 0x00, 0x00,
    0x20, 0x08, 0x00, 0x00, 0x85, 0x01, 0x45, 0x00, 0x8F, 0x01, 0x02, 0x00,
    0x80, 0x40, 0x00, 0x00, 0x50, 0x10, 0x00, 0x00, 0x81, 0x40, 0x00, 0x00,
    0x00, 0x00, 0x00, 0x00, 0x82, 0x40, 0x00, 0x00, 0x00, 0x00, 0x00, 0x00,
    0x83, 0x40, 0x00, 0x00, 0x00, 0x00, 0x00, 0x00, 0x8B, 0x01, 0x00, 0x00,
    0x8C, 0x01, 0x00, 0x00, 0x8A, 0x01, 0x40, 0x00, 0x85, 0x40, 0x00, 0x00,
    0x40, 0x10, 0x00, 0x00, 0x84, 0x40, 0x00, 0x00, 0x20, 0x00, 0x00, 0x00,
    0x86, 0x40, 0x00, 0x00, 0x20, 0x08, 0x00, 0x00, 0x89, 0x01, 0x00, 0x00,
    0x15, 0x01, 0x3F, 0x00, 0x17, 0x01, 0x0F, 0x00, 0x24, 0x01, 0x01, 0x01,
    0x06, 0x00, 0x01, 0x00, 0x05, 0x01, 0x45, 0x00, 0x00, 0x40, 0x00, 0x00,
    0x50, 0x10, 0x00, 0x00, 0x05, 0x40, 0x00, 0x00, 0x40, 0x10, 0x00, 0x00,
    0x04, 0x40, 0x00, 0x00, 0x20, 0x00, 0x00, 0x00, 0x06, 0x40, 0x00, 0x00,
    0x20, 0x08, 0x00, 0x00, 0x14, 0x01, 0x03, 0x01, 0x1F, 0x01, 0x01, 0x00,
    0x10, 0x40, 0x00, 0x00, 0x80, 0x1A, 0x02, 0x00, 0x14, 0x40, 0x00, 0x00,
    0x40, 0x00, 0x00, 0x00, 0x16, 0x40, 0x00, 0x00, 0x02, 0x00, 0x00, 0x00,
    0x24, 0x40, 0x1F, 0x00, 0xF4, 0xB7, 0xF8, 0x71, 0x15, 0x01, 0x43, 0x00,
    0x17, 0x01, 0x1F, 0x00, 0x24, 0x01, 0x00, 0x02, 0x05, 0x00, 0x03, 0x00,
    0x2F, 0x01, 0x07, 0x00, 0x05, 0x01, 0x05, 0x00, 0x0F, 0x01, 0x01, 0x00,
    0x00, 0x40, 0x00, 0x00, 0xC0, 0x9D, 0x02, 0x00, 0x0B, 0x01, 0x02, 0x00,
    0x0C, 0x01, 0x02, 0x00, 0x04, 0x40, 0x00, 0x00, 0x40, 0x00, 0x00, 0x00,
    0x06, 0x40, 0x00, 0x00, 0x02, 0x00, 0x00, 0x00, 0x10, 0x40, 0x00, 0x00,
    0xC0, 0xE9, 0x01, 0x00, 0x12, 0x01, 0x02, 0x00, 0x1B, 0x01, 0x02, 0x00,
    0x1C, 0x01, 0x02, 0x00, 0x24, 0x40, 0x00, 0x20, 0x01, 0x00, 0x00, 0x00,
    0x16, 0x01, 0x02, 0x00, 0x15, 0x01, 0x03, 0x00, 0x05, 0x00, 0x03, 0x00,
    0x2F, 0x01, 0x01, 0x00, 0x24, 0x40, 0x17, 0x20, 0x5D, 0x7C, 0x00, 0x00,
    0x00, 0x40, 0x00, 0x00, 0xC0, 0xE9, 0x01, 0x00, 0x0B, 0x01, 0x03, 0x00,
    0x0C, 0x01, 0x03, 0x00, 0x01, 0x01, 0x01, 0x00, 0x02, 0x01, 0x01, 0x00,
    0x14, 0x01, 0x43, 0x00, 0x1F, 0x01, 0x02, 0x00, 0x10, 0x40, 0x00, 0x00,
    0x90, 0x20, 0x00, 0x00, 0x12, 0x01, 0x00, 0x00, 0x1B, 0x01, 0x00, 0x00,
    0x1C, 0x01, 0x00, 0x00, 0x14, 0x40, 0x00, 0x00, 0x20, 0x00, 0x00, 0x00,
    0x16, 0x40, 0x00, 0x00, 0x20, 0x08, 0x00, 0x00, 0x21, 0x01, 0x03, 0x00,
    0x20, 0x01, 0x02, 0x00, 0x20, 0x40, 0x00, 0x00, 0xC0, 0xE5, 0x04, 0x00,
    0x21, 0x40, 0x00, 0x00, 0xA0, 0x01, 0x00, 0x00, 0x22, 0x40, 0x00, 0x00,
    0x80, 0xE4, 0x04, 0x00, 0x23, 0x40, 0x00, 0x00, 0x40, 0x01, 0x00, 0x00,
    0x16, 0x01, 0x00, 0x00, 0x15, 0x01, 0x3B, 0x00, 0x17, 0x01, 0x0F, 0x00,
    0x24, 0x01, 0x01, 0x02, 0x03, 0x00, 0x00, 0x00, 0x2F, 0x01, 0x03, 0x00,
    0x24, 0x40, 0x17, 0x20, 0xB0, 0x5A, 0x00, 0x00, 0x05, 0x01, 0x45, 0x00,
    0x0F, 0x01, 0x02, 0x00, 0x00, 0x40, 0x00, 0x00, 0x90, 0x20, 0x00, 0x00,
    0x0B, 0x01, 0x00, 0x00, 0x0C, 0x01, 0x00, 0x00, 0x04, 0x40, 0x00, 0x00,
    0x20, 0x00, 0x00, 0x00, 0x06, 0x40, 0x00, 0x00, 0x20, 0x08, 0x00, 0x00,
    0x01, 0x01, 0x00, 0x00, 0x02, 0x01, 0x00, 0x00, 0x10, 0x40, 0x00, 0x00,
    0x10, 0x00, 0x00, 0x00, 0x21, 0x01, 0x00, 0x00, 0x20, 0x01, 0x00, 0x00,
    0x22, 0x01, 0x04, 0x00, 0x20, 0x40, 0x00, 0x00, 0xA0, 0xE8, 0x04, 0x00,
    0x21, 0x40, 0x00, 0x00, 0x50, 0x06, 0x00, 0x00, 0x22, 0x40, 0x00, 0x00,
    0x60, 0xE7, 0x04, 0x00, 0x15, 0x01, 0x17, 0x00, 0x17, 0x01, 0x1F, 0x00,
    0x02, 0x00, 0x00, 0x00, 0x2F, 0x01, 0x00, 0x00, 0x25, 0x40, 0x00, 0x00,
    0x01, 0x00, 0x00, 0x00, 0x26, 0x40, 0x00, 0x00, 0x01, 0x00, 0x00, 0x00,
    0x24, 0x40, 0x00, 0x00, 0x01, 0x00, 0x00, 0x00, 0x05, 0x01, 0x45, 0x00,
    0x0F, 0x01, 0x02, 0x00, 0x00, 0x40, 0x00, 0x00, 0x10, 0x00, 0x00, 0x00,
    0x01, 0x40, 0x00, 0x00, 0x00, 0x00, 0x00, 0x00, 0x02, 0x40, 0x00, 0x00,
    0x00, 0x00, 0x00, 0x00, 0x03, 0x40, 0x00, 0x00, 0x00, 0x00, 0x00, 0x00,
    0x0B, 0x01, 0x00, 0x00, 0x0C, 0x01, 0x00, 0x00, 0x0A, 0x01, 0x40, 0x00,
    0x05, 0x40, 0x00, 0x00, 0x40, 0x10, 0x00, 0x00, 0x04, 0x40, 0x00, 0x00,
    0x20, 0x00, 0x00, 0x00, 0x06, 0x40, 0x00, 0x00, 0x20, 0x08, 0x00, 0x00,
    0x09, 0x01, 0x00, 0x00, 0x14, 0x01, 0x43, 0x81, 0x1F, 0x01, 0x00, 0x00,
    0x85, 0x01, 0x05, 0xC0, 0x89, 0x01, 0x00, 0x00, 0x80, 0x01, 0x08, 0x00,
    0x15, 0x01, 0x3F, 0x00, 0x17, 0x01, 0x0F, 0x00, 0x24, 0x01, 0x01, 0x01,
    0x06, 0x00, 0x03, 0x00, 0x24, 0x40, 0x2B, 0x00, 0x80, 0x20, 0xFF, 0x55,
    0x05, 0x01, 0x45, 0x80, 0x0F, 0x01, 0x00, 0x00, 0x09, 0x01, 0x00, 0x00,
    0x14, 0x01, 0x43, 0x01, 0x1F, 0x01, 0x02, 0x00, 0x10, 0x40, 0x00, 0x00,
    0x90, 0x20, 0x00, 0x00, 0x85, 0x01, 0x05, 0x00, 0x8F, 0x01, 0x00, 0x00,
    0x80, 0x40, 0x00, 0x00, 0xF0, 0xEE, 0x04, 0x00, 0x81, 0x40, 0x00, 0x00,
    0x00, 0x00, 0x00, 0x00, 0x82, 0x40, 0x00, 0x00, 0x00, 0x00, 0x00, 0x00,
    0x83, 0x40, 0x00, 0x00, 0x00, 0x00, 0x00, 0x00, 0x8B, 0x01, 0x00, 0x00,
    0x8C, 0x01, 0x00, 0x00, 0x8A, 0x01, 0x00, 0x00, 0x85, 0x40, 0x00, 0x00,
    0x40, 0x00, 0x00, 0x00, 0x84, 0x40, 0x00, 0x00, 0x40, 0x00, 0x00, 0x00,
    0x86, 0x40, 0x00, 0x00, 0x02, 0x00, 0x00, 0x00, 0x89, 0x01, 0x00, 0x00,
    0x80, 0x01, 0x02, 0x00, 0x06, 0x00, 0x00, 0x00, 0x05, 0x01, 0x45, 0x00,
    0x0F, 0x01, 0x02, 0x00, 0x00, 0x40, 0x00, 0x00, 0x10, 0x00, 0x00, 0x00,
    0x01, 0x40, 0x00, 0x00, 0x00, 0x00, 0x00, 0x00, 0x02, 0x40, 0x00, 0x00,
    0x00, 0x00, 0x00, 0x00, 0x03, 0x40, 0x00, 0x00, 0x00, 0x00, 0x00, 0x00,
    0x0B, 0x01, 0x00, 0x00, 0x0C, 0x01, 0x00, 0x00, 0x0A, 0x01, 0x40, 0x00,
    0x05, 0x40, 0x00, 0x00, 0x40, 0x10, 0x00, 0x00, 0x04, 0x40, 0x00, 0x00,
    0x20, 0x00, 0x00, 0x00, 0x06, 0x40, 0x00, 0x00, 0x20, 0x08, 0x00, 0x00,
    0x09, 0x01, 0x00, 0x00, 0x14, 0x01, 0x43, 0x81, 0x1F, 0x01, 0x00, 0x00,
    0x22, 0x01, 0x00, 0x00, 0x26, 0x01, 0x00, 0x00, 0x24, 0x40, 0x1E, 0x00,
    0x80, 0x01, 0xB8, 0x63, 0x15, 0x01, 0x43, 0x00, 0x17, 0x01, 0x1F, 0x00,
    0x24, 0x01, 0x00, 0x02, 0x05, 0x00, 0x03, 0x00, 0x25, 0x40, 0xD0, 0x03,
    0x00, 0x00, 0x00, 0x40, 0x26, 0x40, 0xD2, 0x03, 0x6C, 0x30, 0x67, 0x48,
    0x24, 0x40, 0x2D, 0x00, 0xB3, 0x80, 0x2E, 0x7D, 0x05, 0x01, 0x45, 0x80,
    0x0F, 0x01, 0x00, 0x00, 0x09, 0x01, 0x00, 0x00, 0x14, 0x01, 0x43, 0x81,
    0x1F, 0x01, 0x01, 0x00, 0x26, 0x01, 0x00, 0x80, 0x85, 0x01, 0x45, 0x00,
    0x8F, 0x01, 0x02, 0x00, 0x80, 0x40, 0x00, 0x00, 0x90, 0x20, 0x00, 0x00,
    0x81, 0x40, 0x00, 0x00, 0x00, 0x00, 0x00, 0x00, 0x82, 0x40, 0x00, 0x00,
    0x00, 0x00, 0x00, 0x00, 0x83, 0x40, 0x00, 0x00, 0x00, 0x00, 0x00, 0x00,
    0x8B, 0x01, 0x00, 0x00, 0x8C, 0x01, 0x00, 0x00, 0x8A, 0x01, 0x40, 0x00,
    0x85, 0x40, 0x00, 0x00, 0x40, 0x10, 0x00, 0x00, 0x84, 0x40, 0x00, 0x00,
    0x20, 0x00, 0x00, 0x00, 0x86, 0x40, 0x00, 0x00, 0x20, 0x08, 0x00, 0x00,
    0x89, 0x01, 0x00, 0x00, 0x80, 0x01, 0x00, 0x00, 0x06, 0x00, 0x01, 0x00,
    0x26, 0x40, 0xD2, 0x03, 0x01, 0x7F, 0xB0, 0x4A, 0x24, 0x40, 0x2C, 0x00,
    0x00, 0x00, 0x00, 0x40, 0x05, 0x01, 0x45, 0x80, 0x0F, 0x01, 0x01, 0x00,
    0x09, 0x01, 0x00, 0x00, 0x14, 0x01, 0x43, 0x01, 0x1F, 0x01, 0x02, 0x00,
    0x10, 0x40, 0x00, 0x00, 0xD0, 0x30, 0x00, 0x00, 0x85, 0x01, 0x45, 0x00,
    0x8F, 0x01, 0x02, 0x00, 0x80, 0x40, 0x00, 0x00, 0x50, 0x10, 0x00, 0x00,
    0x81, 0x40, 0x00, 0x00, 0x00, 0x00, 0x00, 0x00, 0x82, 0x40, 0x00, 0x00,
    0x00, 0x00, 0x00, 0x00, 0x83, 0x40, 0x00, 0x00, 0x00, 0x00, 0x00, 0x00,
    0x8B, 0x01, 0x00, 0x00, 0x8C, 0x01, 0x00, 0x00, 0x8A, 0x01, 0x40, 0x00,
    0x85, 0x40, 0x00, 0x00, 0x40, 0x10, 0x00, 0x00, 0x84, 0x40, 0x00, 0x00,
    0x20, 0x00, 0x00, 0x00, 0x86, 0x40, 0x00, 0x00, 0x20, 0x08, 0x00, 0x00,
    0x89, 0x01, 0x00, 0x00, 0x06, 0x00, 0x01, 0x00, 0x05, 0x01, 0x45, 0x00,
    0x0F, 0x01, 0x02, 0x00, 0x00, 0x40, 0x00, 0x00, 0xD0, 0x30, 0x00, 0x00,
    0x01, 0x40, 0x00, 0x00, 0x00, 0x00, 0x00, 0x00, 0x02, 0x40, 0x00, 0x00,
    0x00, 0x00, 0x00, 0x00, 0x03, 0x40, 0x00, 0x00, 0x00, 0x00, 0x00, 0x00,
    0x0B, 0x01, 0x00, 0x00, 0x0C, 0x01, 0x00, 0x00, 0x0A, 0x01, 0x40, 0x00,
    0x05, 0x40, 0x00, 0x00, 0x40, 0x10, 0x00, 0x00, 0x04, 0x40, 0x00, 0x00,
    0x20, 0x00, 0x00, 0x00, 0x06, 0x40, 0x00, 0x00, 0x20, 0x08, 0x00, 0x00,
    0x09, 0x01, 0x00, 0x00, 0x14, 0x01, 0x03, 0x01, 0x1F, 0x01, 0x01, 0x00,
    0x10, 0x40, 0x00, 0x00, 0x80, 0xCE, 0x02, 0x00, 0x14, 0x40, 0x00, 0x00,
    0x40, 0x00, 0x00, 0x00, 0x16, 0x40, 0x00, 0x00, 0x02, 0x00, 0x00, 0x00,
    0x24, 0x40, 0x1F, 0x00, 0x41, 0x53, 0xF4, 0x6B, 0x05, 0x00, 0x03, 0x00,
    0x2F, 0x01, 0x07, 0x00, 0x05, 0x01, 0x05, 0x00, 0x0F, 0x01, 0x01, 0x00,
    0x00, 0x40, 0x00, 0x00, 0x00, 0x00, 0x00, 0x00, 0x0B, 0x01, 0x02, 0x00,
    0x0C, 0x01, 0x02, 0x00, 0x04, 0x40, 0x00, 0x00, 0x40, 0x00, 0x00, 0x00,
    0x06, 0x40, 0x00, 0x00, 0x02, 0x00, 0x00, 0x00, 0x10, 0x40, 0x00, 0x00,
    0xC0, 0x9D, 0x02, 0x00, 0x12, 0x01, 0x02, 0x00, 0x1B, 0x01, 0x02, 0x00,
    0x1C, 0x01, 0x02, 0x00, 0x24, 0x40, 0x00, 0x20, 0x01, 0x00, 0x00, 0x00,
    0x16, 0x01, 0x02, 0x00, 0x15, 0x01, 0x03, 0x00, 0x05, 0x00, 0x03, 0x00,
    0x2F, 0x01, 0x01, 0x00, 0x24, 0x40, 0x13, 0x20, 0xF4, 0x5C, 0x00, 0x00,
    0x00, 0x40, 0x00, 0x00, 0xC0, 0x9D, 0x02, 0x00, 0x0B, 0x01, 0x03, 0x00,
    0x0C, 0x01, 0x03, 0x00, 0x01, 0x01, 0x01, 0x00, 0x02, 0x01, 0x01, 0x00,
    0x14, 0x01, 0x43, 0x00, 0x1F, 0x01, 0x02, 0x00, 0x10, 0x40, 0x00, 0x00,
    0x10, 0x00, 0x00, 0x00, 0x12, 0x01, 0x00, 0x00, 0x1B, 0x01, 0x00, 0x00,
    0x1C, 0x01, 0x00, 0x00, 0x14, 0x40, 0x00, 0x00, 0x20, 0x00, 0x00, 0x00,
    0x16, 0x40, 0x00, 0x00, 0x20, 0x08, 0x00, 0x00, 0x21, 0x01, 0x03, 0x00,
    0x20, 0x01, 0x02, 0x00, 0x20, 0x40, 0x00, 0x00, 0x70, 0xF0, 0x04, 0x00,
    0x21, 0x40, 0x00, 0x00, 0x90, 0x01, 0x00, 0x00, 0x22, 0x40, 0x00, 0x00,
    0x30, 0xEF, 0x04, 0x00, 0x16, 0x01, 0x00, 0x00, 0x15, 0x01, 0x3B, 0x00,
    0x17, 0x01, 0x0F, 0x00, 0x24, 0x01, 0x01, 0x02, 0x03, 0x00, 0x00, 0x00,
    0x2F, 0x01, 0x03, 0x00, 0x24, 0x40, 0x16, 0x20, 0xF7, 0x56, 0x00, 0x00,
    0x05, 0x01, 0x45, 0x00, 0x0F, 0x01, 0x02, 0x00, 0x00, 0x40, 0x00, 0x00,
    0x10, 0x00, 0x00, 0x00, 0x0B, 0x01, 0x00, 0x00, 0x0C, 0x01, 0x00, 0x00,
    0x04, 0x40, 0x00, 0x00, 0x20, 0x00, 0x00, 0x00, 0x06, 0x40, 0x00, 0x00,
    0x20, 0x08, 0x00, 0x00, 0x01, 0x01, 0x00, 0x00, 0x02, 0x01, 0x00, 0x00,
    0x14, 0x01, 0x03, 0x00, 0x10, 0x40, 0x00, 0x00, 0x50, 0x10, 0x00, 0x00,
    0x13, 0x01, 0x35, 0x00, 0x15, 0x40, 0x00, 0x00, 0x6C, 0x1B, 0x00, 0x00,
    0x14, 0x40, 0x00, 0x00, 0x6C, 0x00, 0x00, 0x00, 0x16, 0x40, 0x00, 0x00,
    0x02, 0x00, 0x00, 0x00, 0x21, 0x01, 0x00, 0x00, 0x20, 0x01, 0x00, 0x00,
    0x22, 0x01, 0x04, 0x00, 0x20, 0x40, 0x00, 0x00, 0x80, 0xF4, 0x04, 0x00,
    0x21, 0x40, 0x00, 0x00, 0xE0, 0x0A, 0x00, 0x00, 0x22, 0x40, 0x00, 0x00,
    0x00, 0xF2, 0x04, 0x00, 0x23, 0x40, 0x00, 0x00, 0x80, 0x02, 0x00, 0x00,
    0x15, 0x01, 0x17, 0x00, 0x17, 0x01, 0x1F, 0x00, 0x02, 0x00, 0x00, 0x00,
    0x2F, 0x01, 0x00, 0x00, 0x05, 0x01, 0x05, 0x00, 0x00, 0x40, 0x00, 0x00,
    0x50, 0x10, 0x00, 0x00, 0x0B, 0x01, 0x40, 0x00, 0x0C, 0x01, 0x40, 0x00,
    0x0A, 0x01, 0x01, 0x00, 0x04, 0x01, 0x1A, 0x00, 0x05, 0x40, 0x00, 0x00,
    0x6C, 0x00, 0x00, 0x00, 0x04, 0x40, 0x00, 0x00, 0x36, 0x00, 0x00, 0x00,
    0x06, 0x40, 0x00, 0x00, 0x02, 0x00, 0x00, 0x00, 0x14, 0x01, 0x03, 0x09,
    0x1F, 0x01, 0x01, 0x00, 0x10, 0x40, 0x00, 0x00, 0x00, 0x00, 0x00, 0x00,
    0x12, 0x01, 0x40, 0x00, 0x11, 0x01, 0x01, 0x00, 0x13, 0x01, 0x1A, 0x00,
    0x1B, 0x01, 0x01, 0x00, 0x1C, 0x01, 0x01, 0x00, 0x15, 0x40, 0x00, 0x00,
    0xB6, 0x0D, 0x00, 0x00, 0x14, 0x40, 0x00, 0x00, 0x36, 0x00, 0x00, 0x00,
    0x22, 0x01, 0x00, 0x00, 0x24, 0x40, 0x00, 0x00, 0x01, 0x00, 0x00, 0x00,
    0x16, 0x01, 0x3F, 0x00, 0x15, 0x01, 0x01, 0x00, 0x24, 0x01, 0x00, 0x03,
    0x05, 0x00, 0x03, 0x00, 0x00, 0x40, 0x00, 0x00, 0x00, 0x00, 0x00, 0x00,
    0x0B, 0x01, 0x00, 0x00, 0x0C, 0x01, 0x00, 0x00, 0x0A, 0x01, 0x05, 0x00,
    0x04, 0x01, 0x00, 0x00, 0x05, 0x40, 0x00, 0x00, 0x0C, 0x00, 0x00, 0x00,
    0x04, 0x40, 0x00, 0x00, 0x02, 0x00, 0x00, 0x00, 0x14, 0x01, 0x03, 0x01,
    0x10, 0x40, 0x00, 0x00, 0x70, 0x1B, 0x00, 0x00, 0x12, 0x01, 0x00, 0x00,
    0x11, 0x01, 0x05, 0x00, 0x13, 0x01, 0x00, 0x00, 0x1B, 0x01, 0x00, 0x00,
    0x1C, 0x01, 0x00, 0x00, 0x1A, 0x01, 0x05, 0x00, 0x15, 0x40, 0x00, 0x00,
    0x0C, 0x00, 0x00, 0x00, 0x14, 0x40, 0x00, 0x00, 0x02, 0x00, 0x00, 0x00,
    0x16, 0x01, 0x00, 0x00, 0x15, 0x01, 0x03, 0x00, 0x17, 0x01, 0x0F, 0x00,
    0x24, 0x01, 0x00, 0x02, 0x05, 0x00, 0x03, 0x00, 0x00, 0x00, 0xFF, 0xFF
};
static const size_t  deepvqe_opt_exact_cmd_size = sizeof(deepvqe_opt_exact_cmd_data);
