

















OFM_DUMP_START model=deepvqe_opt_exact inputs=24 outputs=24 cmd=27900
I: Initializing NPU: base_address=0x400e0000, fast_memory=0x00000000, fast_memory_size=zu, secure=0, privileged=0
I: Soft reset NPU
I: New NPU driver registered (handle: 0x20000e50, NPU: 0x400e0000)
D: ethosu_invoke_async(): OPTIMIZER_CONFIG
I: Optimizer release nbr: 0 patch: 1
I: Optimizer config. product=2, cmd_stream_version=1, macs_per_cc=8, num_axi_ext=1, num_axi_sram=2, custom_dma=0
I: Optimizer config. arch version=2.0.0
I: Ethos-U config. product=2, cmd_stream_version=1, macs_per_cc=8, num_axi_ext=1, num_axi_sram=2, custom_dma=0
I: Ethos-U. arch version=2.0.0
D: ethosu_invoke_async(): NOP
D: ethosu_invoke_async(): NOP
D: ethosu_invoke_async(): NOP
D: ethosu_invoke_async(): COMMAND_STREAM
I: handle_command_stream: cmd_stream=0x2205b880, cms_length 6967
I: Soft reset NPU
D: ethosu_dev_set_clock_and_power(): CMD=0x00000000
D: ethosu_dev_run_command_stream(): QBASE=0x000000002205b880, QSIZE=27868, cmd_stream_ptr=0x2205b880
D: ethosu_dev_run_command_stream(): BASEP0=0x000000002200b900
D: ethosu_dev_run_command_stream(): BASEP1=0x0000000021000040
D: ethosu_dev_run_command_stream(): BASEP2=0x00000000210375c0
D: ethosu_dev_run_command_stream(): BASEP3=0x0000000000000000
D: ethosu_dev_run_command_stream(): BASEP4=0x0000000000000000
D: ethosu_dev_run_command_stream(): BASEP5=0x0000000000000000
D: ethosu_dev_run_command_stream(): BASEP6=0x0000000000000000
D: ethosu_dev_run_command_stream(): BASEP7=0x0000000000000000
D: ethosu_dev_run_command_stream(): CMD=0x00000001
D: ethosu_dev_set_clock_and_power(): CMD=0x0000000c
D: ethosu_wait(): Inference finished successfully...
RUN 0 status=0 cpu_cycles=814210
OFM 0 1 196432 2304 fec30121
7bf3f0fa52f7dff3d5002ef6cffd510a02f5970be5f4e5f5ef089307110357013a03870114f965092009a4fc160bd7f6e2f5e5f455ff08fedc0bec0598fa15fb
ba06bdf5ccfa20f487fb5cf3e1fb6dfcc801b8f59efe4ef91e088c05d404f4fb440ba0fc110997f85cff8909f70677fe35faebf89a008df512f52cfa6e011002
680068fe750585fc3df3820a41f7d2fb8504e201e50aa304baf95006850748fdbafb25018ffeb7fcdf05490033f53e0423f99d0a90f425f6e60ba10b4602f9fb
7df69cfb55fb76f86af611f5010794047df575051af950f489fd5af769faf80bc60140ff6a05b9079f07380796fc09f66bf5dcf6ccfd7c08def52a057b0a6208
7afa06088901e3fd7efd6e01960a2e083ffea2fd5f014a0313fa190729ff3d01160bf3f6cef5c50c340708fa0f0121fa530662fb18fd56fd560563fd3f0a620c
02ff1709900cef002dfe4af47f01c404aa024a0065fa23fe44064afd1a02b0f69b01540958f767fcf9013ffc93feb1f859f8e7f7edfe5506f5f8e705350aa0f5
460546fe8d0563f38801ebfc9b082407f5016df6800318ffebfe7aff57f5effd7209410024f43dffce04190c86f7d0f86cf63b0c6807ec04320458fcf90be3fe
c50058f8570cac075e013603be064ff85406fdfa3a068af48dfc20fb18046a0cd1f395004f0a37ff5af30b028c0830fe9ef30afb43f9fef520004c0198fed1f5
24fe4a062809abf4930c23f7c90b92f34b05eff5fe0a3ef4c2f4ab048df4e302f7fb47f90e08730178f4ce084809e0064dfcc205cafa8df583f3b10357f46afa
82089b0293f746f382fbed048f05cdfd94096c08dd049f04ba026802fef3020ae708ac0cc2fef309e4009df30af7a209e5f68df62f0c21009d05fbf3ba0cb001
7ef8e4083bf3f4f46f0a980873ff0b025bfc2301640b5008eafd7405f0fa0ef554f60e03e4f39efb1d018c04c402950691fae2f5040a73f86d098f0801094cf5
f502840bc8003509de02950cd7053b087cf461f6d7fb12081101580c420a080be7f8320cd1f4ef0369fcb90a450282fa9ff45df466f7d0f810fe8907930873f5
aa0636fbdd0b82ff2d0a4dfbf4fa8ff9f102bb0b96f525f4fdfaadfa5c0941009f0b4c0082047f0be5f932016608b1f53e01c30a500b18f9f30691fbbefed90b
2af57b09c507a7fa1a0bdb07c8069b0ae0f905031e0a5b02ecf4bf06e5f6eef560f94ff45bfd66ff69fe0f03860650ff9dfe9f0969f8920a64f82e0705ff4bf9
a508db00a408f4f81f0632f51408a007210350f58d00be01170bc20a3506ce059a04d20691fe040bf0f49df5840728fafc0428f73af9e004fff6b203fbfc32f7
edfafe0291fdd2fcbbf35af77c0495fc180480047ffd35fa630a760777fb880779fe830508ff2f0a2f0312f67100da0328006bfea3fcda05befba607d8090c0c
46063fffa80466ff1a090bf72bfd8700c9f6e6f88af6650becf9e70204fa020b570564fde9f4b5f537f97e095306dbf9a00941088f09f1ff80f45504f3046e0b
19f418027e045c0bdbf384f7f70081f746f67cfb6d053dfd4af48007e408c0f5bf0447f8ed04acf4f902e6fa2bfcaa04550cb70774059afb7afdcff4120052fa
68040fffd1fdb9048b043301faf3a0fb49faab003409ebf770fcadf3d5f58c0b69fc6b049803d5015a0742ff96fb09fd7a0880f79ffa1df65bf4d2f9ccf799f7
55ff54007c0ae5089cf442f42ff678023bf47bf454ffa0f4edfe17f8f3f463fd49016401c6f5e6fdb7f9ab007a020bfa95f46afd5b01b30b47f5780312fa48fe
a5fc71f6e8fbd3f9fcf92af46100bf00cffe32f5d4fa7c0b0c0c1efd2df852008d0389f8060230fc3b0269f363f31f0665f77d029ef433f67f0262f9050cf8fc
260381002eff21fb97fb030734035df7b801ecf75ffa3a04c103d4f6b2fa00060807eff8ad0529017df7ec04aaffc5f51f08980108068407b708180376fb83f7
990467ff23f9c509610c8af4fe04ff031d097d03b3f84607fe017efe83fc9e058506590c39057d0b4cfe2bf888ff70f3880948ffaf0760fc8ff67502070be0f5
1b090dfa18f52cff15fbb9fbe5f538f6a10388fb55f4c1f9e6f7660948f3120c76010dfee8fbd2fb28ff24fab3075bf4ef039f082607d00b2b0395f55bf390fd
f5fc72f3eaf598054ff4fe0b630a390ad6f55c05e708dbfd490b11037d0926fbd102c4f473f9d5ffe3faca03e2fed7097e0ada0afdfe5df8a8fe810c17fe40f9
42ff1dfea607cc08a5f62c0a91fc2aff8dfbaaf4d00b48f514fa16fe9efe2305f2f8d2fee9f9dfff8602ecf812f92c02d0f79807d3f67bf6fdf44cfa95fa0307
17038209ab06def8740983fd0204e5ff7eff2500fe07560c6bf973f394014f0367f45cfdf4f67cf7490aed05b9f6d309ecfd3c0866f82cfd7c059efbc7f6700b
16fbd4235f12de134ff88a14e310a1138e03771c5009eef9d7ffe300ed0102076bff5d1541f8b00f89091f2286fd950524fc29fa5704e3098e078a013e07ce0a
300a9af5eb201e3e401d9418b0099a5268c73c1da10060e1e20640f626fe7bf6e607daf1baeb8750b8fdd002942be81b1b1e06e5eb1520ef80f028ec771678fa
faff36fe540f5f1529f38e2aec08a82ef0eb950329fb66d91d0e54f7a3f2d3f2edf14cfb43e55c3618e656fa5904a40c8a18b7e8042a4fec66ec52f9b2106ffe
ecf205ffde13c636a305f905bf03381cf9eb2c02b10e1807db01f1fcb2fa45fc00f92f07c7e67413b7f3580fc5077e0a77058ffdce0feefac2ee8af547ffd104
0e0e6ef3d339ec355820c22b081d014d5ad3a71ec50473c9671b13f54ef355f0d317e8e37ee2255283ebdffebd1ac724243094c1150cc4dd2ae59ae49f1658f9
75122ef5232db72f160ae4fa9c0fbf4bddc92d170e015eddd80ec6fa39f005f3582348e314d50a3ff1015804301cd0145e2542d307194de414ef58edbffe64fa
c307c40cd1177d49bdf92b299419134acae73025a6044bc14d0588f2f0e1d5f33bf3d9fae8d55d466feb30ffb31f141fa017b3e4372418ea34f0f5f31f120cf9
1dfa60fe462d1e3d6f098e067717715ec1b8bcf04717eed0e319c5ef88def1d848fdf5f519d07b4fc4f04d177f0d18177148ebd5933be8e8a0e55dea79f89f23
1e0f3aed1010551b7412c7013d07ae32cbd877fc211377da492f8cf5b9f36fef591618f128e6c82987ecfbfdbd09cb11c63d59d62a21ede680eecbf1f30441fc
OFM 1 1 89792 33280 9a000b3a
42ff20fbeefc7803260ba1f74ff4d1f56fff5500a8fb7cf8ebfbb0fd9ffc8bf65cfcd0f3220bd2f873f8e7f6110cf608f9f3a1fdff0abefe5ef66bf7b20865f7
78011d06b6fb1ffcad08f5f351f5d3074003da028ff72cf439f314fe9a0174fbbcff400aa6fb5cfb75fe4cf5d009bf0997003f027b0224069d0be900040a8a09
86f744041b0a41fc630834fdf601eafca4f3f700f2f324099bf79e0212f6a10c9fffbff5daf33108e2f929fbda0b37f646052f068901f7052c03f103f00568fe
7e099bf762f592f6e103b0060c07e5ff6f0a9d0cac0c2df84e051b04e1fdc0fbc4f4e2fc9d0c4f07c6fd41f401fc4f0b3cf9140c6afed007fe08baf362007604
24055cfa570182fba5ff6109aef99afd6df675f73efa32fa3207d3f33cf77ef4daf67007f30916fd140a7c0875f50302f4f342f74602910273f7800669ff7a06
e8040f011bfe4a0c21fefd03ef010c0c2f0c95f67102e80a1803d600010523ff9602d60abcf3dcf3e4f720ff65056c02fa026d0bee06540068fd4501f8f54a04
53f9860b40f37b067cfd9902b4f340054a091d0ce4fc0a00cb00eb004df9ff008a0674f41df8f7fef7005b09e2f6def5820b63f6cc07d6fccbf435f9c7021e07
b5f95804e2feddf67efe72fa6e08000b6400b30c1dfbcafeddfe9ff33e09dffe1f00d1f43a032700d2f9f904adf8c50845059e00810951026ef328071f09b503
65009b0321f958ff89066d0878f87df75d00e7028ff43e0599fe27f56d0c150ca3f94801def66efb0ef5e609d408f40340f3cb0aa4f3900646ff26f68cfe8309
31066df65bf93af58f0b99ff3306fe081403c700aef816fa93f5690889fb5af787f894f901f7db0667f661f808f4a2f96d0c0b0a98098b07c7055cfc4501c5f3
5107a10c6300c0f54a0545fcc2fcbdfca900bc097bfa8803120968039502ea01620838005b0cb7f50f0a830a4005aaf6d4f4e9fc3309c1061efdd008c205e6ff
bcf9baf8690a550492f42c0c7004470c36fb4ef516fac1fc98f437051600c6f3140881fddbfc8ef388f84f07bbfe10ff8cf933f888f70df87102b209b4046a0a
87f8c5093f0c480513fb380a3f07a9020ef8a903c10284f7380a14fc1d0048052cfa0b03b7f805f853fecf0939f604fb6dfe96071405e506c6015ffba8fc6805
780b04014ffc7d09a40169f8e5f35604d101d8fc73ff82033bfcdcfeddf79501eefb75074e0ad7f554f41cfec2040d064cf69dfff301a7063cf4c702b60bc1f7
2e04820166fdb604eb0aeb07aef302fb82fc93018cf96a049df30900cdf5010cc005c0022c0375fca6fd50fccd0a23092b03a8fceb0b4e085b06ad02d8fe5507
aaf67cf34b02d3001900720aa2fb6df8d2f6f0f831f739fb240ba00a16033a0aadff5a06d7f3430cab07b2f4b507370b93f5c909ccf453fcf9fadef954f4d108
6c01f1f70cf54a060008d2ff70f889ff62fe76f9c2f701fe5a02a90480004ff44bfb86035305a3ff97f48dfd0ff58e0a73026bf910f5e3039f03dcf98c08e00b
68fd0ff767083307fbfb9a08c0f768089a0bb30b16033b0b1d048d0681f8110b3efab70b29024dfc5ef35bffe0013502a3fc6106c107ddf513f488f458f47b0c
c008f4000f07b6f6f5fa3f076f0422f6c4fc110bcafc19050b0a080c87015dfd19fa14f96bfb8b073d00ea059305690af80292088400540632fed4071af55df6
f2ff9bff6ffae3010affbd0449065cf5f7fc1901c500fb0629fa770271f9480c0eff2d04e906200b9bfd3efc200819fceb05dff6ae0097f66df895f44ff67103
9ef90df7d407ba064afe96fbd1f4060a8afd330068f3e1f91efd2bf4040adbf407f5020ab4fac2067ffb98ff6c0242f7550682045700240b1b0cf2f51fff3b0a
b0fac6f6360ad2fb8ff6aafde4faa60c93ff58fc09f45c005bf808ff200be80be6027ffac3f3b807be013f0a41fb7307d90146014d02aeff5cf3a5f60cff6e03
5807160c830014f6b60339f900ff2ef858fbfdf63cfbac0cc904c0fb4df9bdf750f647f853fe85f804f6def8540194f5010c10000006a6fcd402520089f752fd
ac091dfb1f0113050c0cb5fd3cfc2cfa4f07e4f79cf84c07790cbd04090c630860f5eb00faffd40218f78f014d0c4e085b0779fc33f55008bcfd3cfb5af71a0a
adff1f0b3af33cfb4306860109fe9ff758f5bb0625fef207e10179f98bfa6e044603f70234fc5b04b2096b030d05b102eb081a05ab096f0ad7f9b80593fae804
4f02e50a4907c4088208ba0b8900800b6ffabb034efa430c640604ffd70bdcf735f77d0895032b096bffacfb08fa6afcf9f86602bb0418054a079af5040aa6fb
2601a404a4fbf6f9a4ff32034bff610a990cd60a5cff11ff6cfd0c034e03b20487f9e30a1df6f1fd83f9e809f7f478f53303a10780fd760151f5d2027109f701
dbfb16fa910771fe8801f5f46d01f70424fe41fcb90458f48dfc0405a9f93bfc15f84605dbfc9b072206a40954040aff450b78fe55f57f0c670747f4f6f60f0a
e5019908e0f680f510f5d4f8b5033df4510b9009daf7d7ff1b07f0064f039e0cc50a1409e707f90a59049ffdd10736f87c02e5faaa0bbef3e003b300330329f7
d9fe62042309f003eb04ec01a60341f91bf68cf5adf3c2f41ef97ef580073c0569f923fac3f36f0581f9f4f87f05c2f794f6440bbc069affb1f85ff96906390c
7f086d044afd92fbdaf960f60e061df6590a2303590199f8980aa40444066ff5b302cd006c06810841f7d8f4d0f7dcf987050609bb07e6f66ff92a09e80bb6f7
8f03c0ffac037d00fcfd6dff5906a10b77fe7bf47ef66ef5cf0bd10b25006d09640a7e02700839ff8d00d5f6f507300611053bfa3f0c69f368f697fdee0b89f5
f105d0029e050b05d7f6f00a2c005cfcaf01ae01e4074dfbcafe430a47055cf318f4e702fe08ad0884ff70fda2f5b9f90e028dfdfbf72ff9ebf3abfc180031fb
e1f9b90a5d0979fc1df66a051901df0605f447fcaff639ffcd0691f90a007204b308e2039e070bff9d0a88f6ad0b78f4c40077f3e005ef07dcfd3a06b106a800
9a0acaf741f58af4ff01220191035eff13fd1dfcbf0130fc49feb0f4bdf8ecfd5df5d002b6fce80666f4b4fa8ff7000210f41e0cb1fa9af4ccfef7faa3f855fe
a805e9054d0c01088303290942fc8df5dff3680029f5a1f6240c1401abf7a8017e0bbafa19f6910451ffc002e504300a1d026ff8740547068df56802e0f84000
4206460b7af7c50651fbcb02aa092f06be01cdfda2f6b70515f9bf06d5009307ec047d0a22fcfffaf00a1803bafb5bfa3cfb20ff9ffb610ad1fcc8018700b804
2c0775fa25ff9b000b0cd40bd4f59f0bf7f52bfe7eff9efc88f849f4cc01ab0653faf2fa530c36ff55f8610a64fd2bf49d052200d603bbfe210ae807eb086204
e00bf0f945fbe1f94408cdf44ffa6206db0a36f704f7fff5a80ac9f452f6d309ac07d70b22f760f7a4f423ffe1f93007a8f97dfa8bfd8bf8b60a1ef62ef41007
62007004d302a9fc33f725f50506d405e2ff3f0557fa42099b05e8ffb9f6b9fc8bfe44f39bfec0faed0a960743f451037f0282f304fd4f0826f955ffd1047c00
880ce80797ff92f91ef9edffec00b0f341078200340146f5b706c3ffde0978fdec039c01eafa42025106f2059307bff359fb48fd180743f33a00a7068c017bff
b009effef600f9fa3ef30d08b2f662f86cf3aa09a3062d089d0bd8f809fccc0c6c0130016bf40604370990f9defe550c19fae6f3890007f8030a2a007bf4d7fc
0309430cce07ea07020310ff42f341f5d80bfa01b702350afcffc4ffc8faaeff15f5660280f4a601c0fc5a03e606c70895fbc7fb85f33afec6fb5efd92f6c705
70fbf302c903d003d80b8dfc940bd7054f025509b10983078b05a707f8f5600aa8fcda029c032903f9fd8ffbccf3c0f8a00a670378fefaf5ef03fef6fa0adbf3
42fd3e05f5f835fcbefacef61305750be10b6c04400714025803af0891fb2bfd230bae004e07dd02490aa1fbe5f8e6fc86fadef8cb0142071afff6056103d9fc
a009effc7bf9040097f5fff61f04b4084600f1f5fe0181f75701400154ff980ccffbce07eaf5acf377fe76fdc308d30bf5f48efb97ffe7f39ffa71fc8a02dffe
ce073cfd6ef96d072d0ac9017004d6fa12f85a0671fdd007f10ac7feadf514fcfb050000c20942ffeefee60589f4ad0b23f9e3f978f51307e5fb2000c507550c
5d0427fd4a0b8afb050adcfb2bf99e025e09cffb2afb6d0038ff2afd9bfcfd05c0f767fa4f036cf9eef7b4f745f9ddf669fa670cfcfc94f9bf0052011e0136f5
8bfca203aef339fb8a05bdf93f01b7f63df5d90569f7fb05ecf3a2f620063205230677fb7df392f6ff0426f48f032005820812fa120550f72c03b0f50e0b52fc
7206da093f0b73f9a8f425051501930590fe5f0916fe58069409b7fe00043d0c120bf901960513f8400126052ef6c402fb0ab9fd1409220c450ad6063ef68c09
92048bf72ffffdfb69fc24fd3c00eafacaff210c95072004180451fef9fb000a7bf673f6a9079ff4fdfc9bf8e9013cf34df48af91c01cff8a70a9ef592f3f10a
c2f6090169ff2b061b0c9800e808880aabfb87f3b7fdc207bffc7ef470008ff7d6f951f8a104f8fcae02a103fa032008d901810cc407070c120527f8c804f1fd
e300e20bdd0218fc1906eb086b06f8fed6fce4f6a4fc2900250a19f8ff06d202eef4400a61037f0b05fd5402f1fdc9fb7b056df57103d2fe620141fcf3f79b08
590c45fdfbfc210c51f758fd6e06da021a008607d105ed0bff081f031f05b1fa14f86df7040a540616f8e7f98f0c56ff5803c8018804a90ab6076f08de036bff
98f6710479f9ea0496fa89f594f7a70886f6b3f992fe9005acf78a062c0aeb079cfee20464fffc01ce06c1f7bdfc4407fcf3050653012f0255f7fbfb48f6d4fe
1a08c3fbb5fec708880474fa28f590f9e7067ff4b8fb9ef461f442f7e7fd100653f3c6f631fed50476fce60006f9f400a8fcc301f1fbe7061501160569f70f04
bcf684f762022609c6f54f0af2f39bf59a09f306e2f3420741f41b03ab0c7302f5040d0540fb30f71afc9106610831fceb024ff3f4fbd10521049607da02edfb
f606e8fff0fff0f796f479fd2a0c9004170bc8f3b60a6a083bfee90b96fea8fc7d0389fcf30076f40af6150bd8052ef99dfc56f996f907fc68ff1601fcf734f7
39f9e20a34f8d107500c74f4d9022908780805fbe8f5ddf3570937fb5d05a6062f0926071ef963051e017cfc9d046604bf05640993fa47fc66f7d200de07fdff
5d0bc205ef023200510a80fa8603fc0a41f7de060002aa0a1b0058fef5fd5d042004940062073c0706f56b0cd8f68807a80155fc900485049808f90578fa680b
0a0647083102ac0457040f02050ce9feb9f68202ca020f01d8fa5bfd670282ffa100990561f77bf688f766fe2ef8d5ffcbf3cef6b5f432fbf1f820fbe8fe2100
d60644f44dfd07fbde00c4f3980482ff47f76dffa7004006990983f95d01490aacf676fa0309e6f8d400930996f8800a840c4ef39808cd08d5f489fa32ff0ff6
e5f42bf8a00960fc930cf6f9ddfd37f9caf7fcf4710551ff140388f790fe1af83b09a305a6009b093b04190372fcc5f3f2fde7fb31f54107a201a707a0fb07f4
2005aa03130544f75f0545f6e10aaffb99f84b0cde0acff9b5f4fafb820a02f8de01c3ffdd01f3fa730bdefb48fc7a09e4fae501f7f561fe1d0010fd43f5a508
6e064a0538f5effed708db021ef467f6d909aa05ce0286097204f60649f897fd8d0c59f894f4840a2801000642fd83f5c9007cff2bfe0501600556005cf9a800
6306e6feccf3e7fd4c02a60071f3eef7e5fca107b8fdf3078d057a07a9fe2f0853ffd4fec90211f6e903840b43ffbdfdb405bc053ffb83f6fb0583f65d04f2ff
dbf76a03f8017efec90220fc3a0970032a0704ffacf7b5f904faf800a80c75f3c30b1605270c6c0369fe68f7caffb1f3d7fb2e06d20168fc460ba8f936f7fef3
aafd70f905008afe9709d2fdd1f3d6f68a0a690aabfd32fe220ce30be0092bf9410a690b8e084f064604940b540af5f45f017a06fcfc48f35b04f708b0fb81fd
09f914fb9bf735078f0acf07a4fb28fe20028d091c0050f795fbaaf89dfe3600b2ff90f89ff51101d1038e0a1909c603e9066b0b9ef38703b00a42fb34f478f9
d6f7f80983f91efe8bf6ca0464fbe7f61df4f3f4b4ff65f8fdfad103e809c9068904be0549fc960c6202b0093908c6fe07faa201fbf874082701c5fd0f0c09fc
12f4f7f501fa880bb3f901f49df762032ef72a0199f34df5d0fdb407f0fc99059601a70ba704b5f4fff5e904a6f3d5fd30fac3f390026b0904f56ffa9ef96204
b2034cfc15f461f609049a01660a520048fa370b02ff1408b1fb75f35bf80a020a08f80700f6b9fd83fe910bb90a9c05850ab80acc0aa506c30c4ef7e1071bf8
adfcfef306f79af811fb84fc9c0a7c068dfb92064f0aa903c2fe0906b6fe55f97ef621fc5afa1dfbf704d3f510f860fddb0723fe65f756fd2b07c6015a05d803
3e0c6401f8f3440af1f37f01a1f4b2080bf8e90b28063403430087f6eb0350002d0979048d00210a9cf7f00443079e04a5051cfe4208ac0058fbf3f7fefbf1fb
d4ff5b02c2f3fe0b4e04e30b9fff77007d06b30ae10b5f03f70a890304021e067b0583f875fd74ffe5075bfa9df7360508f9cd06f402ecf5f2fcf20a6ffbe2f4
e9fc06fe840070fa4507120bda080b06f3fbbe006afb9cfc53fc99f6970646045a0ae0f92d0310f876f338fb02f65003a4f953f5f4f5b9fbc603ec03b7f89b0a
d6fe91fabc0ab1f39df8d9fe25f5c9fa2702cc0454fa67f56efc660941fa7c09dd093c079cf30a06faf38cfdc8fccb05eaf6acf88c091e0913fdd307cef58004
32fdd5f786046ef4e504e506f30748ffb50103fc38089cf55cf340fd73fc41f304036b05aafc6108be0cdd01610959f471fde1f95bf53ff824045c000303e7f6
b7f74bfbff0717f7edf8eef8c5f9d3054ff51af818f74ef905fbaa006ef75efb09fd94f57b023cf7f0fe2ffd18f7ccfd92036dfa22f96c0cc0090a0c360ca0fe
78079ff603077ef5c001a4fb170b37ff0803b9fed70592fe64ff66f527057e05af060af97bf4ce04d90b18fd8207010a5901c0f7c7fe25f7730cba0c92043001
c00898fa22f893f984fd20f8ef0b230c82f5050aa10162faf2fc280389010a0b0700a30162f4a504b7043ef43f03be0490fc900954f881f6f2f6b50538fb1706
27f676f939f80207f8044af775f7f608c10cc9006effb7fdb9f848039f067ef5070976f77bfefafbf9f43406eef543fd72f941092bfb2209b4004dfe08f83104
88fdc30426f9c507c7f8ebfcca02d2fd0d06bbf86e0c4501b7fc21fda7fe1906aaf40203a00574fc4200c407ec0765f713fd8cf5b6ff890483f4fcfa7604aef4
3c037e00020c8808a80a4804cd0775f4a3f4ab075b022f0502feaefc1c0812fea008060cfe01230792fa04faccfe24fc15fef4ff36fa6402590b4100e5fbb9fc
faf60105a1ff6506d9f6930b5009adf38cf64efda6fc11f562ff2c071fffc202e80620fe7e0cd7fd150a39064ff6ec08e6074bf4db084bf684f78c0007f5ccf9
04fcd305a20bf7f431fca2f3f40625fd36033b02de038b0969f533ffb0f9ff0a2901e5f3b300e8faaafe87092b0a370708ff5b01c600d4fa9807900c37f74e06
2afe78fabbf83cfb3d04a503fafcdd06ad042dfc4c01fdfbcbfa5b0bea00bc002dfe46f45e04defb690904096d0122f971fa860adff43e071ef4faf302f6c10b
770804fcea001af50603930961071df49cfa57ffeb02e0f97d0610f7e5f414f6a8fa47f735ff410acf0a120a7102aef5f2035ff7c5fff809ed006ffe08fc1408
95fdd8fdbf008a086308b309c4fc5efc6b037705150980fd92ffcc0792f4eef5aa0a720882fa520499f730fbf4fb14fe47fa50fa030952f81efa0c06cf06070c
c1056607d90b0c0a4d0425f4b1f3a809bafffa0b11f4150b9101150c01f7eb0883f444f391f51d0b2b0360087507b1f630003607dd00e1fe39028ff7660bba0c
0dfe2d09f5016afecffa06ff51009af91f039bfa2e0bb6054ffdd6f96efe620cbbf625fe31f935f61e0857f4e1f43700d3f31af478072a02440276f8fc07fa08
d30afb054bf93d0c3bf94c05c1f78bf7ca07dd003501a3069e00120863f68205c10c4ffde5f694079ffd270460f513079ff4eaf38b02a506feff7904b70a3d09
aafa2c0af507b6f4ba0317f491f58a06620c5bf40d0a57fab8f8caf3b6fb200130fb1cf846f74e08fffbe8048300b00a2502c3f9a1fc6307a300e50054fdaf0c
6e0685fb37ff220b3c048cfbcef358082bf7590adbf463019af42af680feeb0882f993fc970c21f995ffce007cf3e3f9c6fb3a04d9019fff6f0bb3f77d0b06fe
73045c0974f661ff67008efe4d032a0829fee1f5460998f6a4fbed0398fb3d064eff2bf8a5f50ff809f5eff6fafe84f49afb0a06baf4bb058f04acff28fc62f4
7dfc6a0ca6f7d00365ff520898012c05b9f3a5fa160104f7610ce5f3010c89ffaffb700489f4edf7c3fe3af9c8fea7fe49f654fefc04b80c320ab60c55f4350c
980bbbff4b00e3fe72fff4f6bbff5b06ac0908f889f8940c8efdf4064b0c6f0bcbfd6ef8a402b5fbe0ffb30133fa6ffbabf9ce05ad04edf97cf99df563069506
570345f9d1f9b1030c094a03a90a1c036efc74f497021605aaff6e0ae9072b08a402c5f9ea0170fed8015e003a0067fcc2f783f30d05180a6e0097fbf7f877f9
3c0cd5f7000673ff52f687f61d09cffd17f5d00160fbf7febefd0d00bc048d0140f4cb081cf86601260064f4fc007608550495fdc10c8a0019fe86048a040503
cbfa07ff7df55000ebffa90a1705860aa80b450291fea705f40030f43ff640fc1ef4c0f4060a82fe380ce9fcf5fc320332ff63fcb6fd7bfaba06f0fbef0478f5
6209fc01e3f46a03c0fc49f91708ca0a3ff3c9f65909d1f8340a860a4e020201c1fdc4f41ff5ce0026f55307cc0628f84408e807b303faf3a8025ef381095cfa
93050d0450f363001af5e702c401ef03540763ff7a0525fab3fb5df7fff892fbb6fcc703060aa3f55af9d1fe2205b6fe49fd8bf9ce083ff80c0667012501e602
32ff31f5f9f98df9470b9bfb5b0ce8fdc20b99023df509f4d0f31d0831002e0a73f774fc09052afa2a0082f35b067bf8f9f738f54f007907d204a5fab2fa77fd
ef085ef7f904defc81070b0395fdad06f5fe8b007d01d6fcbd0575f63204b7097df70a052502510bb80c2afcd8fe85fb9200510c54f5f2068305ae0b32f5870b
78f8e90186085601d2035cf324068bf7e40144f3abf7ee0792fc10f7f5fe19f7cf05010a8c0c42febb0bd9098c025c0b7ff639058d053706b3fd10f589f60d0b
18014aff4705f7f8b00aab0997ff650216f94bf5a9f98c07fafc6707e2f66b0840099af937f651ff64fbe6013cf6520b2a0779f501f65f0a23f5a5f8bf037ef8
49f5ba094b09aefedaf973f737f709feef05bcfcfbf9e80abc0a1a079600d10677fc370b0b09e508ed0bfbf7190b2c01330a2b0984fe2df484fcac035bfc9308
c506a90828f887062b08cc015dfba801c207220093fd5d016f070501b80588f66cf446f9ecfa8001c1f4ed05df0448fd46f3c6f734f971f67d07e10626fee507
99fa03fad6f41b07a6fe50f55e017700aafe9bfeb503830b44ffe9f8f2f3c609f307a4fa2b037d05d808ff0055fa2f03c7f9da03b703e6f6adfb9800defc4e08
5603cefb85026ffa4600270c0efb870452f4800666f571ff2e052ffc89f72ffd8df5ae06e9fd6100acf8890bed00140681007b0475f5ecf55bf94d048d041bf7
0705e6f98df4f1fac7f3edff1c0b57f7d20623f4a80cd3fd9c04fc00010248011ef6a0ffd4014aff4a0c99014ff3e90ba1f985fb99f71405c7fcfef529fa3a0c
d4ffdaf703ff2ff77f09b405e308b4093400660a5df77b086405c8f60ef73df4100cd001c50c65fc12056a0533f5b9fbc0f35d002d0ba40c250c59ff66f39e07
5a01b7034b09f00168fbea02eef8b702defdd0fe91f8c506e0fcdcf65b07120a8a0b12fd2bf5d5fe05fbc902b5f39a0c15f8cffb5804aefb75090f0ce3f357f5
180627fd92f42bf54b08ca04e7084c09f50a3303de0ad5f8befe1b0219f66df4720a2e0613f41cf984066c088ef59f02580cb6f41d007f0692082404e1f7e8f9
c3093706cbf37c05260642f55109dc02c20c42fe21f951f3c4057a03810571024106ca053bfb0efcaefd53f917f9180066f450f8e805ec0463f880fa9cfe7400
df04b101a60a82fb0804eefb36fef0f9a7fd64fa64f304077a0271f5a30bedf728faa20a8df4ce042208a6fd75f4a5f394f3bd01eefefd009dff34f4b80796fd
9a04da0528f95ef9fa0475014406e706a0f73df381fc80000608c1fc10ffe2022ff4e5022f0cb5f4fb049406a2ff68f3e3fb4f07b4067a01f9f7df08c1fc20f8
1c069af5dbffe6f4210aae0496f8560b2a0c78032e09f2f748f4ed0b5c0bc8f842fe65f3ca049400b40cd1f7f2f448f80bf6db07c604e2f60ff4370b0af75f0b
ac0c980c76fd36f4bcf7fbfd58015801360352fb74f4bd0157f3f60666f325fccd019af6d5fb48f6fcfe6cf9d9ff9ffe3b0ca50b87f4440ce0f307074302fafa
a8f70a05860235f7000951ffe8f9b2f4ed0445f800fd93fc5d0a1f05f401a5fc8407b0f7b9f76b089d03d5f71e0158fb50f71d0a840488067cf484fa93067900
07fc8705f5f3d108a60113f99106a7f7aafc07f6a4faca044df759f3200306007c030ff6010ceff303fbacfe1c0b100583f40d097d074ef4a004c005f0f875ff
230b2809d2fd32011cfb9a0c6bf5de01b5f64dfe55030bf9cbf6fcfd8900a5fb7e08300859ff4c0b97fe48000c0c32f97ef5a1ff52f97bfdf8fc7d08bff94cf9
440494f8cbf8dcf915fd47f455f3abf6d900470a8108cd02fdf47ef8f70a63f7970948fd6aff8309c80cc8f4f8f80d038a03f6f97bf77df8d90a18fa19096afd
9af501fcc7089804f9fb1e0a15079409ba07fcf975f899f877f8730a55f49bf98500f903ae005f040ffa6709d9fe64ff44027dfe52f739f7f4049af8d904ecf4
2a048ef946034508aef812f4a4fe5b075cf40502470b9e07fdf758002709680a4a0809f95e02290332f8a8069b0c2ef936ffa905d101f3ff87fd1e0192f54a00
fdffb4f835fb41fc0afb48072102bf04d8fa420267f502f6790488f55cf336065b0683f42aff39fe3d06ee05c308aefe0106effe0a019a06f9fd7d046b08af0a
50000cf5fd07a009a105f4f534079ef6aef5660ab0fbd7fa68f62a02eef4ab0423ffeb094bfc8df6bc06fffe59f3e7000509130803f8b202600370f4f9f6bf0c
4003eff4d7f60405b9fa9207a5fec9096cf415f61b0068fc12046f013305a50710013cff8d0016f7fe0ac0095af9f3f318f7cf06100822020c0ab306ab0a0501
9908a3037007a6fa8ef909f81ffde1009bfbb7fbc7f41f087dffc409510a36f3ccf39003a7fabcf6b6f832fc7402aafe40fa5607220874025cf9a808d20803f4
6709eaf75802cdfb5af8790a87fb04fc85fb91052af5b80677fe22080805c9078d05110bfefe31010af7ec0062fdb3f95f0585f533034cf60aff8ff4d60616f4
92013c01c6fb05094d069f0b1b03cafe68faa4f992fc6902d20b03f6eb061300aa0b37fd8bf6250862006dffb70b8b0162f881f7f9f9e207cdfb7a08e707acf9
cb02e9082a0b2f072ffe90fb1405fd08d50b55f60ffbed00b0f979f52ff5f00466fe48f978ff4b0c7af954f356fa1408c2faf8f513fc04f7f5fc050c1cfd480a
98fa3b0ccdf5020ae202630ba70bb0ffc60b5907ebfff2febb03d6fecf0bde0ad3fe7800410cfb06770761072809a4fd750584fb6af5920811fa6d04f1f4230b
8a0ad8f445f9e5ffa2fb9bf95d0a6bff05f68209a9f98e019400abf46a0be30673f71ffeb4fce40767fe0400390af0fa910128041ffa83f60d025dff3c006002
8ff750fa11f980fae1f519fe98f85c0a45fb26ff72f4bdfa82f7270125f6d5f5cffbb8f516f43800fd0328fde508c7f966fd8cf601f88dfb6a06d10b3cfca90b
9b03d0f37a01d2fecefb95086105d2032a0347f339fb470c9bfe7303130b1df418fec4f8c6f4bc0b55f6570c30f9ea0163031e010f05d60501fe890295f9befe
a00c8af93ff4560bab06a306e1fd6a0afe01f7f678f6dcf9eafea6f9a90399098ffe52fa5b05f3f4760b4e005107ce08150c8602200b51071608bb09a002f8f7
1e089802a606b20b13ff4c0629ff9ff474fe83fabef4c90391051afc1c0077f90dfb0e0a240995f76f0686fcd101b2f6b204d5f8f90172fded021c075c02d40b
da094bf770fa9d0741ff58fb1efce30427f9a9008808060af0fba10796f6fdf777006efa7a03b6f67703b4faf4087d095008c2fd910b7bfa320477febbfaa3f9
64ffb8fae602a20a3ffff306d10680f821f440fc10faac01fc0445031a0328f532f56ffc0e019804bbf49afd0b0adef4b8f4a607c700d501cafdae010f01fef3
1f02a30785f370066d0bb0f44f0bb8094000b100f5f510f6dbfc1e00980c79ff7103c6fae1f33bf5250cc4fc300406007a0c4700a206dff5ea07650246ffcd0a
d200080657f788fd6e09e0f4eaf667f335f75ffe960cf2fa7ff30804970afdfb3ef36a0b990781f4160a22f8ccfbd0f5f201e40015081603cff6a00a22055100
dff5080116f5d301c5fac503a80939023804f6ffd2f6aef3a4fcb0f816f7eff706081506d3fee4ffdff6cc0806fbf6f36e009002f00b99f6b80362f38105c60b
eff6edf9cafcfefffef9db07b2073ff9d5f3d2f8e100d10a6e0569f5d601a0f3dc06510cf40bac037bf8ac03b10993f5400c3e0038fc7bfd6d093bfb78f8b803
940b2af5e00868fe26ff12ff0e002ff5f0011cf909fd350b7e06cb0b62033f0b7a0c750b23f702f8eef3c006d6f62b0094ff2f00d7fe6f0a0afa34f3290858f9
af006e0bfe0a0ff4900969f352f4effc74fd5efc1301d4fbed028bf7870580fbe3f62ff8920b11f468052ff6cf0126fe01044e0a34f3c0fd3c00a804edf595fc
a1068706edfaf8fd55f56dfd58078904fc06da037afb0afdf003c8fe15f5d4f545f94af74c0352fb5dfd3301040b73092ff655f92901b0f9c00928fc5df9a2f8
6504bdf82b065f04cb09dbf9ee006df98f04e60a81fe84f7c80b3e0288ff740be70bdeff0e0140096cfd3d03b9fd47fe3efea7f787f6b8f84a0500015907e9f6
1c017a0cb6f598fafff6dafee60167fe03079402fd0b2c08cd0830067f0c1f0889faa505df0935fcf8fc1cfc8cf6d700790bf5087af9c3fe63f73dff17f8b3fd
2503ba0ad103b0f963f45303dbf394f5140304028c0bf304c7013005daf5fbf7380ae90633fa36fd7df4ea00a0ff33f8e8f582f9d605ff032701dd0bf1023404
9cfdf20857fdabf722ffaffdd4036df465fb1e0543fa130c47fd5f053c0cfaf692fe5b0208fec6f6d9f4650cf30600f8d4ffe7039d07def3fdf889fe04fddd03
7703abf99b0647f8ec09c6f7c3fc73fff501a0f42afa79f80e037d022df92d08cdf92106b1081d05f0feb604c800e50998feeff5f3079cf4af039003d40b3206
12062b0737fb07060dfd5905040a73fec9000bfff4fd30011a059a057809af0441fdd8faaefa59f8390551fb6a033c0277f6d8ff58f939f3e600de0971f6d909
fffb72fdf4fe23fb17ff52062a052e0140fb07f62c06400246fbb80aebf70f056807bafa1dfb2afb4d0383f6d5fb16fce7fd95feb6f562f72003f5fc46023bf9
eb0bff00580214016cf4f9f9880be5fdf50907fb7c0706fccd08610847faa50874f41909a8f858091dff10f88cfd4bf4e708be0630f9d806f602fbfb4af653f5
bc065003eafcebf476f3c5f7400bbc06dbf525ff11fdc7ffc5fad90449f913f6acf676004301fdf66404bff8eff5cbfe230ce3f945068301650a690cd5fcfd0b
b208130947f425fb310a5c06ea0bf50261fd9a0b09019df6adf30305ec0779fe51028aff0d0837f957060c0176f4850a45f7d60b73095bfda403810854032c0b
5ffac0fb0ffe6600c202e8f426f8010843f384f763f842f4abf6af0c8cfac0f9ec02affd4500c90351085e0122031b05b0058509a2077d03a1f5d70bfdfd0101
170596fdc307440b84fbc6fe5bf4e3ff5af600027bfe1f0abcfb74025afcff0766fb3afa9efcf6fe0d0ce8f777040f092af5d8f456fadbffd508c4ff9d0485f7
53fe10f7be0c460b3304750935feb6ff5e0c36fdd0070c04d00146f65d04a00458f8bc0333f43e0aa5ff3efd5406d5ff470b37fc48fb3f04cbf43a0c64fe41fe
e204440ab1fb0d05b4fd7705060400fc150ad802280b9506d2fcfcfd33f85f02fdffd50831f8d4f37bfc7808f006f2f6df0295fcf6fb5808b20243f86afb740c
5e0552fd8ef82efd2ff76e0c0806bd0ce500120a91085e07bef9ff0becf6cdfd1b06a6079dffa406900110fb9c0313f8c9022efadef45707ab057afb55fc84f3
7c0aa3046bfdb7021101010cab0ca1047af7ddfabdf30efba7fb02fd7a0766f5aefa04f5870a410a8d0101088a04d00b65f922ffb2fa810236051effaa0a1f0b
3bf66cfb17f9190ba60a10014f0c9c086cfdfcfbeffe18ff83f6c7f31bf602fe43f760058ffd0effc5fa9dfda10393f9d104affd21016508e5f5f305bcf7d8f8
cafa9907e5f379f33ffa1dfbe8f6bdf98205c30697019afee8053afba502600466fa6c0c9a0542f99bf54106310573fa1d0024087d0764068d091cfe35fdab05
bbfe75081b08ef0b150736f8cb0195f4ac04340a5d0301feb504e2fd46f719fc59f8cf0116fcfd0198fe17fc64feacf99b05dbfc120084066f0b9007bb06650b
450a89f9c50a1a090d08ab04470a73fa09f91b0bccf41df7e10038fd3e0a790385f8eb0be10bf4f40bf8f3f502fbcbfde6fc0108bd072e040af59efabcf67bfb
3bf51b03a6f4b3085b0874fa9b0b31fd36f3310469073d086cf829fe63fbe5fc0a0949fc3d06bf038205ce00dcf94bfd7105a903af0390f96c07adf8e00b4609
95fa0b0ace0b11fe1a00170becfedcf42b04fa09c90ac3fdde056af3550c7c0a9e002b0054facdfd5d0967f5a204a5fa3afea4fe07068af49108a403bf0cf309
e2f5b5fbf6fefbf4c10aa9057f0605f51907ce0afe0269f4a9fd2af79f095af62202e2f6e80b2afbf100d2051ff82003350ccd090afcbbf8eeff700392f8c201
78fd1afb870335049efe53f5b4f7060cf60916f69908070cf3060602600501fa020478fe40fd5b002bfaaaf7b7f8c9fc2cfc76f8b6feef0700ff5609b9031afa
0b0759009cfb6008660789f748065cfe5702fef51c0c590cddf7bf00d70577f814fd3106bc061a0046fb170949fec009f4025afc4afbaf06f7fc3efce30312f4
e0f373080102580ab008c7f56b0441fe90f6defc4efdf7f4b1f580f5f1fb4a05ebff560180f75e008ef7bc039b01510125fdd00b33fd87016c0ab607b80ad3f8
8806f90306062f0c86f588f954f549f910f82c0af3f46d099af73cf9670bb1029ff4830b980799f63800efff900b1f087205cbf37cfe870493f58a03fef63ff4
bcfc0cf87609edfa2f0958fb3efc77fbce0b66fc41f5b9045cfbb7f381f456ff43f8a3f9a707d6fc2c0cb60547f9b3f5bc02280478fd82fd20f6a304f607df0b
14073800610a90f4affadffb7e020ef862fd8904f801fdffe8fa09f906fd82093af9daffc4f4110aef0888063409c5fe86fc2bf878009d076b0a38fcf7f872fe
8505ebfaf50451fe84fe49029c030efcf005ca0c67fc38f98ff7e6f980fa92046a02d8fd5ffa2c02a8f4b6f45601aaf866095203c1f7dcf8eaf9ec01d6f4e903
a8f6a7f469f310fa40009cf96bff4cffb606560c22f7df04ed090409c2fd2c034cfd86ff9b032d02670a4bfec4005e04b002c6f3edf797fabb087b0b54f93a09
460795f5bf0274fb2cfb4ff8a0ff41fe7b038208590b0b064f026dfd590189fd8c037a0ab30345051cf5cefd43fb810bb60ab607b9fc61005efc7ef939f8cc01
6bfc9b0c0a04f80709f4ea0abc09ea0bee06f7f8ff08570b89feee065a020107cd0ac8093afd8503e306a40395faa700eaf74d04a006b5fbb1fe8cf452fa46ff
62043afbd4f6c4049cf6890bef0162f727fe6404e0fd46005c00eb0a9ef3bdfe13041c06f7f37efcc8005df4810a25034c083c009f0a2f0a4d0949f3780a1701
130805fbf6fa2502d7f8b7f7acff18019805570582fbd906b80793046ff66afb6bf6c0fcd209f103e404e8f5e9fcd0f69df46907befa4c045ffde5ff9a007ff9
5cf84b0581f60b0bb4fb2a0148f36e0520053b0c27f457008afcd9fd01f592fa2003db089800b70ad40bd3068a02b506920a210ad80a4107260ce20066fd50f8
df094cfef5f8ff034f0aab0278fd89fd1a0b99f6960cb50145f586f77006e6f5590b4ef55ef5f30a2e08e8096301e6ff38ff60f381007f0391fcc3f91709770c
910845fe86fcaafe610b41fa7bf939ffab0aa2061c0864fb1c0460fa8cf942fb7cf992048800660277f753f930062705bb0b880b0bf594093306e7ffc706fd09
9b00d6fe160a8a0ae10a37f9dff54bf899f9fdff4c07df0be4f54ef39303a70373fb190a710334f7b107cf019dfa520060053cf49d07f3ff5cf7edf900fee0f8
10f9f5ffe0f375072df44a08d2f372fc2afbb4f783ff3d0940fdc9f48d06dd060408a8041bf80706e2fe5afb1cfdba058109d4023afaa3099af5eb09910119f8
610040fd81f4e1043d0240fef8f725fa1af90cf5aaf49bfc3af3c0f96e07c6f8e9f9040429fbe20adaf4420432f5c909d0f619fb5504ff0b1df5fb0a9803a3f7
2909110abc0a670c83f4620b180476fe100393f5e3fbd30a7d059afb440883088000c2f943064c0c1e0a9c04f1fe0b0c4803ec044ff6140689f8b7ff2404c209
d602b701f5f6e5f460fdb1f60efc80f4b4fd6ff451069ef717f5b4f5c706a0f33b0b95f6f302f2f8d5fc2bf7e4f406f49603c00b76ff4cf5c9fe16f607f615ff
28f969058a0382f6c2027af62ffdc5f9e4ff9ff9f30668f458fd4ef6b102a301f5091bf71cf4d5f779fafb01fafcb6fe69feb60cd80151030a087505b3f65608
cc0b2ffd08006d0825005405c404ae07b6fc1ef5c3f7a0f9fd00ac0c100b3706f2ffe8091dfa110b2ef4effe5b06e6070c04e70329fe9bf5a4f87908c8fc87fb
ce03fd037d0a4e0aba00c70bd7fefcf4e2fceef706070c0286f6ecf5eb098dfca90c7dfd1a038bf70bfcc9ffd403940b0d09880cfaf553f612f45c0ac4002607
d707ce047f021affeff9aa084a0c000adc0a0cf7830c80069a0273fc8df48f0cd308f405bf05ff08310815f75dfd8cf3f9faa0088a0b0dfe34ff01f969f30708
7907b606bd0c55ff3e054e0b1d055f03000069053906f0056c07a3031108790c3ff5ab0177f34bf86e084bfa2e065708f2f6a7f36afdaff3bffb26f4bdfad209
9d07f1057cff1efe1a0560f823f91ff9b704d40b4bff6d089d0475f3b009a700fb0210003f043e06c50971fd4ff36ffc5df712032d064604a40cbf07bb06c905
15f5270072f60f091bff900af20b3cfa8ff62d00b403500cd00ba5037afe3808fbfc58f499fcccfc1c0549fd8a0ac601b1004afde7f307feb50bb8fbdd064af9
49fe9d05a8f3d1f43bf441070d0311fe1f0badf44affb60ca8f3dbf7ba05c0fa9305540a900095fe9a09f9080df5e501890a4cfad7fb190782f4f60bdf0877f4
02f72e069efc12f5770987fbcbf3d9fee3f6ccfcabf8ecf57503200821f94dfcacffc60336fd5af8a60b3100b4f4ba02ac077cfde7f40cfaa308a0002004d006
51fcab04c1ff6b0089fe51fe3105b8072afea60349051a04dbffa7f3d0f5d4fcdd05f20679f52307b1f7cefd7502bdf5fcf7c109adf34df40bf68bf420fadbf6
2ff74dff1ffd2302bdfd13039909eefcb80769fbb50c4200eaf847f60605eaf57e02bcfd77f919f9fcfdf4fa6f042607ee0874fc1d0419fc9809c7f78bf32d0b
cdf3f1095d05950061042efcabf8c4f362fb16f824f6eefac7f7a4f53efba4f441f590f8990c040953f59cf51ef5770c8e05bc0c84060fff68fb30f61008ac03
dcfb8dfa6afc0afaf8f53303fdfe8c0b7f0b2c0860f5de00be0b37fc81fe6a0a7efa67ff4c02620bb2f7bf08ff00540b87043502f70847fe52fe21fbbbf601ff
a70b850ba0ffcdfe31f5ae021e096ef513097102c5f47a00dcf691047c00910a29f6330c0805430996f4b100560c400c0af5baf7aa01f805f6f4410266044c09
43f340fa5a0713f973fb4c0a41fe2dfde70a84fe400611ffb90c01fcc8f37808b7f89c06ca05dbf752fa6ff304f79df447f67700a50c60f5ebfaac0a2707b600
ec07a2fcb008f1fdf8093a092cf8d40667024cfca2f961fdc5fe660038fe6eff02fe06f8f405ef06e8f57900f8fe57fb8905f3ff9f012706b90c29065204c708
e209fefcf0fafc0a610063023e08c702c405550a4bfd5a0386003ef5f8f31e000006cb06b507a0f5fff9a9f68b04530b980a49f90f0839ff66087f081e09e10a
5cf9d1f54a0cf9035f0cd3ff94ffa50cdaf312044e08d70317fbbefc0ff5be0bd10102fef6fbeff32a086df473f9f3097f0c6fffc707a5faae0a9903e1fbfe01
3001f0f43306c0064f0aa101c2fa3905e10519fbebf5c5fe0107a9fe15f4b30976fc6508aafe490868088af326fb3afcb3015600c1f52d0b9b0438062afdf50a
ce0883f3310101fde606ddfa9d05500afd014a0b6f0b100869f5c20c9a0391f38703f2faef035204a5fd5ff6220be9fa07fb2d094b0c6fffe0fa63fadd02d1fd
dcff0afc3efc5303bc0b4d0c9902fe0a03fd85073e0170f58df37f0b280b5cf62704f8f853fb21f64c08ad0435fd7bf92c0087f630ff8908620989f41af4ab09
19f69e0923fd8906c6fff1f4b5fcc50620072cf433f579fa910a82f85cf98f05e106a8f4a4fd6701240a8805f6071a0159f6b9f82df4d2f763f8d6fc710641f7
75feb0fa18f9fc08ccff3c0caf015bfce2f423f692fc5cffd7f7c5f9d507d6f3530465fdd7fd0ef70b02e4f68e07fe01aaf8d70bb3f803052bf497f768fc0009
02f83005dffdb4f3ba0b9af4a8f8fbfd16f68ffa3afb9a02a9f4c8f3e8f528fe6afa45096f057100680050011e0add0b8dfb6efc9eff590a76fbb909f106c3f7
b1f596fbe3f34901a002d7f481012101ae04a0077e07eaf9190430fca5fa5a0a59fca80150f6fafec4fcd5fe9a0962fc38f56cf4d5f6c103300c6003ac01dbf5
aafc230b05f64705e2ffe6f303f84500e406160ad803c00a6c02f3f9020ad1067aff1907b3030df8f3f87500270c8ff4b7f851f71109d5f4ccf3600718f58efd
9d0a95098b0a8d014ef72dfb3900eafc6808e4fec1ff660090f6f0fc07f8910a4f079a0979fed409290bbff331f67bfc9700ec0262ff47fa87fdf7f95f0ad706
ebf70a0384fbeef3b7fe89f40ff87a041ff662008fffd7058dfecc0053075705e4fdc8fe9ef3c2feb6f422fbfdfab60ac001100c79f83ff88a00210230f737fd
61ffc201330b5dfda6f41e031a0be7011d0424fc54005f0577f5d4fdcb0570ff8df90600bcf9c0fae601d701e4062ffb6bfc96f5000437fcd6fd3e00740a3b06
4c058af739071e0c53f51d04ff04b9f562f79b0cd0fce4073304c602fcfa21f5d1f50b0112f7610caeff1d051ef68807aff6b4f9bdf4ddfa0c090a09d4fe280c
980699ffbff8b3fdc4fa720c5c0c590cb00a21f5b308be0abbf57803fc03a8fb6905cbfd77093afa1cfea30511f850f7cc09cf084ff856f9c9f9b9fb4d00dafb
9bf90b0441f64ff763fb5a062204d5f718056ffc2cfe0ffa91fbb5fd0c06860776ff75fbbe079008c6f660f580010ffeaf064dfac8fc8509330310f90df4dbf8
080badf8c806db0561fd3dfb17088707d600bcf666fee5fb350a99009801a8015df7adfea5035af9ed00380ae407c6fa19f59a0099f456f6ec07230cb507c6f4
cc0892f9c6092efe1dfd62f9d9f6d20642083ff31b04a6f6ecf76b00bf0a27f72efddcf3ffffe6f4c1f599ffc7023904e5fefff8d009d10992fdfcf49d095ffe
bcf73dfd35ff52f6000caaffb10719fedcfb05f8c3026af9a602f3f354ff100c0dfe9b0b38fdbffd62088ff843fe06fa15fbf4fe03f8e5f61cffb7030208600c
46012e00ec0782f7e807ecf882f693046e0c550cf00bd00476f700fa800cd6fc7a0908f861f4eefec9fcc0f90f02da05e1fcabff8c0732fa1301e00a6004ebf9
9f07cbff53020dfc2d0381f5b804340421f643fbcf092100fa08b0f874f90df5e7fbb1f96cf6d606a00ca3f9e0f4f502f6f5020513f9610bb207360a6cfde905
60015d027dfabff545026a05db0447fb35f3fe08d6fde2fc24054d0224fff1fe1c02f50888f67f03f6f6bf0a9bfd31fbfc04290018f8d1fefb043809f1f3d905
5cff4af9c90521f949f664ff5ef763f4c6f450f697069cf6cdfd9703e9054e01e5fed9f552f620ff960c1afebf07d6ff49f818fe8a0ce4fc8c0be9f88d0c91f3
c2f62d0ad7f4460637f80d0b1cf91f022f0b740937f3050028fecc07e906eafec70387f6a80cc609c2fcdd0a59f4500be10795096706acfe3dfad8092e09d8fe
41f8a7fabf0843ff9f081cf4eb002cf777f50cff2900a2f4cbfeda063803ce094efa39ff8f0387f9e20a50f4a0fecdfc79f9a709d7067305dafd2d0c55ff6408
fef886fee2ffca00a2fd82045a04030a13f45804e70b2df472fab10994fcfbfa61058408b30c4cf647f894f8fe0be0f56c072df57009ff013cfd3cff9603bc08
8efc5206a9f381f8530b38087cf43104430670fc96f6d704c0035a0499fa8ef671fdaf07f3f60409e7fb790004f85bfba606980948fe4807120547f334faccfb
8509df0a7bf9180af5fd490c60039bfaddfd0b09740742fea4ff7ef94c0324023701d0f3e707b807e0f992f777f5b4008df9910b930a220770014000480bdc01
4e08b6fbb1022f084f0618030b08f70880fe07f7150699f855fc47fd20046501a0fa2b0c31f60902e9fa0c06b30be4f961024b042bf842ffc4051e0a5e0cec03
7d0c96049e08fcfd340964ff710615fb1a06a60c130353f627f7aa05f20328fcb601e908b8f487fdb6fd790220012b0aeaf9de0413f92df9060187fb6e0a19fd
82fd3af83dfde0f66af6340a7af34c0178f80a08b301c505edf870ffa7faadfb3bf840013703f9f3760b79fd24fa54fd45ff4e0124f707f41a09f008ce07c5ff
d1fc62f36904fc0905f51bf68cf5f9fefa00a0faf2f71ffedf05d8072a06a30602fa79051a02a2fa680ae0ff22f90ff9e1f5ccfeb006fe0226feea08800c74f6
76f55305b10c220aa80a7d08a102150a57f9a0f3330c460391fc760454055b047df79cf64a0c1c098c098ef8900b050150f743fd45fc4e0368f37a068e0635fb
8cff3cf4faf7e90526081d07f407440a71fe1cfd48fb1903f60af10b8304360be8fb5d02e5f72901cd075a08da09e80b1bfb8905350b2601510a7efed6f816f4
c7fde70bff01a1023c0571f464f41b085704a904deffd8070806e80547002c003700affdb8f7ceff4cf9e6fc1a000105660cf9fb28fe4dfb74026ef8f9fd5805
8b031ff598f7b1fe7cfa3bfffffc2dff5fff5108fc020efd0107fe0867f7b5feb6f7d2008309a0fd330b8af78305540b3cfcfa05cdfa340addfa3cf662fbf905
c8096bf5e0088f028e03f5057107690c79030f00f2fac4068c0672f9a7f455075bf3a3f683013f025c0379063b0847fb3c0c38f8f50112074bf830fac9f84809
73f7f9f9210409f67804490c29f5a7f9860b5e0330f9bc0a34fec007cdfc14050405c5f3040a57ffa3f61706030a8500810a60fdc40cf3f3a1fe1bf911fcc1f3
fbfd03013dfe20f89208ea04fcfaf1fd4bff13fa88062e0c70fedcf40efa47f4d2fb4b071e03ee0133024ef70afc1a08fe0762f5b50aecfac10c1bfe8b0666f3
ecfc7902d4f87dfc52086101170498f8180b21fdb0f4abfba3f8f6fcfefdc2fbbaf3a4f5c207dbfb7cf82d0ca4f54507a2f7b009ea022f0ad709d907d6f426f5
5af305fb2c0889fa72ff08fc93f3fb032dfc950a8103af0685f909f525f9bef31ef6f5031df40af4a0fd6c0b92fbccf432f967f8ae0b2201a00bbc0b39f3f70a
b605f807f203010b82ff1afd3e0086070803a80b0307f406e3031dfdda0aa607da08010c49f633f9a10584fba809560c590a2003dbfc55064b00d6f447f8c904
acfa790619fed105eafa7c0a40fb2d030808050be208ad01d5fc42f5a8f6d8fdee0b0ff9d7f8a4fd9bffbb0535ff980635f6f70af306eaf715fd7909f7f41c05
4ff54cfe21003dff65fbdafeab04ac0596f75c03dbfaf0f9a1ffdbf914f851f40e06dcfc74fd4cf9b90118f503fdb40b55070d03ebf577037efa13056f0c4f01
c0037e0859f39c064a05c703fe0b5bf3db0183023efdc008fdf45a0945facffa88f91106c3fb0c0ad302780ac402b3fafd05ccfcffff39094efa99f368fc4ff8
96f95efd10fe26054af32e013207f306180a340372f6acf8a305d8008ffe6404eaf363f9b901480616fc0c015bf5c4fcc4f3d2f6cdffcf0b5c037efaaff4360a
7ff7f8fc3efd0a081108570c8506820869fcccfc88fc5b062c06d904f2f5e0f3a1fc230c8608a1fa1605bbfa2e01c5fda2fa5dfdb6035901e1f8e5013a01f703
5d0b0fff6608e1f64dfc2f00960265fbdafcfa08dbfd350888f9470c4204a1f3cefaf20174f939062c0ca5fa64fe2afd0ff64bf9500213f91504c2f5a30a7efb
42ffb20a7ef7adfe810934094d049f0671fc6b004f0bc4f465fa8cff75f9e7f5dc0a8c06c103a102c9f76d083cff11f5ccf89f0b46005f06f5fe9102b90087fd
f808f7f9690a710a0b00fe06f6fe71f962feb608fb0661033c078006b50bc6f3d3f400fefaf7b102650047feecf4eb0abd02a6011ffc27fa77050a082309d3f4
cbf70c08b80474fc6fffd707a0f723015002cffdff02e8094907890223fb3afd66fad4f9e60810f73af45d03f9fab9f557fddc078a066e0730071507380042f9
79f844fd3b014c0610013ffbc907e9f54ffadf05da04affd900856068d07f00bcaffbffb80f8f80a4b02b10355ff6d0c8af4430580f805fc97f7fb0166fb15f4
0301a206020857f737f9d70aa4f4450325fe73006ef31507bb00c3fd6d013d02ba00ac02350726fcacfa130112f629f99bf8e0ff2106b4ff7e07520535f3b80c
60ff9ffa1d02a8faa90b50fc5b0134fab6091d0559fc5d07800819f5f80825fb8a02d608690258fb0cfaa3f73a0ca906cd08bbf793fb35ff72fb890587049403
6a0092f48cf8a0f4b0f85f018af4c2f7a5faf40b3008befa57fa810b5ff8fbfaf4fcdf095806f10bb7fc4f071ffdf7fc98f459ffc8052efe5ff41dfdb4fd9000
8dfa8a0cbaf8ebf7e4fd46032708fefa7f084efb2c05000bbbfc0d0360fc9a06160204f8c3f990faae0a0102aef46804c6f988f373f53e0781025f0211fcaef7
4ef6bbfb9e0b81030b0bb9041c0a62f481ff0b058e08e1fe6effdaf866054bf4140247f363ff3d0cac0702fb09f8f401140c8bf70ffc82f753ff170b9d064b02
0af6b7ff41f63c0b8df56a029901d4086d0963fb78ff6c03480c490bf205d4f8b103710ceff71df6a4fc440181f87cf4ec04eef7fe00ba030c0a7e096dfcae01
bf0cae00b60002f534fd7e03c603fffd060a1406930658ffecf3edfbbcf565f7a5f834ff1609e00b980c51fb640baf055702ae0b77fb300608f8dcfdb106d0fd
1a0796f99cf969f76e0230f4aff321f5d3fa5203fef823f4e4fe6303270c6afc96f87bf33ef747feeb0505f6ccff4c0055f505014f0b45fc9efb04fa91fe2307
68fbc3f939fdd5fac7061f077508ebf6e0ff8a012a0b900113001b0ab808a3f5b1f530f5bcfdaa01d2f534066d03b00389f9bdfffcf9bcfd2bf5630bb9097ef7
b9ff9d07c50bd2fb93fe2ffd0508bcf6f4060d09fcfd49fafafbe3f998fb1afa4a01d5f349fbe8fdeffa0cfc1606d2ff90fa86f8bcf909f9b5f864f36e048ff6
4e082207110bff0896fa86f44bfca5f77a00cb085a040e0cd8f4c109a7045b0b640110fa84fbfd014100b8f6a8002df968f39b01eb05fd02f5fd760954fa09f6
fa0ae8fbb303fc03ecfea100ec0af9f9cffe6efd660cc4f8e008c70525fe56ff480803f64a0c34ffe6f54affdefe81fd4bfbe4fed3f9b20cf3007b0660fca5fe
230596fa50091dfc26f5e006c7ff02f8ab003bf3bbfbe8fe690b05f655fbfaf387facafbc800d9ff1cfd35f671fcab000bf93c02a907f2004cfa4e04690aa5f4
f502a8ff31080efe5406e0098e0a6209e6fd8c07daf6dc01bdf9b0f94bfe33fbb803200a73066005a60025f8b6002108b3f92406da09a5093d081a02b7fea806
f309d6f8470ce70b8502b1f6860b79fd79f9b60166f4f9f76903fd0a990179037d09320605f69cf4d501b0fe52f45b010cff100c15024a02c10b1503b308b2f4
3f0a230c75fe2908150364f423fe0e0288074a05c7f3110961f31e0952fe45f8460bb10642fcdef436ff9efb5a08280c95fd030bbefce3fd440856f40bf94dfc
0903b2f4b203dafb8f075bfa3bffd906b6f41df9c8033df6e608b106aafa880a0e0918016d03c50c85fc490bf80af6fc400119fca90a5cf54a05600979f461f3
50f3c5feaeff74ff3507bf07cf0614fcfc0aaf0ca3ff8a02aa0283f689febdfe26f5850a54f6090b69f925fe20f7cc09b5016505f5fd930c4103dffbe7032801
84fcd7f7b70bb5005b0056ffc701ecf533f837f5ea089ff8050cf4042bfeb2f7de01830c46f6abf5c3fb2df87cf90f02c700fbfcc2fe1bfa6304a907e5fd8c04
1af45af72e0183fbb8fce00b53fff9f5fbfda3f687f734fc0bf4820a02065af825f80f0034f73af8780655f4e7f562f367f98c0c850aa2f600043afed506eff9
0307fb09d609ddfe8efb7af4aef3e4f99c06ecf42ffbc50009f79c02a30bb106a0f808fdcffdc303e8fdfff778f4c4088907e1f97108c603f60193f65f0058fe
4d0116f591fc8a0bb6f468fde003da046e09050025fd6efdc00baf097506d1080cf483fa480c64086df6aff4b7f6c6fb73f89dff8ff3c4ff750994f93d020505
0a07a102cd05a20268fd7a0b50f6c5f6d9fd3207740a7af6c5fa1904fc0820023aff4e01c5fffcfbe4014cfc050baefdc9087cfb560128fe51f43e069d08ebf9
54fd8af67df6ecf89f0248083d083e058908c4f535fd110cf704f0069dfb0707d8f5d40bcd08770058fb20fcbff852f7d300200c2f0cf9051dfa8c0c7a060c08
4e005bf6cdfd4bf456facaf989f7e60aadfbce0ae607d0f36404c2fea6ff840663ff0bf79406b7045602cefa5e03a30766f9bffdb8fe7bf92404c0f75406f9fe
5901f4f5f20ac304a508e0fecdf79b0b10fed307bffdc90c1e064d08af03c3fdd4f4f7f9a20950f98afd35f337006d0c24f67afc520c13ff310270f64ffc80fd
a70c220678f47900bdfbcd0a8ef37cf4ecf6b008c1fc5a0bd80ab9ff30f7d700ebf9c60620087605f8fe98fdc8fd42fee4005402b0f696023cf895044ef48efe
72067301bafd3106ad0313f59f0b41000907770b1604aa053804cf06a704740151ff3d04680787fbf5095b0327ff94fa26f47b022bf5e3ff60fd2e091d052f06
75f3cd06ba03d90058f66d03e6ff50fdc90376061af959066b0bfb00ec04c4ffc6fa2aff9c03a60c86f489fd5703990bbffaccf596083ef723fdb7f65b0652fa
010cd5f8fcf7e40341074cf4a5fcfd032afa260afb013ffff7f39d02e8fa81faaf061ff71a072407c003b804fbf44706f7f41cfa780468f6350730fcd60b8a06
7efc24ff83053e08fdf92204cbfe11faf3f370f7da06fdf6c7fa9909f6f49cf8bc09f0f7a2f983093504f2fce209abfb2a0bcbfd5a069df7120a020ca60a97fe
9e0a6df64702af06fe048a0b750297fbfdf5640953ffb7066af6b708fdfe72fbbeffea0786f7050646fa530c8605dbfa8bf696f438fb7aff430cb5f465f8f5f6
0bf58803d80b6a04ecfaa3f4a201bb01f0f36ef6a9f31e0c9cfec0fb7a012cfb56f7d40253f30cfb210c3206760605f8e2f6d30538052ef5930c6bffda06effb
1f0181017b098300e5f92707040297f416091900a6fd8ef80e0b4ff5700480f7bcfd1ffc6eff80fd4804c5064204defeb1f4edf4c905060c69fb2d0b71f72ef4
af090a0550fb9df3320c27f5ecfd8f058801b2000c09c0f69d00f4f7fc01adf57408c0f843f91c07eef6ea010df71e0949fb5f06bffa71ff12f947f89af6c1fe
d6fa5cf50602edfffefe49096df52a06c6f84e0ab2f7bffa6ef60002edf456f3a2fc5e037cff54001cf6de03450c5bfdba09b5f8cff6ff0bd0fe30046af7b900
56ffc2f320fb61fe3f086905ecf8edff1cfef4f41f080507af077902b304b8fa0201c2f5e5f426f4f5fe280a3f020df4ecf94b08bafde6fec90b7df6670a5b04
3f0af2f7acffa90209f63d00dbf5c70afdf7af0b910b6cff0b02ab04d507bdfc39074e0b7cf3710ae4028901a7fa18fc2bf8b604a2f95a0252fba008abfcff08
c007c50a22f5e00627f987046508fffe0a088d0aabfa90f5ec02cdff32fe7f0c98fc79f54afe6ff6970557fefc0a71ff7ff551042afab6093603a809f4025cf3
adfac3fa0d0770f667f3d0082e031702c3f400065ff3c0fef1f4e101a4f323f58d0b2b05cd0263083df8f708c2f51df859f984f303ffbe0471fdf800edfbc40a
48f77101a0007ef453fa93feb6f457fd9404cbf9860a2bf827f5e302b6f7d4fe950ce3f918f87e0c95057c06fb05c205d3f6affb7c0c8800170b9f015dfea6f7
9d08860287ffebfbebfdebf4dcfa1ffbbdf57efdbcfc88f56403b8fb0808e3f6be00d1fc7ef530f5f305870ab70525fbe9fa22f6eb04010510f8980ccff6b3fb
500a98f6ea05adf85f0575fcfaff94065d04b8ffc8f91ffaf006c3fb160368f45b009df8a104ce00750ce800650900f9e801140541fa28f4adf9fd00a701a3f3
c10790f70f07c40c03fa0502eef8c1fd9800890242f564fce1f69bf520f769088306510692f5cbf8c40242f315046a04a70853fc8efe25080d0ba80c49f93c07
c108fef4bd07cf05ff06b902dc09de0496f3e2f79bfe02ff4b0918074affb3f572f687feefff420472f66400120c1f05e80bcafc17fdc6f3540102fbe1f4cdfe
51f775ff8af7c0f748f64306440935f44bfd13076a0633fe2003430c540c7af86dfac70b2cfb64fa14076effa60afbff8bfc12fdf4fc07f571f422ff850573fa
f103d004f8f6930a6606e500cd032df85104a20c31093dfddefd8d07ccf59b09ddf6f4024f03e302c6f9ddf34ef396077e00f4f440008608a3fb23fff902ac0a
e60a0d06e8f7b901570173fa170086f439fc47fecafa8a0542f431fae0f4b6f8e8faf3f7daf6830ac1fb2bfcbdf441f7f601ec0ac0f843fe80f50f06dffdaaf6
22013302120861f96b07a605f3057906170943f9a00025068f069509030339043d06c40214fe000489f59a066afce8f53a0a89f43f04a0ff61059c0010f6030a
bffb0a096f0b95f57df460f6acfd5df83f088dfffaf8eb00e3fb5202afff48fd9107cafcc708ddfd90f792f9ccf7a1fb4cfea5058a088bf344ffe8f7ae001ff8
fd00a5f5f2f4b8f6ebf74906750426012cff4b00f500c2fcb809a20c9502f205a709db0099096206df013f0b76fde1fe04ff240b210599085df3e8fec2fd6cf9
d9fcd402c60b2c0b01fef4f52d0926fc43f7d5ffe8f473fe6903560125032c0b06f9b8f8b2fa52f919fafd012704aef665f72cfd8e008d000604d2f7d5f730fd
abf8df03e506690b14007dfb5dfbff0152f415fc6e0218fbfbf94d0cb508a608f0fca3fcc0055efeaff6d9fc0909edf6bdfeccfb6df475f5d1fceff305fac108
c602a8f70e079c0c1b0c4cfceaffbffca405b603a4f3dff6c3f788fe51f883fc100878f642fd67f8730a0ef71a00adf4fffdf5f794f8580067fb94ffbc003cfc
6cfee0f44408fffcf3027a074ff49003d8f99c07fa034f05a5fed208d20938fd23fc59f3220be0fa4cf7c0fd65f4ea0089031dfe02f6ebfe34feecf454ff2409
700b74fea30cb0feaefc61f68f07d30417fe2c0b1af6cff945f40105050676fc9305d10b06091e05c5f78306adf411034a00880388f8bdfe66076f098a088ef5
38fe45f894fea5081f0b2c0b1d01dc092afa2501fe05daf79bfd210541f7d1f836f64109e2fad808cbf78ff50d0229f72a0ae6f34005b4f911059af664fe88f5
1e01dcfb8ff38200cd0ba400c7003af368080505a0fee3f815f42e01aff499fde2f99c0780060bf987fa910cb7f66c0610f4c3ff2c09a6f76efba4fb9df69302
3009ce0231fcd6f3fdf7a10aab0ba8f58bf46f001ffb0706a8fbc6f59eff2201aa0773f82f04ccf400f70a0c13070c0b45032a0a4ff7980a1ef951f61f0541fe
22f97bf86b01f7fe7d0ba60503f52cfb540b4ef81ff4bff530061afb9af561fbd30a6d021e010a0cddf67603c7fe9ff6dd0b7af5aef83aff610023faabfd2ffd
1e088e0b5df45a084d04920b560a070bc105f2029e0b0a085d00eef3e5f78ef3fd0305faa8f982033bfb6df9d10408f532fe9ff92b059c02b2f8f10947f835f3
e5fa12fe30fb0a00f3f6bdf67ef73607d40966f3afff030332f5c7098afba7ff3802cc0b1201ff0591f4c706da07a70a12f5bdf734f50dfc5706d302c507cffe
3a0572f354fb810c5505be0768f97bf47cfe690076054dff2ef6bc0597fc30f701fc8d072b094af491f455097f09a30ad6f45a0647fb420677003a0596fb83fd
3b049807aafbb5fad8048c020bfef70609f6ba0c41fa68f89bfc2b0ae8f680fa55ff39f99bf642faea028a0cdd0adaf73a072bfb7d03bafdfd055bf98cfdbb00
f0f75ff526fd7f0a330262ffcefd14096efdc906280ce00a24f85703d3062000d50148054f0cc4f77ffd35fcc9fee4f585fc840670fa8505ab01daf369fac5fa
6200ecf5aff317f685fc3f006afdc4fc5bfdc503aaf8ddff06fdb2058e0340fb38f3c0069309b3f78cf3e8f91400830b81ffefff56f88b096209acfc7ffdee08
0e0300f94107f3f891f466f594fa83078409c4f452047b0398fa4bf3cdfdb1f9b9fc76fe490bb30176fdb5000b00c40319ff5bfb67087803bef50b0cee03c4f4
37f3a4f612f56cfd330ba301d2066ffd6301b4f79002ce00a2ff22f9f708b4f723fbe7078bff52fdeb080c0140043c086704610bcafa8a0254071ef5d8fbe6f9
8009bc046ef744066109dcfe6806960c58f48b0c1307b003800687077afcc0030cff64fa5c01da0b9bfeeaffcdfe61fe3dffd0f68501c308fef5d1f4a5f8e1ff
37fddf064909a8fb890bd903e9feaa02200961f823058a0baa04ea0510fe25086007870cda0b90f3c9088400de085ef42cf705060e036c02f4076bf9710c440a
1d0302fb32f6070564f38bfde7f47406820037fa65f6c207a0f71705b0f90dfed201a0f43b055cfa7a023d030b00baf4cdfc32fa6c0624fafc004c0cc5fd2007
b20b8efead09dbfbe4f7adfdb5f62bfb95f63000fcfe9302300c16f8a0f8afff81f738fe7ffb4304a7f61d0c2c0c27094ff568f3a1f30dffa60a83f52dfcc30b
eb0485ff88f43e0272fe3af36ef8ebf8820c920165f600030af86e033e032f034b05850c77f89205d3fcf3027d0c0ef4470be1fae209dcf9c9f772f9f6fd9207
b9f7b905dcfd29038b04150aec07c5f6b3f6a6019a043a023d0488037ffc3c0a99f99bf72d089df48bf52803ca04dafaf8005c0cbb03400492f710f74dfc2df4
050ba702440335084efe670173025ff551ff220c580aed09540538048cfceefff20ad3f7abf6fcfb0b008bf6b0f64d04ca06a4ffaff6da0224f52af7b6fe99f6
78fa9ff64807b607c1f588f30ff5f5064bf332fefffad9fe1e08810776ff28f4ca02220c77f66df7d00ada0330fbf801d304730b4b02fa05210ab7f58dfd3507
5d02e4f409f5c6014a067ef81704ca0217ff0e0327084d0617f796f94603bdfca1f5d6fee4f54a02d0fe5100bfff0bf85ff4c90c2ffc9309fbf55bfd1cf4e0f8
bff7d202d5f42a031b07e80a4a08820020feea009dff6aff34f82b00df072701fef31e058c078a0091f339fecd0215020b07a80bdef6f5086209c20c22056808
dff9430779ffa6082b0502f4230ccb04e9091e092e01fa0495f369fc54f36609ff0319f57605f90859fc2ff5e0f403ff790267f7ecf931f831fc9d0143f418f8
8f056e0161fc810bfcf498f5660c280cc50707f868fb7dfffd0bee0a7cfb74f69301520323016cf5c802410803fa8a02ef04b7fa1ff4830428f6f60bbf07c503
2a0785fbeb0602ff4b0c510a4cfc3502c4f546f4bf0816fda1046afc53f37cff57014509700041fb46f95b0461fa090ba209fffab80914fe16022dff740933f5
64079ef62f086ef92702cf027506580a57f46d079301b8fe50fd47f489fbccf4e7fdd2fb110a84fcc5fd340574fbcc0af6f51e0b1e074fffa10579f8f9fc9bfb
0ef528f50002bbfec6fb19fa770b8205da090009ecfbb3046702fcf625f67005d5ff71f4e00872f36d0bfd0786fc7efaa5f6f4f59bfbe3fd4ff34ef402fd3d06
510265023a01ba04fefb9c0616086bfd77ffbffe14fc30076b027c07750bdc08bd0c25044afe77022a060b04c5f4adf5030ad6f4b00641045e027806340ccdfb
2705bcfc36067007baf39bf74e05def350fa6401d3f56900e90101fc5e0bd3011afe3bfee2f707f8450377f81c0c570bc0fa3efa2d056cf633fd8c0a4a05c004
b6040d075a0781080f00f006d50751f867f68a07b301e908a8fdb0f38d04a505b403370ad2f6f5fa80f739038805cfffed0993f506f5bff6ae017af784fa8df5
70f5a00b5f0aca088b08e2fff2095df9c50357fcbdf66cf69c0404fec4047308a7f40afa62f4c708e6fab8089ffe9ffafc081ff89204c70a2b0a31f840fc71f4
e4096304fbfdcc0385f3a3f925048ff3be068104f2f46fffdffa68f6e9082a0a7cf6b9f580fb91048cf425f51701e908b3f829f80805e7061305220435fbf6fd
7bffcf0328f7e90bcc09ee05a604f3ff7bf91808cc03a5089b02e2fb1d0aecf568fc3e0767f834f391fbf40b44f5e008760bb204f5f57505dc07c103aaf31203
41f5a9f9fc00de08b0f56cf3be0728f571fde7fda0fa7ff42ffd16f428047106e7fd84ff41065605fd031bff2efc3d0cb3ff16f6bafc1e0031fc8408adf54afc
1d098f07a7fa0a033cf6bb00cc05bf0a64fb3bf3baf414f9fdf3b50cc1040e01f1ff85fc370c0d041708eb0887fc37f457fb7806d4f750f9810a97f577f49b09
93f849000709c102fbfce7fe38fbb5fdf8fb7607140532fb840930fca2f525f472fc50006afb4df72e0774f3c603bbfbfe0beff4d103eb0b8b04e6f915002bf7
670154f3e204cdf936029f07b5f619f92afe12fb3709ecf5580c0a0a1f09dc084d065b06030a890ce206d8fba8013505e10188012a0b1e08a30c8303ddfd77fb
48fa500a22f68df563ff5105a10c00041300580034f66107f2fe8709fc00470c010ad30a64fce9fda205c4042df9930915ffb70151fd3cfca909a5f308ff9902
7af795f3ba0b6300f506150b2bffa60c9109eff6a9f65cfe3d027b08ecf7ddf7030611070df96500910683f62103e8fc6af5570359fb2ff929f66bfc420c7bfc
fb06f600ba0cc800630003fd4bf336fdeafbb4fa88f99f08d1f4080cdaf9140915ff11fff7fffbfb08fa8bf9a005b0f5a4fc4bfc9506f10012fbe907d7fbef02
9d063cff00fc2af8330b01fd55f331f776f81b06400ae7f58609fc0a6aff4805f3f57efc5ff9310acdf53afe1c045804200b45fecdfa01f92ff71f03f402c708
baf946fab509dcfc43f719fa3604b802230bebfd42f86207510b91ffe606a408030128fe86f63106b605f307dd029ffd3afabd0c1cf7460b23f8aff3cef93d0c
6b09ab0cee09c60caa00f8f93b05a1fd4a025eff050ac603cffc43faa80183011e01effe70f4a206d803fcfcf3fbc40cc4f96d0af10a9cfc5006a7f342f92dfb
b8fbc3fda7fb5a0035023c0b4909fb067a0c6f0945029306a3066dff350b55069d052a03680007f60b06c5f7da075a0b9202aa09d8fce8f65c0554fb6b0a99f8
6bf7c6f9280c93fed0f7140239fbeb0b5af87d05ad0729fa740ba006cdfb43f4a708fc0549070aff02f94cfda401cdfa7ef374f5ef070008270cb700acf360f4
8200940aaef9fafe51f61dfc2d081302020ce6005e092009a6fbc9f356f669022e090a02570af3f9fcfcd2fca1f451096cfb49fc0efc57fc99093b051dffabf9
7306880676f919f78403c9f903fa50f95a0396fcaafe2dfec20256f5650113f977053400a2f3bc06a70411f5bc02e70768036ffd56f75dfdaafaa509d706f4f7
2ffff0f831055afe1d0994063f022e06b4fa6c02a9f49ff606099f05810b720aaa00d905befb2cf57c0124fda3f9e508ae05fbf755fff60a6ff86d050afa01f5
20f773039bfdb706ac05360762f9cbfbc1f427047004e5ff59040f03690b2cfe7405bc0c27070d0922f7aaf35cf854048efc1f01a9f681084efe3309a3084807
7af6d303e7f38d0bc207cf060af5fb0b48f39bfbdafea2f485ff7a082309450684fa69f6d1097007320afcf993f8490381fdeefe6e08d800080b75fe7100d9fb
a0ff93fd50063001f00666075c0c340bbc09ec04080a3d05f8f6e6068e037c0bb6fe090adcf35302bef404f712f723ff0d00b60b870b9106f0fd0e04c00c610c
3ef65d0c38f617fd64feeafb040270fc6df791fd49033cfaccf9f302c0f63f0b16fc99062909d7fa36049efe310202049b048707e4024ef70e0c73027306b708
9afe3df551f705fe6df9a5f59b084afcdd09c60cc2f54e017107010551f9cdf6f9feaa037ef5d0f39407adfcbe0bdd075803db0547feeffc2b0997fcd9fc820c
92fa100114f940073c0418fb580118fc3f079df7dd0471000908d2013af796069307a0f3d9066cf3e1f94a01a600d80a8f03f1027e0b75092b06b70539f96bfc
0f08ba066a0228f953fcb40c60045803df0566fb4af72cf99bf76b0ba10ab104ab06ad05f5f7c801aefe7efe9a0649fdeaf542fab9fc9f083cfcd3ff3df96a06
69f4e503a202d2066c05a40b1403e6f9e2099df706054308b4fe47015b08e0fd50fbb20530fae6f4ca03dffb41fba201a1017b01400628fda8f521003a01340c
aef5e7fc07f46b038cfbfcfc50fda3f383f94b0393f800047bfab40a1e00e5f7e606d408a10b9ef738fff9082a039f0b630176084ef72efe15f66affc7f9b809
9dfb8d022df9e4f33a0a8bfda703eafbc20144fc06f4bd0650f3600780f3db0869fc5ffb2af99af7b8f59d08db0064097ff56902a406fcfd9df741fd9ff5bf0a
ab008ff8fffcc2062bf73dff900473f521f45608a3ff2bfbba0a7606d80bc104ab08bdfbc2fc7301e20b370ca5fb6ff9f40061ffbc0b5406a6f5f806c0f8bf06
e1ffa30a83016206850b03fb180a1207d1fb28f70bf403fd7efdd405e80567f8bb0c4005bafea1ff740892fb59f879083802790c6afe8bfca2041407ebfd8000
030870058702ef03e2088c05eff534fed4fb40fdfbf62d0c6cf4b4078ef8d60543086ff3bff975fa410a6b040af5bff886006af8bff7470885f671f767f529f5
4ff541fc66f421fd1efe3c084601d101bf0cca0a5e04acf925059bfd6cff3003aafa98fa0d0bc6f3feff730cf502a90399f53b0845f87cf9b3f69004140c51f3
0b024a066bfb1ffcaefe91fd270005fb8a08bc08000b9f0875fe8dfe4d006a0a08fbec0416f975020d0404fbec0b8efe170516044cf744f98bfd5afcbbf7d206
ee0085fbf8f6a401e800bef85df8fc0b4906210ccffae304f9018df865ff49f89cff200177fc4601df03c508f6f6b70947fa2ffc53093bf8e7f448047af758f3
bafbf200c500850091f73a0178f5e106a2010003ebfb4ef367f65d019a03cdf3910038fde509d0fd02097a028efb360a55fa4bf6befdd4fce4fa0c07600af1f5
c002bcf44cf51cf7b5f31c0b1a01610aa0098d03f0f484f40c0468072108e7fb53fad2fc360a45f672ffd2045c00d8f5a9fc98fa69041bf4960c30fc77f419f5
94fd310a67fdc70990fe140aa1fb6bfc14029ef679fca6f6b1fe5bf7aef5dfff740b8ffe92fc2901acff9d052903ee03820369011bf6ec00dcfdeb0935ff8908
340c170bb6ff8a0982f5ef0af2fe580c450441fd320996f6e8fd1001a305b6014707aff538fa60fd00f61900ee01f4f8b8fc1b0c7df95bf8db0bc9f77dff72fc
b10c0cf971f50008e2f4f109920c57ff53f4d10920f6a5f391f7fc0bba04e9f65b0661fc64fa600badf3c8fffbff730a6af53cfb97f85bf8ddfeac0cb9038b0c
65f6d3f4e5f39ffd3d0cd308e6f3c704bf044502bfff71f5df0b1af508078dfe2c0ca30438f542fc8afaa2fee70bf7f44efa6ef8750a4c028304b60c780cf607
050b4105a40c1904cdf6650a8ff856ff0006a8fa7e01bc050c0ab1f6350a0a0600fe98fc2f069d0a13fc45f7f603f2096708ab0c6a049e017f05bafc65084901
35f970016df935f39907d004e5059b05c1fb8ef5b8f69cf9910110006bfe90fc5f09c2f4be09dffd9c025d038901d1015405630bc806a705b20c8607c3029b07
8600eb0989f3b1fec100c2f3c902acf523062cfb050957098205b20748fdae09cffa19f8cc07f9fa92fa73fab402bffd86051efb0ff780f3e9f82f07620146fb
58fcc30ca80b06075bfd53fcb9f6ab0390fb01f59bf9290afc07f3f315f965fb2eff18f6de00e906e609a0f9ee09baf7ae0908ffc5fee1f7f0f7db01c2ffe000
32fcce068c0745f6c30075f88cfc6cfd8105e0feea070df47308940b34f816f61f0927f722f579f34f0192fe5e02c7fc16fddef46e0453ff97f8b300aefe83fc
1e020b081ff99d082ef4cd0b27f4c4fa0ef85f02fafc3af582fa3dff8f08c4028408fbf33406cf0799023f0baf0089fcc2f5bb094004d10338000c05b0fe92f5
dbff5209940528071a01f710cd0fa71cc7006c02230a960b5a000a00f10ca90207fb360a741130051dff98068f089f074b220e00e800ae0c7a009d019302040b
f703a5f955024afafcfeeaf88efa85082dfdbd0b260494074f0ba4fb26f8120b9af4ccf6cff728091bfa0c0d620bc00ad00248fbabf96cf6030e9e01bbff12f3
21001216fc06e605e3075c02141a6602c6007a0aa501c7fd87fd590ef407b703e1ff14090607b505aefe960d1613670dfeff35fd5700ca05810115044e00961c
c80759fb61090ef234f25808980aba00f50688f67afd7504de05a5f9acfdb3f5290279fd30f324fe7b0dbbfba10a17f7affbebf45af6d507c7f5f1f8bc07cf0c
1fffed1709033b090e083a01ba1e14025e058d17a3123c0dd8fd6b0e4a0ba0003bf28d0db40409035b0d121037176513dc033af4b301df0996fdb30ac60ce923
8c00f2015e0bcc085cf41ef2c9074ef8640bf9f3be0a62f5a9027f0475f88d0aa2fa5cfaf20c6b0a4d035106e80908fa21095c00b00bec0320fc2ff8fbf40ef9
2a11141076010e0b3a083101f7199004270a5106bb0bfd08cf040e027a0c560016fee1078b10520c981051099f104c1091079103dcff870318fd8d02b71d6e21
3afca7fd96059205d505090cee06c6081900c4f911f98ffa590386fe17f755010a0620fcd20ba1f5acfeb5032701ca00f5094df840fb270b9afbd1f5dd0277fe
ac01cf022f050903b106d61e740c5e01160475060a04470252ffb2000a052700d2fb22074c00170c9408cd0389ffeb058e015a015908f6ffe1fe1a04c313490d
2209ee088302a9fe7f0d19f60407c1065e065e04edf9bd055c080f04e80a7d03fdf82e0088fe7ff26401b40aa9f68602a30da5039dff0ef346fa2b07d1fbff0b
12ff8f02a406ff067a06a7004d00050253010202b100570187fb3d02030d6e009302fc057c02b00a36fdd003cffdfbfdd20882020100b0036806d400d7fd920c
900281f2e20c86f996008ffd070643ffaef92e05e4fa94f58ff5080a84fede062d0297f41105e10a05f6f50751f37c09bdf6110964fc210ed3f8d8f252f22e0c
0ffff10df801020576086012a11d2e08240a420aea0c7d044bfb080ac509900125f45a09960efe0b100ca10c020d8c10661129ff3a03bd129afdc90665198f20
d70bbd0a4604650b00017ef54b05edf664fce1052cfac8f3c807030e56092303a905f1fdf1fad0fee705c0fd3708da0b370cc502c5f985f9daf60601220709fd
4415900aad06ac075a00bd01da089f03d602d500a31630018405d004d010ff09c706240ac80beb04570c29044c0860050a0a3204fcfffa04cefe5f01c408e711
670813043cfe6804f2f41af3330b130df9f2a7f51d0936f4620e65fc5d039d081804d4f5150e7af31cf40b0cfc09a8f8c4f3c7f6e9fb4dfc180222f45afaecf7
cc182c122b0427094600c100861d97059c0a5505e705c902fc09e0034004b70394fb74071505460fd510be0bef105e11ec0d200430040e0426fd0e023a258923
ab08a7f62cfb0405e5f29cf7a20381f9e3f41f02cef5a0f993f7060e4505db03c4051cff6bfbcc002c0117fac3f6900c8101c803bb00e3fe390da20d8ff63df7
bffe7608d10589004d030c01e20bc8025902e905070a871090018b061804770693fcdf067901cd0164007406e90aaf041206effc1e0010051100d40113004809
f4028209d4ff430ba5fb9df9d80c75f20001f4f5970d280eed07e8069ef46e01fefbe1f3880b14f6f8fe940b8507fdfff8f11efbddfa350c3204a307c6ff230e
2310060e0e08e8069007b2003412cd03a3026e04830db508f70c5d00a006230d43f8f80a5208ee021a00eb01540c460c6c08be08ca00e303b2ff77041c09dd1d
faff03fe110983f28af772fe030595f65b005f051af41507ba08910b4a0894f917fd8005d80d02fca2fab3fae80301f7baff4b0e7df25af330f32a0cf80a6203
bf073d0aacfdfc053f05d902d1106206c50acd03b6064a00790e3e09eb0b610034061008ad132401c81c3c00360e530a6e0d0b04af058708d2fc4002f216e910
0f0bbffe58f71a073f0ca8f57cfb510a8a0144fa97fe7d088ffe1106bdfbe005ecfc2af2000c5406e1ff2bfcd506f6fdecf348fa4a00fbf5a200e200bef2fbf8
effdf51053030101a506701eaf116502c803a317691a180b95f7eb022a079d021ceda6099200f80a25fdd40e9b0728073403d0f78aff15038f06da06c4005d04
3efdd50908f3d504b9f674f7a0fbb30a470aaa045afcdef764fa7403d9fa7f0bdcf25ffa46f3ad0b8b094c00f80a91f6a9fa72f776f5fffdfef718fb790b06fc
a4fe420e0c0b73032d033e1b4d05190d9302fb14520c4e076aff480c631c940288ea670bb503a50208fa300b6e01810171046df6e8ff3c09650df006e6fcf80b
6df51909b0051d07b4f2bd0b4e02e6053d009c08e2011ef3cd0c56f7130d3e09a4030c005cf829f7e1f539f9e1f44805c10787065103fd079c09d8f550040704
9eff8d0cf60004075c02a6020d101b05290bfe075c00a801580466030b014401b60292082a0fa7049b0d34093611960a1d0652013500970464fdcd02320b980e
f5f6c20cd20c0102dd02a1fb38f9f60bf60a2009a7011209e9f63afcdb010a04b4f81d0350f258f42c0386f6cd0cb8020904fcf6b8f1a6f5a5f51a06a10036f8
a3fc540cce0181031e05cd249a147d098502500eec0baeff06fdfb02900b7a0145efe3091601380368ff3f02060f610723014df889ffbd04f201150538fda512
14faa5f5cc0a45f59d00e2f44cfcd4f9baf4620c8008c6f4670d4e0155fa4d0ad9f400019a0c650a53095001dbfbe1fbe20711ff78f5edf9e3001106fb054203
4efedb09ad0777030109fe0ad406ab06b800350ec5160508e000030e6d019e008cf38a02ee0ea000bbfebb0677094b01990e12f988ff8a1025048b048ffe0004
7b02e60767041bf8b70c24f57ef32b0ecdfcd10be1091403210c64fe46fdc0f233fffff84a07120529077af3caf18df29c0594fd6afbbd00b2f9c6fb87f35cf6
a9001ffee3072d098e044d001200d904c10056103505620e4104fd004400f209ca032803730519081f031a027b019bfeb105710656051e05c1ff3b0a3701c601
180078f763004ef53a0de6fafd04a40d4ffb2b02140ad7fce7fe6308d3fdcaf2eff8deff25fb73f88f0df505e0fb71f80d0640087cfd01fc6cffedfb81fa8405
e6046705dc072b019c03120b310f4c0a1b013d0d000317ff95024004ba0f960c7701e5024900410af8ff810333092605e502930892ff0105a20045064b060514
9f0a6df2720b14f8a2f793f3c6f53c00cb00f8f56bfa54fbff0284046cf35df3e8f7b70cb1fc98025704a20205f40a02ac0866f9d40c50f890f735f79204adfb
c50829101f0077040e019d00151b080b2005e107910a99ff09035400db01e809fefcda06e10504014723f7070e15950e440f58fb62068a0585fc76029919b625
3d064000c10a3f0889fce80ce7f2e4fb0108a0f66e09c4f223fd8001f1fe520050f30000940c160863f37df3ef05010c10fcdffb2002960d15fcd10b83f2a701
2dfefb00eb001b03d704cb14770103046a03fa011b02a3092fff28048407fd001ffd9b03e90d3002420aa2feef027000390e07fdd6093a0c07ff4f03e3000609
00fe8bfc1f0d69fc2efd6af81af3080d7f04c7f7dbf4c5024df3f30d910cf806060d32f21d013ffb3f0a6a0377fca9fc6ff24efe530c6ff2e706a60371015d09
0cffd0041207db02bf01ff04b402c80077023a012d049f083b006502af0189022b00340816098905e3fc3c031a0024018b022100f7006602f002ad016dfe8c0c
a5fddafe2906c80886fc51067e053afe6801c9f6240d5906680a2efd50fceaf89afa6df65df257fd35088507550c000165fd96fc58f3730ae1f1b30b45079709
a1201a0dd70b8108c006ce0117043f077e008b070a03c6037f059b005d117b0a83fcb705930d8f103dff370a78045703230e860307010a0c2604e3034f0ad209
2ef6fe09cd00c803faf837087cfc4504d4fc7ffdec077e0a54ff38069407420888f69108ef02b402d7f3210a81051e0d65fc28fac30429f3acfd22f3a3f70e08
b00962117b033c051f0fbb02d90edd02b0019b086c0c3908ae0f06002d09690dde005d07810833035212eb023e133d0b60011f0314023e0d5dfd4f078309751d
bafd8c03eb0dc90d6f0cf7045107a4ffdaf8b50495040c0c98f813f418033406d9fefffdd8036ff5d601c6f5c3f2c40cec089bf7230ba3fadb02fa05b605f5f5
9c1ad405b1051509aa081401ef0528076a046d01ad0d7604ef0b3200f108c60ebb009f029c0bf6040519f40370092504e50d1001110cac0679fd9b02d015bf0f
94022cf29e0585ff670b71f29efcc7f4aa05d30233f94c0736faa400bc0c03fc47ffaef75ef59f0d9af2ac0426043c058a01cefd43f4befa7cf360fe55f8e605
9c20570b650841089308fd02b00adf0a9e01fe074b045200381262022403e8199004a802d906ae00a60449ffbf10a106bd097d0ce0ff4b07f8ff2e04bd024b1a
9dfaf2f6fe050efc87f3d5067e00a2fef302dffd5df8a309b6f68501a4f68bffdb0a8a0573081109bcffd6f286fe1307080e7f000a0853064c015b04d00c51fe
0603c2077a067e08f70e7b00ee0d8b0f4803c8022d058c101706e601720cc60c92fdc00960033f037e0f5604560d6a0884042602fe03bf041efe0d04d9085616
840442fcfef66c052f04b40a6b093f0e5b0c17fdfef7e1f937070903630bd70cc9f31f05c2fc4cfbb50cc90883f3f60bf9f14c08910af105be086d044a0ebefe
921409107608fc0984096902a008700995018c073408600e0b07140216068a0d64ff690a72090505c2fe52059d0ce4060f0c140564000a0bdc031b03bbff9d0c
b2fbaa0b610db7fd5dfa8efbeffcd7074ef4320aa906fe0bd10d970567fb3e0208fbd7fe3bf9c900d9051708b5fc0ff7a5f135fa51fcdff337f878089ef3d9ff
64096c1c1d0c220907047002231e91138a025410c70d4a0dddff7a0343055012e6f6f60fab087e0222fe430fc31935113817f4ff2302f30681025b0482ff3e28
b208750b2003790a490d08f317f5a3ff030dde057b00a0f12d055d075bf5250c83080a02010bb3f518f5b3faf0f1f50b270c460a420c2ff5760cb3f8c8f5e2fe
021aa40b93065b08fc0b9f04240dffff0008a902fa01fb08a40a35042c055204a6093508ea050c0361100803720f2b090409df089aff3f0402ff38023d0bae0f
a307baf8f4f565f506f83c005703aff817f92c0212038103c0033e0b470255010603cef54402e50d08041007b20df5f1cc06bffe1ff9730ba9fd56fafcfabc01
9efd1b104e0498057d03da0079132912480385106e0dbbfe7af73606ea1232096bf2a506b101840122ff360b5d175006ef071df91600be02d00248050cfc2419
6c0a650be0f4b6ff02f394f31408560744036ff4fe087bff08f8f90650fc5409e3fecafcddfc8902dafc390c510cb2fe68ff0d0af0f2e80bdbf9510ae801dff5
4801cb0923041606a2037d0157092a0de3000404120b7a014501430557055109ca03fc012b14f205d60c1708cd0fa4041e196aff0e05da030fff5001bd03a70b
c00935fbe70a00fb71050e05dd00f8f1fc03620e4c0b59f4ee001af3f6fe0d07950703f39df841f5380ad2fb4b006107120b30f2220270fd8e0741fd6b0654f8
1c16f80f4e091c073c0b3b016e19e1fe76005106b302e805f605270b7604bb1051fbc706280f5003a40c230bb215160edb0a58ff92006005c0fe820240131225
57fdb0ff7ef4390416f7bf07a8fc0204d300dafcd6fa89fb6704ff0910021205870bdcfb69f90a0792fe10f5cb0db80543fbd402eb031af9f8f15af2bff134ff
9bfe730eca024d06910628116625ca0419094c0a2f06e3042ef6ee0a8b074101e7f856108400710971179013830f79137608b1f74a052003ecfb37084a1a8b2b
a7f2500eb20d34fc040ad6074cf41cfb34fd40fcea0794047e08faf65df4fd0147fcbef67e091d0a35f7bd0732fc11f92801b3fd9cfc23ffdf00dcf818010ef9
720b110329057901ff054e00340b330188008509350c82024206f202d30344118d0362074f011401831b6aff50062f056e01f8013c091e005cfdc80479105812
e801f90a26fe700734f64b0992ff810be2feb9f991f21606e0fd9e09edfe5dfcd5fd94074d034c050df722fd4d0a84f4a601310e7c0a7a019a0cee021cf2ce00
900f220849097d00d7ff200134077e0508014c0143033b0fa3031c02560307089fff6d02ed0a5d10c7ff5d061b05f803860d6d06f2005c0a2c01a5026c09e30b
3cf865fbfd06c8069002b806bbfa5d054909ae0ce701f0fd2b0e1bf73a08f004d1f2eb0b810935f374fc81f4e70489fbdbfba0045202a5fda3ff860ab1fd68f6
e00d1e14750665071c025b0257199f061f03120771ff830c95096305d800f01166fdf10cae0888029402b70402153d0f83033504e4ffa902bffeae021c041629
4e0112011c0af601d70ade0b0a0cbbfcaa048b0450063f036608f50c79fdcefd3502c00b270a97feee0b7601e3fefa0dc201f30bf3f4b604090b3ef80ffae9f8
e418d1137408fe0575098d024610e402f900230c0f0175018a0a4b0346046c0866fca309b603d704dfff75093f110b0b690138011d00a7059d002a04a408db15
350332078f09cf0d6f047a03ca077fffc1fcf3fa6b06c704c10299f746ff06011a0ac0041a05f3fefef9b6f654f4ad0c3c07d0f1ee0b4f0971f2ab08740badf9
8e0e5e114a0a40032503cb02731256134e02a40873132d1143027803cd10c213c1fc910df906ca010b009c074b11bc0aeb069f011100d10a7a01e0032d00781a
b0f87601befe9cff3dfed2f18af4eeffd8f2d10cbb0c290362014f07da0b5af75f00bef92a0cc7fed5f37608b5085902c1f2de0c9bf454fab3068f0a87038209
f7ff44056703b5091c0e7801c80191fec602a30199110aff4dff4a03a909ba02690418013c0ee10789006e03750991008e05a804c302cf04cc009f01f6ff1405
ecfb9509b2f4d206540bc0048d0a8c096c0d02051e0a390e2ff3c90abbf373f96ffe56fa97fe4006be079f0628fafcfdbcffa900d8025106bf0ac2f6010b53f8
e1ffb40ec906c402ad0dc200f40f4703a902030b3509ed0780fe67019006a501d3f8cb0bd9089a0ae301ac0ccd0679083706ebfc7300530598ffbe05630b8413
eef1ebf14704c2082ef813fac2f539f7480b9afc47f864f3660bcafc2302b2f1fefdb4041f00df057005c90cbc0c1d0598f7c30cf4fe4ffbc0f438080608230e
caff38048d0293068206df01c4011303e702da0466008906930de60208074c0069034b030f0213024c0c63fc35099cff5106d4ffb4049a0242ffab01fbfe4f0a
490dfdfd9a0d80f7b5fcf504f70252f4bef3970d8e09a706e6ffee08eefaecffacfdfa05baf825fbd202010169f2fef908f4910aaafa8ffa64052dfeb204faf9
af28d20b460b91016e078101b500a104db027e087b030b04dc0c3903b412de0dc7fcad07500b330fc6046c07ccff4602ae021e020b071805e9017205d011bb05
79f396fcb8f700fb1cf2b8084ff2f9f15df22a0c18f85b03ba05f20cf7f2ebf196f69bfd7a064afb9c0d76f6f204e908db0de0005df2b0f69f06b606730d78fc
3fff320a7e081f01d007a011af0ba80b6b0185055103ac047602e90598069f0084fa3704d7115e0b99fd9209ae06e5031010930099ff7d04f804eb018f013905
b90a2209bb0db6f612fd450a8f0ad403410d7806940c640a9807ebf98d0d42fe12fa820c970dcffc710dccf93c097afd2df6550802fee300d00c83016e04ec0c
6b07530bc509b404c105c500420d8efefa01b601e70a5206d4fde50b3e0997122dfb0200fc0c8909ac023b08020daa02d8ff66052901100cbc02e3007302fc18
ddf7b008abfdd60a18f3c20c80f20bfd4800c9fbb1fd080344f7e804eb0b3f0efa0b10fc2809fef1c9093400cf0c720286f6dcfa12ff540da4f440ffb4001a05
a0feb610820ad5064c0bfb0e101df20ebb030c0c2010a10656f911017b014001adf3b414960d87098300bc1037084a0f6a16abfb480218019a018609e904a121
8f0dd8fa410c9808200a65f91c0c6204bb0a1d00900b5f0a9cfaf7f245fec707330afaf8ee0b4d025dfa71f36807d00a100a5ef3c5f86ffcac05a8fb5d064908
e80db8146b06240734047e02f1176105290a2807370a8f0bb908d102040f1701c10340124b02b80d7a00590c1f0a64120104b20420024cff85fe29080511681a
530eed0d4cf47afe3301acf3abfeed09eb032207f703fbf5040b980364059708f102950cc401630dd0f321f74405dbfaf5f7a6fa2bf634fe030ecf0352f55f08
9afdf70ec90212019006e412650ac00361014f16b2193c110cfe44106700440183e8f0ff9e052201a2feed0a180f12035902acf5c6002806da04c9056fffe102
730dab08edfe21012ff7d2029bffeffb910a77002201570b77f3dafdbefcb5041503b103e50a2d0e0f0c1df6b607180dcb0bd1f8ae03fe0310feaef2bcfe52fa
f30a1208370106052b093700430a7b0d270506061c037e01070669019608de09defe8404710df2003d248e04f80b6c057d11baface0e2504ebfced022114ac12
e0ffb70b7ffa660cb204b0fe6c01f3046b064cfd980d940d93038d09fefd21ff07fb41045306930704fe15001cf265f86b05a2fdc7f89af72003dff261fbc205
900fa91815073c07bc0cf301b315b401f904f713040b8e0a6002170c1a08ee014cf59606e605e2137efc0314720efe0c4a0cd9f911003a049b03cb058b10fc12
2409c5018c08ef06710c58ff4ff274078ff639f624f9bdf545088cf5e609490b57010b0c8c044ff3e2f69108c401af008e0d2d0a5d0d97f772fb70fbe5fc1903
1000d90b2905f706af01b5077619640a4f03b005c4092a05c001c806c5014d034bfcfd09d907c605ea0c330b8d0f8c0dbc1479fe2703abff69fd33050912fb1f
63ff73f27f038ff637f3f5f84c0bb5f44cf5d7f602f8bffc8e05a0fa0af62a023709c2f2b6fd53f20806a80b9c004bf3790c58087ffebef61ef4f404100279fd
e2ff880d2002fb036d072502841bc103b509cf0bf80167ffd7fa970254058c00fcfbc0049b0f2f0bc7207511df13450cf30d09f99f09b10967fd42040f1e2721
e505680de806bdfc18f857f727fb92ff2bf331f77cfbd1f46c07a8f45f0aa5fbecf56907eb05a6fa29035afd58f5f9ff78f2b6009bfa2bf43203810d3bf341fc
0329b819a905a4047608de0402177f023801e70d5419ce088811c50451040a106bfc6a02fe05c8021404fc05121fe1103f0e3408e1ffa10b6aff4804780b8628
25ff18f7fb0b04fe9f0867fcab078ef7660a28fcbe07f407f8f1660130f2e2faa6f843f451077d0b340b0af459f4730beb04220a5908ae02f0f746f98908b90b
8c09a6079d078307d50f96132f11541fe4016a020513d7043f0736038e033218c9f85606621dcf00a7198a042b0b0206df2a8dfd7a084e08d0fe7b01950f6e1d
5102650985fc1005adfa71095b0169f9590346093403e203870602f48d089cf52dfbddff47faf00219f78c049afe34099cf18afd6f042e093902acfc35f646f2
bc08d6fe58053203d701200c8400da009303b1100804b309f108fd01ba06c107ef059d0128096805b00feafe4900bcfffa023c069a0cf905bdfe4f0c840ce202
b10929febe03bb0a5e0371f347f638fc5e04d9036b0278035503d4040e0038f3f2024c03560451f4db02630b4ffb580762fdf50b37fcd8fd9efe670e38fd6ff7
2418530f6a07480334003d01b01a43069101ea05ce0b1603b1014200c108a61321fa050cbf092d062514920ab90e400fd30be5ff34031a0d65fdba046c19442d
db0a1cf373fe57048e0bef0de30d400b54f80bf4580500ff3ef7d1f57bfca70244f8a4f835069dffac0324f8b1fae80d76f2d5fd5c0e9bf3ebf3c3f8460e6cf8
95ff850aec0ac400dd07ab01d701d8024d02a50a1e044109b7007405e704750837face077b026d01e8feac04dc072e005704f2fcdafff0017b0618037afcfe02
24f9db02eff7230be60c210eab0638f630072604f20d05ffcf0d9d0ce5f24a04f6f20ef52d043007fe072bfec1008ffb07fb1a0c290b06fe90fea606e4fdbcfc
d928fd1359092303b4044103d90d81055602960830048f02c70b2401b401ff0e64015909dd0a0c021d0bcc040311aa0cbb0b65055e017d0ffefe0406120a7d1c
ff0c06045ff2faf8b800d00372fa46ff1bf70af233043afbaefe01f5320de7f8e8f926f5aa0aec06d6fca70a8ef74608180d86f405fd640b1af3b904830c77f7
072553176c089509cc008403050e350b7503410ca82398108612df018a0a9a129a015f0a130679029e101b06ff14f20b221297021502e7074bff62035d0bdc14
d7072df28f0634ff3b0abdf3230768f8f40689ff2bf5e3030f05c7fe6af38bf6dc080af28c0b12f700ff6203090815056cf24709ed041df67e0cb9f8240ab003
b8098d0dfd0705061c018301b103dd015a012309290500060107dd04550bc213d3fb7b029a10ac01410c6201fa0eac02dd070effed04ad118f00660491ff6a0b
51f245ffe2f8140ae70962f8d6fc7b0283f475f4f10d7bf460fc690371028ef6b80661fedb0053044c094cf54308230458074a03180ae70b4204e902a5fe7cff
21fed40eb50656026c02ef008614be01be025c0a2503e40c1efb67090b05dc0003fbcf1105021603db00780b4409810cdd0bd1fc01021d032a008d08e5009b12
e402be02660474f8aef7a9f782fdcafd110eb1f3c70136ffb1fe7109eaf55e03540ce9f4cd014ef45c0c7cf46ef3c00068f5e1fca900aef3f8f49103b60bf3fd
8effe2116105cc039c06e501fa14a203c2022a0e1405e30b150237031503230f24f41209cc021502ec066c07ee12720abf0414fdc1ffea0383ffe9039e01db1d
1c01dcfc5803fbfdfc028ff92d0cba0839f238f7500aa9f612fac9f5260ae6fd3df3c70a5804e7f3830ce7fe5a045e02c4f56ff8cef9d2054407c2fa75f477fa
21ff3c1119024604b30fd6049510370b64013e159c1b2cff0dfead094e0b260220eb3e07bf075a01b4fe3f0abb13cc08b60523fa4f0030061903290670ffb40f
72f2170a98fe20f795076af30d014ff2fcf32efa68f6d10cc1f735010c041bfc48032cf764fc95f7ddf24bf981f84408140cf201a30986054e02d1fab4f9ea07
2fff1a10a407190613009a13fd14f811ae01950bf3033bff9dfc250bdf0b5602ccef5208a904d5087afc810d990ab208261521fc81004007cc0533044b00ea11
3e0b6800b5f8e7f78d0aaff54b07d60cb20d5dfe780d0a02d7f49ff607fded015d00bc072efa79ff20fae20c40f9cdf36a0019ff970bb7ffa3f4ca0d1a000f03
59ffc50899fdfa013804da0170142003ef06fb08bc015608effb6f077a067d0256fc85041c037901e129fc0a6a12a808cc0663f5980f8c052bfc1d03e215a618
edf3aa064003dff611fad2033df998f6a3f29bfb7bf2ba0a390a0308c9f16d00a9fbfc01170099f7f50ced05ebf93ff325fb7af64c0b7bf3cbf3e700b7f4bd0a
OFM 2 1 7024 12 736914a4
0f00760002005a001c7f0300
OFM 3 1 171456 16640 1e1418cd
59fc97fdf6f3e9fbccf4f5044105afff2d08a1fe4bff2bf50efca0f895f88bf6dcfef3082508460061f57dfac2f4e9f5f4f9f2f95e0048f36cf63905eafea9fd
1604af032204010c31fa82faba05a90a0e0b8e097f0b19f406fe530250f30b037f0667036afbddf76b00c502a709e70670ff380ca8fc6f039305a6fb0d0670f6
26029e064f0aa6f6240219fb040666f7cefc32f53dfe35043f01ab08d908590b84f8aa0b9efdd2ff46020d0301058df872f800029dfeb9f617f922f710fc3309
9bf6190008f46500adfc0d0999f78f0c71f777f8c802d3f993f8f304b5f6c30503fd81fe80073d06a809eef9e7f45f0901f91208b9071df93af46c0aecfad20b
faf592fd010c3bf3fdf5daf9d3f9650b18fdf50af8f4e801990a3a02d304fbf58a05700240f52ef5170936f3f4fa4204a6f3090c6c0c5ff72a0349ffb2044c0c
99fa5f01dc05230a71078cfa05f73502ad01750556f54ef3a8020409f7fa5dffaa0889f4d908c5f31b000c015809e5063c050b0bb90707fbcb089e09c7026904
fdfd9cfde6f31ff40f0abc0650f6b6f672fa410512f51efdf107170245fd36ffff0432042cfc40034809b6f8c9fa4afb23078c0585f8c70651f4ec0726fccdf9
6ef7ebfef4f46d0959f534fe15fd410880fbe3f7640b52f83702bafa7f06b00073fb5bf770f75401e4fff80b79f4b8f30f0cf2f4a800ec04f207e100aa060301
16fa05084509360a740bb1f9e7ff980997f8daf89601d80a35fc38fd75fe4afb34f56bf300fd63006106eafcce00130a3206ee058008d4fd430accfdcffd99fb
9ef4a5ffc7f888030d04380a98f46e026205e60b550b82f71df5fefe9606b60b0efc99f7390b0ffad90b4dfac5fff3f4af037c0ba4f3cef3b907100882f651fe
8d0856081601c4f806ff29fad0052ff51f08320124011b065804860698f6acf45bf614faf0060d08270a0efa51fdd0ff2c01d7fcdaf606fd3cfe47f6b5fd0305
c0fd230ab7fe9105d6fd8af63a07d00ab50af00021075ff7470462fc81f3d70564fcdd02ab044002c6f5ebfa2df986f4f7fc1afd72fd85004afd1e0355f6abfd
cd0aef0211fbab090a00f7fc50093e011000bff58c08cf09c90c5df81b09ec0663fee800a6fbbbfde904bb0c5df9ef051d0098014a06e101c4022afe0bf53c05
5af390f9c8ff21fb99f7ea009a03a8f78c0986fae8f31f0b4ff4360b3d087c089afa54fce1f38ffb0705f705cdf80608b30ce9f6b7ff5df43d0241f5b101d6ff
9c07e5028706f7fcfb0a0406f2f729080e0a8007fa00a40442fb3208360211f70f00a8fae80a4bfc50f99c0aabf8e50a9afe5c055503930b3ef3b00133018008
1b00a30106f7fb06710825f9e8f7e3079b084108570126fecaf45ef9240404fd75f719fe960380facef5eaf53a0441007c012506d3033dfef3ffff0641f6a604
d40b6dfcf2feaa07450ab80935015cf70307b102c3ff7e04f7f6c8f52ffe6cf52e0c7b092df979fd2cf98ef477fe56f94506900709fc12f86efbcf01e2fc6b00
91f632fd4c070405610bf7ffe6f4a801800b63ff1a03f407b7f73600670c59f9d601e8f921fd4e0695013e0154fc10fc9f0827ff1802d7ff09f9da0992097d0b
bbf500fccbf431f5760800f975079af323f7870379fc61f549f8370026fd160ce1f6500b1100b10516f4a009f6fb3b01c6041f006106cff48d0165f853f54307
5b025402a3f33e048101f4f34cff8ff437fe800a29f87a0295fe900099f8c50266f38ff9f6f9f3f490f6f3f3b706e80553022e01dff7d10442f443f3f9f684ff
e9fed3f82f09b7fd8bf342f8e0f4c1f8fffe6602d4fbb5095e02070c51f901fd7b032e06d3f80ef44ef5a80a11f6dcfb48fa8fff33f981f96df852087f0611ff
f2fa45064d0cc209d80aaf058dfa35083cf986061307d8fc2702b90382f30401d50433f9a5f32bffa10c16ff6bf7cb053f00b9f4d20accfbcb011d0c5bf763ff
1b00f0fa01f86f0b0e0147fe9208befacdf9a9085bfe43068f0cc20911f4d202adfca404e4fe3c0aabf927fd330645f989fbd1f791f63b04da08570b29f67c06
55f664fd3305aef349f4e4097e0926053f04a3fd4a018106f9f3eb067e06a2032501be05750566f8d4f642fc2cf6f1f3dff621fdb0f8a7fa0608c8089d0caaf5
7afb7df6d0fc5a0a76fe4ef976fdaeff5efd8c064d01ba069702d5f337f4480c3afc2cf594fb67f72507010467fad4fa0d08fafbc5034c0bf5062a06f5fdddfe
0f0b3506c705400adb070e004509c50845f9d9f9b1f3b00aa6f80af7bbf6cffebe0a28f671f8c1fc3200a8f46bf4090507091c0a39086503c4fabb06a9f88c0c
5ff3cff9b6f5c80525f86b0088feb8f8940c870a90fc7009e9089efc47f654f3e9fb4fff10fd9cfa80f66bfdb506eb04e203f2096a07e5fb0305f8fb3a03b708
13fd41ffe9011404ca0791f4abfc5d0c7e03b5f380ff8c09b80446ff47051402e30611f840ff71fdef008300bbfeccf97ef3caf981fff6f9f3fe0009ba069907
4ff97bf37205d6f56ef820023ef95c03630913f5fb06fc0637fd80f772f6b10672f6bdffe8f871fbdc01420088f9fefdb2feb3029efdc1037a0835f75602e203
b6f92cf5e9fdf9f87302e6f800f7d1025603d2f44ef901ff01fad5028309c5f53a09a2f4c3fccdf54d0c1a0a09f40f04cbf5450570041a031207ec0573078001
f0fdd400caf8f60a75007a01d30866fa83f454f48c0a280ca2fd84038e04560206067907c90af50611f743f37d07c101cef865fb03f71c003cf8560373f883fa
04faabfe91043cf918f878fc0cf501fc20fb97004cfc8c00fbfaf5fa8f0563087bff34fbeefae0fe6ff84e0812009cfe9209e6011c0c9cfc7dffa3f5070b5bf6
9efef607fdf67e02af019106540590fe600cbb05b4fffaffccf8dcf5cd0794061ff8290ba60794085afe7bfd19069b05da09e9ff26f41df5cd031f072105eef5
620928f87e00b7f5ebfac205bb020cf6defe92faeaf5ea0a72fc7ff6c508c60af307cf062d0bc203c4064afcc2001ffbf707f9089509ff039a048b0775f92f0c
f3fc1a0c560a1f05d0fb0d04d00703fe9604b1fcb306fcfd4d0150f3c3f3af06180342f7e2f78cf4d205cc072af8fff479f6670303f733fcfd092b08e2f6120a
58f836f8dcf67af343f9bffb6c0c8cf69ff97000cc06e7077af905037304f6046401b9f5d204c6ff9c05e9f834fe3ff5d1f9ec07e6fda401a30b640cd7fbe7fb
e1f7c80b2802da072203e40704f594f437034dfa82f3dbf344fb73fa54f701fe0cfa150707098c06ad0a660cabf543faa8085c074bfdeefc2b0381ff5d02d209
1fff720ceaf45ffa450bd4f84ff4bd03f3fa7df9c20c11fcc000eb07180a2ff7b9f8c9fdfe07f407c0085df5bb06f70738001f07a609a5ff2f0237fce2f587f5
a6fa0efe57089afbf80380003ffcb7028c0128fc890305099bff9dfcbd03c50573060d014afe1b0067fc1bf4d6067706d5fc0603ae0bce0a8605b00280f9c101
b0facefaf7036cf64e0a930a95f86d05060747fb8502ed04630b0bf4e3009d0be40672f3c60bc605d9f4fd03e3f6a20823f4eefceb05fd011a01540cf1fc4402
02074f0aafff61fb9b02f1f5df0b99f5e3f9540471f93ff3fd0452f6c6076c0b73025409740482032c0864f53cfe8605cb0a33fc5bfb88036709c3036c00c808
be025efd6bf783fff2fdf10624f8c5fd2e075a0bc1f9f503ecfb64037ef4b00284f81706d9fa2fff20fd5a064308f8f82ef6aa05bbf924fa4cfa4ffe84f772fc
c8f3a5f38d0557ff2b05980196ff710288f80208050987f819057b046e03c2061c0c4c0bfcf301078c00c4055cff0d0a57fb76f300096cfd44f65e06e70481f3
38ffbd063009520c78f60a07d6030e0041f7cdf566fd610128feeffaeefdea096a076200880339f4f0034bf7a9fe6603a50805fc21f415f425fa830a1b0604f7
d30379fd9e0744fe96f7c3fd4efd66f466fb83fb12fa1afc6108b20a58f98107cefe670c780437fdb2f5abf690f92aff5200db0190f7020a63072e0505f410f9
860731fc4e030e0929fac6f76c017b0ab90410fbd1092dfc19fbf5061e05ddf8960788f545fec207520525f52dfa99fcbef3a600890164f834043b034ef5c209
52fcf3f7c20145f995fe05004605290b6703080834f99af58d022709b70bac0b50028900800906fc280544fcef0130fdd0f4650b1df885f9aaf318093bfdf6f9
4bf8d5f7280acc054606c7fb6304aafa8400670ba908ebfd970333f7bff98a0943083500b1f8c90102066efd3ff83d0664f5f4f924fafdfdeaf440f666f3ecf5
f4f7240776f6f3f42cfea8f34afcb1f943fb5b096c0535ffd7fd720cbb0a8d019f08b7f8ab0721026af49d07f8f3a2f9d3fa73feebfa12f5a00034f3b1090b05
e4fee5f7d2f8a8054c00a1fa1ff481ff7609500aae048700e901b404d0f6df03b1f75c04bc04aefe2bfc6f0928f4c0f680030ffe4a08990198fd870a2106f40b
07f6200538ffb7096cf547f9e2fe17f7bc008ef852056af7660a5df4760c47f85806bf019ffbf20b8efc140004f7cdfcab0956079806a3f7b3fee2fe57fb83fe
4b05f408cf05b006bff319f7adfcdd05b80c560c24045b0a04025205b302f7f5edffd0fdd1f9e1fa82fff408c40055007706720af9fd0a05d6f7eaf9a308ef02
82f447fe9af70c0a59f9b50287fe2e049401c7feda0193f3c60af707e2051f0c7d019a0865f40d08e5f550f6f207d4f7fffd3b0963ffa9f6a0070af94a0521f8
540b21f960fdaa0bc1fdfaf628fb5e01750a7cfad70b17fe88ff57f88f0cc1f966f393f893f8a5f8230cc50b5105a7f8c4f3ddf6cf05e2003e06eb048008c70c
2ef74a074ffcfa018d08890a8cfa9afc620282fa4108f8f67bfd0dfefafa09ffd80a7efaf708bff9320a21054503db004ef93d0ad9fa55056d08350210f778fb
fffde704eefe42fe3f028a0a8b030b04bf01420829fd33f91afaba015f04570434feb70616ff0a006cf66ef7c7072b08f7055bfb190a65fbfafbf3020d0b1e05
b4027f0a690328fe59ff91ff53f31cf7c60ac90c91f45f080703c70382ff3f0779f4f8069afe340b8b081c0490fda5f8d6065afa94f669f46808df0212f75505
7c0a5cf8defab3f845f46d085e090cf79607f405d70352f982f8710676fe5806e504740281f945f49af57f03900696f48506ca074d081209cb093f08920c34fc
abf83000dd0479fee2f68ffe26018af959f358fe8f0cb7f6690c23093e066f0b2007320c5df4c80bfd08abfaaef51e07b6f74af6f8fb0afe57039606c60cd5fc
e0001cfbc306e7fa2507b0fcf8f8e7f3200141fda3fa06fa59f592f44af8bafe9f0834f428f4e1fcec0712f875fe10f4bc06bef4e90105015300b5fafcf4f6fc
fff668f521006203ce0125fed404a30684f59106d002860b4df38efd62058cfed40307f66ff94802b3029c051104460b60fe4df34a09f300250674091bfe48f7
79f852ffe9024904d0f4b906a9ff0efc6f087e0597f9340b9bfe19fae6f452ff3f0806fe44fb6f03fefdc108f0f52cfda30ad70188fdfe07e006a60b8402d7f6
f9045bfa0e0bbbf4f3fdc4f93b029d08bff6afffbbf7c1f8f7f4c204be0733fc05f6a9033a02300bd0fc07003ef917f7d105450bcefeb8f818050e0060046506
3cf66e03ecf594095407e4fd04f6e1014ffe750c1afc530103fd79f7a5f66f0108f681fed2f7b808f30798f7080c2f0a3d054ffd3f027f06b3018af5e60a62fb
5af7f2fa00fadf02e60b6a00d6f66af5a3f6d704d1f9bbffedffb5071001d3fa11f7e4004bfcdffc830323089201550bfdf46a0682f848f61dfcbc02e8f41c05
1bffa40340f57e057901f4f54801c10843f5aff391fe41facbf7a908be098e0258f79af396026901600a900632f6440aad036ef312ff870288fe7bf7fb044809
c4fffefa81febbffbd01c9082901930b3a0c090144f7fefc2ff9ee09f7ffe4f36405def99bfbe3f4d3fb0307d5fce8f6960c60fe260b3afe8bf81a05fe059202
62094e098a0b0cf63cfbef012df87df9edfd78fc5bfc9109f0f6a5f8bafef8076a04640c8f08650241059cfea6035804fcfa2df982023406c5fc79f3b2fc0efd
d306340b31fa63018af34b012b0cac037dfc0af6da0133f55e09bafeb40b7cfd69fd640a56088f04320af8f32101c2f834023201b003480cecf8c40182f8cdf6
860085017bf9dff75a0c89fa58f5ad03d00077f4eb0185007c0ac4083c0529098f02170891060804cffec5fc8bf982f74f07e40bfb0069fc7eff8900310b98f6
c6f362f64df4c4f45d02f7ff840920f8ba0302fd39ffbc06caffec066204affff707e3f9def6c6f7c8053ff91106180caffa8406ebf5c80a79f87508e4fd5809
cbf74cfdcbf3850a2a043afc4505bbfa4ffa0b0508f4b6f5f5fef20aed04f303b70953fdf90a560315feaaf603079c0c83f6230c0904ca007dfe75f451f368f5
8c043204f8ffef01520791095d00ce014b061f072af49c043a0192f73d02b8023b0981ff8100affb4cf34af6d1032b0709fd49f4d70666f47af721f7a9057c09
93041df41e06b6fbc2fad90766f617024bfe02fe5af7befdd6fd0103a8fb18f98ff800fb56fc2cf64af8c606650cb90189083afadafc5cfec707c1fafc070805
b5f5c5f5c4fc3402e10a1109e70693f9d502f3016ffa740ac6086bfe85f42df91f059ff5520a8af4adf81dfe0508ed073408290b84fd24f7f5081dff56f87bf3
130a710238003e093d02e90067019ff4ac09f6f81bfb81fd1c0c320525f7660346ff160b9801620649f75c0736f76002a1f6070b4a09a6f8860507f678ff05fd
5d0098039b0051f708f995f9c7ff16fcb8fadffc22fe50f7f2f7c60877074c04caf406f517052e0b19faec022cfd0ffc250cf707a4f329092603a2fb91fa8102
e203c400f80aca0993007efc59092b07870c6df3270b0807e0fff2f543f3840bb8046bfc480c820778076e09050a2302bffa280beaff6308f4ffd502cd0261f7
5e077305e8fb8803dafe39fc03029804aff668f487fff40acdf305f74b0457f41af926fef0f952fa23039008d60158f5dffb3907c4ff180207fa70feebf5040c
9802de03f10a8e00c103440b3afc6c0a64f69ef927076d0739fb5f003503500183fae9f412f86408240cb900130b400392fe32ffb7f49003f2f6f90aadf39b09
01f972fc05098e030e0abafef20afa016606e7010c0b05036af785fa39f59403d6037bf8e8fc5e099cfb2efffbf5bd07e8fa5109460a29034ef7ba09280357f6
1d0c87f78df330fa52f8a5fcf40adcf7e4f5f6f9050313f9970a45f7fe0be6f8cc089a0c62fb9d00b60b84f566036f06c90b560a15093cfe43068efb0b0b79f4
69f3b1026b05e7091af91ff7f8fae5fbc007fd09b40379f6a2fdbd0373f383fc82fdfbfe21f6f10463033108030c6bfb1309ebf56300fb0af8081ef4d2000e0a
ccfe5ff4abf51ffdbefa220bdf02620422f91c0cd5037af497013efb9a047b0091091af79ef773005c09d607270bf4fb7406f8f39303d50786ff71001b04def8
9bfc7aff5a0787f36a010701f6fbf206cb013304e302fc07230008f7460856f70ffa8a05daf42f04480780011b07a0fa71feb9f643f9100728fbf6f4a9f3a4fa
25018308b8f58707b5f9f2f9ba096dfbd2faabf3a8f7c90a08fab20c7bf858f90cfc230427f951ffe10016fff1fe230941092009330cd106a7f5caf820ffab03
2f02870af3fb5f03830cc807ecfd0f04e306b7fa6001d5047a03af03d9ffff017905d3f6ca077b05f0f907fd730aad071efe010811085df7330a6df659fcdefc
a2f8a2021afd5c053af9d10456fdb7f9dd0029f9e0fee00292fe3801defed4f3ba095105ccf876f40cf64f0714053005a9f3060b4bf966fc930c2701cafc3ff5
760a24f986081e0b5df48af33d04fbfd66f36b05b8f3b202e700cffbc0fbd002fc0076017e07ac0b60f68d07f4085101d90824fee9029d0aa20b1bfd35f449fd
bc0aaa0ce10279089e09980875082ff5750a5bfeb3076f087f04aa01a20a8d08b40a62f65ff9b50b35081909790869fc8b07cc0796f365098df47701aa07ec08
e20b03f5de022b04e70a82f8eaf5fcfcb3fb18fdd1fc78fd60f49bf6b2f45b0523faaa028300df02bd062cf4cd059a09dc0215ff40f49e02c5fe7ef69100f6f4
8804430bf1048cfd9ffdbff65d0b29f61e04fa0817f7ad0187fd47ff91f7cefd7dfdcc08320724fdb9051701560840f789f7eefb75085b03ef075002ff03caff
78f961fab2041af579f9bdfccb0111f9b2f61307aff3680002fa05076800cc033af7b2f6c4fede007608970be40bd4f98c08dbf5f0f4d00be1fcb1f46f041ff5
6f03720b95082b099ef37108f3fda708ae021dfdf8ffea0486f39dfa8a0590038df99ff680f9fdff1efff6f53703effa93088d073cfdb4f65804cdfb8d08affb
90fa130bbc083300d005f7ff5b0ce6f37a0694099a01fcf9da0883f362f5a40964fd65007df4adf88b04f1f4f1fef40b44092ef4bdf9ae0b73ffc5fc5dfd3607
5602adf9b7f7d5f3ee096f07edfff2f3fcf68afc3bfff107ce08df07fcff2cfc780a290b02033d04fb0541f6ad06b0ff51fa53016b0ca7096404b8fbfafdfafa
19002bf5b00bbc016d06c9007102a9fb4bfbe602f40b19086ff9f1fa3a01b1098b0afc019ffd4501820664f9b5feedf4a4f452fefff4070cecfb7703ad04de03
d104d3f488f46ef417050af8a408ca06870b060619fa0a0952056ef3dff94a0b75006406f3fd05fddd05940ab7f6d2f75e086702c00bb50920fb6eff8d070cfc
56f8d600d7fe3af5fff5c7fbd2039c0b5cf69effcc0b030892fa75f919087df793ffca0287f39a088005e709bbf31b0b0df4db0ae10b8bf8ee09290b9709acfa
4508380768f8b2fc5d007aff5cfb93fcabf820002dfc9f023c00ec07bff808fa1c0a82fae3f399fb0b0929074f03e7f35bf5c2f38ffef301c7f34cfd2cfb0008
dd005ffeb3faaa01da058afb1109f600cf025ff5faf8dff69bfaa0f9d2fce6f82afda3f6bd094cf3d10b18fe5cfd1ff8630ad9fdccfbe8f49d029e0c88089ffb
8eff2f048b02a4065cfd34043d036d064df348fe68fe7b018901f5ffc2f7cbfa55f886fa450323053907480108039ef6690c69f396004afe39f994f5fff8f2fa
1ff8820b8509d0fb77f454f86ff966f33cf47ff6c4fe73f9da04d1f9190104f459fd2cfe24086102cc0b650211039a0a20ffbf0b73f563fc830112062e031bfd
1bfcc3095106f00648ff9e03b202350209fde90bf40178fe88f50206890532f693fd4af9090552f6c3ff58fbec02f702410341f30cfbe109c5f6aef68dfdd6f8
600ce7052e00660c69094ff5d40b98f48b07a4f8daf3c7016602aefd30049b0481087505230a98fc0e003cfeeef780f357f8370b1108540aa40c51044f0c5afc
b907b6ff44f663ff6bfd08fcb30a57fcbd016ff90102bdfe16f498f51dfe91f532fb42fa3107e60952fd5b09b5082d009207480753fb420c0bf7eff42af5e2f8
06050e037bf38304c6fa6ef8fdfdf4082cfd7c0babf7d1fff00220f5b805d5fdeaff62fa2ffa6000bbfb96f87109dbf3950bc3fae3fd980bd201f7f5c908c20a
fe02e1f5480bb1fbf5f5d8051ffcd8fe1509b8073af4c1fe8105ddfa87f42f02a6fbe30954051cffef017d023905fbff4afecc0bcb0c6ff82d08210337f4ee01
eaf565f9da017d0a770cbcf696f37c064c00ac05cd0804055ffa110a910c65faaefab80814f676f4fa0bd4f8670211f76bf3a6f9d70af90a4ef8e8024f055aff
87f86bf89d019209050734fe23fdc6f623081eff7c02c7f4340c780c4ef8a2049608220b0f0ae0fc6f0b5c084cf4d4f81800fcfe76fb6d06f006910511028f02
d407120af7031ef996020705d5f68dfc6a076c09bff6500176ff5ff4e9f91df65ff3c1fb940458089100020534f3e20389089af59009580713fba5fe9a03c302
36f781f6fbffd5069202470260f530012501610cf1f924005af32afe92fe590b4efd9e0c010a7c09a4fdb8f872006a03b1fbf8095300370beb083008fef7ebfc
7df800fdc0f3f4fe8d0cb10322f8d6fe1b04def453fd86f8f4f64c069d055a07a9f97b00930cd1f7440768076d02e5fdebf7c8f6f3062e0ae2fa4af49ff3e408
d4fdcdf90a02c4fa280152fe31fff2094803390b5806c40cf3fec10249ffe6098d000cf850fabbf75cf84dfb35041cf5b9f8f9f9d7fb9d04fd059bf546f3e70a
c2f69a056b056df85304b5f74ffb6d03f4f4540464f438098bfe99043df7c60506051e0a5a0b3bff690929feaf06a5fd39fb1a036ffdd400bd02bffccbfe42fe
8c09fcf33804dff367f95f002d03b8f601095e04cafc0e07cbf321f9850acd07b50b7504b008f3f66af74c0741f3ddfce4f75cfe060166070a020dfa83054f0b
07fbc2f3c50920f46fffc109eff660020607a0fd05084df37afb270493fddc05420669f667fc4d076b01c90850055501d4f5bcfd86fb6dff300a240363023a09
8df459f728fd11fde6012b02c9f521fe730a990bf808cc0129fe24facb01960cd003d3fabcff55f7070616f8aef809f4410371f37709ad08f008baf61409c0f4
730ce8ff4707eff857f336fe20f47eff390443fc12fa800735f92308b5063701890173f501fc32016e0bedf6d5fa28f6f1082f0397f530f7d506b60bc6ff0d0c
a6f8eafcf0f77101a504a20ae1f4e0f6d8090c09ba03c7f80cf79a02a50bef06310bfff6e8f4f0ffa4fd54f8550a7efa93fb7007fafeb7097100d5f97b00c8f9
2afc930714fd88f796f36e00c901360413fcd2fe9efec0f7aaf99c02ba01c40a59fe44004c023f07effbd1009ff576f3a50cac01cdf3dc08f002e809f40a7bfc
e7ffa0f9dcf8defa27f886f3420a3f0a3f0c02fdfaf80b0955f576f3e3ff6c078f0071f41f009902500b0302baf5ebf8d7f70af949ff56f658f6ae05f7f72f04
50febe0b67090ff6560b42f59c0251046503d50ac8fac005bafc270085f3dd01fb05ba0120093b0464f8e6fa7e020bfd36fd4d078df807fde6f9e2f9330bfa06
740a08fe7aff2efa8b0ccf0a3af96cfd21f90c0b0b09ed0b92f58704fffe8efb69f9fef748fc08fb660843fedd00aefb820407019509f201caf51ff93bfbb409
66f469043500e4062ffefdf8c8f4d00868f87ef365fdea037a03bcff1a0196fa72ff3803410be800f90b2b07ee09d4fdf905cd080c04b10655fe95f4b6f8a3f3
08f445f84603fc0158fd0c0441fcc2f8fcf662f3e804380548fa34074705fff3060a39f46bf3db0937f3e2f95f048bf63807d70757ffc10abaf862f7b9fbe306
53085df44c046e0093025bf823f53ef6cd0baa0564f8e2f490f58400d7f8cbf75703a0f751ffdafa86f9770ad4030ffd07f78a007ff55f09d0002307e206bf0b
adf586fb47f69df9fd0041f3e8ff080aa9fd68fe400297f944f8760299fd22f4e3f578fb6901b3f9de053dfbcbf8700907fb1f00eff8baf80d0779045201a6f7
aefb910624f694fb5e04f80353f32cffb3047bfaef0299fc7900f5fc150be90633fa1d0565053908b0fa010bcf092601f2fd1e03d5ff27fa7e00d8007df6bbfc
4ff3affcd3fd25037b07770bf7063200b902fb0bc8f92af641fb36fcbc0a35088c05370453f30a0b6b0250fc0e0385f4b1ff7bf374f4f10b1508b7f61ff7050a
f603ed0247f42809f303c2f642f35bf54d08e3fb6c0ba401dd05aa08760689f7c3f53dfc34048800670a9bf6ca0a3d017101c1fe6c00bd089d071afe3bfbedf6
a1066008ff00140a890bb4062dfc30f870f40dfe310b46070c08910558fb1bfab102c401da087bfdbb02bf09ed03f9008a02ea07660afa0656009cf8e8f6c209
1604aaf6fb07d9f3c10c78087a005dfdbb02080b1a06d3f48b0af0f968fe5b03e3f73f0480fcee0777f90cf4220117fb73096cf8cffacbf76ef9e30a60f609f5
1afa27f886f4960a4c04ddfe1bfc2b0b930876f33c086aff3202e008abfb700aeb0521f7be09070a4f0522f578030b020d02440988f5bc08defd0af582f44f06
ce0045fe3af9bafe35f3260ca60b450473fbd0fecd0b190b09f94f0a84044103c40879fead0699069e019bf519fa6e0c65f98f04b4f8a2f487f3c7048aff36f6
a0fc1ef7e3079dff02fe3400ae049108a2f4c1018e0c5dfdaefe0500ff0251f940fd68f427f9c8f77e0265fd34fec8fe340054f805f6a6fcd906c9fc5e045202
effe3ef31e0a32fad200f905ecfda0f86bf3b00cba0ba40bc6f6a00b4f05affebcfb62fde80390fded03f6f5cbf854f4000603f7f0fd8807980aaff873fb7ffd
38fd0302e0f9860307f6c4f441051dfd220654f8fd0856f834019bf96e0382f649084af8e6f65607e901acfbc2ffdc0a8009e6f45d08b10938f76bf9c9f8e4f9
83f8460a75ff3107a805aef4b0f775fdd909430595f73ff32e0188f33803620c4ef569f340f376fcacf75cfbc4f9ef091b086b0b73043cf740034efe1e0b2203
c7f871fe6c0880ff40fb7607e40890f39dfc5400320beffc08f9b208f605cdf520f58802830ab8ff74068601c2f3df008908ef02f80638f9c8f32008dd0689ff
fbf537f81c082ff400f8890608041dfc7ffd4efbdeffb1f85cfe9afd52f585f74f084602530cdbf86e051c0106f7eef352f9910105ffd6fbc40b4e01df05c3fe
f9f595f62409b7fc1bfc080409ffc1086f05f9f7460a83ffa504e4fc9801f9fa400ce102c5ff77f92bf9dd05520c62f81601f9f7b901d1f39b029cf681f495fd
120864fb84fac7fbebf928f5ebf513f67e066f01bef75cf5dc05c2fdd1fee00a8df519fdf4f5e901f10a53fb59fc48fb31ffa60ca0056bff15ff7d082b040b09
a7f44b0a4cfbd9fe650b97fd3a0bccf3e7fad402eaf32dfae4f96409f8fe450635ff6f0b2ef94ffc96077ef74e07a90bcafcae0a0e06390bfcfe28030bf4acfc
670c43faaf0a1902cdf69601340ab30a4300030c34f6e6fd980c87ff5803e1fd9f0bb5f3850846f348f372063d0a7802d001ed09650aa10b79077ef6b6f87afd
38fc2df9960063fb23fb37f5eb00eaf5370ca0fcbdfcb1f56c0254f878051cfad5ffd8012805190624fad9f99ff940fff0015e0b16017b063303cd04ecf617f7
6ef428f6950449f7f30205fccd03ddfbab0920f7abf379f99d076c03990988052203e903d90a32fafb0855fbae0634faa5ff4bf634042d0404fb44f4d8f7f3f5
2cf805fab8090af9b1feba00daf70d021df9da09a5f3d800adf7260b2d0a3cf5b9fc0cfc62f49d0abd021a0367f8b80a6d09590449f8f9f80102b2008a02e504
10f9b307e605e4f5c10ce4fa580a4a0c92f91c08a906f104bb07e900ce0a680a6a098505560757f9b10470ffedfe90f4a80a26f84df33bf81e084a066cfa7609
a0f41602f1f77d063e0ca5043f0929f6420ba20558f83dfe460068fac9fa28f9ea014d0b1bf8d5f974fff705aff8ee09e8fdc4fe92f342f7c6fe75057b098102
1ef9bc04da0b1aff5b018f0305f7d8055401420554fe3bfa2afb22f5cdfbeb005b0161f5ecf387f9cdfcc10329f4eff32f086cf76109b7f303f67dfe0ef98c01
8903a0f47904fb09e0f6cd033cfb13009c0069068a0ac1fcc7f68cf53df8f2faacfc73f722f54109580671f4e9087d0c02feab029b02c9fc3205d2080a030207
7af485fc3c0819037900bef4cbf657fc33f9daf925029af53a0280fb4409e9f50af96bf9c104200a37f8f2048ffa520b82ff3b0758f305062ff90af928f5f1fb
c70338023204e0f5b70501fb17029ff86cffc200f8fb6af437fde4f6a00246f3bb01850aae07e3fab2fc1fff49fff302a4faaaff0ef7be066cf9e3fe990460f8
63f76bf4ce094df6f603a9f955fb56f4d506960830fb3d0859ff040c760bac0818053004d3000e02aaf8dbfabb087407fafb0f04130026098e077df342ff17f4
7bfef6fbd1f6050000017f0914f80c049ef97007c1f49c0727071bf9a9ff94f3a408c8fc2c0255037302fbfbeef63b0cf8fcfb01880ab5f3b7033efed3f422f4
a0046cfe5d09b4f45df3a0f4f6ff3cfb5a02330950fff901f2fdd003f208f70962fd26038c01f008b5ffa906b109c7018dff2effe3f92a073efd7ff6fcf721f9
41fb84020efe01014c0979fb200719ff53fcbcfcd4045cfa20f6800aad019204480935052bf90af6ddf917fdadf75d091ef45207eaf3ccfd280aa6fd80fa2901
d003830260f863fbdcfce9f5180a07093e02a7042af91ff6effb8bf4ae060609bb0318fd1d07f30bcff459fac8fd8e0af3fbf6f845fd3b092d0ac40357fffdff
34fbdd0303f7cffff60261f6a6fff304300282f415f7e4fde2f871faf7055609c2febcfd68fd34011ffaf905a406dbfeb9f5d4036efea003e8fe6bf7e8f97f08
9c0cbbf3b403550cd7fa6bfa7204ebfd3d0cd2040ff53b00c3ff770c66fa70f8c806bff4abfceaf8c507b80225faaf0ac805c0f7e400cffe1f028afe20fb11f8
34ffd4024101930b9f036bf513fb9eff92fcdff40a0c150b26003cf52c099d0164f6d2f73e0343fd8f03bcf9bd02f7f71100b70752f9befd880b5afd81f7ee00
090c52066f031b08a0fcca02def3fb08c3fe44061201f4f782f96801b20653f602fe36f828f4f60b370bf2000bf477039e065ef782f624fc16f456f43d07720b
ce05d30b55f8defa93fe65fbf20144f706fe02f67af3a2fab4027a0805094502daf4bb0809fab303e9001806b80779fac00695093a0a0c00a9fe29fa6006b206
3bfda3048709df023b093900e4f7fffdfbff1f0764fefe00f8049af99ffd04f65df57a0095ff8c073d0afcf8e0f706f9ae011efb14fb3108fef5c8f4a702faf9
c401d0f62505a3f9f5087bfa04f8d5fa13fa23051b097701d00b800877f7f907e2f6e102500986023ffad2038ff4c60802fdb809aa008afee8fd04f7b1ffd902
c10abff8a308b6fa08012b024ff96d026cff9b02d90180f7ddfcc901b1ffbd028efeed07df070e0176ffc9f6a2fa24f45205c70cb10cd805110ad7f4f309a003
84004dfbab035bfa81f827f63ff669f3b607170200f4a802ccf6f3fa2e0584f7c001bff9580c60f66603e70b970bc7f4e6f4f506c2fc0bfc98ff00f61309ef0a
8e02cb044bf77209cffcaef4d2fedef98f06220a53f5c70b1e07a9f877072dfd4dfca2077f068606ad074d06d0030bfbdaf81a0b5f03e7f82ff823f644f8a2f6
f4029c054901f0ff830939026b037700cef535f376feda04cd003604700713012dfd3f0691fe0bf666f4aa072a0b9ffa620b2f039305c30278ffd6f984009ff5
c20b6c09a604e2f567fb7e0580f607fc84fdc5fbbafe44f7ea055bf3150a83f80402d7fc2a0bc305d6f88206e3f5120305feddf754fde909360523fc94f4def6
34f666fa0f069705dff9f8fb1403d9090b043efdb201c4059f01530bb6ff7a0938ffc6fe6504d70758f8bd083b023a0810fb1cf99c048700bfff1df89107a8f8
0efeeaf7eefaf700d408a1f77c015cf7260b2ef53efcd4fee9fb59f94b08660bd3f968fe3af535f8130639fd2bffeefc40fbd9fe7506ee046dfe48f60ffec50b
7cf3fa08980a88fb6805ef05acf5b0f987ffd0f37e0c3e085a0162f959fba90bc6f355f588f616001c0773f970fea9fe4109410a9f0b56f4aafdfbf681042306
39fe4d004909ec0a72f3edf4c5fd34fa22f4bffd35f51309da0098ffe3fafe05760564fc26f5180addfe44f998fa65098b0c61fee10ab3f40efae3fcbcf6a7fe
4b0ccd0623feca02b5f9b30161fe22f56a0387047dffe4f939058106020ac9f41df60cf449f63d03f10b100671f6720a5e02110824f899f9e7f4700bdaf48dff
12087f0087faccf9da0ac3fb18013e0a48079004590ba5f40c031cf46af852f676fb2d0abdfcd803dffc6c0889f5b2018602d6035afab40ab60ae5ff6a0601fd
d5fd01ff690023f9f1f506ff10fbd507050501fa6ffdab033b079b07fbfafa0a4c012cf674075ffb8efd6afcf305190607fdac026204100a370208f9a50909f5
a9088afaddfd5504edf9ab08e002fa048efa320627064109dc08a1ff32fb9ef66df434f6d50a78f9c50c99f4a7f48af9dcfecfffd8f72e0c25fc90f9a00799f9
2ffaba09b30cd0f5e6fbacfbcbf713fd7f0667fde5073d07fa03fbfa18f4d80968f6cb0be9ff2df6c1f8400a28ff7400e2f6570189f388f3e805a2fcf50963f3
de0983f5fafc6c0bab0aea0249087102330248057a00a1f879f35cf666f3b504d4fdbf0824f4400284faf9029a04c2fc19f7b2fdf1fb17fa29f401fe6bf80ef8
7b022a07a906e7f43900a5f63b065afe03f93afdf00481f750f6d5f36700e1fd8404e4fc15043206a8fee4fde8005c0907fa5b09aa018c03fe0175f6220631fe
f3fef2ff1ff846025b0a6bfcd0faff096e0a80f9fb0389f55601c5fcdaf440fdbb022cfb0af5a603cd0434f79ff9adf3bc0351f6c3048200050570f560f9f006
a5f4c7f4c3fce9f3f006b8fc200177f7b603710553f98a03b2f48b090403c1f47e0ab2f55ef754fc310af0ff3df33406fbfed4f39c0144fe50051400b8f39404
7c04def71cfeec081af4e2003500e1fe4c0bc6fe7702ba05f601da0955f87cf4140835f56802860cd6f718f75ff9e0fb45f6b301830217fc440a69096bf5df08
58099a08de022bfd2d07950c54f87df4220ba805ba0b13ff2e07bcfab2068308aaf32bf68ef516084208dd05bbf7c3f6cef71df4a0f9fff78efb29f41bff6506
10f68cfb000453fee8007efd97f53c085e0bdff426f632f92a0963fd89f4acfecdf513031af44d09230634f5cc002c0a3908a6055508d90685f823f8630892f8
590b87fb6007b3f3d2092ff91e0c89fecffb51f783f49809660414fba60a240591052a009608f8fb22f7b40c9dfe5204bdf3c009c4fbdc079f075902f403740b
02f5a905fef9a009380bd3f8e703ff08740099fd68f74b023905baf7d406bcfe720c4ef6b101150788046dfa6e0343079af5f5f6eef4c10a57f5f60900049903
ff010f048cf4e201a3f9aefb03fb57012b0cfd0bb6f9b3f4d4fdbaf580f46a0445fc6cf58a0126fe9a00daf5daf9abf461f52dfd69063e06d7076cf6e906c8f7
1a027f0553f5d8f7a7fc6107a8fa79fd90f4d607ea0be30856f33005080c6b09a8056606060494067bf7dc078bf448fc2a07f90242f440fa8b08c904150a1d06
6a092afba6fd3807a404b802e3021df8ef09c805f3fd83fcf705ae0cdf045700a0082004610b080bbd053e0c0a03e9fa11f5080a43f997f8c5fc3d0a3ef483f4
e3f961f4b6f387fa6bfc61f9400176fce2f92ff6a907c002d00b1c075308220658fbb3f654f47ffa2d0a930924faf2f4fcfff700d5f4f40b0d08e80261ff74f3
53099cfaaf029ef7f106500135065b0cbf0607fb5cf604f72d04edfb65f3b80bae0b3102060634fbe1f3fdfe37fd96097c0a35008ffdc107780ce103dbf6c9fc
53f354fb6bf43bf6c6f57d0c950b2107f9fcaffbfc091ffa810a23fdf0fbcbf82d0ae1f508f5090321f7e5f397063cf892097bf9c8f3f1f9f9069afc4907b5fe
8b00b50d7c03c30aec0e020cb0ff4107e1ffcd07b0feb50fd3ffaf00f609650564fe67ff1afe6609d3fed3ffa604c605780194ff1bff13fe7cfcdbfd73ff2afb
59002006ba01fb017007f60467002706efff9d04e3fd3b01f3ff640347077b02010926012908bc01da00cb00230a800498011a00b7019cfd6d1044fe80037101
bc008910c20285090d0d340aecfed9048aff880647fe3f0b5402130042ff63020309c2015e12e500e3fe0800f5068d04c90046fefe00cffd221644fe1f010709
97019a026902f00bda12e503dfff4f0690fc400787fe4505860138008310a502ee092b009712ab0313fe0d00e8081206f702cdfe160184005f090ffea700ff01
1e0045125f02500c7a05de0e6dfe100849006806420075164bffbf00e1056d08830577fff909870401ffc2ff9c0ccd05e0ff3501b4fe2afdb1168cfe9f030ffc
9101670226027a0bf70d160339001e0760fde3069ffe3507a4005c005e12c203950890ff1d0fd105c8fe280080078a05f5026500530014fe941511fe7a015802
390009120603bd0f5a0ae5128afec7082101f806eafe55149e02a900fdff6508f207affffd11d802f5fda7ff8e0b2d0432004a0016ff35fdad04e5fd1f03cdfb
5b01f100140277035a042e02c201cf0797ff49040cfe6205ee02d403c2116a043d0d2600141681034afe9f00d3099e04e201af009701a3fd042fbd005e02c807
ceff350fbc01e0131e0ce61ebbfff303ebfe7d0600ff1a168803fbffdcfee4042a12da00fa115a022cfe98ffe90981059101d2036dff13febd13dcff01059cfb
0b01af03a402411009134005b4ff0e086000200dc3fecd015e078e000613c005410f75fe6c05f707e1fd05040c0892052601630133ffacfe4ff752002d024cfb
0800c60e85025e0b8311381ee70160087afe47069bfeec1bc604390147ffd902350a59ff1109e404f8fd93fff309170587014902f7fe25fd320893fe55ffb8fb
47017002c702e00bb60d5802d0ff78080f0064061800780b72051101e116ad062e083bfe6efe71070bfe1800dc062c05ba016900d5fefafccc012bfe29013bfc
1800d00b7e0210104a0fc8135e0257087cff9f0b52ff3a132004e8009effa305d409f8ff6c10e90459fcd202c5087a05050192ffbdfe7bfdb2f944fe61ff8cfb
a800ee0461023a1103128106fefd72094bfd310a76fe5a0b24017e00f6129e03c70bbaffe807c2058efd0c017907ce0638028ffddffe25fdadfc67fe4200fefb
5300120a1802f408ec0c9e0efdffc90541ff06069301b9107eff4b002b01af035c0867ff9f054f06fe011a00da02b204b200a400c4fe0afdac1047fef6028803
1b0055ff8d02cf070708fe02cafe5a0922ffb4035400aa0bfe0391001418ae07050495ff7dfe380527ff410014053a055a01a4003e007dfd6913140c0b0139fc
c1ffaa0c7303b30fbf0e21197dffb40534ff540489fed2167104d8ff5bffdb01c0071902c4155e02bbfe7a00340429057c0117ff220065fd0723fefd12ff6ffd
d100ba00a402a611060eff05f8fd1f06eefe600564fe8203380308008e114f050807ac02e5153c02bafe98007b078e061302bffeb5ff03fe56192afe6b0390ff
4e00f711a6028c0d6a0d69130b004a071fff1706bcff97199d01b9ff59012c052008bcffccfeda049ffef3ffa8088a05190084fff1fe39ff8afe97ff1b0177fb
3a0179024b034d02400bc8074a014f0384002306d0fd040219003c0c6b050effcf0d280283ff3e0179002b0035077a04be013efe5302500583fcfffd2aff47fc
eb01aa100e03c4ff92ffac0e6e02fb0332041a000400ad0d0108ba05eefdc50234fe4903f2fecf003801f70016099805020075021504fefe1a3f27fe8e049306
55015108e502a80ac20e350778fe6002090034054bfe6200b204a702c005ce012300b40546046500a0004c00d7098c04b20170ffa7010804200a41fe6602aefe
550131125403900bb710db1ad9009606e9fecb045afe9a186b03bf01d2ffc1017b06e2003c010d04c0fef8ff0e09d704640187ff24005300a6fefa058dfffbfc
0c011808b3028706d90848032dfffc0239003702befd1d01a404820cc20967029103d60106040f02c0008800ea0b3004e305460300022300f033530222042ffc
b4002b118103a00d05129c1f03ff8d06d4fe15089ffeae1c05032a0182ffbd01940cb7ffd4050c0535fe9cff7108db044601410151ff1bff0f058518c0fedffb
f700eb074602eb0d0b0f2505cdfd5d0672fe5b0553fe9c0600072400a4139105a50898ff3306b60559fef6ff8f0bd204b401260304ff73fe49174906d60517fc
6c0116146202e70f0f12bf27710229072800ec0721011d20ae050b00c3fedf03a50b4efe710a8c07d1fdbdff670a6506ab018b02a8fe41fcf4fd7fff020145fb
12022f07da02520c790f1e04b4029b071600e60abfff3f066a094b006213a505a70a21fea009100916fdc500e80a2c06d201600204ff37fd70f873fe4903f9fb
460193142403280c1d16fc2067052f072dffa50d08ff4a1bcb05fdff41fe6900ea0e23ff720931087cfddd04e80a5a06d0027bffa5fe49fc1af3d0feb4004ffb
8b025c072203bd06590d6204ed0154093900cc085c00c207520659002d142006bd0706fe94fef7075efd42009009f0042c02cafe6cfebdfcaff798fecd01eefb
b800750fa50224073c132612d3000c05d9fc5b0744fe29115003c908f0fed2fe060a6a007009a803eafefaff2608b4040702e3fd850070fd2efea0feeafec8fd
3d0158057403320bf90dbc03dafe5d041602d20747fe37004b022b021d0a9e0298058201271100035cff4e00d3084f04a50153fe4cffbcfef50d87fe2e001204
aa008b0d4304f3092707260efa00d9046cffc5043cfeec109ffe7fff4c0347048b053b01ec039603480059007e0a7504180173fd97ffdafef7080dfe0101fefb
2103f10c3e057001080007027902f90228002204fafd5a0191006400f703e4000b00d5027500580549022d027d0a0a04d20149fcf60059fd29fef2fee0fe3cfc
3900ec07730249001800ac03d004fd0010ff8602f8fd000197ffc504350192ff0d00e90380fef5026a09930230098f0f6c01d0fc320328016911af035301160c
3e03201302024c0011003303de02130028ff630291fd78005e00d6061201aa00e2ffba05dd0fcc04720aa401dc0918038a0105ff1902a8fd5f2d43ff09030e15
c4006407cf01a6ff34007e024c03d00051ffe303c6fdc002e3ffedfff702770163ff4903c30a0203020613018808b6021002c0fcb9015ffd491afffef2ffd60d
fc0357126e02af00fcff4201d801830072fe78ffdefdc7026d00420066016400d4ffa903270ae30660022e02ba09bc03dd01e2fd410206fd71233effc8018d0d
ea032a072b03b400ffff81008804d4ff6eff79fecb0053017b00a7005601c4ffcbff0d05b4032f077001b903f80ae30f8d02adfc53040c006204bf00a800a209
0704b6126f049702eaffd501ff029d01d6fe99fe6e0087002b007500b6ffddfeee0045056a026b03bd0397045909f9039101c5fccf0464ff920d1b032401fbfe
94ff730231033d01ffffbc01ca02ac00f4ff6cff4200810091ff6e00a10097ff38003a0532151501ca06130204073b0bfb0136fde10187ff63024cff8704ef09
8c03950d5503b401e2ff210210048b00cdfe9ffe61026b007f00e201d400dafe7000f50499014904de08cb039507c40304069dfdef04bcfd8c237302e402c502
7c032605a402a400f1ffa60580049f000eff61fed6fe1505faff4f02b80213009cff3607bb1a1b04fc076a0195099c035c0294ff8b0296fd2b3e6cff49048516
fd01280da401fc00f3ff66036803cdff9cfe47022efe71008000b5003601dbff0e00e5050b07e904bd04aa036c0824035401f1fc8e02bdfdc22a23ffb7039908
f200880670028cff03005601c1022e03e4fe000632fed004720086005a03f00223002302270c62098aff0002980a270a57026efc3d0004fd65fd75feef012101
40023a0f8b00a2ff130094002e02bc054eff9c06e2fd72060001b4009603510517fffd01ae02df0b94fe3f01140971039d0549fdfdff9dfcdc056f066b0304fd
dc027104cb0173ff17001602c203b00100ff2206a0fead0977003f011104d60221ff99031f16a0085d060600d207f702a502f8fdb400ebfcf82a90fe15ff3e17
b401710bfa01a2ff070076023e02db0255009b058dfd77006a00b701b70154028bff67034e0c7a0bd1ffdb0236079605aa0dbcfdb30067fd5f0489021f02ddfe
b1ff95fff5023300feffa60282057f026eff1003a6fdc6007f009c066d00dafe20004a057501f6048207f1031a03cb1b6a012efd34033c01c10a11ff6b00920f
4a0111088e029100fdff2a038802b40067004900bb008a0069001c033701a8ff0800c2029304220787029402640492091d10eafec70282fd5a27260269025508
92ff4a038301afff1e003b0144059a00edff9c011900e2006bff0406e10171ffd2ff0905f00c5f04d70900016806131b18057ffe090279fdf5242fff2f05f614
9401310d4601b9ff2e00cd036e04d301a901180697fd7e0007019e02aa025603b2ff24035910d30a8703e20111074403b70c5aff9700affc87221b03ee01a605
07045f08ff02cbff4400fa021f055a02e0ff540480febe0913006b0152047a0348012d019506c90a3703b6ff120ba20222020bff680101fd6423060fccfe8b0b
30004c0ce8003bff1a007f03f501f30368ffc105c5feae00f1002f00e3025205f2fefdfe9f01f1092bffd4ffad054c039509eefd5e0034fc0703adfe6201a1fe
92045e082c0073ff36008502b50186048ffeda05e8fe7a0bc4ffa302ea04b505a4fe7c01a90b9c0c34fe9cff6d0b4103280236fe0d015cfcfc26df040602fa04
980094077400c2fe16002502e900c2060bff1f097afecc03e401b7005b04b2097dfe37fe7101c90b52fee6ff64017b04080291fc6cfe96fba0faaaffb10070fe
b901f5018c0134ff2e002a017f0286057cff2f08fbfd6e089b008f03d504240772feb4000d0b010a1dffbfffbc048003380276fd04ff19fcd10e83018500abfd
16ff9b034d01ecfe190001009d002809f7006c091efe510671027103f604950b56fee3fd1501f30ae3ffbdff6bffb904c201edfc31ff05fb56faa1fe6a0145fe
61015100b20116ff42005101890206053afe870a13feb0065c01c9041505d3096ffe03006008f2072cffc0ffb90297045103c0fc02fef8fba6fd7603b6019dfb
5b018509b101f1fd130080017204f50bf5fece083efe050fde02950251074d0e1dfec1fc9501590f02fe02006900a905330297fcc70035fa7af9750f9403bdfd
330020028f00b1fd3900f0009c06650784fe890ed8fef304cf0178015b05730c31fe26fe200ea006b8fe0200d30640043203b5fc880013fb42f9f9fd720305fb
c1038a111801dcfd18003e0047040d0a59fea4083cffac0ba202190155067e0d2efe26fdc201340984fe5b00e907b905bf02f0fc7b009afa2cfad1067c028afe
2f03c208c50077fd510016007c05750877ff600a0fff350bb401f10167066e0d1bfe90fd88fea20a8efe3300eb0a3d049702aafe7f0068fa8afab607100362fb
6003360e060234fe4f008a03f6035708aafd270907ff680d83029e008906600d23fef8fd1d02190689026e00b103af067c0408fe490087fa45feecff02042fff
ba01dd045e02befe50004e02b301e6077f002b0a94fef7057701fa01fc05500b74fe70fe83ffa8086a041700270850055603b1fda1feb3faf3fb34fe58026dfb
OFM 4 1 222336 4352 f0cf658c
b9053605daf76a0103fe61f7a3063cfd4dfed20baa0bcdff1e01ce02c8fab308f7024b090d012d0714009e089ef30dfb50f957fa86f779003109f9042001b3f4
8d0a5700a6f8020b32f61f0404f560042d04660c94003a045cf405fe2a0b25fd37ffd1f72307cc04a1f9d109f801f206990cf004e60331000e0c360825f5f004
1806caf7950c8dffa8f9c30629f627ff3c0029fe68f688fbc4066bfffaf3cefef902e6fc08f66ef835f4fff7e5010f081c0609fe9002610cd80472fb2103dc02
1c06aefd460cf7029a0147fa2aff38fed2fab701fb08d9017d0bdd01b6fd2005c103c00c8cf5390369f4eaf772005a0b1901daf7b501bafb2cfe6b0a47faff05
00fb85095bf5bdf7e3057c0ccf04f202c5f3b8fc10f8b7f9990094ff280a450ba50c040b4108fafa6f003e084df6c4fdd00ad104f9f51b006ef68b05260a8cf6
fcf5ff04a2ff1ffc040aadfe00f8c90a9f0409028a0aadf9f3033ef786f639f51600d8f96708d700c5f44a0a58fcbe0335f757fc870624fbda015cf403f9f5f5
34fb3007d6ffd3f46108b809c00756f6f7031c050ef9540bd6f9ff07aaf3440cf30074faaa04f004d105ad0a220990f88f00fc01aaf67c0b6ffec10966f58cfd
cdf9edf75c0baafbd2f6a7ff680c97f8d5fa5401a6076cfaf20ae8079c00a6febbfd9bfb4cf9f4f9520694fd7a0b9708f20be40ae10695000df52b03a6fbbef8
62fd24039cf8bb0b8f061bf99dfeddf63a07cf067a03b107ff006b0ca3fe660ac20b090444065ef4f801d308910bacfb1201d106f30154fb30f8f2fed305a101
faf9bdf3e0fe4ef90100fcf86503d1fbf9021604b80199fc84fa99f71d0259f70501530132fc2b0ac3fbc1063a0028f4ea05a400b5f744fd0e0a97fb92ff7df6
96026508fc0ad8f76efee100840606fb93fd17f5140ae4f75ffd15f582f443fa5401aff42b0c0a07eb09c8f410ff95fc62044e0941f819f7ab058ff3b6fa5508
97075ffa91fcf507a6f625f8caf3bdfa02fa420745f7b806c5fa8302000b05f9f9fa62faf602eaf410050df8daf5770357f5b3f312f8dbfad8f8730015036b0b
3306c9f9e4f613013701e5fac9ffb302f7fa65fc2bfc9900910c470cfbf813f80dfdb2063af55307f80795f5f700ba0289f46b09fff8d5f55ff5400cedf552f8
e2f34200cdfbc1f4a500590bed0b87fa09f76408600af4fe62017ef598f5e4081af78ef368093e04af060a0961ff37f63df570061bf54f04290c55fba9fdcffd
7c06e1f99f097aff0c01b9f92d04190cff0687023c07070700fe170ad909d5f49ef99008a7f36603550687fac1f473feda03470cd7f85f021dff3608a5f82801
b70618041109e4fdde033808acf3810c8508300033f8edfe10074308e8009efa0c0386f31dffe80a7608bd01a9062f0632f9bd0078039804370bf50897f475f4
b7fe16f418f886f3740849fe5a08c00c58fd97f356fdcff4ec09bbf62aff4af7b2ffef0bcf07bb0ba0fb8e082c0b79f8800610054a037df691097b013101b0f5
b00623f95a06bb09e6f4b9f49e04c3f9befa93f8bf0481ffc60214067f0b1603f6fdb209a00c0f006d0261f5fefc5603a40ccdfa0df4b805b80ceefb6bfb9603
8303380870feedf6020ccc0735098af507fda507e1070ffc6ffa48022ffee900bbf6610745fa600a1a0868fe8df7030457020505cf0481fc7ffcc9f801f45bf3
d601cd019f0c65f7e70b13fa80fd9ff91506fdff9af4890cfa0b0707b707ab09830ae2fd2dfa08fbf4fca8f9a203840386f9ed0b0d0b0f08cd042d0ad4062705
57f37d07a0f63df8b3f41002b50039f6dff5e209310443fefafa3efe62fcc90b49f873018607a3f448f6640866fe8d033af7a2f936f3cbf8ddf800fac60860f4
120a40f6b103dff80dfd6ef3f0f54df981f41100daf4c9066705be0409fc9a0a63f79af9b80ac104ce0b38019f04b9fbea01a40513f55e0564f7d60aa8f6c50c
150801fa7007e0042008d5fda10090f989fba4fb80fcb80a070369f4dd08dd08c8f694fe8e08e00a0b0936f7b2fec5061c0203fdb1f9ed0a02ffa8fa0efe4303
78f561f3b30accfda3fc510000fc3bf895f9b10968fe46fbf106390619fc0d02580782fe170ad408d605ca028e08b7062af952fda60441f7cbf51c0bd2f61e02
6e0c74003ffe2d0ba4f6eb080a0344082704d1f897ff74ff3303ae06ad0b760b47fa82039af7bc0c110607fbf30607fda50a9c005df9e6f36d038401f60a1e03
26f8ca05a3f3210799fd4dfbdd05e3f6f205710b70059f01aa02aaf708064cf569fce7f6f00a6c080e0216f8610613f68cfe580cc3fa2a0051fc610b69f64e00
2f0ae70b2eff81f57f064af507fb02fb7d05da0a65fb96f4aef8c800defd20032dfb4f08fa078bf54cf85efff800b0f8ebfb54077f040006d306adf6a9f7ec06
9906dafb920771046efac005cd062d0b6bf637f5530947f90ff7f6ffa4fef9fd8500cffd17fac200b40357054200a006610253fb2f00880552fba30716f710fe
6501f90931fa6b09b70be803adf7d7fe45f6db07daf36ef7b0fe010984f593065302250120fbcffe47fc3ef76e0c04f523fb3bf33cf9550a86f637fe07fad7f7
b90284f415023e00ce08a401d60b4209bc0b3c064307e901e10b8504b3034afcf40ae7fe1601f2018cfda0064df62affe0ff58fcbdf8570442faa1fb11f43c0b
240113f917f62301710021f6bc0c21067b08d7f8e3f845fd36f6fa0b8b02090497f8b9086ffaf3fb02ff0ef89606900c98017b04f00b91f74202380142004107
1e08510b45053700660a54fb640583fa81fb20fad4018e0202fe83f82109f2fd0802090c8b082a050ffd250351f8710ce1034c03f2032003e40be906cffdb506
29f4120b8dfa41f629fa5e06a302810752f536f738f37f08e90b69f43b007b0c67fc8df457f689f4de09a0fc38f84cf545fb2704700468f49df68cf465068508
9f04a800ab0ce50b47ff31fdf00baffcdbf70f02bb0782f500fce0f7e20840ffed052e07fbfae7069afa1c074afdf0f30f04da01bc0bb20810f5df055809a30b
0df4f9f666f8e4fe5604eaff25047fff050c4701a30035fc900c64fd200b510386f4d70453052804bb04330926011b066dfa400765fa8e07ec03caf5c90379f7
e4fdc70b8909b9063cfaef0024f52508a50b4efe13f69df62cf7c3ffb4f308f56405ab063c03d8fd7f08b4055ff326f9040ba8f5320babfeb3ffea0a6d055df9
4bff4dfc2902230109f93f09540a970076f8f7045ef3670630f4b0f4510c6ff619fe55f3240b0c02750ce4fd4cf4f5090ff9d004cc069d02e406190bd405a8f8
4b06070111f913fc8e01240487ff96f978f351f50efabef8c8005c05a9fe30063d0afef90cfdc7fc070618f80dfc150a760c3dff8e06dc0165f32c086d05b0fd
15043df990fc300982fdb9082f05eef5fcfcb0f788f97c08e6f95df44002f00401f4350cec06f00469f58cfe1e0acdfa40f95c081f052007a20a4f0511f74006
abfe43ff5506d109360b220239fb5dfb60f9100966feacf69efad3f6bb048509bb03adf77d0a4405fa0a08fe9b014d0b570cbc0c8a0471fdbe0cb50c6b043708
5c0a84f838ff54f52dff2bf8bcf31bf613f63b0788ff350a3ff7eaf7c00534fe4d0307f99408fffc6101b7fff4010508cef69aff4af83ef60bfaf106f303e407
1a08adf9cbf379fea6fd2c00c7f765f379f83ff33e025b037501f8017606e808c0074ef3bd06ce0277ff7304cdf7a40a980a110bc20af4f861034bfc3df57e09
5bfedb047ff5def83c02430b9b0593fe05fad0fafd050cf47c06e801f9058f0ba1fefdfd710086036e065efe3109ba04f6f50f06ebfff8043a0974fd0101f602
a5f302f9c2054ef66501a2f71bf669fee80b3d02fa08e9f8c9f65af625f8b9096cff22f9d40bbef79407b502f701a408e50813fc26033c010504edfc7200aef3
e8f4000cdbfdd5fc4ffa2500ad033afdba04c2f3b8f8a1006e07ee0226fa8f0bb5fbcefdf10850f3bcff150ce5fce6f5ecfa7204b6fe8d0c95fdd2fd45f4e3f5
c7080e0b6bfaa803640bc4fd1200380ced0985fc2b07bb0336097a0310f51f0a4ef81e0a2cf5cefeea03c5079b0c49043eff8a0b9ffae60356febf0a4afbc70a
5ff88e044804d7000406b8052107d0faaffed605bc087efef600f7f47dfa2ef46703800914fec906310b15f70f0abdf9ccf92cf82e078000190950fec3f5bb03
5af4f509a6fe47fc00075ff3a006b901c303a0f461fcb007daf7feff8804a6f732fd10feee0a5603b50cf7fd21f92d0502084af986fa23ffbbfb3309c9f57e0c
80f7a60c4bf7e4f349f47c06e5fd33fb4d0057ff93f60b004a0aba09d4099502c70456f43d049a04ae03b408ac01ef0350f38bf3790895f675026e0a1a0b04fd
86f9cb04bffeb0065e0376fe63f448ff0cf92bfa7500ad0b320c610ae6ff40fde1046ef48907b1f94df7fff77a088cf36d0ce0028b0a19ffce06610337045d0c
64f5420a00053bffedfaaa021e05580c6e0a940c50fcfbf773f395fec8f640faabfbd10827f470f63506fc07f305fbf41ff6e50992060606b20440fd41f909fd
9d00d617bb07ea1e0c06b3fcfd0ae0069201defa8b046a0703166c0d6a01bb084d20591484f433fedf0b92f573f3eb14b70874f15c0147236e086912f70c6ffd
adf44bf5cd035cf1eced7f2594ff2105ae00fc0f0ff2c2fcd6f31bdfe11c0cf7b1ebffee86f2a6011d007e0b3be1eb0cca07cb1d4102e2fffc040817131152f9
cb22631ed9e86b11a7e89c0927f2ca0b080a71f6ce0e4219620d92d9602dde0f8bf1210ad2df2104c2177108a9048fee6c3cc528d5f809db3cf99b0ec4e36c17
86ed2bf688fb17eb11088a0308e5c609ebf608f437ff8cdb720fe02404dfe9fd78ea27f9d8e5a20b8811e820f32fecf79a3ac404d51c91fd44fceac85b2a37fc
d2132a1df5f01f1526d42b082ffa78fab90c47f256098500c7ec10e50915d0f9a71335e6041f54152811a5e087d9cb0919448ae003ff2d255b14f21b841e5812
a2fe24f9e9f59eddb6f93c06e3f4211273f652fc06fd8f010601960259fe4518bb0644faf3cf560d67005b1aeefc56f9a801aa1bf90895d361ff690210ea360e
9709451d86e47b0aa918240c9ae8ce0cccfcdef835183205b10428fe8e2b450317ef1013a4eb3102c10c9effd9f497fb7a2300f1a7effd0e1b0a66f64b065bfb
86f16415c8fd43eb6ac643fbe5f2a50444018d0d7afe67ea180044e299e6f6fe8af172b099f9a40c24058c08a0facc0300275d353f36da0a990820f6271aab10
0923bfe771eb3c17d01f0e1683e94100c905f1e3fc0555053df2860fe0242a0af9e1fd0950df3f0a03fd4efe7b0204eb4a1a481571efb5f68cfb19f842f5e900
9319bcea650b7807c7f6e6036f01d51a60074ffb74f1531fc5ebaffe87f47b11d731240c2a1bce06821339fe31f756ff001dc12e8a00c11e5b10751ebe3cdf1b
10fda803c3fd18f7521e191285d76114d8f7fe0933e051ff430ceff820065205cbec3ae7ff0197fe7bff5b0debe747f54600d30d5affe0014d1169efe705880d
b7058cffdeedbfe91aee3d0289f65e0c5c07f40c7b1520edc7f59f111ff5c007df12f2e687e6f7091a12740589ef0be9cb060e3d6e1edcd9d1faf4dd8ee8c5f9
780f00163bff51f52dec4310afe84e01a1074f0592ff0cf8e0150efbaa08a8f44ad787f7e9fd4d02801d2f0c4a020c23dc234d03572c8b36d7171ef4cc2e4b08
22f6eb177102a0c7bbec41fe93093413a2fc8a1291e2bbee14e50e122bd75e21e41b49edf523c533401239103ceb3bf45e33ef48da25a0ec050f691f6630981e
a519791fc7f0000cf217400f9ade3116d603ae0a9e0f89f73fe73efd2d0b8310612e0ee27ff0c0f7d3f8bedffeec11eb4f11911715e87f295a2125c971df63f9
340807eea7ff29f6ef188a052cf35326d30844073d04bd0ce4f080eb5aec0e073711860720181913d4187e093624a10f3e16b8370a134016f60beb071706d112
c5220dee5dc77ad8980b9e0cd8e83a09070093063a0053fea810612ce6f908098bbfcaf52308cf09a5fc15167bc998e72e1faef9582d7deba4fb1c08ac3f1b08
OFM 5 1 39744 8448 3965040f
5a02e906430538097e04ecf433fa14095ff837f605fd1d06d5008cfead0a020411faeafb660345f54f0863fc320cfe02f005e9f469fed80bd2f767f809fd810a
e900f8fb690a4005b2ffb5f599f37108ddf89ef7b0f41002550c68f689096a0a54025df67c0494fd78065ef7900a9df8aff3fd0372f53afba40578fea7ff96ff
aaf7f3051bfb460ce0f5c50760f9e008a9099e01d6f6db043af55cf389fbed006cf8ba01a5032cf91f0af3fcf1079204af024206fcfcbd08210426f5dc090bff
8f01a30333f82403dffc9cfb400c0e0c2fffcf077a0a55f6380c7706fdfd85fd7cfbc3fd5b07aff9c4092ffb37fa2dfa5d0cac0a75fd47023f0502fb2c025704
7206fd05b8f5b80a9bfbf3f4fbf41a0cadf4d2032c0637018ff472f430ffb507c50aad04860b49f5cc005d0357095d06ecf7e807f208770cdd0396fc860773fe
e1f926fb0ffd020979faaafbbb058d02e20664031f0abbf6e4f9490c9507390021f8a30c46f9d2fd83f874fc8c03850355038e016500b8f60e04c5f56108f7f6
e4fb35fcc5fc7ffed3f4e8f54b0212fc7800cbf7f109db032204f00b01fdfcf70f0adc008c05120a47f9cf0b76fc37040bfecef89bf63e09b8013f00bffa75f4
85f80efe250961ffa7fcfef58a064b0578f3d1007cf589fe2807befc88ff010ac3fd2502d0f996f7d80abd0a9902aff7b90c25089900910a9af50af7fc0bf904
8603fa07d8022e07f20a3802fef5dc00d1f9000a1907a103e8f5930555ff65090e03ee038908d6fda2f4eb02a7077e0164fb6108d502bb09d204c70a02f9d3f5
b8f786ff56f9a3f4fafa0cfc98fdfbf908fea203c0f99df989f52efefefe85f5b70c29f9cafdecfdb00019f54106d2069df54df8defb830c91f6ce050a03b105
dbf4b105410092f803f4d1f8c8f965fd240c31fc7b06e00421fd350557fdbf036c0afefa7c02c30836ffff01d90053fbbd03020833019ff65df94901b5f9d3f7
a6027f0a6b05d5fa3403000687053dfc47029efcbb07380c62f7acfd0501b5fac2f41c011d0507fe32081fff3e0b01058afd5101250c730b98005403baf4b4fa
2e0abb0b0af46008370a3af9f7fb0601e503b4fc630b86040d082af982fbdf03f1f45b0666ff0b0cd00a3cfe1907f7f382f9bf0cc2ff96f8fff9cff4eef9b9f3
21fa7b02acf3ea0435082c056a0b1f03730254f96a095507faf38d064a070e0be8f96809e7f43d0684fbfdffcefb90fa340bfcfc8e00740cb6f9fe03b4fe0803
adf31004710125fd5e0721042cf78ff9caf6daf3e8fb53f4f6f733070306a104da01c3fef40451ff95fd37f486f3b3f504f8f40638fb20f693fa8df9ae000ffe
8bf51f00eff51c04eafd3509120256021ff9f3fd65fd1ff80304cb02f706330ba6f981f6ccf6e1fb4e06dffe41f625fd2b02e9fa73f37ef660f738f5e2fddbf6
ab0bfef30601a1ffd9fa91fe0af9cb0689028bf5990b88f6f8fa71f7bc06b8f6c2f9aff35107d508cb05db095e0ad704a2f74ff7def6360cd1ffd4fea0f70e04
23001e076cff81fcf00208fed506cc0988fbe5f827068a0080fa65fb6df4fff912fffe081e04aaf385f939057afaa8fb67f63bf6f7fdbd02690057f9a60a9c0a
0d0a530c78081702f8f5050b38fafef443f8fa0b6affb007890a01001b0c7d0906019bf6dcf35708e00bf8fb48fda3fa7bf9460859fc0cf91a0a2efc1bfb2bf6
4bfae8fc550631f835fc84feddff6bf6d70233f4e1fa900bbb00d302e4f53500cdf94b050608550ab4fe69f532f989f759f987096b0b76f312014df9a9f68df7
e60b0a0c9ef4a70a8cf8a801c0fc5dfb5ef7d90b33fedf034607200ce2f869fb83fdae0210f59d015a086f0aa0fb89fc8106b808980c45f9a60192fe3c017bf5
4009cbf38ff374ff65f627019f0356f6530317f825feae093405e208310c62f6a208ea0648041602a30544fcb20758f619f6d20a14ff21fa08f5f30371006ef5
4208b9086cf980f3eaf7e5ff4502a30431f43bfa3df80a04d5029f028b02f4fa210ce30794fb95053afe110adc04a40683f5fefed6fb82f96ffd37f6e0ff530b
21091e0a8d01ef01440122fbdc0234097c09a9ffec0bebff7bfe490699fab7ffdc0222f944ff810bda07eff98af6a2024f09740867004dfe17faad08630a8ffc
00001406a00b72fe48f72207b20740fba4fe600b28fbcb0b2b09b4043a02cc041ff917f66b0636099800e9ff8af830f9de073d037803a00b25fbc80b44049fff
68f882fa4bf449f6e9040507870399fed90978f6fef37cf8daf9f304a00c05fb53fa5700df07bf0bb1f4720836f74701350a1efbcb056309d3fb9900ae04d109
860b66fc94fc9cff1af5d7f36e0bf6f3e307a40b3c00dc03eb0b550b0c020805feffacfe87f6affc9a035af65bf75ef469063d059f09a107140c0a05a1f72e05
5f07e5f433f548ffff0814fbd20b9fffab05ed031f0a000a4604f3ff030ba6fbce0acd025e0cef0bb5f8c406daf6e8fd82f71cfb690967005bf5a6f33502bd0c
d8fe66f427f64d0777f782019203c6003bfe54f5e2fd6f0512006effef06b3041f033ef5b9f992ff7403a0f467ffae0109f53cfce5f62a01e3074001cf06a001
90f9170a6f006d03e4fc5c0bc6ff99ffa002bdf9a00ce302e80783fa520ba103a8f41cf585066bf4b4087e0cfc0477fb720cb1033dfebf040c08b00ce204a1f8
00fff0f4cffd0500bf00fa09dbfb20fb4df9d60b7409b70a9bfbcff84bf427f4ea088e0830f7850685f431f454ff5e0103ff44f831f4c9f8cf02d701c90997fa
b4fad3fdc40b7a0ad10389faa4fdf100dafbb7f30208330b6a00510603f9c2f88efd97f70f0186f954feb2038af55e001d0379f6e1f668fff0f3d3053309befd
69f96cfbf8013206ccf559f74c043d0405fc63fd910ad1f66101aa09b7f4bd04b30881f4df072b01f2fc4ff4d8f41801e203f1fd65fba8f71a063d09c70a4d03
f8034403f7fb02078bfc68f85ff6210288f730f6fe0ac106d0fdb603aefa97f9e2fa0d08e900a707e70ba40781004b092f071cf5c300da011b058900d1feda07
c30296065607440173f8c30992f5c30966f4940bdef32008d9f30bfa6d0a02f95f02d80548f62009bef57f08480505fdb3f9c10104065a08d20a75fe3f033307
4705c4f6260294ff1c08f4f591fe7c0429f74dfc2d0678f45f02e50972f8a20332fdc8ffaffd08f76805c7041a031c0a8ff412f660fbae0626ffb70a46f512f8
d9f8aff331f84d09b20970099207b5f9b2fdebfee4fa06035bf37105f709590b67fbbb053bfb9703d9f366faff0089090efb75025a01a60c72f4bbf88af4c406
e40be0085aff6ffa4dfff5058e04b7f99ff47f02dd08d60b7cfe22f486ff1107f80053f88b032e01460396f6a80c2b009708c0f64a073801620ac4005202f4fd
270aff034af704ffdcf875fbe7faaaf34b05dd04d3f63900c6f3a50c3403d40899f965fe8ffe1bff7f09c508bbf81705ecf4760a80fca106b307bbf556f75b06
6208a6f59a0772005bf87df4c4f637f74bf7a1f5b6ff3801c00341f839f641096cf54603220858f3e6f47efb52019a01b0fb67f56a004ef8acfdd6f3d703caf5
b004e5005cfd46fdcdfc7c00c0fa47ff630883fcc4f5b904a607ee01f20ab6fc72f54dfafefef3008bfb9c0c65ffecf44b0ae709f5f9ad035c03e4fac20071fa
bb05380b4df67a01a9f98b05ea0648058bf8f0fc23fcf1f72afafa0977014c00eaffc406f6ff93040ef63f0b55f6b5f92df9640b0b09aaf9f4f9eaf7fff96800
97f73ff32106c1f32b0044fe9c0b2701f101470c20049a050f0a3cf6bc059dfff1007bff9704c1fb98fa6e0b18fff9f373fb73fabdfff60b870c920101006a0a
bb035c09e30aa9008f08b8085a076504c9f94707cd059f096ffa4008b9fb580c03fd5eff5f00ef011ffc700c1dfc80f496063803c6f34d0c0cfb04fd09017cf4
9f0a1307b2f85c01360042051bf87cfdc20b71fc900291f573fbe004c0fe17086501ec0595f98b0856050e07ee0aac0c1b0a9a0281fd16030005a30a1203240a
e7ff4cf5d80a8e01a20849f6d10abff685fb130c60f5510908f982079a0766f7adfa6906380758f4360150097901c6f9eeff8b08e20835054f076cf3a005f1fc
f0020bff6a0937071e0679fe5dfe7a0209fa3802a3f84dfe48f51bf8fdfe9ffc00fd070947fbfbfd5dfc5ef614f7f909cfff7cfeecfc040082fe97007008cff4
c90bf80345f45ff79cfda3fc0ef9befe4f0b91f5550bb80b260a2efafaf6c6f944fc7f071408db0358faa30c6df40bf74d02e106720afe085f09c0f7890b090a
faff4d03f7f34ef5aaf92c0c7f0393f685f6690bf8ffd204a8fbbd044cf56df34dfd44fe85fd6af9dd02fb023f0935f3f00b5902d9feb3fecdf841fab2ff80f8
4602e7f976fdd506c2002effcb07c604f104d700c70b5c09e2077406580239028b057a01f1083404a4f97d0056fe43068d02e9011105c1fdc6fac2040d098d08
ba016705a5ff9df67a081bfe35f985fed805cb052f0610f7e3ff840b450747021907e100010856f83e0832fbbef5dff5fa0a15f4cef65f0366fd27fa44f54506
47f64909640b93fd350228fa2502b9078504eb0be7f517067bf4560ca8f32cf61afecd0abcfebd0883015ff809050506f40aaef78307710ca6f688fd1207b8f6
0bff1d06fa048d00c304d6ffe301fcffc7fe4903dcf5e80474f4a5ff07075d0b1ef456f783f5ec099eff1c042e075bfba3f45808b5fbf40b37f9e2f96a03630b
8c0913fa44009af931057cf393f5d3f83100e00519fe55f65afecf011e00810b40f4810987f330fcb503cd0540f6fdfe5e02220b12fe87f7cafc1304f307bb05
6804b40161f6b4ff17fd0ff994f4c50cb70c1203860609f681005cf7a306e9f9b9f3d100ba0922f90bfd24f8f503b80a2d0438fb350c1ffda2f9830366060e0c
c6f5190461f7ac043e03f4f799f6d9fc040c1ffdc0f6d5019d08490435082ef8cf0accf87107c5f4a900420bccf54bfbaefa6ffa6f05ce00b70122f4d204e509
e8f4b00ce3f67f0a66fd28faa80b530cf4f5d4f68604ea04210737f79004980ce4091201690cfbf991f9f1f5acfae4fa9004760b5df69e0468f5acf80df8b3fb
0efe12f615fe7906880be3005ffa8803f50bcff4b601bafcf7fd61f5410b7505860731fe62f47b023107440134fc5308ec081e0af8fb75fac603c5f486fb3b05
42094204db01430247029906aefbc90c7b04cf0833096afecef8bf067aff4c06c1ff780b31fd35024bf7fff80f0ba6fb1406c305360c84f484ffd7fd740618f7
0af97df51001e004faf61502e3fecff353f9aff350f45effe6f82ffa9d019800e5f737f76afdabf42b02d5f3bafd7c0aa6fdbef71cfeed02460a2ffac9fe7908
890573015403c1fcacf9c6fc71fb5d0249053bfcf8fbc70089fa59fac3fb6ff7b5f93708ca03ab05f3f52a0b34f97ef7680230f7d6fd690a610a290875073ffc
020afff72c08a0f7bcfb25fa24fab808d90238fa8af5d502ac01d6f4a6fa560b64f795fc5c09d40167008f075904870b9d079ef365046c02710a94035ef7b704
ca015b09eefd3df7feff84f88a07b7096ff729f8770823057f049dfe08fc3d0606f98a0a6f0700018a0052012efd7bfd8a02a3fec808e2fb51035af45907ae09
16f5f708750b32f79aff0f06620259fa35041ffa4bfeb607ca072308e4fac30cd9f324fca5f97408de051307a3f931fe73fb0afed1f45af9fdfc370182fbfeff
92f728f7caf6f8f86ff846f762f8a5fd7e00b002bbfc37f8aa0ca20656f94ef78bf541084e0b5cfcbb0333f63705f703da024301b70279f37706fc0b5df9100c
5904070b2df928013108fc0265f5560a1d01c401bdfddefdacf8e5f6930c3b0271f488ffc70299f8dcf647f5980be0f79bfcacfc12f7fffc2705540854014404
4303b70a2d028fff740856f82b0a1dfb81f77bfb76f6160308f8f20aa0f86e0bd7055e0134f43f066802acf886f9f6f9ff090efecb04e80b5000020208fd67fd
c702ec0759f52705fa0a73fd6eff32fa0d0216012dfafe08a002fdf5bff66d0356f8c8014dfaeffc560a34f3e10ab3f856ffb301a7f69b0b5c053af550fcaefc
eafcdd0313ff92f8c9f47005d80a61fd8007120c69f94c06aaff06fd360078fa1e09adf45200c4fbacff8af9e70362f7f8f7630902048c07120994fd430aeb08
ea03e1f31eff2406befd8b076af58c08dc04c804a1ffd90a9608abfbfe0142fc3607d0f694fc23fc3c0c76099ffe2205800c3df70204b000fa06250af70520f5
cdf64101a0023b01b2f76c06f0f74e0c67f6a0f5030658033e0afff89bf611f55408080cb7098afdc3feecf58a03c3fc03f4c3f8a60c39f66df7bcfa55094500
1e0b800922f7b402210483096602af01360b980459f52204550509f4ec03a20c42081c00f9f8580bee0823f4b8001f0b310668f992f87e07eb03dff4350232f4
25f9bbfd20080bf995073e091f03d705880abf069105aafd8603ba00a403f9fdb30a8a0c17f4bb08a3f40002650788024809e1f9b00298f41ffbcbfa1f0399fc
4cf991f4db012e0ab1f99f01a109d008440b9df5c70bddf5bb0a2efe4e0550ffd701f801aa0b08fc2b070d075cff26f8310c970a0001bff63e004df7b80146f6
c3fa0704c1f3d90628fb5ffb1c0c7e04bdf60e0031fd75f91ef51100430a60fb2b0399ff00ff5c0604fe20047cfdc5f31bf73b0993f5cd02ee074afcb7fc7ef9
b2026103740a24f4e3ff6ffc890271f735ffe3096705c00422024afefc0697fdb703cef3680aea0b2109d6fd0808f4fd32063200190581f4c7f9bdffea054b05
04f72e05dafef00ab50b9df54ff71ef79bfd2d05d80952f45bf3fa0656ffc2071afa3c07eefb2506330183053ffc660610fc730709f6b4042ffee4f5c0fda1ff
0cf46805620748f3db0bb5f483f49201adfb4cf8d1fc21f6e4fc2403f80bde0583ffc00767f43ef822fb720033fbcf026ffea0f5090935f708f566f854fc46f5
effc7ef9c3095702d8f7c8f6670c480cbcfe5b0bf8f3d70781fb0df834ff080719f6cf03dd0a0bfd660050063f05be062bf5a1f7a30788f9b2fc01ff94f96001
23032a0ab1f71dff6903defe570c580ab8f87ef32400ea078efffb070e027af8c30625f997f863ff40035afd15ff7a0521fbd5f85af400f82603dd0155fd51f6
c20798f30a0c9b0bb3ffcb075f0ce7006d098a0679fa8bf9b9f5dff3d50858039806d1fd72f5c2f4e0036ef4a2032d089201a0f5690a77fe7005390355014b07
010341062ff54200ebf8c6ff37fe0d0b10054409c80288fa9e0b4b0c1af41402c4fb7d0adb0a6af627051c0cc7f7d20432f5e4099c076c056c0b1e0a90fdd2f6
c905520c7e0735fb420a3a0449056afa2ff494f4f30a2b038afca3051bf6cef55b0ade0628f4fdfb09fd59f792fb140b3e08e1fa50f6680598fd78f3f10ad30a
a2f4390b45094b0cec091cfdcbf65cf4870b6efc98f8d2f37ff927f568063909b2f36e0c1af79603400278f738fe0efd790a39097df506080d0091f83e0c98f5
1c0348000a0cbc0a76046906c5f7de040efe54f8c50650f50d01b308a30ce3f4270074f40708a000bcf3300cbff72401020740f6f702600965f71f074c074305
16ff69fe2dfebdfc49f4940c2afec701c2003efc8c0c2fffc3f86af65efaa4059bf74504ff0344f73c0bc6f654053e0ae0fb7bfd6100a4f56e08aafd00fc4208
7e022bfe5307070b56f6c90cf60783fd7cf9b00099f92503d8f602023bff28046df9b5f573fd4c0c54f650f3900359fc87f60e02a4fdbbfbd2f762f666062f04
effdf807600517f64c00abfc7ef7e1f4600223f747ff60ffd5f8dd0109fd9dfc7e03b4f3ff0378fc2706b8ff48faadf903f7770ce500790932f9f0ff2e036400
0b04390cb1000df5fdfef2001bf9c0fc43fd79fd7a06affed9fde3fb9afc57f71df95f037c0a2efb84fbf3077601e803cc03b8feaef9fff6c3f64108b20b84f4
8ef84ef3a5f8cb058cff1e018006280a44fb8ef94cfb37f3defc13f62ff93bff12052b07e3fc2cf9d5fd41ff92047a03f60badfd4e05a8ff3304870752f88c04
fef52df62afbae04d20075f69ef305f8e90a66fc88f5fffec90af702e00271fd700a0ef8910117f9020cf307c70a72f853004a047af4970c3bf3c7fc35f8e003
4a061ff93f0447fff5f86bf7fef6b1fc7f056203cdfae5f80d005afed4f3faf91dfc94ff73050b0453f811087a0321fb7cf91a0a78f753f70e0c6f0cbb07edfb
2cfea20c84f70ef8af03ab0383f72f0c000c6500240ab3fb4bf5260687fe72ff7bfbb5f4edfa6607780a560aa7fc0d0414ffb007690271ff7bffbdfd47f74d02
ae04b0f6d70177fe24ff2df69203f707100491f7ebfe94fc3c032e00bffdacfc670156fb29faf605060912fd57f371099805c10bc8f620f466f75105faf8540c
9c0454f412fe61ff790b900912f5630788f5cdfc65f384095d0176fd09f550f8a7037dff7000b40366f426ffa3fc00fad7fbaa0aa1f563071d07ab04a407c800
a1fd120504fa0c032af448f3e5f7f8f6530afa02caf6a3fa010c280a9d0025034df79a0b260a9f0c860a6f068cf640f39b07e10941f8c3f581ffd5f7eb0be703
06f6bf0aaef468f9d005530b9e063708eef95df8eefbaf06e4f666f67a00b5f319fd410c9b07a406c1f82ff90c07c3f4baf9b307f803d407f2f78af903fc98f5
df0a09f7dc000bff4f0ca1083bfdf3f3fb091007700ad2f3dd015efe04f4100934fd26fce105da021cf7fafcc4f9acf86206110542f4a6ff1300b1092c06ef06
bfff3e0784f366fd140376f3c209adfdf9f569f9ba051a03a808f008bafca5f57b0a33fcaff883ff48f606febffc76047bf7bc08950cfc091709bc095509f805
8bf4a112ea14630c360678f5fb273f00e616b80828fd57027b13ff0227f28b072d2ba208c0fe4012ef054b0cd40f50f34614d61a090152f59f0ac5168dffe30e
56fef013190e5312a61741002c111afaff1a25f724073206f6fdb616f10233056e01070a0af4d9f93516b110ccfc40f1d505dbfe010f27f8be058910651da122
b8f75a012a0c490f820f9a006118d101f119b5f8fafd740648f775ff2201d80666ff1e0458fac8166118ef11e7fc8bf89607dd03b42225fbb105c91adf0e2f17
6de99d124214670f15149502b90c1cfa291c34fbd40522fdf4f53d16a50e2f094cfde30981f8d6fbdd04f112baff70f74e0882074117a7ed3705b11f7b05a91e
bdf18c07610ccf0671077b0a6e07eaf6ab148ff6ec046b11cdffbefd080bcdfff1fc610cadf95f15540a670be0fac4f7fa044801261dafefdf06de1b850e0727
a3fbff17160b040b7b15e804f608e3f6ba1638f8c3fb490d0f015712770c900cd604f30a19f9fcfa1a0a6e0bc9fcf9f0db0555024d145cf4a5ffce111a110c23
d8e5e00e8e15ba18ed022209a618e6fbd01d25f327f8861ac3f700fa6a03afe4e8fa6e09a8011c15be1e5d0ed1fce6f880088a02930550fc150a9c16b409852e
72eb250908130418850a00028e1015f92c1679fac0f7620c9ceee1104c02c102bcf9af04a8fb49fba711810d7bfe44f0dd070d02ef176bf8cc06b71718148e20
b6f094104b1c1b16720926ff46078df73b16ddfa43f86611b5edfefbe40a72ffbf013a0813114610b503020ad1ff9af1d7088e04b31611f5db06801949156f1e
0af37b11e10b2a0f240d0cfe2411c6fd1e1b2cfa4b07aefa55f86f147706c60854022b042ef8e0fbfa132f092f000eed660ab904010b7bf0a106a1234a0d4c1f
60f5a1030904fc0a6c090e01b10d7c041e191ef9b0fb770570fac9fe4f09f302980264077ef94b10c00dcb100cfcf2f196064b03670b67f63308d013f018d016
31035e0c4e100e095a0ce503db25be028d1904fb390934fec603f81796f893146906b00b26eea4fbf11ea7097004ecef3f04bc042e1427f201fecc0fbf053317
e2eff100e40e9a0a4c0db604521a41fb741a25f8ac093b068ff53dfd4e096efc3ffee507a6fee6163018f1077cff91f33b086502881012f6cd093d193608f422
9ae3b9fd9510441283151f00200107fd271866fdf4026ef8f7ecc60e35fd8efec1fca009a1f90efc0b10fc065c07d6ee030cd504460e36ef8e0e5f1837039117
44f6c30c610ceb02f70860004e016bf83d1365f88f056003960368fec6046f1c5f04ef0ad1f0ea13ea116907bb00cfed0204c4013a14fef28404b21a40151e18
ddfbf30e8d07920ae107e9001d1edf00f717abfa6d025d094102491e4a00b00da605440804f5eff97a17bb0c72fd3ff00105f301770c65fd8806d50b56179616
2efdc513d8094e025402aafd98118208d01cd2f8a405d6071cfd60058001820a7700ff0b0d015a063914630e7afbeded7708c002c91351fc78018913b9163e0c
94ebf0110f0e8a0a940a7c0ece01b1ff0e16b5f9c8ff40fe55fb8613e008bdf813ffea06d8ffcffa5c151a06c101e8eea2088804c30627f4790fcf115702c11d
4cfaec0a7c1cce0fce0af4f96d1166098a1a78ff530f1d0558f8b2073ffef206790a0e11050df411c60bb9061d0110f015086d096f0815efab02bc1820f6940f
dcf5fd0edc0ee31066198303effb2408552089f95b09d9ffe707f617d70081042903cf104afbccfac6025a02e102f4e8a806ea08791db6f18c01701705f7110f
cbeb0e0ceb20300bbc0b510220e721f5071dddf7b10f160b2aff89fad403d40fc200f208a7fe6c0a220a840793fe8fedb1092604081524f7ba08f1208afaed0b
5bf08415e51aed1e6d1067fe47f5faf9581a0af355016c22880c3e1751fe55fdc8fca5136914e8f91c02e40545fb71edeeffca056f0aa0f9bf051d11c9fde407
f2fe030afd11900b4304030edfef42fbb818dcf7bf0cc3f82c00d400450b1f0d8d02f60c5df9a8062f17f502df0641ea380775083b26b2f23803321c5ff5501c
6eef8a19c60d4b0b2a01fffcfb00fff62f1726f836fdf00199018e0d52f9970af403690afcf58bfa5bffb2013104a4ea290484fefe0196f1ec041c070df92907
70ed2d0d8e1b5608460089fe39feddfedf1851f7d31718039d01c9ff5a048011c700ae11ab05ef06030074045705ace9e305a404c40f66ef4308a11e3df54a0b
efefe213e40ffd109a05ca0513f442fdac177bf63704f814aa02d20f6709caf8ab02db025a0970fa180f42fda0fc67ec1707e007a31dd7f29fff4514dafa2f15
e0f73705bd264e10e700ff113df0d3faea1616f69f0dac25c40255fe630a8a06d5ff1c0fd70bb40e37090a0776fc20e9fa05d70305153ef7f20bc528e00a6926
12028f150b12b504c007d70437eed3fb0b18c3f591119c053403861cae13aa154b014609ad0ccafbb804d1feee00d9e09d08ca0bb0082ef4f905bd263e0bea1d
aceab6008c0e37056f0cc81288eb61f9c01535facf0b3bf9c203b5ffea0b9e080307eb0614fab50426061e012308d2eb53083405421b0af28908111dfff4e120
a1eaaf0a3916de06150f65009af0ccf67a18d0f6a103a6fd90fef5114b0599048cfe820d3affb0fb6305fefa830203e8bb052206b40ab1f3b109e31b97efa50f
e9078a0b661e43126c0b820f23ebe0fb17168afa7c16da10341093046716e8117a050d17db07300ad3053d03640020eade07150d241abbf46506a12540f84a1d
c0f932149815c30c620f580c5ce2c2ffe218f0f7d70fa91bc80fdc1ca710c2178b039d1268118efa04feb7fa8afe34e0fc048d0fa821fcf13004502d62113d16
37f2ae0e861475062a03f7fc6ff20ffa8d192bf9c20d67f4120743fe76084b0f52110a1536fcb6082315a2055c03cae97605c0041008e8ef01088e1297f49202
OFM 6 1 217984 4352 bfeea7ec
b4fa300945fff1f57000b5f33cf829028dfab8f5df01cdf44af8bd0547ff60f414088af68ffebbf97fffc2fd79fb7d03ac027007d0044efe3202cbf891fa350b
6ef8befcd9f881fd640388fd2f0029fc150a7f0330fff40775f60a00f6fab506220319070403460241021303c00ce4f661ffbafab3048c088a07d2f64cf6bf05
10f5f7f37dfa02079cffb0f4d4fadb0010f966f807f60b04aafac508f3fdfb06e208740857fe9e0305f6cef688f5070cf4f8c0f8f1fc930172f5daf52ffe6d0c
c8027909540bd9fa630830028c009700ec06700301ff5ef6b9fa7e036ef4adf49a066800abff41fb5a0abf026c000bf89b0633fb44f9def441009c036f0bdcfb
19f9c604b0f82e0379f9190062f9b1fecff9600935fb9df525058ff4b1fa090238f4e7087b03d405750979ff03faf6fba6002b00c2f5490a8408930a7d055e08
a9fd3efa4b00c4f92ff434f693f6690597f30ef9c3016404370a5701870acd09290b66f9cafff8fac3f6ccf957003a019af8c8f4d6062a08d6090f08200333fd
fb092d08a3fc99fbca00180396facafcfdf9c602910bac01f10bd7090bfbd0fe77f976fe5c0b890b8bfd97fcb20168fe550051ff85fce4075c023afd080592fb
290a1afa6f0125fd0bfb160a69ffd3fd5304ed06def30700fc0274f463f4bb0328f7ccfea3fc570003f631f6140c8d033309d8fae90baa06640a110746f42502
48045f0b370b8c092ff689f5c8fac80b20fd250916f942f7faffc6fceef4650954041500c2faa4fd29f8e0f40cfe290c87f8d404d8067dfaf4056509e502a1fc
3505b50c3d0a60fa78fa3106d0fcc9feb20bc30644fe0a00a80316f489f985f8160bdcf40705b6fabc03e3fc06fcb6f7def5c1070ff4c008770645023ef59d09
66fdd50381085cfe18f8370619fd6f02e8030cfb47faa3073bfaf7fc0c002202dc06690ca801690028fc88fa930a4ffa2b03be06bbfdbef3f604310bcf092406
77f42b0c3df722063cfa82f9880969ffd0063501c7f3c1fb0e052d0b10f90cfa14fc06f5dcf77c08e6f571f8c304b9fc2e0ca4f6eefd85051d0175fa7e0c35f4
c803daf64f0cb500d20546fe67f89c013f09270447fbbaf570fca0f6d0fa83039df8de0a390074ff0afbe908ef0adf03cdf8b20ce8014900eefce4fce4feb6fd
66fc08fffe0a7a08be06580068f44a04a2ffa0047ff8960181012dfd9efa95f5e30675fa2407e409980099ff07f8f001b9fcf005650c2a086a0b970b4cf4dbf4
4603fd09b6f6eaf416f91af614f498fb32f773f937f470fcfdfa22fb4f0734ff450a37036f00120074f586f96e0b45f4ddf7900030fdd60a73fa1e02990c89f5
c2ff9209d00a170037f7db01fcfd43072bfa83f8befd1a038d0cf8036ef8c30032ffa2094cf727fb41f79809a0fc650b60f51509d6fa69f8ed0306fc99f5c70c
f2f30a0368fde6078806f104e30bb0f616f7c603fe07a1f6a408b6f93bfca303c3f7aff536f89ff684098004a7016af88d04fd043d09baf926fb740c28026200
a8063804b2004b0c1efde1fadcfafe067bfe5efc9d047ff529f64d068ff8d1f3dbf9640323fbe4f9dbf5d00595f9f200c8fb22fbc905b7f31e0505007cf7d403
82fc420166f60008510c82f440f323f844f760f5db01d50bb10be2faa906bb06cc07ab074cfa7cfdd602bf00dff5bc073b0acdf331fa28fe7900f9021408a0fe
60f931f4e9f8dc02d9ffdbf82df7dc0760fd9501c40978047efc3eff950817fc79f68a0b2af61bf7bdfc4af37507c8fe9904c30148fa4a01b70a450671015906
4cf7e4fe54067ff80af8eafcf9fe17fba6fa7301bb0496061000ae057bf40bfa240a6efa1803270a5000bd02430914f43cfacbff1f01cefa92013cf4aefca9f9
8e00d8050afc7b08cc009a0b720a6705d5f78ffd74febb0890f98dff13097508a90747f72ef65bf8defb0500d704560847f334f7e1000d0b35f9df051d0907f6
25023f03b20685fac608de0605041004bbf899f99a02a2fce9f55e0b6d062f0bc309b1f4b5052201d3fc7d002ef4def504089cf5f9002efbba097e05290c5402
4bf604f86301b7f6eef9a8f9cbfa21fd43f876fcb600a9fd69fa1ef68105ae0b60064b0449fa15070ffec40cff09f90bbb088b09f5f6eefce7f6dbf34f0c20f8
5c08a206aaff51f3b4f42ff5c2f8c80a7206c4f3ccfd36f3b2f34dfe9c06f20277fbf506e7f78609e80635fab907def6b00ac40948f387f5defee1082f05fc08
52007806fbfb88042b02230b890734f69808c80853050d03a2f82af6daf606035cf6490791f5b50cb7071f046cf8860c19f7ed0b0908ebfd2cf52304f5f32b08
19f4910928f4befc1eff880b68f336fd65fb03fb0306d8feeaff51fe21fcf008af05d5fd5505e303c3f317f6b2037a01c5f398ff6c0bd9009df4c90aa3096ff6
30fb02f6490a99007902e307a4065904c0077f085407630927038dfd45fb82fac508c3fadef83904a4ff6407c5fdf5f4e7fa5c091d026affa2f8c405ed01ffff
cbf6d1f41df646f73706190c8cf896040400390c3cf5fbfd63fbaafc31fc86ffc20c400b9504220aec072c04bc0bca077e0c74fab001e6f50504ca058fffbefb
18f743047907c500cb038d021c0218fcb10bf6f6510c70fe29fad204c90a42fcd301700714ffabf9500c82fd22f4770ae50ae9f99f0c2809eaf597020e042df9
76f52d04c6f82902b6f4790c7c05240056fef901caf837f341023408f8f39f04a301f5077afc26f877046ff5620c1efd4001d10b7d0ce0032af8f3056af80d07
ae0a610891fbe0f6080200032c00ba01be0a9c06d405980468fe550b93f3da0250fd35fb2e075400d5f7b9009efba404dd0b67f8d9fe73089506790998f7a8fa
bcfc08f849fa4805f0fb68fd7f080dfb91029c0256f501f44908fffb1006b808f8f994fde503c9fd850650fdacf82c0667f74e02d7f7a4f9450cc4ffb0fac9fc
04067e0b100c4bf7d6f9c4ffe3088f05d909f6000b0bfd0711f4ba05adf8aa0255049b0ca801ebfc0ffb5af409f89bf594f5f2022f019c03be068bf376f6bbf5
a706a6f9e5f5ba0253f9570becf781fa900952fb750a07f941fa3408480101fdff0324f52809250baffada0636006c091604a004ee068b0420faa200700075f3
1f044cfcf405a3025cf3f8f5ccf8350c5cf434055ef96a0603fbd60214f88d0964f5300c3cf4c3f7f50a400b300042f486f508f5aff788fac4f6df0af70ad109
5c0b9e05d3ff3e0cb60330017affae03c5050207460318f80e0596f8f40411f72403fb0bcefd91f53d0c5f00ca0c3f0a27fac8f32607c501960ae1ffa30b020b
b70ab70199056907d30281f9bdfdc9fedc0b11fccd013bff430338fb3404f2fd9b0783fac3fb3af797022707d90a85087afe17f89408280b15f58ef5c2086af8
0908a10710f9c40959f3bbf4ca06b2ff35f523f5ac03ca0bb2063a0c3c04e6016601c408d3fc4bf579049404bcfd510b6cfb3107e6f38e04ae0a7ef6d601cefb
670801fd5209250826f681fba9ff81f9e502ef08effcf40595fc9604fe0b47f9acfbf3051609000233fd95033af318fc79f344087605930be30482f4c5fe6c05
db08400947f48302f0f42f024a0227081bfc3bf8e2f5650a4e0ad8ff16fb2208ea05ddfc010c28059dfc06094dfb7af5c9feec031ffa11f7a9020900a0ffc0fd
daf363078d07410cb007e102550b080694f9f9fdc1faf2ff230be0f8d0fdc6f6680909f47ff701fa19fa30f576fc5d0101f48a01d3f4d609df05f4f80cfc4af9
510b27033e00dd037ff631f8fb055bfb6d0c070a2ef44cf5b40944faadfc700b0903420495027b0288fe8af8ef012af6310a7bfb490a62fc8af7a807b5ffd20a
fe0aed0a520cce0487fa3ef84603bdf65df3fff51e0c9efb480a03070d044b02a5f4edfb490b220665fd270ca1050b0261fa350cf60aa9f68a0111040bfe2301
c5f98f001b0175076c0628fbdcf324ff430a30ffa5f8b9f9c2fa5e0292086ff620fb5c08a20a0afdfe0279ff9df3170cfaf81fffb605d20388f99e0244fb2806
35075b0a1ffdee047a0aa309a907ae0aaefde5fd220762fcb1f76c095302980078f3ddf33608a5f3b2015df6a0f869052b03360268f796faf6fed1fb5100d4fa
8a0904f55c0a9802c8f757f9a404c7087b05e5004606ea000cf88df340f5cef5d3f880031306400a3b030df794007dfc8707d8f48ff73c09e5089e0115f840f7
bbfa1400b9fb93f90d099d0a1cf627ffe4ff1208df03b306db034703caf85302bdfa7ffe93f37e0905014e07340314feadfa190331fc4f0b6dfcd801aa053ef6
25fdcf0b66f554f7ed0a8a031a07ec02dff3e0f606fbff03defb1d09a905b90aac08e0f37cfad5fa90f3c4f499f5fc09260cbcf65cf896073c041104b3093609
62077ff71c05000a710cabf6d3ffce024df6fd02490bf2fa9300adf3ed0aa704fc063103b80c1b088ff9f0fcd2f851f9e4079904bd047c086b02ee00dbf874ff
84f68905f40572023c06440cd90bc5f51c03aa003f01b1fba9013e0c0e095a09b7fa46f6e104b3f5e8f3fb00b2086efcf3f5640cfcf551f37f02da0695faaaf5
72fee6ffed0130fc0f0ca902e2f788095f079cfb911b55fc641d5efd9dfffb25b1fedafec9f0caf9440070f914041bfca5fb930478ff44fa4ffbf205800c98fa
b702f1ff903f40f1b6f00b12e0074c12a6f2f4fdf2f4620f7ff98f0419119b00ff02a8f707fee3f903f5f1056a10ca0d94f665ff71efd912b0141c07c0fa08ef
4503d7ffc914eeeb501d6012a611170c69fa0ff7eb0b2e12fffd36fc89003d01b8f7a3f26209d8f327098c1a871528ff1cfa41065af56004cd121204b0041aff
ae0c520dd601caf912f7601c660e6e15150863f9c5fa671196fd60f7240db1032a0176fde4ffdbf60110220007fd83f5160486fce5f867fec40800021c0663f4
3bf525040d2d60ee981b560e1211bd03a5f165f619f3371880f89f0370109e03c1f9a5f62102f7f0e7f3a2019f0bc50904fad5f8dbef0c17d411eb1eecfdeef8
cc1199fff6ffccf40f181b099aff382145009dfd570bccfa5ffe4ff87b01d30065f863f1c6016ce90efc8e047200a2faaff6c715500134fee61396fbf8f58bfd
f517c6ffae0294f3ddf2630dc9167f0c3e06ceec9eff3f0ad1fbe7fe7a045c0211edb90a1900fbec6923210a7f12cffbdc0015fdd8f91dfccd016505db0bedf3
bb07ceff7e2ac0e6ae10940f9010cf13a4f0d4f53912f3030f0b2418f9fd98089002b4f18cfac3fa8c0a9b28f020d71464f7970388ee46fc980f0cfdd91658f7
f909c817422d1becf5fc3a28981deb17cbf23cf8970a931d5eff170c04196802f4036ef65b0edbf0542305154411130d7dff7101b3e973f9561933fb5b09a6f8
d50e9aff47248eeb290cd8fe5900341bc7fa67f13e11a010bf0af80e3d022a15f6e987f9baf67ffc48eb4a0f61133f0a18f2ed15edf110fc6d0a410e11f57b06
7717d80e9b29b7fa6afd5c214f1de8108e0931f0bef310144df89304e50e5e0529ff08fffefe47ffbf1ab7264123bb0521011c0750ea4705c616fffa8721db07
acffe8ffed04f1f3d4fefa006ffba414a100f6001812bef817fa9e01f0ff5f13e0ffcaf22dfd44f807fcb1040405f9f719f969fe1df77a01ec0855038f00cef0
6cf16e05582abdea510a1c1b0914d809b0fccaf9b9fb7d0f81f5360b52119001c5099cf24e0bb4e9ea1b9c0281068a051ff7fbf7bfef6707fc0ee0ff160431f3
3429a6062f3b14f0720b4a1aca09842691fe0df03bf489251df2c6008513f30375efe9f32b0124f0c6fc2a14ea1ddf0677f9ed2675e5bc18461d0d0a37010806
aa10150918ff79ea9107f30e08003e18f51568fa670ad801dff33e081108480896f243f53f071af509085c0134ff75fa8cf7ad05d9f6c3fc5a083d0614f88106
9606ceff740bc9ec0a0dffea75146417ec10a5ecef0428fd45f18509a2f2520d28f543f881f422f64dfb820c9a113705bcf41803d2ebef08040859fec3164105
9e00e21a7d192ff7c900d1392a1552142203bffa17fb760b77fcad03d319d9030b0904f8ae0862f73519e71102018a027ffe0dfe74f3cbfddf164fff0f0b2dff
OFM 7 1 190160 1920 5ff1b931
150c4c09160bcef689f882f78ff9aafa0506090417f4dd08960629f59600ae068a049bfca8f4d0041401cc020a0907f517f5c507f1056207a5fb1df420fe8b0a
e10baafe61f42c09aaffaf04baf82b04c1085efb8dff7a0c7bf6e6f377f8ddf3380413073cfc8c0b11fc810a90f448f9b3ffd00503f430f462fe5108c0f4a9f9
2a0a030c5809c1f424f876ff17011402ba075cfc720b86f7710c5ef8bafd94fa1bff860b98f687fc07ff24fd4afdd3f4fe001df5a20a900180fcb70a73ffbc09
93f5c908db078dfa9e0178f83cf75cf4af0a78f8dbfedff58f01abf8d6049505d80bf5f85905ab02bef66805dd01d209cc039d037b017406f604bdf77d054907
03f789fb000311028bfa0eff5bf5190b3e0759089705ca04b9fda10a5efde204520358feaef7d50a4bf3ad03b4f32bfb28089bf546f768fdb607aaf84ff986fd
b9f9d9f677f68a04d307640ae60046f94c05e207daf8db076b0aa3022e078ff526f87ff9c60aee0b20f93dfbfd05a0f40f02bafc12fa0cf974f38af7c9f863fb
8dfc810cbb090e0c0f0c01f4e80292fd29fdd5ffa80832ff8806f001af0c76f7a301140151fe5c04a9f3bcfd68f383fc51087e097bf911f53df7070b8cfd12f5
cf07880567f3d4019effecfe100ac8076c03880c5805c708ae0b2409200385f6500a9d004e0779089908e5feaf02b8ff4f09a60c88f3c0f6a1f5a80648fd70f9
dbf5cbfa790256ffb60541f9f7068ef825f573f77af4fc0505f84efa34f5c3f43cfced077202d9fb83f5f3fda5f9bbf7df0bdef9c90b0ff51204ecffaff72ff4
1f030308840606feacf805fcdff927f4930ce1fe0dfe5c0c77ffcf048001910acc0bbff9d7f564fd09fa3afc30089705defdd4f76af837f379fb35f9abf662f5
a7fd3d0b8906d1f4c1031a07990702f6fd0b5a0469f5b200c0f612073dff28f644f62f0037077e08610985f71c0a48fef7f54f094a02ef034b09acf61ef6610b
1309f503cdf592f9b3069cf984096902f0f3a7ff3f0764f6c20aae00b6fbcbf64b06700487f9a6faf10b80f4a6ff530b5bf801f7ee0b280a39043f027ef85dff
62f7d9fef7fdd008fef6c9f548fb340b580b5e09eef6db04c3f61af55b011af533f453f8010909f4630b13f51c0233047009e5fdf4fd58f8340150ff3cfec2f9
49f527f930fc2bfd53062502490bc2f9d4fc8908df0a6809d907ec09e9fc960c1bf4acf6620b36020dfdf6057002f1f6d8f35c0574f316f4fefbd502be05b401
7bfaf107a1070c09c7030906cd0b93096ff971fffb05a6f8b3f8470800fb12fef2011af92efc72f744f3630c29ffdbfa29f5d20bf7f842fd0405900875fcc4f9
d502f4000df63af6700430fdfdfa35081af6d6f627fa04f7c8fc38fe67f4e2f9eefd19f6d00bc7fd530218ff63f9c50412085cff57feedfb2b0c34f5e3fb4ef6
da087703f0faa3fb0af5e30b880af0f70e04210352f771f477fa190caf0cbdf7b3ff0cf844091f0c1bfe3707eff9daf53dfb8a0c05ff900956017900d603240c
e5ff1ff93bff23ffc3fa980296f9900af502ee0bd0040b069ef34ef7d5f5e1029c040ffa0e0bc4fb0f0b9dfab4fdeef9e209d2029cf8b0feea024105d0066c08
82fc60037a02440a69fccbfe5a02aff96bf83df5f1f61bf91cf800ff7d01f905bafec4fbf1fb8ffe64008ef6c5089ffcbef6d309f106ed0494f7c00304f4cafb
83f6f60b90f31e02d3030f0acd04cff522f7abf68c052201a5fc7500f3064d02730ac406adfbfffbb308c7f63107c7079ff5a20240f71a0b28038d0b74067006
68f82b05ebf42d06faf6d9f66df8defad1fcdf0ae0042bf8e008af09fd0886f95effcef5e7f824fa83fa900bf4f4ccff39f38cf3eef664fefc0bf1fe7609f0fb
f60a0107c10b78fe6d083df700fda302c5fbfcf9e9051bff0e0ae207e00800f99c0c05ffa506fbf65407e6fb72f508f7b20812047effe10b8e01600250012808
adfbb80cbaf3d8fe0105ae043808a4009a0aa3043ff98104dcffc30b050bb50ce6064ff7e70ae40984ff56f485ff32031a00ff0423ff6ff9a7ffea02f0f61808
a702a8fde5fee608cffcf7f377f8f10798f6970425f6180b4e0136ff4a01f4f6fbf46bfd96feb0fd23faed03cf06fc0533fce8ffda02e8010ffb990c9e062b00
26ef93f566071b00c1fcd714a608ebfe10098303ae052afe6006db003cd97cec8dfbace1dcfaf9f43cd96afff3027af7df0404124009be2270f682eb3c061301
70f6f0f82104e20ae2f92cfc2003ef09f314f9f170f9c809c0f895ff600bf4f7c9ffa5f424e8370212fef6f631ed2a0c57ff0df4c0fdee1a7211c414f802daff
7e0cfcf39cfad1e838f1acf693083df81afc4afdd6ed5dfc9604f4f757fcf711a0f2dd0a01006908ec1c9f00780b48f186fe280d27096aeaa9067e121c00e7e7
8506affe3e030d074b082b127306eefe2fed5206891bbd0896fd5e01310b6c04400353f4df0de6fe2af2fd0012f1f510a00601f8fbf93dffbaecb208e5fdc426
7e025bffb0f6e70974fd3cd9fc078d068bff4006d9066ff5bdf9f1027d06c8ee8004a30ec2182cfc98ea86fdc503e3f796f258111503f90875038afdbbf8ddf3
c9f933fd47043cd945043cd96be19d0b3cd9030d3cd9fce65fe12cf73cd903dd3cd9c42627fa3cd99119d8dbc4263cd9d00422e8fd01bb1cc5efc42625eaf4fd
OFM 8 1 12480 24960 f9209d1a
31f8ce043af921fe18f4eafcfe086f07f3faddf4f9f365ffeaff820045fefdf64c002e04b1088006e8f30cff8a061bf88c03ac0b94ff3d05240b74034affa304
be05ebfd82f33af96ef9ebffbc0b6ffe02ff01f88d09580961fc72068af81df9f0ff25f72c09faf93bf7e80600f9e4fa1c065af6d0019dfa90f3fbf901fcef00
48f47e04ebfa140633095d0113f86c0a68043e001cf96cfcaa095903ce0bdffbce0144faf004e0ffd0fdba055500d1f94ff372fba7ff1df61807ca089806a007
e4f892036efc6209eafacbfca3049e0676fca8ff88063cfd72088c05e1035f0479fc200546f6f70a890836f438097afe6bf59608f10b2ffce90b4ff9b40becf4
32ffab0b6206c1f59df848ff5802cafdbe06be03d50210fd01fdcf038af97dfd660b10fcf3f66ff9fef965ff760805f61df6c9fae6f7af04e603ca03050260fc
d4f4bdfece050a080c0098fcb40187f75905f1055a0935feb9f7c70b270853020c0aeb0994f613f750f659f657f99bfbcd0076025206ab069a0c250c57fb50f4
d6feb9f82f060cff4004280ce6f3b5fbc00569f97d081c0840f600026903d2f30df85ffedd02c50934f99a015f0442f8cd075902b507e2034d0cdcf350010d09
d70824f45e07240bcff4ff038e03e0f8d0007ff8d6f935ff1903240b09fc8f05ab067305460addfa0300a30c9d08e2056c043b0257f7a4f8e00b020cdf051ffd
6b02fffce808c306fa016504e9f9ff08820890f77cfbe70af6fc7ef71b0b65f7580b9108daf327fb8304aafed2ffdc01c208f5feab0bf7fafe00730b2a082d02
9ffb17f686f64cf948f65a0353085dfb6004b6f94e0817fa36fdf7f348fb0bfcc2ff08fa6df97401670071f8a6f86e022d0c5ffeaefd97f97c09570178080306
f9fa65f677f66cfdfefbee07970a14f790f5e901b8fb78055b0836ff23036a0605027e0a540a33fcc503a00873f9d8f64504730a1e0689ffc905c101f70252ff
ebf3a8fda50b6ef49af53e065bfb7d070cf7c2060c03c5f30ef50f0183065d010c059af94cf8aa01d109ed0221f878ff50ff8106aefe990149010b0293f6deff
8efafa070ff6b401580a3f0673f895fea2feb90020026d0b6503fc016bf35700ccfd9003b2f4630b1b027504df01c205da06d0fdcaf80602c3f30dffe500d7fc
a70254f9d30992028c080d04710ba1fcccfb2f08740745013e0621f43400e10b52ffa701bafdcd0563090a02eb0a13f7a3fb7f0b5dfba60caffef9f3a20971fd
5804c6039d043bf61e03f2f84d060d0b56ff0ffd34fa57004b04f3f58df777f3baf81cf77409a002030ca300d7ff63f44efc59f42c089905980099fca4fe57fc
eb018a06860697f6700783f7b90ad20388fd6bf637ffa8fce0fc8c0926fd0401db0b2807d0f5440be9f9dd00f2f82f06f1f88605af001cfce3fa2df4d4fdb209
a80b8a0295fe730a9a069502e70a1a0533f987f74f0806fef80243fb540966fc22f6580473fe11f72000eef9b90511f928f8e104eef428fa40f4190868fdfc08
01077c066f0b96092ef9230a77f90ffc29fd89fab2fdebf99b0883fc5bf42bf91107a80aa8fcd7fdc500e906a00bc2f9b2078a0032f4eaf36ef7a3f9e80be109
8ff58f00a2f80ffbb90b4c07d90976f724fd6c08070862f5990c0df792f302fdf9f755f5a90656066f086ffd6cff9ef3c50357032bfd67f5610296fa7c09e104
59fdc4f9c3ff65f4e3f702fe690492021ef514fcce05fc032f0183fc740706004207fcf5e50bfb04b8fb73085004e6f7d600f40b9ef4f6ffef0887f41a0bb6f6
e202a4074af78d0b35f824f62e0a25f89bf40fff5df4adf9fd0b70062b05bafc3204d4fabc0370f9edf48d0b8907c3f9d5fb9604630872f3caf692f317fc1d09
6afdf9f3dbf9f207f2f3b30153ff390c8ef99f04d2ffe3053afdd4048602ff0b8ef946f82708ff0415fffc09e6060b075104b5fd1e0ab1f626f8d104caf47603
0008f6fbca015cfa29f9ecfc8af63e05f40b52092c0c91062309f306ad0abe02a20cf8f8a10c1e0658f8c1fbf20a0c08defca202f1067008f0f3b5f776f88b0c
12fdcffc5a025bfe3afc7bf553f363f4270a380a34fda705e4f6d5f4760c19018bfedd06f80738fb29093a02260a7008730859014401e00647f9f10a5d07da02
64f5430be5faaef4aa0571f9f20acd0b1a0073034406ca03aafa0400a9ff810b850184f445fd93fefcf91502ef0456fca4ff12f6c4fc5601d601fa0849f7ccfa
08ff72fca705bdfc8afb2efc18fdeaf8bcfc5bf8abf6680b98f74bf6a90160f93406d2f35ff79ff3fdf701037df7f7fa690332fc1eff100466f8a8083ef842ff
7df38cfd6e06ea08660c4cfc26fec505360214fba00319f451f593f6890123fba9fffbf971f70800e2f395f912078800d1005bfd4d0a90ff9c0a1ff45b0c3f07
5efd58065704faf4b40b1c01160676f988f64d015c0a670a980c0b03490cc3fcbafeafffcb010ffb0a093bf454f7e004490c09039cff12000ef70f0970f52bf9
30facb02110817fc6305b7f4e202a5f72d027b01d509770c8ffc76055afb28065cf4e7f4b4f96e0334fcdb08b00b93f3edf846ffbcfb51f30ff91109c4052ff8
eaf6a902def76704c8f3e605c3fc46f9570a05fe66fb41fcde006307ff08f6f619fe41f92f0b74002807de086fffb3fa0a00baf4920550067d0a3209910a9805
76fb09fd0d019cfc2bf421037309c0f7e8fc0cfd9109dc0a78fe9eff1f01f007750a4200f0fe0f0c700ca3f8f8f363f45706bafa74ff60f64dfdc009f3007c06
ea06e307c7084707300b6307eaf80200f705eb0bd9f991065506b10be9082c0aa3f54ff6fb04f80b4ffa84fc8af873f5fef46a0242fe820044043507ee06ab06
53f6fcf3c4fc07f92b0961f7d8f5bdfe560bf90ac408520a6df753f9c80773024af87ff68e069405cef664fcf6f30d08f40a4bfd9c04e6048e08b1f725fef508
5c085500f30271f83008e7feb905e9090efd5efb0efb4c09d20523f7acff2b04760b95ff4706bbfe440ba9f7e3fc7cf3eb0b07f96f0c8dfcfd0209faab06fe05
51f3b4f8c907500477f3a805f10a9008ce0800f49304e207760bc5ff5f0685f61c0761f7fdfe7a00d3f775fead096e0b91fa42fdcc0363fcfbf7b1fd84fe5ef4
4af65bf792fc0f08b4f9640a5af9b1083ff698f37c073f044e07c30080023ff65e067102650b0b02cff31fff92007f0001014b095ef432f6e1fc45fefa09c8fe
8cf5b4fe6ef571fd22fe12fba7f657f625fb8c0012f46409d608edfa090641fe410872fc12094409f2fe030c14f6f107b900c1fa9efb5dfde30bfa069efa7807
55febbf8e0f554f581fbac03da0bb3f7770b1709ecf8a90a81f5bf04a5f8acfa9f00e5ff31f525f639f84403dff9280bcc0a05f5cd0689043502d30085fc860c
240c18f6cdfb19063ff4670724059a080c013cf5c4094cfeaa001402360a54092b0645fa48f682fa12fe46078af5f60a6efab30a6c047ffedf05a0feeef4d300
c1fd4809680c43f4ebf31efff00436093b0656ffcefb0cfbfef43d08a00a43f98e0675f69bfcb2f649073afa51026b05f7f6840422fefff53cf8a4f39ffe08f8
94073605cf0138fd8bf69a0ce2feeefe92f8c802fe086d0b0afde8fcb30876f97f0389f3d201d90a950afe05fd02bfff8b0120fc750071f3920cdef364fb0400
7bfbf7ffa6f329072702ed033ef9fefe410426fa6e090bf662f5c60400fc0b04b5f7bf092d02cefe84f95cfad2ff9f0310fc2ff9fc07360bf5fc27f47d0cce02
6801a20283f5040499f4e1fca40c240cad0c1e0868fae90b170222051ff5d309d7f6a4f7a0f808fe0a01a0f9fa067ef9d30025f832079b0bbefd240bc70870f6
41f885f5b6ff5af642fa7305a30b44fc7305db01adf40cf4ad04d10428fed3fce3fa3307eafc6efcb5fa2afd7c09aaf8d5fa0a0ac606a80832feb5ff27f424fc
570cda0adb065af616f5500029fb9308460109f70efadf080a013ef88c04e1f6c6f5bbf5d1f91406b4ff0cf64108c10487006703b702ff079a0359050807f603
bb0783f6e608340997f662f94cf6c6faf9056efaa1fc630735fb130a1cf830015ef70106d40943f8ac041804f500c0f675014ef9fff897fbd7051b0b5e019805
c6fba70ccff48cf6b3086d01c70188fcd1f85b0935fbb80563f86afc2ffd5cfc210548fd24fd89fd5bfddefa79f46706c10be4f3550c04f5c8004df5e7f3e507
4df7eb071c00e1f6b7f69d04cefbecfef70b94f90b0263fbf3f6a1fbfdf43e0bf60146ff8c0c19fe75050bfe290cf20a2bf9c3fb73fccc0906f6aafbaf0abbfd
6dfe31f42ffecf0ab108ef0a3b017cfaa3087c0350fd840b3aff3d07d70a23f5b1fad6025aff8903450a70fe23fc51fdd8f804054bf7210943f6d2f7d2f8e0f6
2c034ff4bcfc8a0c92049400fa0b640027fb22fc70fa42fdd30710fbe2fa8bfffdf9edf4af007ff5ad04580534004e02b9027ff5d5001b07c1f96707def79801
b2f51a0212054d01c9fad5fcf1078e00c9fab40464fd9e00b4fa3effebf47d0661fbc1fde401620c48fbe0f72ef454f5fcf6630583022afcc70aba0448f5bdf6
55fe5501caf63204e9ffe5021a0703f5f70488f313fc17f4aaff63f81b0afaf605f4aafb6bfd090ca90cd7faf405fe01d3f9c608a2fed3f53b06c008e9009701
a0f92a016e054cfbf30b3600f40113f4befa7af72b0124f422f9aff7b8f3d1f770fdf2094509720260f889f393f7d3fb69070ff8b50b7601900716fa2c08cbf5
fbf9360892029d08a506ecff8ffa2cf69a03ba08aef7540ccd0935fb53f5bcf89e0b3cfb7df941fadcfe9af539008afc97fd7f02e504e5f32006230a2b0325fa
6c0505f6350c67f9a1fbd3fe5704a802d406d207fc04f1034301210767f64af83107e401b3fa8ffde7f479fa110928f8860342ffd30a61f5ef095e05d9fd8809
caffd8feaf0b9e005608260b680217f9500a4809a7f44c007cfd8bf98af75b07aa05b0fd5ff5f4fef605dc0017f4b80057090602fbfa99f71b087af8e2096101
f8f35e05befd25041aff400391f41b0438f4c7073cff0706dd094304b6fb7ffadb0706093d0a3b05cb04fbf848013bf765fdf50b6a0065f85109ef05fc09f6f9
f8fe940062f948fac8fc6bf774f505fed80607017ff603f5e20b6107ba044c0cb4fdacf6a6ff7af73bff1a07e5f630ffeb0b8306630017faf70420f9040b16fd
d70618fd5603720b52045e01d3f3c5f383f549fcd4f973f3130a27fc48034ff62500ca0a31038ff658099501990b6a0495010e02b40859044a02b5f356ffde04
3ff48cfa40f5d5029cf6140948fbc30bb2f9990af30882f358083ef7b6fa8df5b2f623f55b0144009a05bef81d0b17fc400b95faa6007f0c21f590083c0b6bfa
81fb06011b0b68fc29f79c0b9cf9c9f809fd1107f00614fb2af54c096502bef847febafcbff9940a250b9af7f3f3c604fff6950250f47b097101d6fe860a170b
a1f9c6f5d3ff230b1ef882077207c8049900e5fb8af4b1f35502a70c480afffd5e0880f311f77b06d2fb47f7faf78cfad0ff820823f8b9fa510244f84cfde1f3
affce8fcc409a108a2f4a2072e0b3c0586f666f68d060fffa8038af985f4a70bc50b81f6fcfead063ff5aaffbf0aa80a470c3cf71100ab0b75fe21086af37409
d10bb6f6d7fe3908e7f3b1f8abf50ffe9e02cefe61f3e2fb1a03260c49f88ff8e7fd81f811f425fdf1f74c0357f318fd1306bd0b57f463f53dfcba02d8f37df6
ff07a308ccf453fc22fa7a072001dc09d60295ff47ffcafa600639f434f81ffcd0004909920b3dff230c6bfbf8f5a6fe15fd67f899ff8503ee06c5fa5901640a
96040b0a1bfe88f86cfe9ef638079b05cb035effb6fab3fa41f99ffc3d028b05740418fe67f39d055e0cdc06e705d3f73efdeffe7308d4f4f2f6f8f9e0f38405
63fd2afc5700d4fd70fe14f845093ef9c2ffb706b60a7ff8aaf64ff62501f3fd61fbb208d2f6e5f44efdfd033c06e30136fe02f781f8bc0bc6044f0435061bfb
150b57f7950b47fee00303f9dc01b90029fbc10b72fefbfb750095f87ef741f9d3fedbf78b07c200c3fa60f3f407c9f7e2019af81a0421f9e300730a5ffcaff6
56fc3a063d0a95f4cdff6efce205d6ff3002a10cee07c6fa71ff5c099408bcf734f92f0c15f710fdaaf5defe4df43ef4890b4ff97803870b6108c70285087304
9df7820791faae08910b32fc210445fc57081ffad1fb78f550f740fab0fd1505a5fdbe080107fafab4f4c3f6c3032608eb053efd52fa94faa2054c082c094f04
51f89e00e6fab6f38f0406025109d5f886014cf480f646f93d094604e1fd09fff5f41af5faf833fc15067b0c0f0a86042cf81e088d07760156f79f0a6ff5ef08
4700f8fa710cdffb4cfae0f4ec04e9ffa200ee05420ac5069907c308a7febefd91f3f1f646fc8bf6a8f387fe13f4ba092a05520c9406c1fd6cf3ac052ff7b706
87049ef614fa53f429fe38fde30ac9026eff4bf584fed50b6f0caef7620b3f053bf9e50ba102f8fb44045af586fc84095ef5950aec00f5f69901f7091ff6a6f3
42fd2905c9ff65f7090098ffdcf84dffb9fd79fb75f607fea1f67306160a96f3730565006dfb440567f3990a4afe3afb91f3eef587f50e038afe40fb6e0324fc
a20b24fbdc0353fd960876f4a5ff9ff5fef438fbe109dc029d01e208f20b730783f62b0707f55702e30208005af45bfbebfe5707e80304f7e109abf7530c5cfc
eff55afcd6fdf3f831f7b2f6befcc704a10668f9cc09010600f79af86ef6e40935fc85f8ab00f20af40198fd66f6a40146fad2038e09620bf4f715fb83fac4fb
6203ba0b7404630970fbe409f2011c0527fd5401610719f666f351f4e00a37f753ffcffc24f991f431fa5802ecfea401cffd6bf69a084ffc4d0571025bf88ef6
5406cd096507080945f8690807005a08ea03ca00a9ff9ffde205e10bfefb1ffa7df922fdf60126f58d04c5f3d80a8c005bf44b07cc0956f5f4fa1801b8fa6d0a
3bf837f705fe0efebd0a74f7ab056f049103edfdbcf9b909e809f10393fccef39e084804e50b1f07cd0b780a80086df7e5fac604bb030cfff4fe9bfadbff1cf6
b6089cfd58fcb40439fb6d075bfc13fff1070504f8073a09370932fe80f4d6ff460526054bf74e0ab60a34faa9081102e4fae50addf569ff7609080800fa6df7
b5fa9e0a8bfea10090010f025f0591f84dfdc3fe57fc82f757fb5ffc7907f80b350a5809c3f386fbfaf8cef8defcbdfbe5ff7f09040a95fa3b00de09a6f85001
62f6dbf3050a01f9360c0ff6a0043400f1fe300239f94a05cdfda9f6bff5a60b22039a0989fa7bfe39f7580ab8fc7cfe7bf801034206d7f491fb260347f611f4
2a08baff080a7df3b502fbf967f776fda304ae00bc0772f6f20562f4f9f4edf61f0071fa810391013cfe7ff5fbff2600fdf5ff0767075f0b3a0a29059d0937fe
c9038f0be7f6f2f89502450095f801099afa8ef7f9f4c8f743f740f50503cdf3e8f4def89b02f80a48fe0409c302a1092a04820506053c07e302470bc9f37808
e805e10aa2f57c0989066704f50841fa910a9a088104c9ffe5f9e9feb5f412f72f0703ff2bf90707f7f550fe1602e7ff640caf0640f842f6d60986fc6ffadff8
1201d209fbfd150cb5f6130065023afedc0bf1f65003ee01cef756061bf6cff3490837f5bc06e2ffad00c70009f41eff5302640cab005e02ecfdee08cbfaf8fc
f4004b0023f7ddfbef045af9780aa6fa9dfa16049f0ca00596f5f3f65e0516ffcb08f1f71f0cc3fd8dfe23ff26f5f4047c09530951f5800c5c012e0aed05e0f4
67052801aa0a83fe25f655fb79093af6cc08fefda608f3038e00c7fcc10537f7bcfd07fdfeff880014f6cbf445fc4ffeb70b2e03aa04920945051604cd0a9d03
3a003d017efb0d07adfa02f7920c9d04d2072502e5fee7f32c0aa50828096b07ebf5050701f881032a0cd8f8df076f01b0f8470951f35cf80f0bdf0213084804
9c028c041bfc6200c7f54bfa60fb0cf69e06aa05cfff7407a0f9d605030060fe95f4f508dd073601f3fec7f7aff4840797f5df018effc2f90c09d7f971fd620b
e304c30801f4a307caf9fc04a7fc82f678feb304e10af9f788f4ad07e4034cfcb50b98ff890b70040dfd6df900045f04f9f40c01fbfc0d049ef582fc9a04e7f3
50fc3605f2f6ba00e7f5adf3d9041e0739ff6ff8c5019dfe7704eaf859f4c209f9f7a50995f525f580f5d60168f93fffb70a60fb48fd2a0c3cf77c046f044102
2ff55dfcccf5a9032706eafc1e07dffa6c0668f9e4f76df8a6f4b7ff35fa57f779fb1dfb29042bf4ef04e9062dfbb3036707d6f3df01f9fb8a0cebf8c9f76704
aff480f4200a13fd9dfe0609710879fb3ffd94095c04c00742f5e1f73600cff882f58dfe77f39406b201d5f3d5f3d8073809cf0b9dfe4e042b07ebfe2c0bdc04
b8fbd000b0faf5f996f61c031103f0f7f4f84cfb370b5af40a0b26f93ffa69f856f828f62007b9f8d5fc1f0ca602770cd3f7aef50705c200ae0a990c5af78801
e7ffbb0b5b0287faad0593fa6a049102400b4f04c4f890fb500b69004c0bf1fb8af689f74009fef46c08f101890590f3b8f320f4fffe9af6eb0b9c026dfffb02
ddf37f0a56f3c702e70a20fe24f6a3fac7feeef621fb1e07eef6c90130faeffd06f721fdb400b90830027bff6bfec1f629013efb41f9defc8cfc30f497fc55f9
0dfc490caaffee03f6ffb801d5f47c052a0b2bf844fcb707aaf749056206e008fff6cb022b02aaf3c6fc450524084cf56e040bf9a4fd13020bff3902c207c3f6
1c08b909bf0644062d072fff6cf514f9eefcd905ac0b950b4afe27ff17fb99fa5b0712fa3efb0dfa12028af420fa80f7e8023e010afcf4fd56fa47fd62f9e2fd
14f581f67afedf0061f5fb01ac0108fbcbfb3e06bf019afafd093cfda306c803a80b2608370182fa2507100ab0fae7f5b8f6aef80f071307a8fdfaf967f76203
51f78a0b5208e40513f8f90973ff89fd2f07e4fa1af6a2fe2bf4250896fab9ff75f883f5ea0823fe4d01dcfb49fd42047af730f9e1fe5af45c0c330357f66f06
aa0c890c63f7390a6d0bdefb72056508820789fc99fce302ddff62f7ad023bfe27fdd9f51ffaf7047e0a9a01eb090bf81afccc0a0ef5b403b3f3ebf883fd0804
b0fbb5099ef47206adfda506f0f33106b1fa47f65ffe71f8cc08020343f539f5f7075e0655058fffa702800b05f83c00c2f84bf50df4b708e2fabef7ba0abc04
26fdc5f9f7f3a3f3b000cef89d0069fe8401aaf96e009d0bb4fa6d04e2f663fd17024affc205cff7baf59d065df8ddfb990674face08d70553f436f75d0269fd
f7037e0a9bfb36f8080aaaf9a4f46efbdc0607f93b0450f4dafff506c40688fe910abbff0af47d09390a9100dffc47faacfab5f617f6d7030cfeb2f5d909b803
e502fa06530cb4f584fb310c2508c2f33cfa63082b0183fa3afcb900ff064903460b260493036d07c3fdac06d9f997012b045bf90502fb0953fe630c4c02b90a
a6f82dfdc5092e0166055f06b907080cf503460161f47c0ccd06590cd3f621076b00d70bf1fd04f4740313fe600b17fbea04bff90cf67ffdb80793001001daf7
04009a0b48fd20f59e0700ffd70766fdb40075f3070a2000fbf643010008420b32fcff097f007ff9d500920b7c05e007a502d0fcf500d5fc71f874f77cfe6af4
5ffcbdf9180b6cf586f582000b0779f385f5b80bd409fbf7daf89f0bfefea9087e0ad6fdc604b6f9ca01d7f5cd03df03af04d80802fa760a62ff650779f96002
ef0bfcfe16f8aa02400b64fab907d0fd40031b0571021305f3f97b09fdf72cfa2ffc38014d049af6d4057e0c95025300aa0ac1fff507f605a6f91c09260b15fd
a3f45cfb5cf8f301bcfacb004d063e075cfa1500020b2902c302fe0ab800ae0a9a00530684017f04850c8a0ace0900ff7b09d2f6b3034204eaf98efc62f7fe03
6ef34bfafc04fffebffd8cf3a6030c0c25f5a20cfefa2a0aa400c3fb3900a108e4f8d703900070f8d5f4b604e0072a0262053a081ffbfff85b00da0b5a02b00c
330ab805ab00d40256f9dffdd20911067affed04eff60dfc650923f71f0aa80bc0fda405a6034602340bc700edf849fda20caff411fb72f63c0011fd6ff983f6
3bf772fdd4047d082d04f9fe18ffe102f3f983fb5f04280ba1f8710ca00466fac30589053ff50bfb29070900d8fef1f327f959fbb8ff930bb801cf0366ff7506
59fd8efd7a082cff75fa0aff8b022af54c0a8a0108f61c081efb40f53f0a4c05e4f579fc79f5d40aff0ae709bafb490448fb6eff7405790aeb09f9f731000006
2ff97ff67606680c3cfd000b83053afb70f5a30458f8c3f51609990b5dfbc5011af91c06fafd90ffc407910424fe690c0c0ac4fa81019bf406f419fccf09820c
ec0a5302290b54074a042104a0fa7dfc78f571f59805ab05e608cbf40c02bafc5402bf0afdfce3f79f0c5b057206900874f97cf490060eff37faf90b01f595fa
6109c1f74d00fafb5a0c130563fd8df55c06c1f81f061dfede08c4feadfca505eb0402f4be05bef76a0a99fea1f32ef6d5fe910c11f8f9014905b007d3f46203
4eff9100b6f424f5c2f8ba0409fc7ff32df9dafbbcfd730ba6ff59001802ae06c6f965f89701b8ff100087fc21f9a2005cfe32f6da01b0f9c3f964ff48ff6501
baf74b08c40588faf7fde20167f5d9fc9afa3a0846f83f0afcf973f5e904c008a2f782f746fa5e04b2f4f303d10573080dfb790699f498f44bf699f7a6f7fefb
fbf921f54a01e50663ff100a90f3e202ac0c7bfa6409f2014200730c7cfd7f0176f89df79a0ccf009afb05fd70fad005af02350c9a06a0f7960c8b0230f8bd08
b100f5fc10f8d2ff98ff6b09a8f9c3f7230692f94d082cfcabfc400b5ef681f54b07b709ce0ad70001f869001b04c6f6c2f9220b30faa700e502f7096b00effe
88fffff4e2ffe20884fd58078af3a802cbfcb0fd1f0c1109d0f4a6f8aefefbfe1e076bf63afecffc55fe0ef9eff94d08c9039c09e3099204f1046dfffdf568ff
d4f9f10215f4ef038cfbe6f818014207f2f5b8046ef4d9086209f60a180a330998f592f4bc0adefecd03c0fe7df62cfcfdf4ba0371fbf4f4aaf781ff0ff43dfa
bd0928003a01cdfff909f7f58a04e401e4f5a6f4e705ee0b1d0740090b068bfe26fb7df727f443040cfd63fa04fcdb02d00137fab3fbab094b081f06dff3ec03
5509c8f8f6009805bafe78fe82fd91f796f551012bf827f82906ab025bfccefd7dfa4c093dfc0a064e07e3f908062d08a3fb6efa5a0b9806e6f4a10c36fe74fa
6d06bdfd8b0830f5030829087c0bdbfde302810cfc051c0be4fbc9fa98f7c4084dfaaf05ddf4cf0045f90ffefff4dafd70fbc7017a0291fc7bfbc2f727fd26fa
4b087cff98059f078cf6aefda705630c0e0c0df85f06da00660c0af7e508cbf74d0b170ae6f83402bff83cf9b2f939fab0fc4f0269f476f4f0063803cafa2c04
94f4300b6d05680cd5f4d5f9cbfe9e02040be607b60616066000210571f649f42d03c1f37df48900e709840ab6f560f72001d3f48afb81fb6202a60483f31a01
7dfc05feeeff2efea6f3b40384fd0bf8d1f3a2fa26f780f6fef3a3013efc89015007740b70f846092afb4a0b6907effe48032f04af0522fdf5fe9e07a4fc0902
78f9cff3e002b4fdd506250328007a0a8bfa9c09a6f8b50569fc81fd870b6f037efbadf37df41b07a8f80a0c9cfdcc0ba60a5508d4ff3a06340a49fc24f60302
affc5f08c70989f408007dfc0d01ea030303a80228fbd70373f41bfb7b09c907edffe9f9c9f74bf748025500e5fbcc01edf62a03380be7f76302a6fbd6073002
24f5d305fbf6ddf6c507fefd5ffcde06e5f47df6fb08f5fb00f74afde000fb05e9fc67f3e904bb0284fd710791f62c052efd26f467f77bfaa6ffc1f7fb049506
12f4f7f3100663ff7c016108210b54093508e903940bd10126fd7dff0509160bb5f746f423f9f3092f0c4bfd74f408f9f2f88afb5bf928009ef7ddf9d60945f9
cf0beb0726faf8f9c0f63afb72ff3800a5f3180b6f065609fefeb1f87703ff06f1f6bff7a9075d0c37f90308d40091f6b70862f961f8fcfe630bd3f3a1fe8705
8ef73c02d50a2cff7c0a8af822035afab1ff11fabaf483f833ff75038c0223ff1df4130509ffe907bff7f1f626041c0200ff9805f2fdfaf4910adb0185fcf9f3
98f3bbff15fccc0aa40249f73f051bfc42079a01450642055a0a44f4960463f6b1fb670c79f44effebf3c60b56f36d02fe0799024ff72d003101700b630b0606
d8f6c100bef5240c4f047dfe470214fbfe0310f6820abff83205f9f9b3073b005a03130a2cfcc30a36f636f40af7f901b5f67d0642007d09dbf88ef8bcf8380a
d8f459f5f5fecd0aecfafdff3dfaedfdf701ee034dfc17ff93f5420c5c0a3f0abcf612f5dcf37c0525fa2effd4fa35fe000aaaf46a0466f8f0f8eb07af092a08
3af9bbf7b5f31a0b60fa5607ad021100c8fc45f6dff595fc63f3d6f81ffa45077afc110b5906650300f71f0a0a01060681f4e2f4df04dbff9706a60733fdda06
f00a19f5720a46f8370afa01120b3bf8290b2e0392f88f0b3209bf0100f7bf0949faa7092af46af985fa6d0910fc80fb86f48f0a4fff7f058905300cb9f461f6
9c09cdf86c0477f428fc7804b1019ef4cd064fff5cfa05f8b1f63bff76f86302890199f93a03ee036afd14f607f895f59f086bfe440c8c0c63f560f8ef0780f5
adfb8a01b9f814f907f96ef58d0c39f5f3f7b6001c09bcf610f88dfb01f61b0050fbeaf737f9bc04900137f72e0a7209e8f77afe2cf9d6fdeaf63b060af829ff
0a0756053df6cdf64ff87cfc4af6b0f7740b37fee9005cff25ffbe0863074a0701fd8cf761f930ffaef5cb0428f98cfe4a06d8fe5bf9260859f511ff51fd0d02
6103d8f9a8fdbdf4a2fd03f5ba03e20978f8f6004a06a100e8fc41036cfa21fd5309510618074dfd82f97df8d3fb16f935ffcd064ef786f448f93dfb620680f7
98f32f0381fca8fd67f9920ae80aedfdf1fbe3f83cfb71028dfdc0041c01e809830ca805a208d0fec8f48d06fb0a2cfea201f708c3058af749035ffaeb020701
a10290f431f81a08def821f89204310386026c0437fb800b09fdc3fec704bff8c7f9f6fdf0fe9c076afa7ffba7ff93f421078b0406fb870b2ef4c2f8120572fe
44f4c201bf076e02140c0afbfdf7d1f7daf81cf61b0c63f64d0425facafc760b74fe5a08fbf372ffa8f3fd0be90b01f59900f104ecf40bfe030830f94309bcf9
8d0a8a041af9660779f8ff0958f35dff8406d70be8f9c5f41cfd7cf3c201130aaf0c940090fb330c50ff2704d0fd300b34f6e806d2049cf9a1fe34f88d049304
890398020cf83ef49cf3870000fa7102430b4606ff01ad0b3bff11fa67f5ab02c6fb90fdf40b0bfbe9fd200886f51109fffd74f629fd850742006d035d087506
d5f57b02e100450b51f480faca01d7076ffc8107ca0a5b013607fa052108fc00160208fecd07d60b4afc8a0a76fe42f48e00f3f9a400ed05e5f6a7f898f54107
6409e3048201d7f53cf546f8b1f967025ef4df02acf31a0b08072c08f503fbf83b0a210bd1061e00f1f38308050cabf30609a1f8230148f54602130c90f463f7
1f0072fc3afa3704fefb3101cbfee1f478fe9efc12fd00071bf5e0ff670bb1f60afe8e01f7f638ff470b1e04240570fdbafe160c21fdff0afa02c5f662099a05
6cf4ce0516fe7b01fbf8ebf3c609fffab2f8e608790186fe8d0238f6c1fcc6f78b04190223f732f905f4fc0af00bc9f9c5fa46f665055d01f007cd022400f305
e80a13f74c0512033a09a0049c0c56f760007d035b006904d3f704037b0563f6f7f44e016606ca05def9b308defed609ea06d2063101bb01be02640c920832f8
2f0673f3c1f69efc09fa5f04c4f3f6ff04f420fb9bf5d4f844f887fd6100d70672fc490a5500f8f6fd045bfb06ff76ffcbf9e4032ff7cbf688f3b7072aff91fc
910a24fe100c8efce2f62301f7fe7af4cc079806f0f771f5c00a3f0717ffa1020ef54ef4550be10b1ef816f90a0a8afd6c0478f91d09580ac1f65bff5ef8810b
5bf4c7044f0169fac704730534fe5408960b99f83408c3028b0488f5b706d5fe530c67f7aef78203cb08b50247f8abf625fc3e0b850b080af8f30df7a4096400
93076a0b9ef946f649fb490486fa18f877fbc0035bfaaf02aa07e9fd80fb6efb1a0ce30a950b68fd5dfa1604980b2df764fdf30994f482f625f8100987ffe30a
4a0cccf88309a3ff55fd6f081603d7fbec071b0794f782f4a002740b3604e2f5f2f83e00910c43f977f7cafb20074cf612f8810439f669f742f6d2f7c2fd1108
26faf9ff52fa1dfb2d00cd04f2f67af83708f0ffc004b9f6f2f85df67d029e00860a35f5a9069a04dffc1d06140312040307730144ffb904c9feb20acbfe94fe
4c04700cc804d2ff42021bfb29f59809f40528f5e4022e052507d90a3afa1a065600b6fa120aa50418f9bb048308bfffcefe7e02fc01f8fadf0b9906eaf727f4
a8084907f20431f709fd94fca70131026ff89a04e9f477f8effaaffb0100510c190a7a079f046f03df0544fa2f06d0fdb4ffadfa5ffda9f3baf4f6012ffd4ef8
fa019aff91fbc3fc2c0838098ef8a6fa2e077c080300b6facaff9e0bdcfe99093705b309c800caf57407cffedaf57df48dfa8b03e504eef68b0579f4a2fc2afa
d5f59701380ba4fa27f79bfcaef855f8b5ff7bfd35089df645092b09dffe14ff5e02f603b7f7a5f53ef6c901c9f9a7f9bd07a3f88ef82406e905a4f9fbf72909
70f9c00bdf01150b7af46f00f4fdfe096dfb6afec406e70b88fea206eafd1ef728f7adfd990c11f726fc5e0b7106c2f5caf6f4fc0ffa5ffdb208f90896f58401
3b099cfced05e6fefafe5e0588f88efd76fc8df46bfc1cfd82f9fdf8c7f54708e20b2702c200fd0492fc5d0321fdc3ffa4f855011afb890b9c08d50a1e0b2307
d60bb40940fc0ffecff707f4aafefff487f8700440f5bc08cdfcaaf614fe2e04a5f9c7fe22f45c08b1f74c013f032c0c930b6efdfb02b4fd2cfdd90716f875f6
360952fb7b05160968fe5e0b44017901b506110620ff67fd3ef6acf84cfa93022af729f5710beef3e702ea00bc0b7af6560c2907cdf5a0fb8002250040094bfe
4ff4520a1f056209020cd105c2018bfe530b15053df54c08f50802fcbd07d0073f045df4460002fc5ff5e0fe8803b402370126f73cfb4b07d9ffb5f68e075001
3b00480080051204c7f995f5d1f4e201ef06b2f850f727f72803bd01f700990470fb5fff45fdad097a0b90031cf9f4fe21f90e07a508ec0206f4a10357fda9f4
15f9620049fbfaf9ed09e104b6f686071c09fef860fd87f79509f5f31af954fb10ff3cf621f676f49a08e6033b00acf82407b1fd610b0cfef8050ef6d606d6fa
5306e4ff7df5dffe8908d2016afca40cf802c4f3e1f8e3f9a4062ef5acf55ef9dff82f0255fe2a03adff840036018ef53703e4046ff9f0f98d0225fdccfa6ffe
fcf8550022fc9002450854f5910b72f8e007d7fb4608380b560791fd3607aefae1fdf309500593f945f94dff010cc3fd5e07f8fa9704490b3bf7270cf7f4c2fa
a8f6acfdcdfdf5fb570cc7071ffeb60515fd3c0ae3f94ef64f0b1a078c09cc01b9f94905d7fb06fd020304fc07f7580ba3007107bff8870910fa9ef6eaf42ef9
e50077087ffe71ff22faaef3600b25fc4f078b01e100ef08250b32ffe305c302cf0407fb5d0153fffb025ffc3d040c054ff5a00717079c02b80492081efcbb06
35ff71f864f7adf9b8025ff4faf581077b037bfaaa0b4d06f9fa56fe29002a022c0b7dfb6505b7fb470c950076079a0cc3f7eef606019af47ef75bfe2ef9bc06
5ffceaff1ef7acf411f42df6eb08d8f6010b1dfa94028bfbc208ee068006d80b610b640a42f9120af707b60494f85ef608f872044efef507f2020b096009ebfc
290c3d0388fd0601c008cc0024012af634ff5ffb03f45bf58a02e7f38cff52fe9dfed7ff05f9c2f4df0a9404300a24039f09adf94f05d9ff9cfd27021df54c06
2cf7c00941fe6ff6ddfa79f755fffdfdbb008108150b200995075900620accfd74f91f002bf920f4780b7004ff0b7bf975f508f856033afed3f7bef7ebf67a02
0f0c53f660f4930060ffcb067bf7a8ff1bf63103a4082ff6320445f94d0011fcc0fbcb08620ccef350fcb1fc34fbf7fd8ef4e9f46204effc4501fb0566f8a2f6
d005580c1005580190f416fb3df942031b0be806cff67ff646fef50715ffb003330b55f96101c6f9ca092e01110bac0a95053bfc2bf4b301c7f42b04bf0936f4
3af7ddf3b4f6f2fa75f965fbd207810085f8e5f6340a1609de0b9f094bf91c0604f62c0a97ffa203e8f8450a240a93f9c9fa33f806f52e064eff21ff19ff430a
48ffa407d1080bfa1ffe73f34dfc8e02e609a0f60c010b071d0a19039a0231ff3bfb2f0b82097ef5aaff6bfb07fc44f47c082305faff49ff80f746ffa00b94fc
f909de0355fe54fd6f0564039b0122f8edfd92f81ff728fe370cb5f8b3f6ff0b07056f022006bdfdfffef9fb7d0b42073d04f4f3a8f9a1054803df060202defd
d5ff12020a03f2f5a2041304550cd2f6a10247fb88fb0f0392fcaaf9a30221fccbfbd5f580f361051cfbc0fa1502ceff7f069d02e509e0018907ea04a2f72500
8502920287027dfd2a0832fa9700b5fb0900460281f75104e9f35c0bb8fadff935fce0f691f872085c0b750941fa970b6a00b0f64804a9f82a023af7b008ec0a
aef31afcd901c3f7bfffd401dff4eb04b900a30cc4fb33067efd1bfce9fe380847079e010df78b0525ffef0aaf007bffb1f6a70c08f89ffadaf69ef3b20afe07
d8fccf0646077ef9b30622fe7c068b000f0385ffe0fdc2ff35038b0b8902f7f85104a8067f059eff0c08cbf3720218014ff328fca5f3a50300f961fc6602a90a
790ab3faa8054805ddf5c9f98f0be0fbd50684f7e9014203ccf7d309befa72fc4d016afc9ff7e50994fc51fbb602dcf36ff438097d09040bf9f679fe2b05f1f8
200ad0017df4660576f92a00460048fc450c600aa9f9730ca0f6230b76014208a2fd8bfb45fae20b43f43ffc290a8ef53ef82008e9f662f6b9fdd7fbc2f7b406
f7f916fc2bf917fcb50315fa480ade0130f56200810bbe0b3a0079013c029f03930af8f725f9f00ac90acb0a980becf7aafecc09f706d7fd84f90affc60074f3
5202e1f788fbb506f20200f88efaa8fcf7fc340129f683fed40ba3fef400d709b408b7fc1100820472f97b006b022f06d5f9d9f3f00198f89eff8c0834f8ccf6
560bb4f93cfb9af65e0133091cf90405a009b1029a06f400cdfa6208f9f46a052a09f2f90ff967f67608d5049c03bf076a0b5cfc430c130091fb2603f409c7f7
910bc1f788f5490816f65b05a10ad60a03000204db02d2fa6dfcc9f92e0c74f89407940643ff4a0830f83ef523fe83f799f5c1f41908ca0b3ef40f0786fb9d02
abfd58070ef978fc1c071d0b5b0965f9c5f897f32100680a4df729ff0bf75f0b7ff6720b8df6e10b82fc7bfaa1f5150092feb8fb0bfe8afde306baff4cf609fd
b2f921ff86f4560afefca3ff92f4d006c301300475f81c0a5c0bd6fe4806fe0654f5d4034a091d0b80f7fe04430497fac6fddf0796fa1a03b4051305ed0039fc
6c0301fc54f3f009f005620b47fb7002850cef080c034e04c8f492006502e4faabfd0efd69f8d50aabfdccf7cdfe4b0845fd35f8a705a5083f054e04d2014307
f7fc1aff5efeff0b23f85b02600346026af95b0ceaf4f9fd26f940ff81fdf004c9fb8ef94ff749f4dd080ff7ec049b0b68092207bdf78208f30303fb07f4f2f8
3af4510ae302c7f711fefa0786fe7601eff7f70945ff0e041c0c28082af86b033403000a540b9b09fd081f00aefed708dc020405200acfffe402140c73fdd9f9
320949fb75fcea0b42fb99fb44fab6f655f51d0621077cf8a2fd7508cb0036facb045504c706b803a207cbf585ff1f055e0320043100930b6ffd1e09d3fb9909
def675f5390b9105ea0042ffba049509de0089050903b3084bf479f74cf6340a6dfd25017803f80909f9c209e2fa3c002a0c26f540f865f47a0a0a0326f78bf9
52fafaf463f351f9d7ff47f5a1f75df3e3092efc91ff9a05edf3200b6fff65f9cc03c9faa40285fd70fae70799f8f3fda0f800082f01b404eef59df533fac403
62f51cfb5f016a0a5affd206e70913f54b0ac60174fce3f98f05f2f38709c7f36df4e0f53403c402c50a73f42002b7ff06ff6706d6f95cf3210aecff99ff9a03
c1ffa8091e0612fb1b00e906170219f667ff72faf60bfdf4f8f6740800f77e08b3fcc207bb019df552f51dfe0bfcc9fa410c720393fae405b7fe870019086b00
bb082bf5c2065d01190cd3fb3002900588f98503fc025101350222f4fb0b6b09e7064f0825fb49f6f901ec0253fa0108d8f872f9ad0bdc09b2061c04e8001bfa
59fe0d071e06e9044e09e50a99fa75f9c8ff2ef9dcfefcf4fdf7e0fb1af76e0ae5f8ff0733fdfc02940091f89e06960197f33b019d05840a13033f0bbe08850c
c802ebf75d016c07b60a9af88df3bff53b0217fadff4bd05bc071903f9f93df654f75e015f04c005fafd7200c5fab70bc9f89efaa9f586035efbd4009e02e3ff
def84001a6fd37008004a6f43bf7ad07b5057efa1ef7a501d5f4340234fb81ffc40607097402b0063f07ac080b0c35fff0fdebf79f0509f75a0317f592fb28f8
f9fc75f3950b7a010508fc0a630af6fd28f9470c7d01c2f9f1fb5d06de01b6f4a6011cff45026af66a039808d7097501fefea6056f09f201a4f5fd0b76fc09fe
fe0520fe78f916088bfe84f86006a900b9f8d6f6ff029affce096f066505fafc94f424fc4c0803064002fbf828fb1afde2f8510146fa5b03ecff3ff8f40a19f4
ea0460f6f9085003b0fd66049708600728076bfc64fbf00b5efb520081ff12f7f2fe8ef5700993ff8ef9d0035b0c09f43fff8d01d6fc40f4c906d7fcbdffefff
ecfbe9f5340247fbaa0c09f4f6f32e01d1fbb205010c99086efbd0076c0bdcf855facf03ca025f00c808820b8efd230a5203300b54f5b2f572ff2a0076f3f90a
12073206410ab2f54cff22fdf2f498085a0c6c021d0c3906d70b3d0028fd1ef91afb77fcfa025cfa0af73c07ddfe6c0be7f62b0b96f6e2f5f7f5ad02ae02b0ff
9f0ad60045fa210ceeffd3f3dbfbfc096801f3024ff6cffabefaa1095afc06fa03009c087901e6053c09e4f9d104810192f8ee03f90408fe7ff84a012fff64f4
de0418f92ffad20bc208c8fe73f3d00331fe1ff75af6ddf883fa7d086f0b14f7c700bef41af7d40a790c250722078c0bb30a38fa9b0b83fa56fb8704de034d08
7c0124f99bfe3ffd590247fc970a5e0c3a039e05acf424fcde0bc8f6d006710ad7ffb3fe4df824fad30214f8cff9910776fca0fa3306ddfff7fd22f62204fbf4
9e076b03bf0af0f713f8b5fd10f7ca08f50110fbe407c106800ab0f5d2086201fa05d3fa0505b3f695fecdfb1c04c20673ffd50718fc5c03e7fb170a35059d04
9c0604f4d20ac7f4eefa6f0c83fdec074708200698f64302d900070b8efb74063d0a9404edfa620819f411ff4afcd10628f5b40872018704be0291009e0bfef3
880b33095909cd039909d20bef0b3906e1ff2cfacbf9b9003f0778f74ff467fa07f6d5f69cfdd40beaface049ff6290a1efa200965fbe606c9fdd4fc2e0222fb
fbfc2efa45f62b0693fbb20221f9ccfa450a030b480c33ff8afbb30a4102a5f5870a7cf43b058a0b910087085afa36f58afdce0b190b4eff4a0b07051cff7ff8
530283fa7d0575f8910aec047d044f0c160ae0fc94f5ab08860c11f842ffcf00b5feb40accfd220a2ef8f70458fa560b620817091f031fff28076ff3eaf332f6
93fc91fe70fbda0a56feaf0beeff5605630ae0f4e9f647fba70918006bfca5f5d10a13fb1cfc550c65f8a3f601f7c1f4f4072d0309fd75fb27fc9402de05def9
c90892f830f9e8f97bfccffa7f00a1fb3dfd1bf82af447f7eefd8005bd0264097d0b38f7dc0621fd26fd0f06e103dcfad00661f44402c10bdb04b9f51e094d09
f30aa1fe2e085105a8fc8cfaacf40afe4001abffacf6ce0245ff9b05410a70fa420875012701ba032e097d053c0c7df6effc000433f846f9b4fbd6ff87f4e1f9
9b079bf7db0a37fb35f94207dbfaf7fb67068bf4ccf7710503fb0c004c0863f51d01e20922fa640716081ffd30fd1cf5aa099afd18f7c1097dfc4ff865f95600
5c06c1fc3808e6fcf702f307bd0194f40dfe44045104050a9305fcfa1603aff8edf3420bcefaeefadd02c003b5f985f7dc0681fadef751f4d20a7dffc4f7160b
a5058202d3029bf772f96902b60016ff3afdf4fbc9fdf70775f8d403c2fd4df7140c79fc8702af0c69088e0943fdbf09f9faf5f7f4fae0052bfb76f872feb109
500a470353f67e024007f10097ffa9f8c1fd540bba079c07ddf45cf5a50b5b05bb0bb8f344f9d0020a069cfe4e06fb0763fb7a0294f48cfca506710c57006909
7afde1044d0771f9dd077a0520fac0ff1c04d0f907fd670209ffbcfe5a08b603500b4004ab0031074a08eff3f6f3390473f87c0937ff7c0074fded0200036e06
2901c1f9f009b4069c0693f5aff61c00b4ff4d09c0f5980788fef2f92e01790bea0791f53cf95f0ca2f9ad0a6c095a011300bdf300f9e80574f8e7049ffee4f6
04042a02d3fbf7fb3e008a08e6fd40f946016cf40e0cdd012102e2f7f0fcdb07ce0124fcba0020f4f005e8f55b05880c41f707fdb2016ffdf70bd201570581fb
9cfdabf6dc088cfcf9fb3501cb0427ffbc099804b905b2f677fae106ccf6c2fd50f5fffe95f62805d40a7f0bdc05b200fd06b907950231f5bc0b100136f5c1fc
56fb5efab5006bfaf40ac00606019d0cdd071efd790734093afa3902590b7303c200b6fc62fef3fca1fe5dffaaf7d3f862f4a209dc049909d0feac069a0b2f04
e80144f8c9fc48fe77051808410cfb052dfe2502bff9d9f662fa790069f73c0665f88c0ceb097a078df710fbeff861f45af42df8cffcd80030f8eaf9aa01cef8
65f67a0984022c04e9fd14f6d8012d0558095508caf412f4ea04d0fd7ef64e0cd7f6b9fc31025703e507cb0bf80a0207aa053ffcb6000b05bcfbf5fb9a08fffc
900ab800e2003ef8affe56ffaa02b9041bfbd70bb3face018702ecf355fe210257ff3305e1f92ffd5e0727f93e0b00098a002af9d9f4f30b5ef412fa7cf6bffc
94fa6809fbfd09039e041409ce0b8704080459f57f09cf0004ff93fd87f60709d5f5ccf382ff930987f524f8ebfaeb081901910523fbfb043aff23fde9fefef6
31f64df8e0ffa9f979f3f5fa6a0a4d007b00fd0a3108780be5f636fecd05f90501fcaa03640612ffd004db0359ff750125ffbd0357fa6dfb83032d041bfbed05
02fe16f4ee0a07f5aa01a4f32d060b06e1fec5f7d5ff85fb8e0af0f6b2043afc43fbf9057e07bdfa2a00b3f58509aafccc09ce055bf9690736ff0e01880b940b
87045e07f5090bfd2afc1afef3f6f2f84cf80dfa49f74b0381f4210ae6fa21f86f07580b64f9a2f3cc0179f8a3f348f5a0f9eff465f3de01b4f6af069cf32703
f6f5b70640f5aa04b7f73ef95bf5d4ff44fe68fe18fc45fc400aeb0bfe03da004500dffc35f892f3cdfe04087e055b0afb006c040b0c2f0cb5f85b03600b6a09
ebf7f5f67907700627ff88f52706f9f625fd34fb35088af40a05a30521f5890762070406c5fc2b07f3fc7bf5e6fc5df4aefc4f050cf9190421fbed00b7036cfa
770075031e04b0fa3507fd09fcfbf607350c81fee80127f7ff0938fce2f97f05cb0780044df96d08d8f8f5ff790209044006e10009fbf402d6f8fcfea6fb32fb
0d06a0f8b3f3acf777038c0a4ffc65f8a80501f6ba0674ffaaf4b3fa23fc72038a0893ff0ef5a504080322f775093af409f7f701bafc6ef35c0508f9fef879f3
d8f970fb680198fc78f368fdb8fd7cfc83f7dcff7bf8570ccffd81f308fbf506de0b010c87fafffef9ff84f6abfd46042105c70b7a0861fbaefd8bfdc3f99102
67fe73f5a4fec4fd9d074cffee00b40a3efadf0349f607fbe50203fb90f5f101350cdef58ef632030c0839f4bd0b50073c03edf34efa7e0a10060dfaf5055a03
1bfb9d0078074bfee908fafc1e0646f70c02d0f86701c4024b057df81800aa0472f5a6fd4fff2809eb0b06fbaafa39f7dd0980f50501b4f93df93e00adf522fc
6a05c8ff8405eefddcf3b3f9acf997fc920657ff3df9350827f47a08d7057d001800e5f32efc670ce5fa2dfb7af383fbb90840043c0781fbf7fd58062bf8caf4
dcf51afe9a0387f99efdd804f6005707e40529075c062bf82707b5f7e7f6b306bbf5f40b5708fafbf7000e0a4708420b1905be06820790018e0c81f73803cd0b
f50a6cf48b007801220bc1028e00f0037df81d0823f71b0925fd32f6e0f6a70130ff180cc8f792fd2a0cdc0265fe75fa16ff600a37fdc7fbc90353f4ec0373fa
5b02f803c8feaaf9090269f7c4f5fef4ea06e3fe250ae4f88c0cf1f67cfc3cf9adf3e502660a2f09210a9a0662fbfbfad302bdffb704bafa1b023e01ddf90b0c
8dfd68f6faffe8f89c0245fc080ae308520528027109540c66fcf30b76fb22fb7d0462fa63f635f950f4830759f42b02990763008cff98f779f5b2fab00156f6
9506500b0df726054ff8630c9604b803c3f942f7cd08d7fdfd057a0cc4fe9d092501370487f476fbc7f6cefafc0218fb520b85fc1b0997fd4ff8a10476025cf3
d9098af5ef075d02c2068cf614033c040b09adf3410822ff11f4830482f5de00a7f5fe024207980bbf0498f52afa030cf00a25093ff782fca9fbcaf862051d05
8ef7580034fffa071b06fd08cf044f074bf85c08ac099af8590b90f403f4770a50fb9c00fcfb4705adfe82fffbfd480826ff16fab80a67f6af01220300016804
5ffc53f872035a0668fdb4ff29077f0a66fbcd074b0c5109b0f4d205d3f9210141ff36fe0bfa9103b4fdb6ff98f5fa08ebff66f910fb81fb68077d039ff98efa
090cf0f90b079306370776fef3077702e208c00352057207270876064b0a190902f9c1f9780567072904a8f417fad9f8c30af2f8d00b400396fe0af63f03cf02
720785fed1f4cb07e1fa810c70057c00fbf78cfd9cfac107c2fc8cf72efc87fa19060b092c08e10bc4f71ff577051cf7ef012b0463fcb9096ff6bd01740075f3
aa0c9cfe080b410aa0022dfe63f441043dfe86fffafe6c0ba5096a0add09e0f573fc35f741f5c105dffef204e0085af62c0bc604e10b55f32b0ba5fae5fa3bf9
7ffda1017df3f4f846060efc8afd4301f802070259f4b3f7e900850562f502f6b5fe40099f0138088bfdcefef501d70739fe110b37f49a0ae5f606f4cbf9dcf7
c700b6fccef3e5f92d02f9f6e9fc0cf4b50a3a0679f750fdbc0b84f35cfd7b0cdd056bff20f48cfce3033f05ec01040ccdfa09f4c9f959f745fca50cfa00b9f3
aaf55f076bfe84f91cfde5f5980b1df7f4fa5e0807080bfe64f93408b6fdacfc0e021301a709c2077708aa03fc0a02ffcd052e098e059ffdb6f924087601d6fd
5ffa00f7a300f2f6bcfc2cff50f5b404c0f7a9024cfe0900dff8200bd9064cffa00ac503f7f8300276fbfef89d0a9cfaf2fde803d9fe7701a2fc9bfe13ffbaf9
68fa38fd83f6a50bc7feaaf483f68df3ab0363f43c0381fa6902e3f4a8084cf977ffeefda1ff42f43605befaaaf7fbf77df78f0858f9fffdbdfc9bf816ffac04
a8fd39fd55f6460498fbdafe77024c0bf901a10b8df526fa1f04c10938039bf372fb65f654fac9f5e901c600ec07cc0619fcb9072a05470004f9d4fefe085b00
f205d20070ffdef59a013dfc81fd9ff87a067efcf9f34cff7efc1a0bc704e6f919ff93fdadfccbfc3306f1fb6dfcf2063df814074d05f80282fca10a1ffeacfb
95f376f3ef08e0fecd0a0e07f908dd0371fb3701d1f5aaf5e00a4ff3f3fb8402bcf3870624fda10afffb92045ffd3f085106aa0a80fbf908350a4605aff8940b
17fd28098df34a09f5f80406b8fb0307ab01f3036f07eafae7046f09ee0bd0fc220cb5ff5afc7b0491f7710c90fa90fda8f81b001fffdf053c04f407e6ff4c00
90fa64f873fbff043d06ee0178f5ccfb210c5e01ccfe2b0847f5c7047605e2f990f8d0fc13002a06ab004603f4048cf6d2ff4bfac5f6eb06aafaf9f71ffe3401
5dfe1af40efc23f491f5c10bdc0984fc79fb140adafdac0359f45805aef4e10396021c0c2905c8056208e80600f500f49dfd5507ae04880750f3070948fa68f3
5903f5051bf6fc0b5a0394f93106e5ff21f7fef7a20c09f62bfdc8fe04fbc208e8fa150636f98d00bcffdc07680ac1fda209a4f35ffda80791fd27fe7b0103f6
9f05680599fa920b8df384fa5fff5efe0a076df5b3fe76f6ebfb22fb21fd2103ae03f1ff6b0096f3d40ab8fb32fb5ffccbfae306de0899f7cdf8e9f43df822ff
d206c101da0b8ffc820bcb003f0ac5f773f651074df593f8c905c4fae703ec0018f81d080500d80106f968fb78f382f4bc074f0494083c06b6f8f3ff34044704
7500e400b7f7890bb0050e0902068c0bbb049a00b605510a4dfe82fbd300620833fce109c5f7050cfa0b620be3f8e40756056afcc90b1dfa84f48208c3f64af7
5afd36f890fd75ff9efb8cfe0906ef0b35fd69f87c04cf05b3f731f852ff6ffa48f98c06ad08be04d40076fe2c0c30fa75f4050a21002a06ef076f0b43ffe704
d4faf9f7210c20fffcf694f9cbfe06021bff7cfed0f79909c2faa7fca5f40c07baffb1f9bdfaba063cfb8f048cfa0c0bde0a3afa4f02f100d80a9ff904fee8ff
1bfc3bfc930a2ffa8a097c089b08f405b9053cf7780937f97a005d0117f4170a0af7dafcbd0b96f3180c8bfa4d0c830aeaf92cfd2e0cfefeb2057df5f2f9c7fe
fa09f4fc78f3b202a209fbf780f433ffebfd6afa1d035300b4fa44fdbbff94096403c7028bfc88fc3ff64902a9057c0020fa13096cffd000c3f87ef45af9f402
56031a099df494fcdef3e9f415fc01046f0871fb39ff41008ffb9f06fb07eff60cf9a609aa0bbafbfafa510b90ff6dfdaa0aa2f6600c6b0143f6990764027e0b
110354014dfa330c71f71ef776fe0cfa35f97b094101b608cdfde8086aff5e0bfd0500091d0aeaf3cc0878fe2ef9c3f6ef09cdfa54f374f72bfa600ae0fbad07
9108aeff5af6abffb005d7f337fb77096c053305e10068f737f63b0793f5950904f4e7f6b7046509df0b4f03f102ae02d2f80df5fef33a085c044a0894f91702
dcff43fd67f7430af0084905bc018f065bf35f04a00922059df5900496fb14089cf594062c0523f9f8f3d3084501ecf3caff5b0bf2074709bc0367f629fa440b
5d0448074cfe30041c00aefbffff9409acfe36057afee30289063df5da041203c30bcef64ff9f9f565fa76042df8a7f37dffe4058605e3f8f5f6e405c1f76bfb
2fff3e0684f61d03cbfed70364f7110460f8ee0251f7c6f7cbf8e20ad700eef8850715066e064bff99f65ef76f084ef3210279f33507c40a8304ecfa96f9a808
fff8ee0b0209d900260aab0924f58af92c0c60fbb60454f90203daf823fe720aca0b27fc630afff3f6fc840a63fbf3fcb6f407fee507e3fb610ae90674f840fb
8ffb4905d6fdadf4cf04d30b9f016bf7a30ae5034d0811fde3fa7a028bfde90520f4adfabdf64bfd2afc09022207a9f664f3dffc1405d202f4f4c9fd84fe3f04
24fbd0fdf4fc3a0141f4470c740806f8ff02960a7ff4c20aa2fe09f99205e4f326f556f6daf741f54ff7e2fb660272fae8fd5307de0afa08cef8e3f8bbfa2bfa
c8ffc705a10244fc830835ffedf696f65303b00172f65903630c62feff0096f895fc370644f74dfeb50010056a0705f4b3fab8080002e1f9c50551f78d083504
9b099609420158f741f630f650fb52f36ffc4e0737046206430328046ef911f6a90b3e0141f7350c9af7b7f742f4d4ff00fbbf03720a07f5ebf9b1019ffbbe00
eef90d074b00ebf8c805100790062ff938fbb20445ff8afdc1f49105ebf4f1f968f5f103580438fe14045007ed09a1fb3efea9fe47025af8fafb51fd090100fa
bcfbe109c2f49a0cd2fad9f46ef67703fcf699f6ca0850f483043cfac90b0df442f4c50bce0715f630f50cf6510543ff1902acf7a7f38bfeb903d7fe9409b5f8
a2fbaf0973fee8ffd70b7905b50685f34d0c0c039df735041d04ef0450ff46fc8a096609b1f4ec05b5f7b8fd8a00f201910634f7b7ffc0fbf7026bf72df9e700
d6f740067e076408e9f7d5f8460841fec300b4081e0372f3e908680099f389f495f636051a087bfd4afe09fff2f9180af8f82df824f9acfe3208befce3f585f3
f2f86bf46ef6a2094b071b0401f732fde0f801fcbb0a22fac3fb97099ef6f009edf92ef650048a0775f69c0afdfecf065af93cf986fb8dfe2cf6a505daf7b109
18f5b30480fd4df692fb040cc10bd9f95808250b5d05bb0164f35800b8fa05fb09f5bcfee000e5f8b6086f023d094a0a05001f058c03320a040b3b02e50b4d07
ddfd5a039207a306d8f71efce309b5f9fcfda905b9f8aaf70cf85705aff53af8d1f46507e604380b36f7bcf79d07540297ff59f482f87efee7097ff61f0c2e04
92faa9066df9a4f7d1fec5fcb509f9009ff417f64a06fa0a5d03b103210cfd051907ba094802be063e00d8fdf0f6c7f9f7fef60804fb880c8101eef3dc0094f6
81f59608070c700b87fc05f9f106940bcd02a6039602c8053bf80101870c43f47bfd4af624f81c02ae01a8fcfdfdb0fc3706b8f7f3f73104780c6801edfb73ff
26033903d00839068f02e3f384f906f69607d8f300fd1509bd06b2f323086bf53efb83fe05f91ff661f739f71906eefb6d06e3059c098a08cffc6cf9190089fe
c6facc073908810bde06fff67efc620907f59b05ecfb71f463ffd2f814f7ca0bfb05f90bd90ae0f71f02e9f9c6fb99fb44f6e8f7d4fa07056a002afb4dfb8afb
bb0ab4f4a2ff630a6cfb5c0b0301d60251013503480592019d05c7fc1b0347062c098108a304f303330c26044e0376fbf00a310316fc7b077ef5d1f8ac023f0a
5b07400782029f0149f83c05000228fcc30a190a9bff23fd93fa38f98d005ffd83f41c0bb2f87602d0fe360627fccdf8baf51c0252fdd2f53a0a61f8e0f65705
98055c0991fd94f38f01a1f368fe75f326056cfbc7ff9bf4900cbbf31307c5fbb507b303a2fd27087a01c1f8cafdb9f5ac084a035d0af3071b0204f772033ffb
1ffad0f7f7f86f0bedff50f43b02b90a9afb2cfecef39dff1df81df850fed3fc1d0339fb6d01230900f7d103e1f33b006108f105510a55fb32fb4501d8fe7009
beffb00081f5fa019f09470c8b0b7af33ff6ce02bb046dff62f731f5c1049bfd55fb17fb9703690ba2fda0fcf4009e00840b3bfabb0183febb0842f7330316fc
aa08cf05c80b83023b06d506a705d705fefc64f89206c3facc043a03770b1f085efef3f99b050af9cb066ff88e052af5b80403089e076b0abf082906650a07f8
800b600a14f536f9f3f5f0f43dfb7505a803b007b7000ffa5908c2fad40bdd008500570c1507800beefcea0a920b29fe51f4aff815fafdfdc10264f679fd3905
9e063c0079ff3f07770a2df89afa890cd70320f4a5f411fcc7f3cfffb5fa1106e40328ffaeffdef6a705890821fcad073dfe65066cf45c0a0709b4f3b40176fc
65fd330907044dfaa9f658f71cf75c05b8fcb4077a08a009daf694fd4bfea409aff897093cfbacf34f0165025004d6fa9508fbf79efe6b012205300908fe80fc
affbff07bafd160a37f6b7034cff100b3e0569fbfb0b55faec07b8fed7ff170028fb0ffeef08c107db0af5fd69fc670106fe55072a0997f9a9f733f92f095202
0e0407082afb92004ff7e1f418fa1bfb1e07ddf69ef4c30070044800bdfb81fc740450038ffa61f75aff3dfe07ff19011c05ae08dafafcfbe4fc9a058a0649f6
9b02ec03b7fee203a30573f6d309b8fd69fda60cd6fae7f932fa9e0333fb02fac306cff494fd63fa0af845ff58f4d0072cfa9f00bcf8340136056707acf69600
6dfce800360588029cffaff38d0b950891fe740c0102f2fa520bc6fcec02db062d068c022809f6fa5dfd09f772fd4df579f8e70616f43af4c1027f0c510c7ef7
def793fb350785005207fa01830a26016904890c86f928fd3af97400560673f73705d7040afd5ffae3ff2e0569fd9cfc0d0479fb95f345f54af6a6f4c7f61403
df0416033dfdf10ad0ffcf0550fe26fa6df506ffe80b110375082803c3f6a5001efb4c0c89f5e2082a07ccf8830c5709590a1bf6370bfd0213fc5dff020c0d06
1cff000272fd4806dafca6fd5cfd5afe290bd709c1f6e3fdd90952042900ddfc7503900912037a02600918f99203100390fdc80ac0f9dfff8d0698fa2b0b6cfa
64fe93f3f9fd29f42302250cff09800bdf059df77c0c960a550314ff6ffbd2f5d40843f60c04d0fafefb31f8790282f64cf94bf4c2fcf9020cf7f0fcdcfb02fc
0dfd5af788fe6cfb44fc3bf9520156f9a8f376fbd9fadffacdf8c4f4d20a9aff39fa8bfe7ffd2ff5a1080bfb720441034fff3ef8220189f983fd640c71f8170c
40069dfe61fca1099003a2031a08cffb77f7b9086c051ef544020e07360bec08c60902fe3afd2ef58a013b069cfdb4f552fb8e0920011bf45cffe4f98c0ca2fc
5b03ab00f3041809aef32ff83c0c580c5a0b57fd870bce069101bff935fd4cfb2cf98ff9f8050c024ff3f20aa2ff5cfe26fcdef36709dd0991f42d0a9507eefd
d1041af98401f5ff87fc4504070618fcc1ff4901380622fc8ef36e0059082cff67fdfc027702cff85af611fb9af6f40768f44ff427fdd60462f4380baf0ada01
94fc11f4fc09e20262ff65fcbcf5230beafd4afc0f06e60b440400047209d800d60404f55a015f09f7faf7f55509bcfb1c0442007ff914013b0bff0ae0f8970c
a6f73c03b1fc9bf9d501d2fa190c8bf339f9bd0735fc820149fc65fc63ff21f9f80843f4a809ddfd27f72ff52ffe51f516079af65efa51f325fd00032eff59fe
9e0056fb5c05870888080effe3f8f0035cf47c0b9606ce0241f9bb0624fdfef81d04ae0ca40403fc2efd3af57608010bd30512f8ecf3670a0b09c00a05f8a502
850bd801651457f1e90edde9d5016af9ccee3c118f130401cff25ff92d2442ebca1253fe210a8eff1c0a430e6214d1eeaff046f3b50314f500fc95fded0a65fc
4bf30d07b00c4b05780398112ff4910cb80594f0b9f778fb15082811cfdb7b06b10fb21001fab4d0cbef2016ac00170314fa94f749f6e70c1f16670693fc2407
f8fd87f92007d5fa5bfe150a8cf7a71411ff80ffcdf382005e06c5f146e79102830ec81292f55edc5df006019d08f0fbbbfba7eef3f7bb0e581b4f0a4900bbf1
9d000b011b33f2f8b5161bf6eaf0fb0aa504edfb5bf96505c701111404119cf9ae13b2f7820fdff379fc08182214bcfbb3f5a8f19100c1de82111ff21afb6e22
ec142ff376f7c9e6fbf258d8b9eddf04d7e4fa1a1b1496f5e2f1d4fabc1f4de19e05230142ec020cfaf734153b0726f670e71803540239f841f11c0d96124ee2
2809adfee906eaff910d620b9df68a12abf91a0889026d0cd9016c04faf891fef20a59011e0a04f0b3fede084915a003bd05d1024706d800d4179a05a90230f9
bb0912fb6f0b66f5b40bc1ed78fb12036bf56c0c200812fabafb2608aa15ffef230983fa1afea71176034e0fa6040300faf1bb04d0fb0ae7a9f9b70408004305
60ed4d0d8c1a460e18130718ff08b3f8501163f2ddef1e07f0ff420ae0fe74109c03d0f7250a15ed9d0483fcd9fc5dfe720e9af537efb6e9600a36ee67fdfc1e
5101ac04c01d9df91a046eee1b08f0f627e31e0663fe53ff45f74d018a1ce9e95e05f4fbd2ee3bfbb107ab1efa10a7edfe086aff13fe56e7defba8132904be00
59069dffab1fb2e2c624f2e2feeea405f3ed9107870d3d05bcfe1dfbf91f23e6350f8df53f05bf035909b808230c6efe95e74b00e50086dd4210b0fb54f2a10f
0c0d32f6c0fe1cf0d5f478f0b5f8b5f59aecdc161f103af7d1f97bfcab0419ed0908ee03d2f942fca3011005bf0f78f5f9fdb40040fe4e024efcda0bb90863f4
26f70f05831fa50d3b0309081c09bff8870829fb04fe90fa27fa4306d8fa790bcf0e1ffd75040311d302d7f3c1fbef06b8fa36e4d6f383f344f884f741f8e714
8bf68dff7305c9092ef2b80af7f7dd07ab05acf952f510f6aeffeafad8ecd80e820ab40efdf938ed5ef36003820a19f9eb04c7f35ff91f08dc0046fce801e6fd
ddf699ff46fb33eb35f526e7d7f444ff2cec860cd50c07e9fcfdadf4d20cc1f7dd0cf711d8f44cf3f4ef6a14ee11d6eb50ec07eb8701b80a42f7910a6d10ebe4
170fe8fccd05c4f35102ebf32dfbe80a0efa15156409080eaff34aff7c0916f013084cfb43ffb1018103180d440e73fbeaf6d7ffc60042f4e704d2081d041ef0
0fe06e13fff887f1620804040b0b5f02c4f060f045fe89e5d6fcb0f9e6061412fe088f0e0e15eeefdd02b607ab168bfd7510aef6210c8502ad028a096d0587f7
aff2cb041e0900eca20297fd3a0204fd2ff352fc2106c0f385f96b0c59fccc057e0d84096c061ee717f7b313db0faafb91f9ded748fdd711bd08470c760998f2
fb0956f431fc70f7abf0d1ff3ded030f06f6930836fd53f89efb44fde9efe6feae05a7084df493ed02e8560d1410ebf80bfcd8fcacff9e0dfb02bd099d02bae8
37f794fe4a1ae8f6c708a9ed92fbedee9a02b007a408c5fb6bfe79f686044df3c10d6209f102c20263016af75c0b8bfe35f2b3df7cfdccf08bfcc7efa3f39118
000f40f8d022bf0773fc22010f03c8f68e059103dfeef7fc49f391f89a0432fe7d0dfbf8b504b1fa16f4c9f8ca0dafed7308adea90f640edebf59bf213f4b716
21037b0658161ae4d42bf6f4f4f50b03f3dfe0faa408890ecafda4f475f5d5e8df1634fa220af7c40af2090ffe0ffaf535eacde76cff020e421edf19edeb4afd
1f0322ff38171febf0298ee34ce605061ae85bf8930513f6a103fff6f41183e67719b2ff67042ee3e7f5b614310e27f544e4d3fe9301b1e9b5015e01a3e9121c
c6f623fd8b28baf9ec0c7cef05e5a911380040f5bef427ef1706d6f80a04fcfcf01d190c8e0352e4abe8a20a86145df451e900dbde0063ef4e0172f33cf50e20
06f5cf0a403dd70d070efa0c16fda4fc42158df642f3ea0aa4fa850cbdfde00ee20dd4fc641280fc2204ecf8f0044105ac0788ee77f3f0df211099e3fbf36729
fdf8b000c519e1ff40eb36f953e8e3f78209e5f4b6f583f09bf823127fe775fd690e2d0e82f75adb5df5a41ac00894f14afb47fb2ff037f911fd6ff299ee3d16
7afb88faa4fe14f8bff92e0575fcccfafafcd1011a0322fcf4feaaf24c00fe072700b0fe8dff300725f77bf35f10b401d4045df453030f08b0ff74f90c0496f7
d40a7dfcc0088de892f94fede5f9e9015df8d41929127b0336f436fb7907d0f15c0bea01e005a60139feae05660c01fefaee1dfb5c00cc031f08a50b1708a0ea
21f645fe5c14e808d5ef320af1f8c108500ac7f609efbcf3d7fc79fd17f35711e509ac0579fac8f8e6f190fe3b060dfef602daef01f673fa12fe0ef860fc0609
49f41808d1136d0c0901670a00f81ef375016901b606ebfa82fce9f425d979071a0ff319040523d9cdf574f97f04b7f9c3fe78f406f4941929047dfe38f914ff
9bf03b02c817c70e95cccdfc88e57de9cc005dedf8e988f085e8e70144e6c2002f00720929d9bfdcf8ea2215c0fe6de7bd09bdf4dbe5f8f9b2e42dee76ee1a0c
1d0bb5fc2cfcf6f25d06f4f4aaf3c103dcf1c407d50bf8ffe7f5e9f9b50a3ef21d03bef84bfba6ffaff70a0751012702bcf3fa0d5c00b0fc84fa420462014efc
cfff43f762022bf86ef52d0489ff140140fcae064b019c00befba3fb90f537001804fb0280f984008ffb16fe9e0aec03f0fe46ef53feeb0524048b0169ffb7f4
d2fa0a08dcff05072415de0ef8002f0a85fb6ff72ffc04f92dfd9700c2f82413ff0839fcd10622f9d4ef5a037b09f105f8fe0ff2120099ff7cfe0e02a5fc13ff
6af2600058f489f800ef51e922fbe608efe80ff88e05d4f6dcef7ff495124000ef08530e69eaa81264f77213bc0840f9d9f073df3805defe40e306fe481204e6
7efe2af93b00b4fae7e8a1f606f322013ffc8e069efe67f47cfb2df9fdfed5fb90036e0dfff291fcb0f76907b407ddf3b9fe04027efa960389f959fe5708f3f1
0c0305023809eef32d098c063203e30a0c09340564f9e802870b93049cfb36fa5906330167f626f051ff02fdebfa07fdb904cefdd3f89cfba92a400d76039308
2f0031ffecf06bf6c8f879ece2fb8cfd45ea9d032b0d9fed6af973ffd407bffd9412be1351074cfaaef7c10e9f19eae718fb79e0b60d2d1e52f4140bc21283eb
65120106a438d7f1e71395e246094c1923eadd219f10372e5ae03cec0221ffe1d120e8fad426affa361f781e2e2392efaaf2920bb70253d27004a31024060dee
fced2bfce42257f77eecb7f702fb30fa520c0b070af85beeb200ebf17d02810d030a98076df5e4189ff542ebb10f570382fb5ad102faf4ea3c01b6eebbf60e0c
17ff3603c1331107320dfef77708f4f2fd00e7004ef958ffe7f7d201640b1cf69512d4ff4e0611fc7000c704e7fd63f79dfb06ed52f08de451fb9dfa42f83320
fffc39054a03ebf5ccfb4bf48102e8fcbff1fe000c066ef9d2f5abfc380f91f8560106fba7ef110da5feae0192fde7ff98fba0f6bdfe9ff3b2f77a06e506c7f4
a2f876027423d8eace13c4f2950625ed1df39d03b20125ffcdfa90f833178cfa1d099af0fd063101fefde0fe911452f776f910dac1fd49ed1705bcf818f6690e
aff6500ebe182e11922761165fff74012cfecaf1d9fbe20df4049400efed6f03870d94026611a6d74fff4600990879fffd05d1f861fd09002211bef752f52713
19f97bfb76063ae2b20188db5fe8c60f22f66b047906dbf087ff3ef3701274e7e1063e0907e2030dddfaf4095bf98b015bde4401b4fbcfde2efbee0321f726fa
5a04d8fa91080cdc4bf81eddebe8b5066fdb600e091786f10aed64ec770a11eb6c09ca0a9debe1f9aceed00de2055906c0d724f807feef079af70312c7035bd9
5606b9facf028dfba4fc74ff2cefcf0d40e75103a50ad4027af1cdfc6bf84cf4c1ff680105f4ccfb93f4d60d1a018b0f77f2c0130d011a006df11406790389eb
d109bff550faaeed14fbbcf260e50516e4df46074c0894f5b1f551f5fdf96cf3f1090b0b3af537e959ea4d1acb14f2ffa4edae064e04c308b6fbec1063fdbddd
1e07e7fdf20294ed3c019ffe19fa8d088afcfe0a7e04a5007cfc76f9020951f85d04abf9daf652fc41f5c1fef10442068cf8e3fb44022ffc6d0d6f0635056ef9
b2f74607d81d920aa1148303f0f921fc800d21f4fff7ebffb00167049a005302dd0d10051a07fdf2ed00fafe11fe25fc720101fef8f535ea4003f3efe9f6ca27
f7fb50f160166a062bd9b1fe69edf1060714a3016dee8df174fa6cfac2f09708b90baf0d26f486fc92f11efc100912f8ccfcaeeadef1f1faaff976f1befccf09
cafe83f6630309e93de8aff36be2620a69f559008a01c3ed18fc5df8c2e14afad80c5514aded0adec0e85f10230fd9fbc0e923f3aef78a102907e0033bf144e6
ce06bf00ae384cd94c0a03dca9fe460c46ed211d7012ad05eff80bfd7f23eae60718aefde101621860075b06e30b7f0fa0dfaae4a50062dd6d1e9c116a0447f7
8b0846f8701ba6f087fefde69202510eb8f36b0d2801380179013ffd700843e5c10678090def0e171f09abfd01f30f07c3f86006dcf90fe8c2107e184c05e2fc
79fb580f902489fd9b129403d1059ef74bfe52088110a9270cf768046ef231f61b14740456191fdf6914830a12143cfc30026bf885ffeb09d31a600bbe02fc07
88f8f5fadffd0ce709e8e7eb64e0780d4bf046fd28026eea59f603f162f1e3f7a7042d0e09e08cec3ae1660eec0098fa5ee1f3f729f9ae0ba3f73b09a7fa54de
6c1564f3eaf63feda501fee973ec980650dc5b154117daf4beee86e83a11a9ee49107002f3fb70f78ae95c0ce31794f9ffe6eaf66909c80dc2eb0b0d230be2e3
ef025afe09fe9dec6bfea7f161e69e0fe4ee69ffc30247edc4f63ef905f094f7270beb0658e973ebc5e39713a50129fb47e30afd4ff980fc3ef6db06b7efefe9
eef742f96d12fcf570f91af2f6010903e708e501b3f80ef99201affa5f0cc4f6c00eb7097dfddd076e0cd4fd430934f7a3fcf3ea6dfb9fe83103ebfa62fef212
a8f8adf637041a06bfebec141bfaa207fc02cdfc35f0cafff6fa56e50eedc00f08054f04b6f50fedd8f290f14f0d61fc9305d6f155f4520b75023cfb0effebf9
16fb5a008308a8f2421fa3fc5dff990a4deeea037509aa05a303c2fca10757f4ff0cfe01f1fdcef541fda90b7e0ba8023bf1d4e5af0343f6e0080f0a7d0173f0
77f3fd03af1820f9d703f2fd870d3207f2f8b7fab3f9c6f8e5feecf9c708ad0275098f048107fd0c94090ffdf7027704fe059bfd5afd06ef85076b0952004203
87f09e07ca2cd008f8fb3b0a80ffabfe6a1328efe2e679f5bcfcc1ff4304f1123307f9fcca040dfefaf618f6fafe1900d40978f8bef1b3e6d403b2ee09f88221
d0f8a3028ffaa0e3b5f39beed1feebf823ec5f00d407e5e73cf8e1063a0c94ffb1065c051f00cf023dfe670d8f1ae6000d0146e8050c7f07b101660ae106ecef
ebfd320acd39e8feb524a704e40f4d1136057c05d202822747f5edf897070801751a44f93a2042fe3b1383fa9413ba0a62f962deae0117e5f81b2e0185fcd80b
8cfd49fe900bfbef3c10caecfdffa80772ef0307570a0af6c1fe97eead166bf7650f61016bffff18940736f26800020c6beeddf437ff93ea7f013309bdfe8702
OFM 9 1 201088 8448 c13221f3
31f5c10c6bfa44f49cf46d072600100a8efe5bffe90afdfa8509ad057ffd0907b1fc620a14fcb20974f6f1f7ac005006a9f93cf672f39805a7faf101f8058b06
06065bf3c0fc11f7c9f4f00645f4d007960bdaf495fb4c0a640847000df7e2041c02e2f99f0bc6f4c8f4fa0320fd88fc74f8ba0cf0f3f9002e09ea0954f7bef3
49ff230089f79e0421035300b201bff711f564fa290b1a0b6bf57d034f050bf6ce0671f9430121f9a70b5cfe1cff870832027b05870a2b0025fcdd06ddf459f3
e80be4fe8c018a01e80af3077cfcf30b68fab2026bfc4d0284059105b2fdf10aeff5aff8f2ff3c02e307420ad606f4f92d0a440829f4dbf60f06aaf86efd7ef3
ff0280fe150801087e0036f349fa1d013bfe940b2402b20b0103f10030fa800ac60cd8f4fa05c103b3f46306a3059dfb2d0107fe450655f8e80633fb8003d3fd
5df9a001a9f399f508fa5b05fafd2dfbb2ffb4f94bfdda0792f5abf43d09f508960a46fb3208420cb600a305ce096b0a1bfd64f9bff4e9078207dc01660ab009
1ef9d807b7fb4208d6fd26fbc8022903eaf96cfae80523080206fc061df91aff03ffb0051704dff5defada060b0766fec509810824f4c1f871ff53016efa38fa
250b19f7bc0330fccd00b502b3fdf6f8540378fd50056c0a3106fbf384fa4df58906e0041f08c00c3b0bdcfa24fb74fc77f3280391fc14f513fc930cc40a9bf6
7a066301df0167fd6d098afb940136f4b8076f0a4d04b9fee806900a830b6803b0f32ff734024ef5a30350f94cfd79035a013c06180093f413f490fd5bf687fc
04f463087d046dfc6801abf611088100b3fb1af5f8fed603c2f419faae059bf8800ad9fb9d06c8faad0939f7e400d60a86015ff527063d037dfebbf71b06e3fb
180764fefcf6bd00580a8ef411023bfabbfad60916f657049e093efe5701fd05b00532fe2ef54a041c0b24fedc03000c9e0a7b01c3fe18fe82073f0b76023af9
1bf7310ceb09a10518ff7f0579ffd1f88a0457072df498fef4fded07030272039004daf877005106befd43fe42fb4a03eefe63f909084f06d8097604defab10c
71fc70051c00d7f5200155fa28013701fefe2ff5bbf8ba04aa07c20339f745f71403e20a08f88cfb64066af5f7f56cf60cfda8f55c08cc048d0799ff0a08f301
23fa43046804580661f8d8fcd5fc27079008d40b5408e8f37a027608390394ff8ff9c2fd4bf771f6c0089402b2ff6ff6b7fae9fce9019af39afa620aa00257f9
c50a09fdd9f8b309dd067ef4b3025cfbadf32103b001560cdcf312fe59ff33ffeafcc4f334037e080cfafdf387fd060bbff7a70775f5a4faf1f693f7030777f9
6cfa35f4dafe750773084802e5061cfc29f50e07bf00fd06cbf34afdbe0cc7087d087cfd5ffe080405f4b60a5ffb80ffb1ff52072700ca057f001b030df4ee05
6f0690ffbe008afb7d06e1f7b4f8cff814fc02fcf8f893036709380ca00b16f6690054f3d9fbdf0b01077b0895f30904fa05d106cef92efbe2f85600fe06b1fa
34f34105defd3f0206fd2e06f7f566fbcdf4ec048204cb0b4dff48fcc3f59805fa00bef979fe160a53f6f9fba1fe3a0945f31807570790f800f5ce04fa0b7302
0603abf669054108b5038c070c05830a72fa74fd2001f1015cfcb0fc5a00870b7af8890181087a01c40c8ff89df8d8f9820350f7de0bdcf337066803fdf441fb
d106c5f89e031a0bcaf5ef085ff953f7e8f9a9fa1a0184f55b07ebf97df7e901930bcbf723080e0b06fd0208c8f97103b40cb3f650f6fa0096053bfa97fc2100
10091a0b4bf99ffe39f817f42eff50f8b2023204e4fe9ffd9803b5f928fddbfd2903ab0c83fbfa064900ae06e902e00a84fdf0057d0a8605c809a20845040303
e302580c420cdef475f391fe14f6580a920c610c17fd7602c20574ff7f073af60ff7de08edf4d0063307f8f4c400faff0a00f1f94af7a7f61708eff6c9f9ef07
1cfe46fb8b000c0806f5df05eef4a2ff7b031afae200000cfdf8660163fd8c059704a9071d01f90547053effbe0b7ffcc60155fb4ff572fcf0fc6e090804aef4
f2f436fc12f74e039ffd4d03fe015103ca056ff587fa26feb00c870bcd099cff20094c0ca40cf707630a2d037efd890578fdaa050efcfb02c7f440f7280a7501
e30287046cfda6fbce08def94f0936f8d0f4a6f75cfb7906af0075f6f8fb43040004d00bac0999fb63fd17ff6af7b0fbf6f574f7c1fed90544f76ffb2201aff3
64ff55ff1c0834fcb1fbbdf5b4fa2b014ef6d9f9a90c8a006000e600e1ff5afc2f05090406060f0661fc4cf59d06fe000d046608a3085afa61fdfa004af77b09
810581f703f97b0c1302fd04300b2cffbefbca0c90f41ef6d8f586ff8204cdf599fc46f54cf4b8036ff3710aa4fc0c0953f9d6f3c2f8defc3a043a0a1ffcadf6
aa0ca5f45afe32f4d802cb09bff84af513fcdd0768fce0fcb1fe8efef1f79ff994fa1d02dcf6af099209240b300b82020208a2fd51fe6d0caf063efc89f94ffc
7406470493ff810648fbed091ff811f661f4c5f85a01bffa7d0787019e0b9004fff8f7f4f6fc8d03c9f56d070ef5c007d6fe04ffd7fd7b0c030a2efbdcf762fd
a5fc71031dfe3a00b3f4520b97008dfb780b10fd8c044603b801650322037ef869fceafb49003201a5f4bffd17fb40020f0c7c0aa9071c07cbfe3af9e006fd0b
aa030a0bb1028b0410fb42017afb51f6fff482fbaef9ab08c5faa60bfbfbaa012d07cd0937072a0424f4eb0966fa270697f65f053bfde3fd3efaaa01fe096d04
57021703eff9f20284fd4bfd33fbc402ab0c200b73fefa0340f679fc9ffd7d048507aafaf0fd86fa77086af6ccf84ffb13000600400cdd0bbe0cce0a0a08c7fa
a40498fcecf4890abc069df425f784f536fbaffc700752fdb2f5590519f994faef0ae8fe19fa95fe7c0b8e08d9f7d8f70f0024012202250c060b5f0476f9ef08
ed0bf8f5f3f904f64102caf3980a3cf958fd55f98a06a5025e0610f9b9fc75fc7c0ad1fe780c61f618fe28fc17f8fbf503ff7c02e1014c0b3702d80a980c4701
fcfe15089fff15fa6006d5fddff53df788f5a9f3b1f437f37df9f806ccf9830a89000cf6070c5a064b0bbc065bfce4f592ff6afdb2035ff568f68efc6702d003
1dfbcf018f0aa8f7dd0846f728fb95fcb1f936f987f6f10a5f0c420a91fe0dfbbd002203bef6defbb70477f97ef74b063902040994faa1f5da04c20a86f966f9
f7f54703260b3709caf86c06c0f8caf4a00c6df36802980010fd2f07e10356075c0cf8f4f9f306f6e507fe0b95083807dd014a02e2feda073406e6f9610041f9
4903b80cb2f354f6980518fccb08aef5d1f9a4fac60a87ff16f81e02a3041c03bafa95ffc10c61f3c803faf8ca0ce5fe1f09aef4800712f933ffca0b6bf61f01
5a083e013cfaf9f7bf0b990079f372f68efc35f82d05a00034fe1c033904bef77006d8f71c096102bb05e8f6a0f51c033e02aa0ac7fedef47000e202bf008703
b508ecf759fb9b024ffc49fbe2f6a3fbaa0505fcd601940c6effa9fedbfbddfa3e024c09aef45df937f3c00a0af9f7fa140581fe6b0ca2036d040cfc4efbca09
24fd59f5630b990689f65ff3a00cfc0a1dfa680345f835f9de04c7f59609ebf632f867f3a4ffbbf7c9fd4cf4310273f7b70a1e03f3f7d4fc8dfbf3094af90808
510a1dfff7fd89fa6704effce1083d074efc01f40406440bdc009202f70b62fbe4fe71f65d08a7031a0435fce4f67105310801f4a9032ef6b0f79408790ba201
b7078e0940f40d09efff06faf9036805800913f7e90205f72f07fc08e1fb6f02d9f5aaf980fbfe0770f766f43f05310625f52e0a3bf37af51503110166fe7f0b
8dfb2f038ef72000eafa000476f66d05e1f97cf569067a0b1ff40801c10635f550f30105ee05cf02ea0856ffd901b1f38a07f4f58800a4fec203cefb2c083809
b3fdeaf8b5f797f7f6f3ae0759f53e05d9fe47f5aef99909c2fcce06b607d7f676fae4f445f72e0b2407a4fb6e04f4fa15f7de0279f52df60104080318069bf3
d0ff76034b0cdc090e0cc6f9c8014d0448f8b30b8f0cbf034802a9f7310110040b0a170b95fa66fd09f408f61ff8cef85f02d9053e04b0fecefb5bfd43076ef8
c5015a0a1e0c72ff3d0b2ff7c408850a69fb30fa760834f5b0fc14f923f813fe2007cbfa15f4adf77708ecf906fc9e0857f3020cdd01bdf87ffcde02a40038f4
0c0c7ef583f91df753f70ff851f36c013cf550fa80f95ef37c0248f40e0b6605b0f6a8f52af9ca0971039ef4d0019f08abf89bfda6f483f597febafe37048ffe
a6fb62f356026501530b6308410285f50203c2f358f836fb6d01ba04630b7af325f892f7cef5b1032f079dfa43097f0a86f8e4f4a50c7002cd0112f5b1f8faf6
d5f4e8fe26fb7df46f061bf63af6540b840cf9f5d20095017d097ef591035ffe71fb23f56101c6ffdbfb3bf65106a604acffbefb82febefe88063e077e06fb05
8af58508d1019200a007f4011dfbcdfccbfc5a0b5ef4abf5b10b61fdf40ba7fb0df5ae0cb4ff7af3fc09920cd8faae0548faed02e30205fad4023401b0fb53fe
1a0b61f898f8caf329f453064c0550f70ff60bf6e4f63f098707fa0af6f955feb9f4c60cfe04ed063b03a8fa7cf79f096300fbff54f4da0163f4690b18f43a06
3903800a04fadff839f6faf4e0fc69f8e4f67b01d9f7cb062ef9070c98f811fff90a9af40b01de0a95f783086207ce05e90a0cfd57f5ef02470704f8e308baf6
a90a48ff9bff1608bbfeb804bc08d8fba50a3ff388fb7403e20b90f33af6f407d4fe5cf7f1f50502aafe10f9da075b0486057cfe2f07e2fc8e0230ff480b7002
af07d806bb0a9701c2fbab04660499ffec09a7f6c0f348f828f47cf9bbf337052b029103df040400860a56f8adfd36015ef96dfb060a52fcaf0202fcb2fe79fc
6a0a83f3b50835f770051700920c85f5aff3e30752f85ef6240927f9daf7da054af489f307ff26f6c80356fecaf7d9f3a1fbfb09fdfa3f00e0068000c6f501f7
90f5c402fafb42016cf557fabff4cff8d90a56f5370492fea8fb140857f6e9fde1f496fa6dfeb3049df73e06f5f716fa09f74cfcec06cafe9b0046fcc40859ff
3d0b43f8dcfa0ff58dfd2700ac003e09e5fe10fcc3f80fffb007aefa40f6d70425f5390783f471f405f6d800aa0135f685fcc1fa79fe2b0bc0f326feb9ff67f3
1cfce6fb09f75d00490267099700bcff36fe2dfb92016e0ce20246f478075dfe08f514f4cbfba0f8690a5a02ec071205a3fe99f95504b201130833007c0a55f6
00083bf5a4ff92f5e3fcc3f659f93c04d906ff01bef93807eefb850a22f4f50a130368f5e4080af6840533fe7402bdf7e80806f737fd3100faf46ffa4f00630b
61038a02a8091d0cc9fc6b0b9708ebfe60f8e50a96f7120aa50c28fe61f3c808b1f4b6fd44f533faecf7adf75cf466f8e4025a023f02b308c50677fe1f0a9cf6
13041bf8aa060300bdf84505b30bc1f520fb780c580bb4f46803d6fc1c0b29fce8ff6406970ce409550c2902dff743f40705eff5560a42f74cfa36fb3d08370b
2c0bdf086109e606c500a205d1f976078a017e09dd07cd026403220afafd53f9a40a1a05b20bf50652f9e1fc8ffacb0320093c06ff0bfb080ef67d01e2f444fa
83fd790278060ff693f803f4dcfcbef7f1025703500c7bf36a0ae1fa370b02fb620ac60416fbf40621fa45f369fbe5ff4bfb83f4c7fcbbf77803a4f9fc078902
ca026f017c066ffb800cc609f7069ef49609780b900122fd8a0595f722f518fd0ffee60b1b023af6dcf627fcdd0750fb33fb0702760a3ef4040c99092ff51cfb
0b00c8f3f40056f726fa000b2807da06750927fdf8f91b04280a420960f31efc280ab80a55f392fc3808b1042bf44208cbf911ff6d0b6404330a32010b014af9
c6093e0618fc4f0bf0f6080937f8dafdcbf50ef50e0a69066e05670054f7c9042006650b1202b203ad070904d709d804edf32ff4eb04ccf656fb36f427fd8c06
27f500fc44f3bef587ff8f0a5c06b2f787032403bf09a40b26051d080ff531f8eaf5650789fe1904af09be009f036a0131ffcdfe62f309028d01a60893025309
67f4c6f514f62601f1060cfd3ffdb905e4f87bf7c9f4cbf3ec0849fb4bf602f7dffdcc05d20920f68d0b07fbe1f37007fcfe71fa02f70208aafce3feb801c8f5
72067e088f066b068b0b80f8b4ff880a3d0b1afa3cfd340a4f0bce0ad7fe42046b02e1074d0bac0904063602730339f644fc770b1905ab016d03d4097508fcf7
2efb4806d70936065900830473004f06cef85207ea0331fd82f6f703fbf57dfb86fb8b06330c710796fc480616f6eb00bb0b8ff5e200f9080900e50630034207
71fe42057a08530bc3019700eb056ff577046e0b51077e049f0be7f7dd08ac0b7b032bf6f9064f065e056b038c072c0b80fa730833047afabe093c096803b2fe
eff4eef5660b070cd3fb45f3f2f69af7c7056e0c1406e808f2fd3703d70b1af8e0fe1efde8f6dc0a90f8c1fbdbf4b4f4d50b2ff8c70946007d08a1f7f008a905
f0f5acfc6cfd1b0107f4d20254fc000a40f4910a56036c00330752fa60f4d60af0f39f0695f474ff36009df3e4fe9cf3ddfcf404aff89aff7ef3b1029b09fb04
d40626fc8ff814f85306eaf765f784f353f6d3f32afabc0322fb17fa34f418f5ddfadc0531f5d0f9080ca101be0af7f902fdbd027c0cad06f903c2fd06013d03
c00339ff4f05dd06ef0a070461f8b5f5ce057d05ac07feffcc063e057bfe1605e30ab5f3a7fd39fa14ffb7f774f4b8f59e0074f504fca5f5a3065bf725f65102
3009e4f85df3d007d9ffdff77cf4a8fd4305460bbdf6a700f308850c71fd3afbe9082e092ffabb08e2035b0b3a06b9f97b068ef95bfbe006cbf3f805b10010fc
af0b01faad07a1094e045604b605dbf843f55408e60445061d0696fc0e037bfce0f9a202c1f5fbf88dfb46ff480751fe86095df904042b01e80b0e0985f67df8
7e0ad70613f547f4a403f4f83607fcf4defbd3f9cff3b7f739f84906a2f8500cf4f383072ff6c5f5b5fe94fe98fb820275fc270ce80a57093205f8fe4e038007
c001d909dd01940687f59cf846020306abf9f10270f5b7f7b20a5efdabf92df866065f01dffee70894f56af442041106b409c2031a0a22f6d70b24fae5fd9ef8
5907250b48fa9ffdb2f4e1f770f8220179ff3af75af341f453f455031af406f673fe09ff3d0107f563fcaefe51f3060847057706a40b4d047ffadc0489067eff
81f654ffb801a3f49ffce305100083080b036bf610f9e20658f9bffdef0937f3d7049cf56efccd097c0a390cf3039f085cf5a309de0a560a3ffba20874f8e6ff
a4f9880b60fcc60c1604670a94fffe0a8c08aafd60f4cf0926fbd6f6ebf965fb7df4170ca301240cd4f653fe810458019a05480737fa77f58f0c1409b606e6f5
42f4c0fb99063efc11f5c2f399f34dfe2dfc78030b08f8f45bf72f08d20365ff3ff33a02da04fa09bcfe42f579f55af9900ce30773f92d085408fc0738f94100
29f93ffa2200a3f4acf5d5fd69faf00b07fb4c0335fa72fd6bff05070b0b90f946f3d80276024b02a1f7b30afff75e08050aeaf6baf8b2fd94071ff45cf40bff
3404ac09bdfc6202790c6cfa4d0b1b068efef4fbc2f774fbf8fb120468055b03eefd5ef33c07c8012b03b2f803fb100327f9f5f84d0238f512f46af5d5fccdf9
dff58c0012fba8f398058ffe2009dfff5704a1f3760a150bef0ba8fdce03f40a8d0c23fcabf72808670193f54df5fafcfb09bd05ff0238053cfaf9f675fcb9f4
9af4110050f490f959fad50715f48202c6fbfa02b3fa6603a6faf90146f83c0765f724ff05f5470a10006c0235079afdb70a50006bf7a60964f58a010b028df6
24035c0861fbd80709ff4408de099102cc0987086e00a1f7be0b01073b0496fc7300bafc0208fbf64800f3f3f700bb0104f4b60bcaf8e701770ccc098c0855f4
4a04d3fd9b0be3047b0a69fdcf01e1f99f0392059af85905aff9eb02130817fc7c0bcafa22fe97fa74f6ccf6370507008bfde008eafa81f680f671f72cf436fc
900c72f858050a0600f6b4f72eff3c0c16f66a0249fefdf848f53efff8f3d802360306fcde0a28066efb73fa2409270976ffc10441f5e00ab20581fb5a07d5fd
d6063603ca08a302eefe16057cf454ff700250fcc7fcbd05220b49f30508090b5e0af00a9409cdf886fa8bff4ef43d03be0839fd91f73ffea80680f4b5f4f00a
4ffbacfd14f4f50427f544ff2207b30ade0a5c04990c4102760bb8f7cdfc420b93fc8a0423029c0855047002150982f56ef42407ae0710fd5df4edfb31066202
6ff94aff62f3b8f9b2f95d0b61f6dff5fb02930a810ac708a40a2602bf022f0359071b0b66ff1effe6ff9506f5f684fc7b04adf69cfca30895f6fb032cf7b0fa
0306700ac30c48fb8df87a0bf1fbfa0a0705e5f7c8ff7e0794f925083f04820c52fdd009cff426077c041a0799018f08e3069f0a51021b0069f846f66ef5a2ff
2b045af5380049f330fd46026ef879f9a50748fcc1001604f9f55bf8af02b1f38bf384fbff0bbc0b9efb68f4540c5ef54bfa9bfa30072807aef321fe2d0ad706
580687fa18fd7204090c1004e6fd85feb0f3bafabd044c043008d8f52905930002f5cffe10fed3097601490164f97bf8eafb3201e1fdb60414f5620b0fffa4f9
680554ff86fbc40485033ff9760ba905e9faca0a4204200be9ffa6fe7b024707d80a910a89001d0c1207070236f307fb92fec20ce701f20bfaf450f4b1f98f09
ad028401c0fe1afd2bf5f3fb7efc46fa4d082906fd04e4f86006c0fe6f060f0726fa96fbcb015bfead08240be4f30e0115032b0617fde7f502f841fb6af906fe
561bae009f03eb00bb11c60e5b099a0770ffe5f8f3feb40d5309f3ff5afd73fe7bf98100a600ca0cddff7f09ce034a1295005206511b77f9900278ff9006ecff
911cc917e4012516552469317c0e5e18f2ff47018afda90b88ff1e14f313370d7d00770162f5f5fe9c18a901fcff3302b001a41b38001ff8da0dbdffda14f00a
4f195113c7012105dd168f10ccff180d2c00400284028c07bb039c079efefd090cff8805c80083febc048204f0ff1306a40018030d00b8062704b51ec50ff01c
301708021901ed0eb81f02181c06eb09eafe81fcbbfe7d0d8a00f3043dfcc3039dfd9f01b1fca50940112a11f0ffe90c3802eb040e00e4fea307850d730af9ff
c827ef01f702d40b8028b92820117907d3fc57016df80901c7fd31015a049dff20fe9a09fffc42ffc9ff6002dcff5600b31fedfe320070ffc60f3514b619fcff
bf1f2a01bf00e7150828ec1feaff21073afe6a211ef9f50b7e07d40363194e1059fe49006b0b70ff96028a03c51234ff5d0137043f00b6feda09c1ff1510a8ff
7e0fb60a2f0570fff41ad310ddff86013c0557fe2afdf8fc1d08c706d406c2033dfef601dc079affaa07bf09ecffc90507049c034100f002fd02d401e900961e
75122a0bc9057f1223fd7d165f298f0dd5ffb00a4bfd6c134803230331fea909baffc10062fc170234061500f7ff310c1113770d0d00b9fe16048e0d0d162216
c9167b0033059bff4ef4e9136a089b0cedfdcc1154fe8a249d12ebff820bce0448ff560ee8049f02fc0ea300e0ff0e04f8009400e70854fcc606e9ff6300d516
170e5b018601ae0c382c4a05cfff39052ffffc0294fe8a0c0c0ed1ffb80e76092903dc03a915300cc1ff5702fe066c0ee50228086b006e0651025e0c20005801
a711d31696025d034d26e31f97ff82ff4b06eaff7a02effe62fec21e7d1729fd4dfde100b8fbbcfc6e20600ef2ff790e6904f9fe840114106208ec08cc01faff
da05e1015a016a1b0f25bc13e7024007a2fe312cedfc3ffdb510deffe10b7a2146086c009cfd9801d8ffc000be288704c0103c029c00e307470357fe1910fcff
2a0f0600640144087631c823c5ff2d0db7fd2b0593fb35ffffffcb0633ffa9fcb4feec008e057bfecfff330afeffad055803f5024d006c0ccf081018af0ff6ff
261e61019200ad17e61e551f0d109801470513fec8f8eb0e03ff050fadfb3a032cff040065fd87ff10116510f1ff1308bd033c10000006ffd101dd16f00091ff
7231ed0049029c14d938e02dd7ffa61ddd05f30a0dfc05223d060e0133115f083efcf717b1fee8fefcffe500720f23ff4400c4054a0b2cf17a0a85ffa0249eff
281cea1729001c1209231a200a0d030e83fdcb0734fe2dfa9a029615720cc6173fff59012ffba8fdf4ff27009702cbfe200cd20a1a00a0fcfe077c09680ff6ff
000c5a000903ea13433afd2df20fa6027ffdfe0f80fb2af7ea0ba514d0057a071b12ac0005f6cafef9ffd204f6ff82ff06056b09da0080ffb611f9ff7d0bcaff
e8ffee1d8600ec098f160620c4fff8fffd0352170605b7fdd402561c33116d0615090a00f6f6f6fc991f1300e6fff60517048300b2000a0e3f0f9cfc3b025f0a
351d1d0a6b02850fae0fc420d0ffee0a13ff331a59fbb01a1818b50878018d123cffae01a3fcd1ffbfffdb00f9ff56ffb0011c124500dcf9440afafd1a0c96ff
b21d6f0fc1009f104716d624571157117cfc812925fa3affed0e6d0ad807f30b6cfda20653f921fedeff91094c12f5fe340ead0617047df9e5044ffc7a21b6ff
540cbc000804321b86454015d0077407b90a81ffd5fb22fb1c03ef0772ff42fdfc0a6c00721fe206680c9e0b6927c1073c00910b6600680bb804e9250616b404
560fb001a9056700e80f7814231c300442fc18fa01fbebfc49ff3907a9ff75fd430cf402a2fda402f6ffa208b1ff5209e00267ff73003509ab02a6ff3e070e21
d80e0f016a01e7084d0e0916b100a2ffbbfe76100a00b8fbd21b92022a0e3e059b098b00d1fd4ffff805f006fdff3b0410008ffe660060068f09791040009004
981a3001c900350c6518e81c242a5409e3fce30b87f866fd1e13aa127104dc061a0bc90449fce7ffe81e1b12e2ff6bff4f023e11aa00c4fcbb002fff6a20cd09
e90444000c09c9077925231cb00fcefffeffe6feb1fc19fba800b90e8efe76fcc8fd0b02490e3e059f166d0ee9ffcd0aaa04960047002d0d1b04750c5a027402
5522e80bfc00e018d641ef2612001c03a1fe810c47fc8d0350ffce147017471761feda28e6fb95fe122baf0147044bfef91156072a00e8fbcf06d420b802eeff
251e861ec90088067d466e2b66ffa910c206d4fc24fc1f0dfa01381c25ff8cffba054900cffe39fe98098902e1ffc2ffc805640f79008a05830e9d1b2216a917
370d37018104c802a22c851564fffeff36ffbff913feb6fcfaffd700ae0f35ffc6026d12e3057bfe86054105ccff7908d903e2feb8005312910aca1a6b01dc04
a6174124a900bf003415c31aaaffbdffa7fe23f84afff7fe601314184e1707ff8e0b54011efcc0fdad177905ceffe2085f07df098600e3fcf302ee037601eaff
522200072c00630ffc3347299d139e05c4fd4d0863f646fa49fddb13670dddfffbfa200f6d0102ff720a310bfdffe4007617c40857028dfed00c2f10cf0ad0ff
8a1d4000da008c1596169a1815048d0a4c14e906bdfd881ee3fed4074b1f710e36105c0637fa69ffda061205d9ffaf06330682064b00a3fd8f0bf510ca00b3ff
c91e300149004a156832bd1fceff550f19098c0db1fa79104a06b10bd511210fa20a8400680239ffb8061a06f9ffb5ffb100ab06750054003d0d60142205fc06
d70fd20421022d0fc331b825f90fb5ffb10770ff09fd59f9f8fa14182b169dfe8affd10b77f83cff9821c905ecffaf0de304d201760052069204b1ff5b05efff
OFM 10 1 48192 16640 c5f43393
04fb6dfd1bf8bbff51fc70fe65036400f80585fa0bf66f0472f7ea008ef7dc0650037309befa4a05ccfd97fb3606c4ffa7f5c9f67609b80416fbf708b4f8c0f9
7d06ba04fa06b7fb07fb3e00c807ba01c0f5e1014906d7fe77013afa020049f83effa00603071e00ca09e0fa9af8c5fc65fd9806e9f8a9fadff890050e00a3fa
39fe50ffc805a70363f811f6a604bc0698083ff92807acf62b0186f877f981ff60079afc5bfc5301a3fa59f8e2013dfcb8fd51f6020acc05a803f700e107abfb
4afa92037df7c1fb39fd36024effebf6f6004af968ff87fdeafe46ff3a0109f825fbf0f64a09080ab1fab2f825fa9bf8e109dbfa40f662fc2809f5ff13f6a5f6
00f6fffdd90952036ff6100888073504f103cb02b6036406d3011d003a022cf8fa085e06fbf50005f4f9e9f891092e093b0a5ff693fc65f8abfd430833faaf09
7c0260fd6205e2f9b506390724fe8b0037fd6d060e055a0051fba6f73bf7c20964fc0b05a900eaf970fc16fa2409b4f96ff77ffdfcfe49fad20403017e073b09
4df627fbdc027ef85c05bb096cf976fa0d0a5a02d80574fe900623f8ebf6a607a7f63e02dcfe54fbdff977063700440a54f66209de0942fb40f6f5050e066af6
b207a706990912fc6c03ba088102ba02bf0652063604d006bf01d1ffdc0102fabc04e4fd3000a8fc7800dd0272022f013405fdfd29f8cdf7bef7290667f95c0a
f9063afab0085801eefa30f9360628fe69004f076bffd6fcc104b5fb0a0208f6c6fe17040bf8e7fddbfd2dfea5019a0675fb17fc2ff611016cfc8cfb8bff9400
42f750f7fdfbf7f88302bdf7acf95405c1fa6c08aa07f7fe110127fa72f963fbe100cc073c07acf8f5fca4fe6a043100110470fd76f83b03c2081c0653fe0804
1cf9d70837040bf928ffb7fa62fe6e0894fb0b00250aebff0df6d4fdbdf7b3fae9f5e2fe2dff480717fcce08c2f93f07d1081509df070ffcc5fcdbfa2e007e01
4c07c5f8e503e406f9038b09bcf5a807c1ff8d055203c1f56bff8afa1ff94c087d0531f77f08befb44fb41fe01fdbb05ba0352fa31fa480879fe22f812ff2308
4fffb6fcf400dd004001c90072043b0aee060afcf0090af7f5058efc03fa64f753f87609d2ff5ffa56fa05f9a7f96505cafd51f810082cfbe2fedff86afdb8fd
bbf7e104200331027106f4f668fec5f594028cffd1054701f4f53b0a0105720436fea5063af785fef2068f005007aafc1efbd6f9defc1f0279feb9f6c2fd57ff
bc04cc07dcff20002f04c5f63d097101190421fd370408fcd7fdb0fbc6fd4efb810278fd53040e0a50f647f7500251f6540374021b004a042f019af65601fb06
91fdc7018f0130011df782fcbf04a0fe9a09350892fda7f81c011dfc7902790405f72ef60efc14f7cf082104e3f953f9a0fcc307df0291f7b906350085049509
aaf8cbfa07040b0679fa53fea6f71bfeaaf967052f02e205a909e309e609d40631feb2f98bfbd6fb250aac0542064a06be04f8f7ee032c0047fc6106e2fb0702
ff0606063f06e9022f01b5f5ca07550256fc6804cff716f616052f097205b4f62d022802b0fca8f777fa0c090803a7f745ffce0646fcbcf7f3f953fef3fd8e04
ee07a304bd088209aff57a04eff85afe2a06bc0098fc2af86e02600708009b04d70987fc7b097e016a03ab0067062c04c100d60883ff0ef75107e2f54902ebf7
c409f7068dfdc6f5a505a606e3f805f779f6ea00c003c1fcba0203f9c6fce8fc0800230a1b06e608fdfa9ef79ff9f7f615fc80f72e0677f77208870272feeb01
b3041f079bfdbfff60fdfcf941fbc7fd5c0108f8a9023805bb0550fdf1f6abf8500714fb02fbd6086206e1f9c0faff05d808e9f5d80053fb60f96501d4f6efff
b7f71efe8b0300fb4304baffe8f7eb0823038604020033fc700728ff06fbe6fc3df911f6cafea4056cfec6fcff023606ea09c700340633fa28045dfcc8023508
2a0554f82705dff887f7da029bf89d042308fef5910341f60f032d051ef6ad017afe6b0252ff96fa61044f01d709ca0343fc5b0949011ef6f901a904f805c005
02fdb9fd6f098409f6ff9308800370fa9dfbd800d3fec200d4fee608f7064306b2ff60ff5007390810075506eff928fccdf683040a0a04079804d00738f60c08
fe04d2fd71002ffe59fb1d07a904fbfcc8072dfcb4f612043a038300bffa0b0430007f056400ebfbfafa9805aefb6bf968ffa7fd49f6f5feed017ef998056a05
c5fa2df999f7c700e501140469007a0981035a06ef099b0468fcdd08a504ea04d9f763f7880400ff5afa6001b2f935fe94014408d2fc3d00d8004e046a07a7f7
94fb3ffb9efe880261fb7ffdd4f64c065c09e7fb52f7f10626094905d90859f790031dfc4408af06ebf6280a5f092607b50563085008aa0839000ff9f30416fa
81fabcffd2f78ff906057102fe03dffbcc07f4fed1fd2afa48fc40ff500563fee1fadcfccefbc803b4009cfe9afe71fe23f9ddfa6a0794035802a7091cfd62fe
880064fdce00f2031704ff003cfadcfe53f685fc51fb14043c08bff9a606cbf5b1fc31010ffaa509ba04af0865f742fdf8f9f20568fb800678f6aa092ffee908
cc08930525fffe0068f622019fff3801f5fb87054a0a7e06140822f834ff3602930479f65c021ffae9046309c6051efb6f053a0045ff2208d801ecfd0bf9c5f5
ebfa9804ccfb46fa9cffbe06c505e3f996f8e7f80ff79b015ffb9cffd8028efa08f8bcf77a024608bf04580419fedc023902ff04e5040f09cf029802a3f646fd
eafded08c0f556f912f84d020c060d054fff8ffae5007204ba06830543fea7036dff66fa1efea502e20041f84fff22fdcff80b091807a207d1083dfd17fb6bf7
690594fcf1068df73cf90eff92f895fbd803a00847f8fef7d1f855fdc9054b01ddf74f05200263f67a02e1084ef961058f00e0f5c1fa21f8030a65fba8fd7203
1ff985f695fab107ef095dfe8cf87f0849f701006a0416053b07b8f9defb00f72b04910893fdc8fba2094a0140064f065ffc22f62df772fb6802b0019cf7cd01
2802b2077c073af6f702ebf864ff7603f40354096e0848020c0028f86902ed05360728fc29031cfdd802acf505ffbdfe2001aaf60a0968fe00f7d9ffcdfc9409
a8fc2ffe30f97cf798ff2cfe99feccf73706590008fa8a083a04fdf9650146089e084209dcff25f70afcbe054a0146f9d0f626fb66065703a7f672064701c1f7
3cffaa09fb017b076202130632084208840814f8befc91f8270080ff95fce9fd5ef93f067b00b8f9cffeb705aa02ad05b4f71e09fdfab60768f731fbf408d3f5
54021001c0074efc8601dffbe9fe4d014a02c1f72cff800652f84806daf756f798ff6009fb05cefa0c093b0896feb8f5c705abffd506a4f75af6edff7206d403
b3f57f09090a0f0740faf9fc67fcc6fa020565fc7906b9fac9f99308ebf644065e07bdfce9f9dc003f081f03d9fd00031002c7fe42002c01a6019eff5301c601
bcff42fdf1f89bfd96f933085706b4fd0e012a08c7f943029ef728fcb200810377055100f9f975ffb5fb4704ef098b02d50562fd4df92df71bfa39fb57f73403
5c03a5fd820863fa6efba70589ff980274fbb3f9def5d0f643fc4306b60149fbc9f6adfa59ff28fe6afc56f84704fafdc7f9a10601f83004b0f7b5fd4f00c6fb
20fb28fc2dfef9074f004afb34fa590328005006cbf69d05cb02cef91af981f9b5f8e0fdef05dd0074f7b0fe53fe1d025b04daf5290756f87e04f008ee05b6fa
9906b2008f028efbe4f573088ffeb0f941031cf8f90836fd13fd93f786fc7f04aa048efb1909d7fad3fea5f86e0573fc5a061d065cf73afce704c50359075c04
7500d1083005c8f76ef9b9ffbf077d0799fdb703acf9e3095cfbd1f58c05320528fe24fb08fd3efa3cf882021d0562f8b1003e06be05d8067702f3fa06fdf007
2d03d1f8d6048dff1bf916fea308cbffd002daf648ff6109e2f54f084a03d0fae8071e041007c5fc20fefeffa4fe6e05bdf9e3fc6d02b2071bf858f8cef605ff
faf696f64ffa2e06bdfd8dfd360286fd6ff7a707b509b6f74a0645fc220aa3fbe40684095bfceb00e0f5dff6eff76309ef0568f9dbfcf3003ff889ffa8f665fc
90feb9079ef79dfd6efb34fa0704f6fdb0f7cefa8702de00e1042e00620956006d00b1ff94fe10fadcf66cfb8003e70757ffb404f7f960fea3f8a3089b081009
5bf63b05280844064a09df09a00216f80ff876fc170153f61901a504d00824f724f91c054f0402ff0b08b50196f6f10780fe64ff20010703a6fffd0173fa6cfe
20fdbcf586f737023f03530747fe80fd83032bf8980261ffc5ffe50855ffacfd48fc37fd0fff0307a3fc0e076901060599fe22f64003dd031cf823075b08b4f7
b107240ab101e4f6dcfff1fc23fda70962f6acfb23f6a902d10873ff00f61ffabcff3ef721075afc3cff590875ffc0fb47018afa51fde8070305eef51f06a302
6d005008f2009c098ff6f0f529f9bbfde7f73308ddf72ff90806de094ffb1ef7e904ea07e1073d0448036e04eafc9701a1f62cfddefc2a080200a50605f6d507
05fddaf5dc03f002b6f97f02980616fd5cf8c7fb2cfcf8f5e7f5910683f8d609d2f5bafeb407270a92f6e400d8fc61fde3088dfe1c0231fe240906f6d5fa6df7
2d005c00a6f6f0030b0491083b0586f631fcc9fb03f6fd00faf7bb03e1fbd3ff04f640f7f5fc470acdf768f69507e0f7e8fe7400d7fe8a013203b703e3040f01
74f96b072d0aee064a005efb17fc98022efce000480642ffdd024c08e3ff45f834092a09c306f509ebf7410a29ffeefa8cfcfffbd0047b02befad6f7c70886fc
210af5083605be0225066707a007d5f6ea046f0917fe90f64dfd0df79d038b03390753031209a707ecfd1a043af8c6fe83fcee09c1fb9803cef6650185f6a606
8f0653078904eaf579fcad0045faf5f89ffaf104b3086e05f2001c04a7f89c0186088c09730267f8e9fe74ffe606de09e10209f9e8f74d0a86029101140402fb
3cf6f3fb79fcd8fdc1f7fff95bfd55ff70057af84d0292fad6f9d909b3f538037ef63cf871fd9a04b0fbb0fc7902d2fe1a042e061208d2fbee05580a0ff91cfb
fcf6a7f564f64dfdcf043a045ffb8509d307faf681091d0122f6cb077607f0f636fe050427f88a07f9f9c9febffd990713fa50fa2bfbdbf61406b8f8bc062201
e9006e0892fd9002fe074c08a3fe520510ff39feadf6f9f656f694f97df847f923fe61066805230187004e0350047cf9c2035ffff3025907a0fe0ffe12f88b07
20094002cd008703aeff69fd7cfa1bf9f008b7ffe8fe99f784084809560afe06f0f9b9fdc2f9ca05b6f5f309aff534fb7b04940508fa1af847f899fff0049cff
c3fe38fa0b008d02ea01c20591fac70409f9e0fe16f9a100ea09caf8d0fbcd085cff32053dfd93fd08f744fd3707effc21fe590741f91ff7c9f74fffff06a105
260a96061308b909d50645f7fd054afb90017f0275fb34f8daf571ff79fcaa0657fa2f0a1c0862f90ef858015e05f9fac9fe950661fea7f975fcd2fe8605290a
a00025ffd2f720fa20ff58027701b604900918fb030417fc370aa0fdedfcba0502f65d070ffe05fb28fd440489f767fde107cdf890089b0201f80d073e032505
08fc2903120084fa23f9f9fa45f8ec09d0fc3c0880fde604d7feb809730997097300c9fe23fd92f8a007b6fc8ef6be00e3f7c0060df7ebfc9600f2fef7fbdb06
290074f6be009504c0f94700f0f99bffcf0117fb3e02600481066c0202fdccf602f7c1fa34ff38f6510435f89ef8c50927fd02f66f024efb5b000cf81ff6bef5
72fb57fb9000470a47fe6e04b2fda001e2fe930991f6f1069507ecf9f204befef005b60767f66608da0329055df7da083bf9f000e7f512fcb2043c0651009d06
f108ca0176f67b0416fc4a09eef9470145f65affdcf9550a1308b3fe8d066bfae1f79b00f004c1fef708c5fac7065ffa45f636031305a3fbf0fb95fde6fec7fb
6e058a02c6032205ce0087036a033b09f2f658fb56f8bafad1ff2bf73c01fcfdbcf52803eefe6df9e3f974f762089c09d006420116f925f7f70706fee0051ffe
d70107fad8008efb89f8d606c8070b00a7f89affb6fde1f92ef6d0f94cf76903dbfb440489f84d01a505300568fdda037a03affe4205b3ff2ffe6bfc3008c200
cef9cf0747065c07be0030ff20f8f706e204bcfea2f54106fc024f0971049a0035074af8ddfeabf75a02d8fb1405b0f91a00df093d0023f723090c024303d0fd
12f7ab09560a51032ff691f885f678fd9704d50840f6c4f7420661fb6cf9370adcf63cfd0ffe070886fde0062bf60a0a61007f054dff9802520478f923f94306
36faab06acf97dfa48fdd1fd32fa920693fdb504bafe0102e204c6fc1af9fb0452fb37014efeff081cf9bd0275064efc86013500ccf6090a08fdd50828006a09
21f97f0551025df882faf0fa19f6bff7d6f975fd00f6e409b8f5ff06a9fb7706920105f850047efe0504f90674f6b6fbf1fea80692054500dbfff109d1fe0b04
6506cf0217021ffc93f86303fb05080604fca8fbd0fad5f67b011afec4f604f92402caf78408120aea06bbfedbfc52fe68f85ff818fddf019efede09a1f763f8
df01cdffc6feea05e709780254f91af9b1ff5bfb85fe770742fd82ff56f83406c602dcfed0fe9c0343fa5e029004bef568f6130885f90101b2004ffe45f71008
e7049e02faf6d003e4044009a107ebfb92fa850433085906b0f83104f8f8840002fd2bfa99f814071efbf0f6f80730f65003f10810088604080713087af89b03
acfed2f796f95403c7091404370a6bfde4fea0ff31fdf700acf5f40554089ff9fb09f8f65103a9f82c09bcfb6400ec0020020afed507e7f98206670570f88801
530a2104be06b5032c024cf783078605faf8a7032c058e05fdfc9dfe3306c30230f8e909b800ddfd6ffce00755070809d2fa49fd0f097dfa8af916fbb9fa0307
fdf79cff64025707d808e70209faebfc57fe70fc8e044706d3fba8058f035dffa5f9050112f770fae408c8fe9200f101710398015e0ac4089804d403e5f64804
a7fba7f5cefdb5fec0087bff3b019bfcf204fdfe00f7c4f976016f0980f6a5f62e060af951057df6abfbca00070961f8c906e5f972ffc80156015b0ac6f93906
5a090d0a5bfc56016401d901e8fa33f79900790147051f0518fe32015d087904c0faf8fbfeffb5f6480008006df623fe78ff0a07e8fcc6ff0b0a70087501e4fa
51fcb6f6abf52006aff7b3f662fbed0235f7c305d906c701cb0070024808cc08be023c087df90d05bdfc80f626057a0452f84f093904b60382f9ed02430227fa
7909dbfca9ffe5f66ef6acf6840816fabdf96304c2f65afeaf02d7fc4ffe7206fb03c101e902140a01fd8efc0b0294037e06e1ffff040afb59fdcefbbffc7a01
6cf984f82cfbe20863fad2ffc505830538040b081f00d902f500c806cdf783043b0678f7b5fcd7ff3dfd0afffe00bf06a707c8f649f65ffab0fae4fddcff76f7
c009b708e6fc2505aa016900c6f513fefefa33fd190688fa79fdeffb200541049df7280047037cfbbb0471fffa062202ecff43004bffa005caffbdf596095efe
5d068dfa70fec4f8c6fbe607cf06f3075006990870fb5efaf5fb25006903b60147ffa7fb96f85600aa06bf063100c8f7b9fcd501a8f5030a62001d088c0980fa
08081c02e9025903e8fe5bf8f2f951006dfc58fb3c07ecf863f887023b0a56f718097e07c5f5db011bfdef031df997fe7d07b9fd12f90dfebb05ce00e8fe39f9
e8fbfbf7c7f6bafed90756f82cfbc2fea9f916f7abfdd50168fbceff560500fd60fd4fff0ffaccf8e804cf016b02d1fce8fb23061f0932fb9a07a304f0fa8ff9
280312022806d902550aec016f090f0093f9cc067ef8720635038704a103c5f6ca08b4f8330765082ff66105f602a2fb0305e3f97604d8042afadbfafa06dbfa
8407a7fc68fe420106079bff0cfbbcf888fba1f69d0153fe0004d3007af809f7a8fb76f75ffafafa080426fcbcf823fb0707e6fcc1f5bbfc4e00ac010efb79fe
2d04d6fb90f8cd0147052ff7bb0779f8b207dc016c024d05e60945f82cf938050e058efb77010af926fcf4f867097b0226fbbe00eaf9d507a80892f723026905
cf0649f8e5f880f6d2fa8f07a7f9040a4606defe64011109a603d2f9a1fcdffad2f75906ebf57a022ef6320a7e045b00bcfb5d0660f71d0973f851f66efd8cfe
8dff00097001c902fa00e901ff06c6fc7b06bc0074fa7f0060ffa502080729ffe400a3f730f69d078ff8c2fd8afa7dfec2fcc5013ffc8efd42ff6afc52ff25fe
c601acfa84f879012afa6c0635ffa3f7bcfaa3ff17f9760655037e0627fe9606c0fd79f8c1fa4803d803950969034a04d302c5fb55f8ec00a7066d01d3ff4409
960063097cfb3df95ef6c0fcd7093a0622fab502fdfc29ff07fedef65000170a3dfc79fbbbf6c4fb3803cafb4d083d01cb011aff57ffa506d6f8d3fc2df70df8
0b03c302c40309f6d802370a3c083f067608a1f64bfc0d096e01030a62040af97ff742fbc9f8c4f80fff3b054b0358055d096efd11fea001b903940409ffa902
5404b2052c0303f859024b0453056b0182ffb707cdf9fe0265fcb30204054203040986066801e9f7340a82058efe4f021b01e7f6f2071505dc07470a5a08b909
160241f830f9c5027705f203b9019bfcd8fa87fb64fbb0f7d90931f6d9f6e4ff37098d02ad029a029a052bfb7c0328fe17f71708daf667f88c06bb02c704fe04
5cfdddfce2fccaffa5023cff29f89d063f0123fb0108c0f6b4fa80fdf003380338faf8ff9202b2f83c028afd2b06f104e8f92b01ecfbcc02eafde4f6100917fd
5df96c0005ff7e008ffd1bf8a3f89d095b02c304c1080afe5af83005a406cb03ac07ecfd7c0553feb8f9a8fbfe0683fd870935ff5404d9f7e209dc0358042ffb
a00028005efb5e097ff6eefca5048e038303f0f939fd49fd2706980483f6f2fbb0088808dffb6500affcfa037a076f0983041305fdfe09fc4001580241fca606
510521fbcefa93fbd9f6a0080bfa40fb72f73afdc1f8b3fd9ff957fe290574f79e003d0816fb88f9c307ad09d0fbf903bef76e080ff7b603e802ceff68061ffb
dbfba304dd00fffd1301c0f69f0955069a00e6092cfcd7005ff68dfd5800db00adff1ffceb0912fc4c04edf9e5fa5cf91bf646fd95fc60fe25f8dcff94082903
fffb4afad0025e04fffad8f90afab3f7310296fb7f066203da03fb0044ff13fa960161003208faf69802980281f758fdebfc850649fdc7fa3409e3feb4f71406
9804c4055300bcf5e801c9f7d40650fbbdf60afa6e096100260935068effb705c80893fff904120073fd8805ad046a08d4fa21f946f8c00529fe8804d7f92803
45f879f9d205180580f641fba6f7fe036f0934fa3afd28f9e7f69508be00f503d4043af7cdf6890552f637f90b06a604d10279f6ad0539092f06a5fdd6f9f805
36fa9c0141f75d062ffe65fa300131ffd6073a01edfbc60027024407cefb23f961043203d6f96e0803fb74fa4dff4df87f0465fba3086d0600fa69fb69068e02
0009e0078afacffcb2f6a70768fc96078607de0556f81b02a5fcad022cf6b504bbfa41f601fc870657fa9d095c0166087206a0fe08097b05ad02310951f6b309
6a09f402b5ff09f6c20106f942f739fc38fda509d0004ef6f3fcd50374f851060b035004ca089e02ebff21fe50faa605a807be074bfc8d01b6ffa6fc90f9cbf9
52f743045ef6d7082df87e076902cefa35f7bd04ebfb54ffa40979f804f7a7060dffdcfd62fb59fdaffc1bfc1ef6dff7acf656f95ffc02fad9fac6072d008604
4600cf02f10646fd59f9dc03c8f84d0abefdd507a7f77607e2086a050308e6f89007b30870fb0f09b9014f01f20499054ffee50198068807b0f8cff566fbd6ff
6009c00050f84ef752095df82309ef0950fae8054c0789fa38f6670919fe9c08220190f6cd01df07fb09d5f9000569f897078ffeff03a400f2f6320428f8e006
400563f91704acfc1007d2f602f81805210851f76ffcedf732f71b00ecf8f9fdeafaadfe4b01d308eff8f0fd17fedcff64f75cfa0cf87ff91effd109540ab7f5
9df9ff05cafdca0606fcbb02f8f5df09defb5603f30534f73701e604f2084b03aff6a201b4085ff63e0264fd96fa34ffd4fa450113f89c01bd07710891066000
1e0ada02c6007bf9d603c6ff0bf9820497fe6ef6440aa7fcfc006a0670fb0305c30626f71004e5fbcb0746fdb00814faf2fa0f014e05dbfa9100cef720ff33f7
05f648092c0a5d0a94057e0730f8fc09fcf703fd65067a00f003a30073f6b602a2fb0cfbdaf72dfc1607a4fa1dfb95feca0924fe20f618ffcdf84601140338fe
9d08cefbddfc6cfc57fc03f645054400b106a9fbe0fe5ef86505f3fffa074002bb034d074307d7fae3ff110a25ff91f819003e049503f5fcb8f5ef090302b205
7707a8fd2dfb46fc32fd8305cf00b508920165f8f60782fd35fe64ffc0fde00394faf305480741fa9efab8ffcf028bf6f900e5f7f4f937f8a0fc6ff8bffdb302
6308a4ff4f00edfc89f634fe60fe38f82f0597fa1304c70995fc48facc083e00420520fed5fe3b0002f7c8fc5df909024af70cfa8ffbee0361f6b0fa63fbfc04
3a0981fda404f5f61f07a3f5f0f5d3fd8407f509470157ff9307da08b3f9c5f91cf7f709d5070ef9f4fa11f9eb020ffc6b03e0f719090c0ab4f856f92d04bcfa
aaf859fe78fe9a00e8f75bf7e7fbe101940372fb3b0950ffb1ff04088909230a3a00b2fc42fabbf6a205bc02f2ff6bf813fd8e037b010efb0bfa69f8e3f74306
3f05f8fd34fcdcf52bfe9f09b9fe21fb68073e0118f7c1fa2bfbf9025cfed3fda4fb22fc67feecf6c9f59afb0b00dff6b30896073b0820fba6081ff719ffc2f9
5efe0afb68fd36f8a3f918fe5e0171fec906840755f834f8ed016efdd7045bfad103cdf718fafffee8fb44fb77fa8203bf081af96bf87603230adef7c80954f7
ce07d5fe04fde309bbf57109defef9fa73091cfc9309840778005f08a7ffc3ffe00196fbb1ff5af67afa77ffdcf6480032ff2600cd02d7060b0a9302befe4209
8b044c06c1ff2ffac00856fa9cf6480ae600cfff78f64404dd04e40587fff0ff3cf610fafc07b9f798f98d00bc05260a8002b8fd9ef71dfc7df646ff34041102
37058405cf08290a1efc74f889fc93003f05fb040303ebffcbf5d80098fbb9029af769f955080c06b3040ef78804700802f9d405af0364fda7f66afd5802ba03
870266f630fbeeff2209feff50fe0afbc2fe31f7dbfb88063b07ba03e4fad902b807a5076ef933fda406240187fb8cfcb4011301cafd43fbf30430fd2903a9fa
ca02e703530624f6d304cef99d03aa08a3fb58f671f625f984fbc2fdef01c9071c03da051efc22fef1f67dff4e066a020a049508280a6bfaf004a908e4fae105
10077dfab0ff89f8e9f7f60042f61701cbf50dfe77fa77ff0b003c000a0922f6c008f3f574060d047f052d00ff0232f7d1fc4ef79ef7b5f92001aa00befdce03
d8ff9705b504fd067108c9ff550ac6fbbaf80ef848fd3a023f00cef87afd5aff8403b5087ffa4d034b059cf8d40483fa47014d043f05cbfea40652ffdffa5301
a4034ef88d06040af9fbf9f68103480ac9012108380981fcf1fd2906e9f645f9d9f5f2065007b60206fcb0f8e9073100b2fdbff76e01cf060602f5fdfcfe4cff
210944031001e108a201cc015100a90707f94dfd66032a09fbfe63062601060179f856ff4e01f8f5ddfba2fa7af9480a670873fc3e008ef9f1058d07ecfdfe08
c4072cfca30817f716089ffc41fb33fa4ff7d8031afd690346fee20877f9eb064b04daff750284f623030afd3cf799043cfd120839fb21fabdf7d109cafca507
2303cb04b6f8e8027b0981f77ffb2609d805b6057902810510f770f620fed007c8fc05fb3f06f7fd28f935f9d2035afbc408970078029008590988f601fa0806
eaf9d4ff3df67c07ceff71ff74ff4ffdc2056209dd097aff9ff932040efadcfe6d026d0174fb1af7dc05f906a10914f7ef0989fb400576f8b5027e01cef9340a
3a041efb0f053e0357f95b0ac306dc09c50501fc4bf7c0fd7dfcd2f6d5f6e90243071802affcd5f5e9fe1009bf091b07a00249fe6afae3060a0863fb140abbfc
10096202ddf6fe0426fb0a030d0106f792ffe8fbd103aafe3df99201edf5d60053ffb3fce8fb2304cc07a9f8df03d5f7f0fc660837084efb7ffb39fbb202fb00
9bfaa501acf5aff618f87207e9fb7308ffffbff80807ec030702a0ff63f6be0086fb3106580004fc4108e0010ffd3e05270543fb91f7070283f9d800af0751f8
fef647f9f9fd7cfb42f699063b09880304060df61bfd1af64000580239056ffe4df699fca6037b06cdfddef8000272f769078c0579fc1eff870827f943ff84fe
bb06d5013d03230486ff0f00c40089f7abfa33fe28f94b07320101f946094607affaec06850901f933fb13fe86f617fdb6fdb2fc00fcea07c8086c0805fe50ff
2cfce2f523fb59f988049403c9f557f867093e0873f9190712031d05e8fdf9f906003cf6f4fee6fcc8f9d2f7740274fb28f99b037c079d03b6041f01ecfd6cfc
a8fb58ff6000dcf5fafc640966087a06bb0555011805a7f8b5f73a01510460f6b9fa4af96a09f707aff6630995023cf740021c021f060305e409faf8c809c704
4e01c90756fa27f98c030d04580220010b010afa2a0767fe1cff45f61c068bfc8009bc03cf07e0f75b0144fd9bfc10f690039dfe20fb2c07430a72ff3305c100
8c08f4fdabffe1fbbcf669f6790681fb8a013d09500a6af8d0033a0287023f06f308890871f838fdf1f712f702fb1c090ef918030303020356ff6206e5075007
8008a2fd0c08ba020c035bfc91090f0798fdb8f592f7affe26fe9402abfb2e09b600d006f9fedffd67f9ac02ecf8590a55fc76f98ffd3efc1a02d30701fb8907
6dff5ef9d1082b030e0123f864fee5fb4ff77ffb11fa1b0a03f636fbaaf75bfd8a07a607a8062bfa91fc95ff21fb18f99d0809fd2803dbfacf09f203120485f8
450a3900ad0908ffc8095bf6790991fc75fba4ffb4fa500a5906e209ed07d30139fddafab606a7fccafa4afd31fc40fc2b04e90352f77605e20524ffe108bb05
cffde9fddaf7f908daf89cfef600a8feb00445fdcbff95f82b0870fe9704e3051400070185fe5d03e4ff21074af9e4034bfc7ffad7ff23f85cfb750153fe1f09
800437f602fd870077f8cbffe6f760f610f8ae0499fd7cf755092006f3f5bef5f701f5fd22093efbd2f745f9e6fe0206f7031a01e2041c01b70573085401e2ff
690663f7acf74ef746f68f048208ed0196072209c607dafc51fda203b7ff1d021005baf727f685f9dbfd930277ff71f7390a1d02d5fb5afa44017f01b2f76008
8efd6202bd03c8066ffa47ff5804dbfce2086304defffa022903530a81fd580678fa88f6ff06e3fa2a0a59f7e0fb20f9580045f980f607fe71fd8909a607e1fb
97054af946fd9d08010a68f606fc62faa10013fe4df683ff06088f008a09fb05c9f869044f04150516f8b1fc77099df9eafe1bfcb0f84508b20480fa410a8f05
40f96c07e0fdc604ab053bfd37fa16fa4bfa37fdbb01b30517fdcbf7bf02da0056fa1004fd018afb40075407490219fa1dfd35fa99071c04a1fb9401de07d6f5
6df9b7083a0abf04acf5b600e8febbfa2a0482f6dcfe2ffd85f8d8044a0560f9a7041006d2f96506e50079069ffc38f7150501ff3205d1019c01f703c7055903
ebf9acfd3008edfaff07f6fd5503dbf79ffc8c09860042045909fef5f702befa5afc55045802ad03bafb34f8cbf74404b9fecc0956095afbe5012afbfbfe6501
5404f0fbacfd8e05f2fa290ac2f6f100abf666fd07f794fa22085e054ef70c0837ff6609f8f799fa64ff67f6cdfc560a33fe2108f20635f98f02f8f735fccc07
c7f5ba0689f8e004fe001ef938fef8f856f7560a520689f7e7095bff6ff6b50196fa2a0997fca3083304cc07300160f652f92200b8f60c096705bd08acfcb003
af039ff6b20281f9cd04cdfe93ff2809f4052104c90268fdc0fab4fd8bfdef0667fba8fa93f811ff75019afc4204350835fea4f95906e6034b05cb08b3012502
8ffd70f96efa6b00680051fc4b089a0525feab027a021ffac302dd09c5f7b50494040604b0fa76070ff977fef0046d03410178ff7103a50423f8d5fc7df9e802
7e0150fe4ff82a078afc7b019308040a8e08a2f5600061fa9c0296fdd104590a99fd8706dc01a10421fb13f673f8f50905011cfb97fe85077cfd3afebc0162fd
73f8a9fa02fa69f9c8fc1d0393f92bf812f73affc8069cf8d102cefaf3f93cffb5fa6609b8faf209daf8af0840f85bfcff08c604ecfa8c07dbfbad00d005c6f9
a106110a54028eff63f95e07f00336f80e026a0840fdd5fa2dfeeb036dffcc09410552fb18032f084a0774f89af66f06f208d3fdf6012e07ea0720fa25f67ef7
7e09d8f672fd57ff1302c6f5f1fcfef8b9f8e10392067e01b2fedbf763f699086604bef9e700c4018503ac003dfca80038f9bd036a0578f9d90804fd93f87dff
dbf8e20649f6660928f6eff5abfef1ff6a0872f9e50347f788fd180626fbf8f9b3f52bfa90fbfdf90705ba0189fae9f938022800bd01befedbf90dfda501f708
bb0701f65ef6c8f954faa8fd5301d20012f8d60863f6d3f8d7fb55035f0511fcf8fe180701fbc6f51affc9f9d6fadb004006f4fa2401b5fe3effa3fabbfa6f09
b8faf0075ffe0a034df709fc5802f5f58cf8dc01b8f7bcfcd2088504d0f909fb070744fbf9fc92015ef75efa1e0026072400a7f6e40036fdb1fd68fda309cbfb
f5fcecf6eb079c05a9fd19fdfaffc1f809f6c4005200bffde9fff2f83af9f8f539030a013a008afa24fc2df7fb02f2faaef68b02dc0534fdf10897fc89f8f7f8
6c020afb2400dffc97fd8efc7204ef0711f74dfb7a01c9fd36ffbe058ef6d8034cfdb6fc81fd650267f9c2fe5301ef03cbf671088401e30772f6cffe48068c01
a6f6eaf6ab06e9005afd79f8f5ff570028f90b0619008ff6980126f62ff72e01cf037109fdff37fc29fc22f9d6076104ca042700f4fec2fc64021708c3fe2109
79f8950264077af8c1090afd5a03e801b20306fadafe830299072906d1021ff84e0412fa4909e90858038607e0066e0170021ffb23075a049af76106540074fc
9907db09a4fca0001803f2fc82069e049ef60b04360187f9c5f8f7fafc068f0005f82c0ac3fe8f00da0469037e0228faf2fc98fa9a09b9fd9b005efaae061fff
70f8a4076f04b1018b045406d2f8ac069b04e201e306dd08b9fc85042bfc8efc400893041006cdf8920579fae2f59804faf997f657fbf90931028c00a405a002
6aff300aa908b0fdec07abff95f9440aa7063d07da04cf02c3f7d3f6f609a2f7eaf7f3098df6b90806fb71091efb8005d0fdcf094808d9089202cbf651023501
ad00da004b03c503c8fc3b0a7704890880f88a065e05f8f773fe07027204c3fa6b082505edfcbf0578fdfa022cf91b05d9f63cf83df6fdfd7f03d0fcceff6a07
50061e0a5af75c0acb03c7078702b4fedf0730fb57f7bb005800e5facf0320fe2ffb70fc6cfd1504f902e8fe27fa14f7eaffbf0756f755ffca0780f950fda108
0dfc710530fcb1fff7f862ffd6fdf107faf89a02f60647fb01fe44048afefb03d80886fe17fb84fcf8fba0fff5fb4afa75fd73f71800c6fb07fa900628ffb000
6e098ff778f9fff60afd69045c09f8090af75a066cfafb08200218f8b5fe3ff6eaf7be024f00bef719014808fc041e0afff7cc048508e9033c02230832068afd
7afbd008ae05b5f7b7070ff60b018bff0bf89cf94fff24091a023bfddfff0a00710168ffbd0076fcf800bb079509eaf830fd13fc61f8a1fcad03cff9470703fc
93051704c9f8e4fea9fad7027efed1fccc0889008f04a7f81308d0f72ffbdef798fc53fc950813f9bf079ff913fa78fb8efb20fac9f58afb6e08520400f80df8
71fce40204f8c300a0f803078f0016fad6f534fbe400f40827ffb001e1fe68fac30291fb2ef7c100b808d9f50008f505b0f80e05940169fd980716040b045efa
4509cdfb7ef7fdf9f109e7052ff65cff5c06eafff4f52404cefc010459ffc9fad407e1ff9600f0f88f07260532f67ffbb7fa4d034f070505c30283fd9ffa0708
b303f40535fe16fd39fb84f6aa08c2065906fb0291fd0e0276fd16ffabf7ef04eafc11f6f40831010009db0912022efd340885f6f9f94ffbe609c7f6f8fde1ff
68fc9bfdf903bcf856f9330a5afc1e01a105a6fbc2f50a02e4fe4cfadd0067fd0c0a49032901bc00b80407f73b02f8047602f2f7c906d50220fe52f649f75e06
6c004c0576fdfefef3053c022d0a47ffaff579079c00b5f54afa8afba9f9caf535fb610805f7a400e304870445fbc5f938fe80fb13f72604d7ff4dfb5cf72d02
75fefb069a00fcf8c2fef205c9f68fff0d0005f6dc0856022b03ddfae8051f01b5fec8f5b30411fbbdfd8404d8f999fac601fafddcf6a1052508e9041d088afb
96fff4fc17001004bb01bd0846ff23f7b5fafc03fa02dbfb74f77dfa14f7120325f7c6fea203d4f5d6fdf8f6ecfe48f9ec0848f97e0933fdd7ffa7ff4dfd40f6
36fc50fa97f979fd9ffa3e05cffadbfcd5facd06f10116f88002c9f8c804160ad4028a0155f8e40889fc6ff882f6e607670375f898f92c0220f97d06b10826fa
1703e5f9c6f9c4fed9f85e0397f848f7cf0400ffadf672fa20019d0044fa4efa4bfd9ef8ce08eefd0c07b904690070099efcad03e3fa220083f88d028cfa3f05
d3f5d1fcd309c5fdd3f98af7b201f5004107e1f8270077f83b034506e60016045cf756f8270614040c08f604a608a304fff5c6f86cfaa4fa12f735059200f5fc
90f868fb8406c4f587027e0063009509b1fe6602f4061301cef705f846029bfb79fa60003b096f02d7fa620497027ffff40775f608fc19fa1cf7d4034b028a05
0307f9f7cdf92301d0fa19f9f8047f08c1fd1109fff647fad7fbfefc4afb74017dfdaafc230405033cfe63017cfe7005dcfe1ffedbfa36fecdf940091509e106
660716faff02eef67f0704fd7b095ef7c3fc3df6dffba0feb8fa180a1d02c2fd65055c061204c00455018dff67f84afb48ff090120001dfda4f7ac03a5037d01
f20402fd3009340ab2f625f874017a037efe5ff74f055701d8009bf692f85406ad09a302a1fceaff52f880f65d00b6f74af8a708d707a408ac037200d9f85403
5a08d2fe09035b05f3fee7fb37fc790168f65af791ffa5f5eef9bbf5aef8a5fa33f795fd13fd81fecaff7af9c006e7005e04920741fb61fcb5094cfef60907f7
fa01280700f7b1fe100429faae068c03f4043402bf03fdfb7202fbff34f780f8bff6abfee3051ff796032c0308f68bfc9ffac100e1fdf3f55e05330a3dfb3f0a
b801ee0741003b0886ff31004300edf9aa000f00cd0440fbcd00ccff190563051a080e003d06600253007c00670034007aff8501ee01170596010301bb007801
6b010009b9015c06220183013c02e0f8f7001c02f102c2f8f500f7ffac06c405c207ad0099058803aa0025004200c50066ff7702620092081403e0025001a702
6400daffe200810361fe5201df0110033c04f000cf0362050c04a5ff87002a000f00450bd7002105f104bb004c0006085402f80db60370fe72ffbe0ae6043a09
d1ffb1ff9502fd00da019f00f100360532034600e6fe73014806ba028f0088009400690024009303b801710480040f016404cd07abff35ffccff1b0268021404
f3ffd7ff4300250086ff72009f00e302ae0257001400ff01a803efff63003e00310064040a00220374022300000062035b02e507220125ffbaffc204b502dd04
ebffdfffa100610073000d001d0031027b01050099ffd3ffbc02ff00400039003b009f000e00a501ea007a01a401c000df01b903f7ff9fffe6ff470144010b02
e0ffa4ff5f00890054ffb100fa006a065f058d00b5ff7e05e107f0ffcf008e007e0069071b0046068d041c005e01ef0537056c0f460158fe7aff8a080b054109
e4ffcdff630088004a000c000e0067035d02130075ffe6002f04210164005500570077011500ac029101c7013b027f01dc022506f6ff5dffd3ff690203026e03
0f031e0bd100c70e7afeec004f01c0f7b6008900730929fc14017fff3b06f407e60c94045f0a710223001d01c700ce0146ff58017d042304d50018018a000201
caffb1ff090530019503bc0190021605a302780193fe480012060c0481008d00a3003d002900dd02df008606c40515005804af0567ff74ffe5ff1800a7019402
f3ffcdff6100220050ffa000e200a9037b03790064003e039b04e4ff80004c003a000e060b0018044403380006009d04f502650a8c01dffea2ff730687037106
ccffe4ffbf0b3f01480820057d075e01380056052cfe34fb7d01e70630004800770042012200fe008200cb0a3807100173010e01c7fe3b0438024b03b1009201
d4ffedffc10a13019307be04ee06c7004200f80465fe28fbd0003b069600370061002f011d001f018000af0953060301f2001c01e7fe5e0434022a03b4009601
9500f706f00542021e044203c60445faee00dd030b003bf8c7001e02ec052204bb04110100037803c700ae020600130187ff8f029fff1b098703c3036c01eb02
adff7dffbc06d701d004250228039008b804a901d8fd6e022b0abd05de00e6000501350040003805fa017609c20832003c07cd0a1effeefec2ff7b011e033c05
d1ffe6ff890a1f016c079804b8063c013100c8045cfe8efb5d013506260041006b0020011f00e2007400af097a06f3005101f100eafec603fc01f2029c006601
cfffdbffd6092b01f10635042706fe011300500459fe55fc4802ff05140051007900ff00220072005b0066098c06d100ec019e00f8fea2028d017b026d000801
f2ffedff75003b005200110023004201de000200c1ff3cffa101b2002500220023004c000900f2008700ef00fe0064001a0121020a00c8fff2ffaf00cb002c01
d2ffdeff2e0917017906ec03bd05dd011100050475fe7cfc24029b0513004c007100ee001f006a005500c5081d06c300cd0193000bff7202720150026400f600
ff00880433001105a0ff300041008efc590017000e03e8fc7200ddffc5021803d1046100bb033e012400530041000b00b4ffc40075018902c0005a005500b400
f9ffe1ff4e00010070ff7e00b10045025b025e00ae00b901ef02e8ff54002d001d0091040500c602560234000d006803d6012c07610137ffbeffb40484028704
d60096025e00a30452ff7700a7002bfe12004c003703cefe3900cfff0801f3019a031203fc02360097006c004300c801d6ff09000102f6fff3ff040264009d00
9d00da007300d0032affa000e10091ffd0006c00fc023a000700cbff0d00e0004e02c0041a020a019c0173003e002003f5ff80033b0296ffd5fff3037c01b102
de00efffff00b6052bfe72010d02bb01930302013305df047e0292ff670006000402d10b6a026704bf04e4006900310834018e0c4e0493fe79ffc50a89049b08
3a00f8ff61000e024cff8e00c800c2007c016400ec01db002801d8ff2c000600a9009904ce00ca01e80156002700340394001205d3016effcbff3904ec017703
ebfff8ffd5047a0065032102230349001e003a0249fff7fc5e00e102450018002a0088000d00840039005404cd0274006800810090fffd0104016d014a00b600
d0ff98ff1800f000d8ff52007200210739054e0023ffa104a6082201d500aa00a900bc0426000306cf030c02a1033f04e105290e0c0082fe8fff790681041e08
5e013308c8003f067a00050185018bf9d8008901100395f9dd00f0fff0054d0549078500530517038f00320044009f0074ff2102a50061079c025b021e014402
5903580db600da0facfeba000601f5f5fd006000c20965fa540184ff0b085609920e7202830b75035a001501cf0019001fff14023604bc06ce018f00f500d601
f2ffcd03610a69004507040553078afcca00910510ff41f87b0011056804be019d006d0103000803d400860788035401bbff670211ffcc08b3036f046701ef02
570045038201c9010601f10069015bfd61002d01a30012fc590065008602ff0196025800c101690149002c000f005e00c8ff020109008e035801540184001c01
1b01d0043d0097058dff3d0055005bfc5b001f006b03f3fc7900d7ffe30251033705bb00120444012100600049000300b0ffc400a7018102b50042005300ae00
44019c0618000d06d0ff04001100e0fa9c00600053033efbae00e3ff780462045e063600ca04330259004b004800500090ff76012f01fc04ab014e01ba007c01
5700d0fff800690339fe76011202cb03f0040b01f5037006f0049effa10039000900940c9000f7059e05c9004f000309e7021c10010434fe5eff1e0c98058f0a
f9ffefff1d000f00cbff3100430034012d0126000b00dcff9d01faff2b001b001400e80104005901150110000000770105016c03ab00a2ffe2ff0e0245012002
0000e8ff6500130148ff9a00d800d0013e026f007301cb016b02dbff4b001f000a0047050000ab0274024e001d00d10370012207c80136ffbbff29058d02a304
c5ffa4ff6404440123035a01000208066b03fe0088fe58013607e6039f00a200b5001a002d00c80387015d06fa055d001b05ed0772ff36ffd1ff55015c02eb03
e8009d0639021d0481018b014802b8fabe000202b201e8f9b5002f000b05280471059c00d403be028a0008002700aa008efff1010900cc0681026e0209011f02
160134086f03b9045802390245036bf9f400d302c70187f8e3008e00630620058f06d60091048503b60022002a00e50073ff8302ebffd00845033e035c01c402
6601a40844015406d1004601e4012ef9e900d601040325f9ea00f3ff56068f058f079a007c0554039d002c004300b3006cff4f0283000508dc02a20238017802
e4ffb9ff36007d009fff6d009900eb04f8035a00a6ff6a030d06fdff9c0071006700e30417009a04380303008901050408042d0bbe00cffea2ffdd05ab03a006
dfffe1ff3305bc00ab0323022503db0160001f0203ffedfd3a026c0323003f005300780016003f001f004f05ef035d00b30111007aff820088000b010f004500
7700f2ffa3007503d3feef0051014b017302a7003b03a502de01bbff480009001601b1075f01fd022803900042005c05f2007208da020cffa7ff11071603c005
bbffa7ff7708910101063903b9049c055902030306fe5bff9d0609068200a400c8009a0033006f020600b909f2076200da04060403ffa9fffdffe400fd003601
b701c0066d00780834ff7600a600f2fa760042005205bffca800bbffe603c0049a07010209069c0120009c00710092008fffee008e02f402b90002006100c300
a000d2ff2a01ed04dcfdbc017802c50361053c0130057307f80486ffaa0031006500bb0e5e018a066006fa006800740ad402e611d504fefd48fff70d3f06de0b
5c00caff1101a7030bfe9d014a024904810527014e045b078d0594ffb40041000d00e80d8900a7063b06dc005600fa094803ed115e0401fe4cff6d0d3306bb0b
d3ffc3ffd204ff006c03c2019902e703dc019401c6fe7dffab04ab0360006f0084004b002100f9016200d705f20428005f03aa0376ffaafff4ff45000d017a01
fbffefff2b000500b0ff4500600031014c01340066001d009d01f4ff2e0018000f008402030082014c011d000800df01fe00ec03e80093ffddff930274017e02
4800cc03030359011502ab017702e1fc7e00fc0121002efb6a001c0128033e02a6028d00ae01d8016800450105008f00bfff5a01ddffd104df01f701ba008801
dd00ffffc9005f058dfe1e0195017f003d02c6008c04c102f800a7ff380088009102e3089f02cb025903bc005d000b06410056088a030affa2ffd5072403eb05
eeff700252097c0089066c047706a6fd9c00db040cff70f95400bd044003ea0007003a0107005e02ae001707a4032101d3ffea0126ff0f070a03ba031f016002
f0ff41016e066200820403036b04b6fe600047034bff41fb2d006603e90155000e00d2000700780170000905b602bf00e9ff35016fff7d04f9017402b2008401
f0ffffffec035700c002c3019a02e4ff2200dd0177ff05fd02004b0282000c001a0074000800920035006003120265000f008300acfff701f40044014800af00
e700db018700280506ffb5000001d4fe74007900d903fdff2000bfff2e00990178032d050b03a70089018d0050004c03e4ffc8029d02a7ffd7ff0f0450016702
3200ebff860020020affc8001a01bf017e028e0049026a026002cbff500018001d00a90688000103ed026f002e00bc0459013508540215ffadff5506f3027105
deffd9ff2d04bb00f4029e0164027102f900870112ffb5fef202fe0238004a005a0050001800f8000400aa04b90336002802770192ffe3ff150088006a005200
3900e1ffaa007502c7fe01016b017d025603b700c802c7034c03bdff6c00250003009c0879000604d5038b0038002706ea01e70adc02c9fe92ff4208d9032d07
7e03b40dc500901090fecd002201b5f5fe006d00410a79fa5b017cff2e089f09190ff702f70b790356002601d90067001aff11027b04a806bc016900f100cb01
22027106cc00cd0a86fefe00690165fb4000a0005c07b2fe950090ffeb02da0490084b061c07c700e600f3009a00840397ff370010044500edffd6033d008b00
6500cfff0401b90321fe88012c02db03180518013b04bf06070598ffa50038000700280db5002a06d705d40054006809f102af10340423fe58ffa20ccb05f50a
ccffb9ff5c052401ce03ef01da028d043502b8019bfebfff6e051b04700081009800500026005c0284009506a0052900ea03730462ff96ffefff3c004301d901
ff001e068400b2044e00ba0018012efba0001b015102ddfaa400f4ff6604f20376056100fb034a02690026003300740098ff930195007405ef01bb01d000ab01
3901e8060400c305f4ff7600b50099faad00dd000103b5fab800ebffd704840462065600bb0476026b003b0042006e008affab01e400bd05fc01b101da00bc01
e400630528004e040e008100c600c4fb8a00d3002f026bfb8f00f3ffd0037d03e5044c009603f7015800280030005e00a5ff5801a700a304a2016c01ae006901
OFM 11 1 125376 16640 9840da73
cbf5bdf33308dc09a8f4100aca0379fae200ac021e0160f73e0631f55bf85c05f3f66d02db027f0ae6f5a309860b2808c90ccdfe9ef8170a1b007c03c9f7dcf8
01082ef62cfa4c06a1fccf063b09930bdcf64c04d4f71407fe08d2f8a1fa6f0173081c059b0b280adbf9ef008cfebb0091011dfc47082d0bfdfc7d06f9fbc402
aff7d8fe41f420f95b041e0070f87603760811094e0cc9f495f8f406fe01aa00bcf446faf7023efa87f4d004340413f728f779f846ff78006d056b0ab5f99df9
b40342f79f08e4f6adfecf005c08b5ff3e04e501410ce00819014b0b67076ffacc066b0b24fec90a8af836ff9e0a9005d108a90c950817fc9d0461f87e097ef5
7afc22f987f91dfd100af1f68bfbbc07cb058e0896fa40f5bef5f8fd5a0b56f97ff50c07ccff14fda6090af71ffd2809a701b30a920376016300b9fd8afd7df7
a7fb7b0c910cb2033803d0f469fac606d2039a08d20694050703a3fb7501a6fa880989081d0555050507f0f4d900e3f99f0acafda5fb66f4d4f952066c0bb1f7
dd022ffd84fe48046df4ea06a104ec0ad70347fa47f3b806dcf556fe09fec8f84c006400fafb69fe5309eeff1b03bb07cb09d2f618023b07deffedfaff055809
52027ffdcef81107fdfa0405a50498f64dfa4cf30209c1f8aef365fd17f812f987084af3a4ff3cffcd09880bbaf8790513fc640b050b980784ff3c0706f716fc
1cf6aef389004306b803fd03fbfea106640afef8f5fc2c0bcc02740141f8a0025effc7fb9a017509f8f70e049cf8e70b7afd840702fb34f77f078dff630873f9
e60b14016cf7920188f4d2072cf86d0c5af4cefcaf045af7d9f78d048bfea2f81f0cd300c208fefaae02f3fe61f3ac06d20be4029f0446ff15fb3ffc5afe62fe
120b640caefb54f9d4f5c900b6fe3f07d6fff6f4a6fefbfb6df37908a502a3045cf8e40b3efbb60774f5dbfe99f6a103ad02f001990730f529f6e5f7c1f7bcfd
4a0694f65102d40b86fda30bf90a8cfb30f434fa5f04f90a96fc2c0839fae804fc035d01bf041f0c97f453f6cdf771fcd301f7fb92fe62f50a0032fa9702caf7
15f97b06b8fae50bbd0b62f3060673f91e05aaff9c08eff46cf96ff590fb090610fbaef4ad03fdffdefa350be80b4df44afc820659fef404b4fd7ef67e09e4f9
b604b7fbabfe1af8100593f5fb0643fc58ffc0f62bf554f5ccf86b0064fb6afeb7ffbff6cd0b770692f956059ff7680c03f7ae07260031ffc5fd3bf57a0b24f5
dbff1df6b1fe4e0b4d058e019cf832098a0025f546f328fa33f4ef075aff2704ec07d7f6a90a1efdf5faa1f4b002d1f4f3f3ecff73f55c070405700a8e0120fb
94fe180a17f43b031bff4500f6f340f649fada0538f7b2f7240bdc0141ffad069905b3058b0191065efad6029cfcc3f64dfe0f0bb1f56101c707fc0585f617f8
95fd6407d005cc05a40936fc8d015e0a2102f2fdf1f66e0881ffd1024efa36f7960923099cf99f0b24ffaef5b8feeef9a4f82704b8069501430cba049cf946fa
9a0ac3071604fe06ce0379ffa3f7b90aff05580b8cf80aff19f4c5f4a5fa7ef59f064b0866f36dfd04009e05a1fc04074c067502b3ff81f8d504d4f94004c8f3
ff0a6809210949fb89f483fab1024e0cfff85b0bc508530c420759f7140ccf088b0843f6e0f46d0853f436f5dc053b0ad9ff8c029f035a0c6cfae2f8840a21fd
e40be40014fa540721ffc6fbfa01e90a1e053afa420175031dffbffddd001efe8e019efdc2fffafd69f90a0936099503bafb5ffa6609e9f88601b0076dfee304
25fd28fd81f3680ad8f7f8fcaa010907820834020ef4ee0319020f030f02befb780075f811f4800786f9ec089bf7f3fa00fbbc09a7f63d0b060a6402c00c9705
6c0a2302bf0541001bf98df499f4ae036d03e9f646fb0f02a7f76eff57fd370256fc5504a3f93600fc04baffe1fc55058ef3bd035301e2fcd1fc17fb2cfc4f00
980b5b08960091fa6609d4f645072600dbf9b70c95073ffc82fc1b02d90bc908b70c78f9190cfe0820f846031cfe2209b6fb55f95af4390bb20493fdc7047400
720199026ff91afeaf04d508b402e20abafd930cdd001c00c90c76f7970b150c9c017603090a5bf7c50738098d05bdf548fe94fa970418f9e401de0983f93903
5c080e072eff4bfd140979030e0b7f0683f8580a8a08e4081b0755f52bfdedf879093c0b8002c7f32208b0f73bf58ef9b6faf0067b0121063902b402aa08b1fe
a1f5950863f57306fbfdcff81701cc0c140719062efd42f9a30a420561f4a309c909270085f666f70cf9fbfb84fd660814030bfe9d082a084901adfe9a00d2fc
bb0a410cb3ffeb0434032df89106acf97affedf64303010537fc63ff7dfb7a0633fc1f01af0ad0f34c0bb4f6fff953f509fba1fbaa0419fb23f49d09d004f806
b40520f9cf041c00150b75fba8ff49fd08fcc7fa8804440048f88605cd0770f4cb02480c0903eeff89f68bf8330a91fe500b4700dc0a2afa04fd1102d3f9be0a
c6fe40f42b0ccdff2bfebe062df916fbf7f55ffdd0fb8ef493f775f78d071504c0feeff513f4b706defe3cfbf8fcf4f45509acff0ff8e9fc3906d60a370017f5
5c094c0745fed1fa0a0b53056d0924f53ffc35fc360a9afcf40593f6020424f86f068b0bea058b012307f40318073c00e5f68e023002ae01d8fcb7010d0884ff
abf8170589fffff5b901610820feef05caf36908d5f9ff067e0bddfb7b0075fb5e07e2ff8e06520c1d06defec703b005d80b1dfd5e0ce5093e0aa9037ffb4509
25ffaef37b0cf5fbb707530a64fb4ff7aa042b0ce7f400083c04f3fa75fa0ffd48fb5bf954fc98f4b6f8e5076ff508fc03fc07fa79fa25fbc8f9f0f51e0c01f4
5a0b05ffe30af8fec4073c0784ffc3ff60f3a6f39508d305ae0cb7f88cf7800ca7078207f1fddaf856fbc1f99d01ec068c09b80b72f8ff05cb0625f484084c06
cdf6a9036c026605170a960cc8ffd303b40769fbd4fd5ff817f61604c405cfffbf06acf9140180fb72f5e20810f9adff65fe9a033d0c3afde3018a09f9fcae04
dd05faf5650ad3f6e3093af721073bf922f426f4eff592fc12f4a2f57ff9c8027000effc4607d006a2093a07c201c102f5fc5a015108200cc4fe420000041404
790b8cf388f4ec067a0cdff6f500760abe06a00571f6c6fc650aaf05270170f822fc9bf3910abafd2809c9f356f45e0594f402057601650512f67af58afadc07
c6ff150610f7be0b75ff3405680b84facff50dfb440be30a8d0a5af6db0ae3072ef4890add008cf5600b59fc9a073c0c6bf6b80b42f348fbed0099fb47ff5306
6109be00a0f8a6faed0877f891fba10c6ef3e809f208f0fdb00aa7012c0058f5a90642001103840780ff87f9940008063fff06fee8fef20361f557f56709cb07
14f9c30bd90aaefee7fe27fda3f65bf899fce6fd7f03a9f781fb9f064d000006c404ac00e7f8c30aa7ffbff4cf0087ff97f554f807fa800ba909b0f850093b06
6e0798056b089cf8dafeaf026d08020cf10afe0a030832fa81ff7ffc35ff3c098c0996037902f8f566f6ac0a80f681f40dfe2b0711f8970503ff9d0c3ef4e703
520c680cda0b07fa27fc72f6e3f4f9f35e05990165f7fc09300b5c0cbcf3e101acf4e1044afa700459f84ff8f5067f08a60030082b0c870298f3dcf4ca00dbf5
d503e109510b6a053309af0a080074040b09fef5e200f9019af865fa730132f426fd770954027ffecc09230c11081f02210335015f0862fc81032a016f0ab9f9
35020004860637f5fef68e0af006fdfc78f8b00893fff2f52f010efa96f5430c12092ff9b30c110437fb36fef9ff2a0a9a0cf6f32c06e90041f4b30b16098dfe
8105a50431f5b5f55d0387feaafcde03040a46f8f7f356fb7f0541f3f4098907a7020af434ffc2f4570718ff57fc0d06e20694fb6904cdf7abf83a051f062a04
c9f75ffb72f60007cff7f806ba0076fa5efcc80026057bfd5a0848ff65f3910a44ff8c03f0fcde00720435094808ef04de04d7f338f9f1fa15fb6bf61608e8fc
10f8dbf4a60bd3fde40ae407dcf63cfc40f9aa09e8fed2fe66f648f5c9f7fe0a23fc100866f882f66403c5074cf7320499f4a503e4f6c5fedbf90b0a84fe9d06
cefcbcfecafd9505ec01c4005df456040004eefe0d0554042b071ff7a2fe78f4c7f5bc042af7af0939001d03a8fed3f576f6dd07eff89efdfcf951fed0f51401
8cf301094b0458fc3df3ecfe8df993fb98fcf60024f45901940383fc90041d0965f808f6aff913f4f1061df753084dfee4fff7fec5012a0689f65b077604e9fb
bf02960c3c0660fe32f446f376fa6a0503fc2af8dd0ac1f98d0b5c06cdf5e0f4cafe0e0335f309075702baf85e09ea09c3f765090003b1065afc110c3aff8ffd
0a0056fc4006f401caf9e8f83ef78d07eff69404b204a501fe081afb890684fbc803f9038c051a0628fbe506820a40fab90079ffb9fff908fb00b5f72006c4fd
1c0ac90258fefaf7f4fb00f820f5f1069f085d0282028e0b5ff7da0460fecff5cc00d8ff18fb0104dc01d3fe040730053707ebf445f70cf702f9fe0460f7c107
92046f0950ffbdfd66019004350c5000c4f6d20514f8480899f9700538007301150b0201ce042406850c0b006efbf709f3016a0450fc920236f7fd07150ae502
bbfb76fc3f05df07e20961f5e8f493fddafe08fe6c03a9f6c2f8c70cc0f48b0104fa3703960269f5abfd74fec109fbfb2409eaf4b2fa64f36f0387086d09ecf9
160656f64101dcf48002c10a4d083500a302caf69d03b606b7f7b9f9eefd4f046105bbf68c0a3f08fc08fdfdf20976fa60fdb40c42f37dff2bf8aefc0007bd0a
bcfb65fe990575f3260573fe5e0034f4d90591f50a0257fd5c06ea0814f9790571fa110798f7eff9dafb0a00d9040c0b7b062f0288ff5af784f30ff87ef6d900
0d06dc07100ac50a85f4f4ffb606f0f4b40464018c05a501300a33043e09b101890b6c0509062bff6b00af04b1fae4085f0535fe64ff67ff4dff5d0975070bfc
2bf88e0c1001190047fdaa062204a30299fd6e064702cd066afebb05bef4acf72104a0f8a102bff3bd058806e1f6daf92307a808e40aa3f524f58a0c2df47afd
3e0c88002b066bfdd8fde60176045ef4550b8c0116079107ea047e082cfb5d01ebf580fce2f8500cacf5b30ce0f54afaedfd13fbe8f38af90af4c200ecf637ff
d5f44cf3d5f8f6f56a047402fcf532faf50b98014d020908dff813f8910906f6120cbcfe2c07c90669ff0d094608c8f9b6fa630387fd65f66f006bf937f692f8
93010b0469fcb7fdef046e0752fe7ff9efffeaf6cb0c74f396fb3cfd0d072109c9051df89b0218fff0090f01c30cfc0689f6c806d002d5f7130737f60ef485fd
b808c0f95a014e0923040c0af6f541031004d10855fe990c910096076ff46ff7e1f53efc51f47003a0097d01740c0d02d0f655f946079e06a5fe9107dcfd52fd
b4fc24f9d904e80a12f6a4037604a0fd010b5c0836ff2601820450070fff8d0857fea50626fd29f92ffec1f5c70949fdc204a9fd5ff34d0c79080efd2bfc42f3
080010f4e102d4f76ff5d1f6a7fd06f9dc0790fd34fb9c0beafed4fe1b08acfc2ef9e6f46efab8fd5608860b1a0b36f7d704c6f5e30af903f1fce4f88df5edfc
7bfc8904b40afaf778fe640576f6d9004b070f0213085c015e09160b2406bc004bfbac0a12ffb4f4a2f4740534f4d40120f6ac00ed0afc0274f797fa08f664f4
2c0add009bfebe000d034dfea5f69d0065fe0700e805af091405e7f506f7fafda10c19ffd0067b02f906ecfc99075300e1ff9109f3f9360caaf4b008d6095702
cb0390fc13f8a30c6ff362058afcb4f88ff807f70809e0fe74f77cfd160313fafef415fe1df582f9f806aefa79f5b2f6a6069b05920122fe97019afb5208b50c
36054dfaeb084c00b0f799fb7c08ecf63d0bd1f7c900f801eafa4c0a670223f682f86609ed04a9f4bdfb9efaf3f4a9fb5bfde909ceffcdfec0fff10626057bf6
03feaaf38c08c1fdac0433fa41fd38f992fd68f792f65b031802b300230afa05430a47f386fd050b15fe0cfe6105740186fd7bf78301baff36095b0182f7ff08
9405c1fe9ff37df9c7f69e023cfb550ba9fb0cf41dffcef72cffd60996fbcd00600a13f70efd390286092403b3ffdc07a9fed407af017ff457f36df80f08e908
8ff6d8faf20bbe04eefc46fa3202aafce40bb9070107b3f9f3f79cfc74fb8c06ebf9cc03480099f888018806360aaefafc05f5071a01f10371ffb7f45e0cd2f3
08fb430b10ffb20b95fe240126fe76fdb7fb00fc670904f43afa9607a0f3bc031408f909eafe290a6d08d7f621f71c00620beff37cfcf002da09c80496043003
1c0ce303c10970ff200ad507e606cbfa33fc88feb3fc1af47d0b580b66fc8d00d8ff850622f46efc56f7de068008090026fa1707a60629f67cf9140681fb02fe
57040ff999052ffbfa09fef480f6c006c8fb4d02b800bb097dff2c091fff40f714f754fd02f7e3fca6f8f8fd660c10f6f0fdf5f7e6f971f3f5f6d602ab0b3efc
2001170529098cf31afb2dffcbf89ffe32086e0203fa68f8fefc0d0ca8f5aa067ff60f0679022bf8a8f434f5ba0901ff26fc75f91cf410062301affa4f082cff
0c02f002f40837f84e0cf5f580fbabf624f5e801b2f39801b10237f427fe0dfe38042e06680749fda30764f528fe7703a0fe240c97fe080261fd7c01e3f4280c
d0fd930468fb89f7b90c8f08bcf7ac03300174f898011004ccf661f49304020225fe120538f8e1fc840b9af5e2fde1fed507f0043f020e0c340063091f0c8101
6bfa4b0a7cfc5308e20901f546018c00d70b06ff060876075c0bf1064b03830a63f81d01f4fec20a92f61e0a5f0ab6079d0876f77206e9fbdef9c70281010306
9c0203066ef97903c70386fa4ff8fe05560162fa3efdf30763f5bbf7d7faf907d9fe7e0b040a4b0bb009dbf91e01b0f3e3fab0fe80fe86fcc4f88807f70244f3
b40aaafe9cfcb3098909f809cc0c9af584f4920cc5fd6c0489f484f9b2f402f5a5f87bf794f6a6f6ce0966fef9f62704ee0390febdf809f5c3f927ff5b04d900
48ff62fe1cfb45f65eff14f610f95f08b20324fd490ba3fd5ffaa0fbf2f4def4aef72807df0151f3240086f7f8f59502f2fe87f8c3f463078a09cf03150b68f5
3ff3b8f5d0f9e1fbf3ffc0f47b055203020c7f015a0b0a036ffd950458f4b702c2fdbd0b9e07a6ff550c820ce0f7fd08cbf7e008bcfa22fa9c08d203aa0b4109
1f0706f9e0f37eff5bfe1501e4f40cfb0b0ba40afff46a01a809e3fce20010fb7a0c73f98bfabbff1dfa6efbc6085efe5a000208730776feacf7090c8f07f7fb
0a0cfef67c0cdafefcfa3e0040faf0fe66fe02f47b0384077ffaf7f54a073ef8da0b6406e102b6f93d03c70b2402ff08baf33cf9fbf4a6092c0bab02ca090ef6
78f7f80578079008e500fcf427f4c4f92a09e7f64bfd29fb30033bfa2ff5de016e082c0a62f78c0931f6730bcc087df5840936fee807e1063ef8160a220c02fd
350074faa0094d01a3fc02027cf5920564f63e0011fe5c0cb9f7cbf7ebf710f645ffd7f8530c02003efe650ced0384f83afab00ac0090dfe4effd90081fda501
33f486081ffa5d047202e1f864fdb009ce013afd8ff745fbd403c205eff800f657f754f52f03f9fcdcf796035c0bd9f4d2fe98f65dff20fd51f5800145f67a0c
8ff6fa004e07d9fcfef41f0660fba6fd880cabf3ff06c6fc550a2bf614037bffb90165f967fcd1f690022601a7065df5a2f6a6035007990a00f8c10ce405aff5
83f554f4e10329f42bfebd02a10a7efffefab501d6feadf966f5bbffaff46bfbc3f538fd3afaf9015bff2c09350b78ffe30284075dfb46f6a8fb7107d1f5ccf3
970ca9fccb0ba006ad0b950b73f9030058fa11026b04250c2a06abf63e0b7b021b08dbf3ef0519068204eef78a063bfcaa00f9fd0ff7970a63f7fdf686fadcfe
5105b3fa68f40afcb3fd72087106e8046af736fd220a7706f6001ef7c90c6ff660ff99f3bff32407d1fba30984033e03ec069e0975042f0383fc24f465f93005
e2f69101bc0cb2fe03f737fd2b074300a60184f61d0bf705bb01f7018f08b9076c0605fad30806099bfd81fc600a11076b0a99fea7f5eefd3e09a7068c0a210a
fbf98cf6e8fc57f970f78b077cf7cb01cf0a4d01d2f62f04fcf6e7f3a9f8040886fa6f0b21f944f7170984fdb50c31f8d9fa6ff71306ca040dfee8fcdff32d08
fd0951fd5807a2f53807b50b5301e20541fa21094cfa63036302fc00dbf8210a92f45d054105c0f344fcf1089dfea50c490b4ef5010968fd280270f9fe038e05
27f7dcfabe016307a10066085209a40045058bf5d6f4a9f5b1feb6fb87048c046b07490b81015af6e60164f9f607ff062ef5e2fe12ff05f551035d03bcfbf209
defcb802a4f3dcfa92038a05680b3a09c405740a6afd35081401f8f853ffd6011ef6340cc7fb8300e702490637037908b00cf3f69df43d0b950b62086df3d30b
76fae20bb504990997f404f5dc01cefa5e059a0c9e02f3fccb08ca06feff9e042aff09f6ab05b2038b022d08750ab30498f5cc0c5e0b990756f6e3058200f7fb
3b0c98f38cf61dfad8f626fbd807fa0999fabe0983006b00350116fd6f0b24fc2dff74f305fc620baefa7af38909ea02a8f6cefa63f935081cfca302e5f67d03
b60491026903bc03fc038efc98021809bef4660cba0713f84704c5f7adf7250adff82701920b7dfb9c02c70c13fcc40555f421ffaaf9d601f601000bb7f36df3
9ff830fdfbfc3408a2fad3f5d5fd8c00d8fbc0080df5a8fc85f67bfc2406e4009c044108f2035cfa26f9ab039f0c9f0a4d0612fd91fdb6fa130aa80553f7b804
01f6f0fbaf036e024f0b8c0b370ac4053e0760f9a506b002c2fea2fb93f342063801b9f4b202caf3eb0a59079509ac01310670f8d3fd8807d5f53af8dcfe2bf8
d7fceff7fef52dfcfe0bca06caff56022bf881ff7afdc60abef851f75b0465f6a9fa71f5cbf9e503f4f86709530b55f5930228f99808970468f77bf5d0f8baf6
d106350781f70af594f70a08f805eb06f6f7f8f50bf6ab04dc04590cd5f860fdf5f70effe7030cfd0bf88af5bffbcaff0a021ef8d8077f0019f7b1005af56206
5b019c040dfb99fe4e03170616f5820bedf9d5090902840461fa7507ef04a20058fd64f8b9035c0c24058909680531051b030afd54fa830ad80070f883036cfe
66f6d308b80201023c09f2f686f359f31a0855fed7fb500218fa3707defa3606ea0337fae7f3db007808deffa8f4540584056bf61dfd39fac6f4c4ffe303f101
4505e8fc740aa0f5570a22fda6fa5509cc0957faf30b6a0014043803190c940ad7068a0559075c0b20f551f6480cc3f9f40137fba5f982f8e1050cfa03fd70f4
dafa960aa4f7df0b050b30f52809da0083f3a0fa5e056805b50cb8f9bf083904d608d40227f4370ae907d7fb1e0c7605a9052f0375f53e00ff05c403ee06ee00
580336021807540a6c0aa30374032df64efcf507550aaef3c6f3e20768f6d6f84100a40c850af4f492f808074f04dcfbd70998f31206c8f5e8f7a1f8c2f7a209
b2f34607f6fdb601e201eef3610066f61207bfff8805a9fb42f9c905c5f607f784fa7907db09effafaf8a107b7072604390b80f87903760939fc36fa2407a905
b7feac092c05afff8e0424fba7ffb609a7fbdcf83707590cec091df9cb00c2ffe3ff900a4ff65707ebfdccff80079902880c09f7d7fe080a2d0bf5f800087605
fdf6b202deff940b9af37009ac0887f813043007affcb6f922f41c0487f7c2fb3000c4fa96f5aff5d6ff1c0287f99f05ef0684fafafe4dfe410070fd6f017e01
8b03c309a1ff44fc640908f8db0a3cfaca00150a34f7770448f7f6fe910464086b093d0628fc640641fbd60b7cf9a904240338f57002c9f332ff0ff4ce045106
a0f75af7b60c06f46e077c09a3075f0557f591f5ebf744085ef592faecfde50476f4ea0429fb0002b1faeb05c5fee1f82408c10253f3de0abcfd1eff89017cff
32ff3c03ab05eff600f5120c90fe4e00a10ab8f32b092fff78fb68f873fc1e0642ff05f9ee0a3102c3f879fcc0068e055700f204410215096f0b8c0209f7cbfe
2902caf4edfaa5fe670b72fb37f3c6f7fe08be0a510bfcfceafc6df5ab0bdb07ccfe0100b1064bf55205620cb90857f3befe0a0532f676fc04056ef5a5fd8e07
90fbb608b1fe85f8050094f4b8fc16017ffd44fcf2058901d2f7350886fa77f326fa1bf802048afc2200540ab0f595f84bfd340b84fd73fe76016cfab6ff6a09
bfff3001dafaf6ff7afbbc022709e0f7ca0baa092c04760c55fb2408f90525093c0a19090f079e06b0f88a0cbcf4effb7f0812002afdc5fe17febff5000255fe
44faaaf5420c5203f6f37d01dc0366f68efe60fe30fa9ffb2907ee04000cb7f3fafcc302e3f3a1f9630069fce7024cfcd4f81d090a02ebf939f697f6fefb4e03
d3f38ffe60fef6fcf0fdc20730fca7ff2c0504020a0803f5fcf4fcfd280afdf5ef023c07b707e2f41a0a06fb34f817027904610295fbf3fd68f5b5f5ae062901
90f31905d8fb4b059308a7f77402d204c2fcdaf43ffb890682fd9506b8fe78ff0afd350634035ff3acf709073b0c750c3900c9f81cfff50571f374f3550b10f5
9a0b62f4b9fc2d022405afffe3025700cd0149fada0521febaf6b5090a0878f3940caf058300e5015200ffff4c0ad60318fbf30532f8b6005a0a96f400fc74f3
64fb7df40709c3fcf306a7fd2efbfafaa9fecdf7fa0ac901a808b3f7660c85f685f374f9dffb5ffe60f5d30a1d0a37fb76f97506580a3f0b3304480a59029600
2df4e3f7d9fd69012bfdec091c02bcf8f401ac02b4f7c900fcfbfc00eff6fe0978f526f904010cfdbb016a00cff59d027a04e2fd61f85d0c2df8a507adf7a0f9
8a0b46f85cff89fb70f55503a1fa6e0b5bfd57046d089af5850a66fa11f6940c3d0a5b06ddfa7af58b010afe46fad405c6fe57f98e0ac203f60500fc360b15fd
b1f80ffea4fa90f5e7ff0d0bcf04e90037fda3f7da0b87fbc4ffd30baa01d4fc560a4800f30bd60762050107400149f7aff4a7fbda02b1f322f74bf699fcc409
d804e4fd42fd84096d04daf6fdfe99fed8f407fa400c81fd2efbc3f52b0915fcf90aa6047effd9086603650356099d07420851081f0858f367fbdf01a6fe1506
580cf8f48b05ecf45cfdc1f8b8028e0480fbafffe0fe310431f897000c0b2c02ddfd1cf69cf97e0ac2fa3c096cf6cc05bdfb080ca9f4d90577f3feffd0fb1bfc
b003e20072fabaf6c4fb410830007c06ab0afafb5ff71401a1f72ef9f502400aa4fde1fc8f019c00bff75106460b5305cf0411080d0a1e008c04cbfda708d503
f7faf3f69d0263010af7d6099dfdcbf4f0f5fd06ddfdbb0374fa18004e0bd9fa42ff57fd63057efdb605a4f95b00440780feb9fe3509d70696f86009b4033107
7001cf079d04c7f9a4feec046509f6fb0b06ab08d40276038802fbf4b8f63e02b3f83d09590437faca0c79061d0324fd3106d40386fbd3f7dafbc3fa66024305
d50885fdfaf3a00acef941f44502ea030af6af02c2feeafd3207a7f6b5faa6f9c5f600f7e9fc5802740964082106830543fca602c8f90cf8a106c807620b4906
8ef47e0a850355fbdeff15fc0df64af92f05c80b83f3450bc2fcd300ccfb73f66dfc19fef5fe65fb4302730860009cfb1407790cae0901fe3ef7aafef0fef5f6
6f0964055bf677ffcefe0d00dffeaf02e9f8b0fb49faba0157056f0572f99d0c9b0cc5fc20f51cfe11f42cf8a4f3c504d7f85cfb87f604fc4a0506fbab0578f8
8ef7fe0b5a0afcfd5d0859f76806160546f5490be1fea501430142fe61f41209a2fe86042d09bef9a709440087fb4cf57d0908f5fcfb90fbb7f38cfd6f08c8fc
fafca10234fdbc0061f419f57105b70234fe4c02e9fcf4ffebfb16fafafcca0c05f8b9f83a08c20ad6ffc30abc04e702b3fc2df817fd5ffa290b310a24fda5ff
09f998050102d0ff0d062004b7061cf4f0056209d4f7e2fa6c053ffc33fd46fbea0b5103c9fffb01c8fdbafc67fdfff562f77a03da062ef544f4a9f724039cf7
a203580135fc6cffd5fbe008c2f7860bb4f3b7f4a7f3dbf652007907f6f94f0bfbf32a0c99019ef8f4fbf20b7d026ff54e06db0ae80162ff99fcc30538fc09fc
fc05fcfa22fac9ff2b04fefa88fb4af43800d501370253f68dfc830555f59bf41cf9f5fb95fa9c08b8fc60fdcbfdb10820f93101630677fbe3ffbf0a40f718fd
43fa7409560c900aaf042bf8e0f43afeb0003303caf3c7f79804110746ff1a05dcf5b5fef5f7670625f7edf36204ed069cf84406cff56cf5d8fb110aa10cd402
96037ff3b009b606d00be1fcd1004100af0496f5c5f4dcfad50a5e013bf346fbdbf54204990416fc6b02ba016d00e7fac3fd920360f64cfe6903a803fa07d5f4
0202b10872f84708f50631ff69f6ddfdfa044f0ac2fa9ef95ef642f428f40300bd0676f72bf434082dfc6df55af3120b7603ddf6d8f720f656f3980b12febe09
e30471f8170508faf20b470ac7f77700fefc3dfe94fd50066affa2fe45f44cfce8f7eafb8ef91cfe1e0cb002ec05a60581f377f96a00e8ffd4f67df446f64ef8
8d071c0477fe21f44af817f89ff92b092df5b2053401acfc32ff90fbe1f9d507d1f4c2f8c8099c053bf6b5f9d7097c096ef6b5fdb003b5f560fbaf009e0a01f5
9eff3ff7aefe0f0831028ff476f333098b07baf34efce5f9a6f3200c7200fb0b4c00c9fb0a099bfbd407d1f91b033bf6acffd7fd93f956f5b9088e033901beff
95fb0700c7fdf207c0f6f0ff80ff15f475f8c9f90f04c9f79ffa53fc0df9570c40f761fce00b890bcbf664f8aafb5d0b73f757f9aa0a00fdeefd45fe020011fa
58f7580bfcfea7f79dfa4d06fcfb6efe3201a2fb7d07b90283fccc091101e10a12f5240b9502e1f51dfe06fbb1f584f7c304f808f10a030c05f5d4f9080ca3fa
13f917076f08e3f39e07bbfbd003390808f5f207750b6cf782f61a0254fd700c390b70018403b3fce107f4017b04590121f48a0141fc49f433fbe2f9edfe8704
55f304fbb8fb4000d80040f6f9021c0cdffa2bf6be03d40385047904fe085d0480f82ffc35ff41f4e9017009c80cad0a47fe78f40ef95afb6efcb3fff5f6acfc
5cff91f9bc09940902fe54fb99f68ff990fbabf377ff13f885fd060cc9013406ccf431055f04d9061ff9e4f8e80901080004cc005d0631fa20f90bf50e01840b
a8f5b0fbba0265010100ab0090ffda0ba1fe59f38bfbb907b8f4b40352ffd5048200800c59ff2e0777ff62fd41fe84f3c5f75e01790985007ff91e0213fbcb08
8ff74c00effcacf7c9f578fb09017b03aefb9ffa290a7c045ef5d7ff77fc3bf8f6f8cef6af02660b92f741f704f6110c9af70d0a43f6bef6b8f856fec8fd58f4
83fb0cf4bcfebefdd2fbacf96d0c05f84605f303ce0141fff2fe66fb32fca9fb7d0247f7e4f3e7053d07ecf9810ad0f48601fa0089fcb7f5b90040f4d1fe7707
be034c0c3b08320582010cfd29025e0c9e0709fc49fe6cfbd405e204ef09b90b8af680039c04d8fe2a0218fba7fb410a52f6bf0394ffb0ffde044cf9350560fe
9b06a10549037403e809b506a9f81cf4fdfbfdff9d01fc01e40a93fe52f8930cbbfb66f691f8c004800a9e033bfdaa090c0ceb02a9fccdfb2bf520053bf407fc
4108a5037908040493fc340735fefbffc2fcfafa91fef00037008904a00ba7f94409fc0285f6eef47df937fb3bfb490401047b01e0fce6087c096209200a5a0c
4afa9af3660892f71ef980fae5feda00b8fe9908b10a89f9110a240722fec0febcf6f2038af315064d0905fdc6fed9fea1095b00a9f318ff83086501d000fff6
320950f834fd83fb59030afe51f7f2f349f4a7f6ef03b5f6e304c2051dfc6ef5b6f4bbfe40fcb203da0af7fe23013cfd710c3c0058f47bfa0c0ab1fbf1fefe03
e70251f5dbf938fe6cf53c0907fb4fffe9fa3b035508fdfc84f603022ff469fa32fb2504c2f9b0086d043ffccc03fd02c709720415fddaf39000e80802f6adf3
73fac70246fdc20239f4d0f7a60cf30382fc2a00f1064502c807edf7cc0c2102b6083efee6f7cc034cf8a3060006e5f957f5200c7308a4fcc9fc5500c5f817f5
57fdb90b7105dc04cd051af66e00d5fd18fbc80761fbe301830c180493fe7b0824f83afd0dfcc0050a05c2051dffdbf64ffc7cf52e0cf8fc7003a7f9fcf6c3f7
86f4f506b90c83f8c40b180ad0fabcfd1001fa082806c607660c4efe33fdd5f55d08e2fb2af98c045700a9f67b009bfbd0fc3dfaf6052ff50df9a80060014f01
5d0c18fea7ff47f53df37e044b06b5078e0bcbf3dbf621ff780a70081df73007c7059efa5f05a80b06ff69f4b3f47b09e5f5f1f4760b8cf9d20a9102ee00fd00
defd160a5af5cf0489fdea08f4fd50fa95fce80a9cfa09ff0a0674f75af93e05c80725f8b80a18032703d9fefbf871fc09ff2305def3ab02c2f7dbfcff09d2f4
b00756f971f68bfa1fff110147026800480246fdbffb5a06f1fdbb0291f873fdc2face0b8807250988ff310c1601fbfa82030afdeb09ccf6ad051e021f043907
69055a01e10b780b0af8f10020fc4e054e05650a8b040a0b1a058af470fe37f97dfbd0078dff8405ebfd3000b60009fb4afe0f0739f91d028b0ada030a0662fe
59fb77fb3601d7f347f34e07eb0b20f5d603b0f4c106190c690949ff90fd180a8404b2044efc54f5fcf55af562f4b5051005a4f366f88dfe55f7fefd3ef70507
8006700710fd0902bef540f9170bebfd74077bf7cb08cff94d032903eb04e5f7440ad6f382f34b004f0b0e0627fde402a2ff7b0443062dfe1af8d6f315fbe4ff
0af8b3ff7cfd7bff5c08950409ffd3fd0701ee0184fdc2f69dff2efd93f8d4fbd4fb7a0aa3057bf88f08c7fcd1fbdcfb750a08fba0f96cf4f10b9707faf93c01
a00769045d0c34048605a5fcd8fbb10c33058af3db052400b7ffb0fc90026ffbe8fc0af44cf3ab00d5f36c0a010c04fe8500cc0913fdf70baa0b83f54a005b06
db071f0a4ef9c7f42ffc53f3d709100a1eff45003df85f00af094ff770fb25f89d035209ccfa9c0a6bfa7808ef0bfe0937004cf3750bb1ff29079ef3aef63f0b
80fb42f859f4ed046df9b10a47f6b7fb20f91af7680a6002cb03c2fe88f37bfe11fb7c06d3058cfd5cff67012e0af6043c0663f3d90be3062d082100780be6f8
220c11fc6ff9c60ae8f7c1f6baff6cf3cdfccefb3e0070f773fe34f853f9690b3afac40676084dffddfa2cfd1cf506f60ff8b9fa83ff2df79d080af4c7fabef5
1804a1097cf33af4a8ff44fc4afa01fe76f9cafd40f7d5085006a5fad60129068a0cef018e039100ad039b02db0a3ffb250b6e051707bffb51f959ffabf3460a
f3044cfd4bfbbd041ef9d5f64b0c1df4a1fe7804c00574fd64fc75fc49fc48f8520273f73ff588f7fef5d0f6ef077df8f4f98f0a510405fd9f08ba089407110a
c4fd0a0cadf69c0bae08640c2bfd590becfc3f012b04f1fda20c7a01dff336f66af97f025c06a1f4cef50602dbfc9e00ccf8e8f557f62ff9eafe5605140b88ff
5ef64c02a80238f68502f40298f5bbff4909cbfec7fa11fea20364003a0bd80265f864ff9400cbfd92f4ad084ffac1fc4b0c71fe2c0191f8abf681013dfa7d08
780194f58cfe82008300fe032b069a0856fab9fcc4ff3906aef5690a59fcce0a7d0409fec809c70b9903f1072c09b5f9e0fddf0593022506a1f919ff1efe5500
04084e05ef013f08ed023500c2f97dfc7cf940083bfdf00701fe73f640087df867f3a5ff85076d07adf401fb690893fe1806dcfb3ff9abf34c00a3f361f3860b
300b44f3c2010608ebf5fd05d9f7020a1b0c2e028908db08750157ffb0f58f02c205b3ff9b0bb20aa9ff7a04b6fe3c09b405d7fad9fb0af586fb96feba0457f6
66fa7fff93011bf7ddfac607a006e0f30b0459f99e02cb056af7370349fae5f686f52e0670087c036bf6deffdff6890345fd3c0224fa5405a0ff820579098508
d8fbbdf41f0669fdd502a40639043ef406fa5cfd1dfb6a03d106b0fbbc08d309e7f8bffaa7083ffdbbff55099c03c501110c5d011ff7c0ff7109dbf31705fcfe
f20248fc8f0ae8f304f582f50a0149f6920016f4d3071ffa8ef3540774f73c0088f8dffceffbac04b4fad009fbf377fc7eff7002c8fc970c1704880841fe0b09
4bfe970bf905330070f8e4f707feb206e6fb84f9bff54e039d017d015c0b60fa4e07b1041dfaad08fdfbe30693fca50b9f0111f4b203cafb47fdad0bf30041f9
f1fe79f4b706e7f903f9edfb560b45fcc4fc7df780070cf400094d0839057701c2f5c202a608ae0c5d001705950769051cfa2900b2febf029302890cccf4dbf8
df0572fcda052bf48a062efefbfe4d034cf62ff4ec0211ff9e04cb0b8b03b4ff7affabf5010425f7ca0c850b50f68807a00c6ffddef684f59afb5bfab8fc9d0b
860b3dfb450c8906dd09f1f8a1f8b405e5fb51fd1df4cc0a9c07a5fd0bfe61fd29fe41f74f0672fd65f9c308330c850ce30be7fe9dfed902e0059a01b2045dfd
f7050f014a05b9f9a8088107b3fea40070f7b206adfbfb0503fdf1f41e0b12f68ff8d7f7adfc74007dfad8f780fb2cfb73f6c5fbc8fd47fd8902aef70b038602
d1014305a6fdff046202d5f63afe38fab00c350a77f96cfa6dfd4cfdc5f57ef989f9090aca0804fc3af6420884042a04ca00cb0cb20630faabf522fba6f808f6
46f9d9033dfa67007ffd52f5e3fbadfe37f31cfe900444f95408e5f958003802a9043400cc06710500ff79f490f852009fff09f50000ed0aab015c085b0497f7
12f5000624f6c00b6b0a5a0404099d0be6f826f54bfb5a08780516fe7e0502033afc7905cbf5c1099ff651fabd05ac094d07e501e6f7d6f4a7fc5cfea0f78306
d9f5050888ff0af8870cb207fdf879f646fd1401600c78f843f8f1fd2808dd04ed0759066d00cdf923f9e3f6b00b22feaafa55f9e6fe280152033afbfcf9680a
4407cafd7dff2b09870407fd7af62406bf0407f7d3f74bf584f55ffde40b1a0b3ff38501effa5100c8011dfe2df82e03ca08abfbdd03bb02eb09ddf3d402e0f5
1502d7f8f40b83fab9faa0f392038ff33bff6d0773092703c10880f33ff6900206f79001d70353f3a0f49407c109f607ddffc90a24f6ef0696fe61fe3af60b03
bd098afbd80396f58c045c0405ff86fd0bfaf507690aebf42f03b4f6bf09d4fff3091bfeebf873fbee024cff87fd6df99509f30a7d058df6fb09c40ab1f4ca09
0dff1e028e07d4070dffa9fab809e8f53201bb0a90fc1201f4f9300133fe6afea402ae0cd6fac70752fead09a40cb70a1d095d00e205d1fd3f08540037f65b02
4ffe19068f096a0b66095400700af5fb7609100c71061305680256ff5afda6083d0b20083efd73fad3f3a8f3eeff8afe85f528f604078cf856f747f9ab02740c
c40225fe920f99fc8d05a6051dfa43092b164412d8fabb0168fa62fe51029e0c5afa640020fbcf2918fdf8fe19fe660ec1ffd323ddfb00fba7fb3cf8cefc9ff1
90010bfe490da4fa0801e7064bf6d9094d008d014df85c04f3fc390076006afb7af7d4052bfc59090902f8fe3dfdc00d95040208a20128f9cafd87f894fce5f1
f40289fc3b0fd6f99e040d08f6f77d06d001750488f94b0218fa460061ff68fb82f840009afbc80700ff9afe39fdb70e7afd6003f8fcaff8d1f840f8b2fb15f4
24065bfe8f0fadf933045108d4f5230a5302ed08ccf9b00314013b00170075fcccf7dd00a5fa3a12affc2cfe35fe601063050a1059ff43f907f99df8d40067f2
fc00c7fc4b0d25f8e30594072ff92208e703440813fcdf0200fa3f006c0086fc3cf85cfec1fa12152ffdfcfd51fed60f84fd6b1a1dfb81f8e1f938fa7efcd8f1
3906defefb0d6ffa87035005c9f6ec0a4307610a83fa68030cfc0400ac0059fcdef7e3feb5fbda1adffc6efeb3fd5d0ec80547195bfd1bf9a6f9aaf8fa0137f2
400162fc9f10d0f7300975069df8dc08d0029c07abfbea02eaf9c30036ff6cfcd2f721fdaffa910da2fccefd2dfd900ed1fde31285fa05f889f9ecf719fdb4f1
1d0502fe420ec7fa010053053cf6820a95013d0389f8720b0d0767002101fcfb0bf82c046efba80d4dfea2fe6bfffd0d880528071003c0f939f9fc01f4fb05f2
1c0010fd770fd0f6be0a010aa6f89003da045c0947fc8c0352faccff6eff06fce9f781fec9fa8f0d6bfc8afe96ffac10f0fd3e23faf907fafffb01ffbffc1bf2
fd04b1fe5110c1f8ea087a0b0ff7ef076412241070fb1f0174127affbcff1ffc7df736fcbafb06225dfdccfef300f4111604ba31acf970fc30f95b003d0734f2
d30025fc890f76f8ff067f05b7f71f093b074d08f0fa08038ffa4d00a80055fcd1f7e9fd18fb3717d3fc08fe78feb60f59fe0a1f57fabef951fd04fa9cfc12f2
380570fecb1046fb4809bc07caf6bb07bc13e60ff4fbaa01f60c3500d600bffc1bf8e3fbe4fa2b20e8fc76fe2affca0e760431244efa9bf819f990f8ef0370f2
030181fca70f86f8330ea1095ef93e054b0a2c0e37fd650340fa850057ffb7fc10f7c6fcd8fa6a1566fdb6fd02fec41116ffcf1e43fae8f8effbd4f85bfd96f2
f3023ffe5f0ed8fa4a071e0c8ff8050aaa00c00b05fab701bdffe0ffffffadfbd5f637fd8bfb84184ffdf1fdc8fd13132b04bd134afa78f854fefff867ff4cf3
0702e0fc540df1f9b8066f08e4f71409110f8f0ac7fb860272fa85ff530025fc18f856fcedfbfd1de0fcb1fe30fdc60f76fe1d1f31fa80f807fe8ff814fc59f1
e50087fdbf0dd0facb0399072ff83a0aa2021708c8f916018e075fffc7001efc87f7fd01eafa52160afd10fe3ffd850fd3049d19f5fde8f80101cafe20fdf3f2
40ffe1fc0e1138fa57048f0771f9c005c400c10455fa9c0263fa29ff8dfff9fb2ef89502cdfb890bc90144fe01fd510e1afd5704dbfb59f900016df848fbb9f1
2b03fbfe95104af9dd06bc0e91f75605cf00f307e1f9a9003507bbfefdff31fceef69a0177fbbc0aadff87fe55fd5212a504050974fb78fae6fc9ff83b003af2
cd011cfd3e10e5f6c805d50b20fb62066cff580916fb8d0251fab5fdaaff3efcdaf76bffb9fb701616fd80fe20fed5125efc02168bfb45feeefc7df8bbfb7af1
c40487fe3e1009fac4ff330876f61506c4025403b4f7c306f4fe3efed100dafba2f8240979fac70646055efe88fd5b0e3c05d7ff73012d03e4fa66f875fc75f2
e9061dfda3102afb73fef903fdf93306a700feff43f9f3012bfa7bfe200204fdecf9470caffa68058008e7fd25fdb90c54fda8f4ba0211fe2ff9b6f84afb29f8
1e05af00441365f93704ad07e2f76703e800f5049af9ff00ff0cb6fd60014dfcf6f76b06cdfb590434046cfe1dfd960db8040a0659fd2103c3faabf8f5fc3cf2
600595fd661192f96201a40581fa040724007105adf96402adfa8afe71015bfccef8990453fbd91287ff70fe89fd910debfde50e6c001d02acf80506fafab3f7
eb033dfe0a114afbed016308f6f6c2040c014203ccf7d503960c35fedf0038fc75f85a073cfb90072b0671fe6afd680e4f04f20578ff0001c8fbdefd97fb3df2
300327fd500f83f982042e06daf89906da03580872fa71029ffaa9fec700bcfed1f861018cfa19174efd66fed7fe340fd2fdb11911fd4ffd11f93207d8fa4ef3
0604e4fd101104fa9e0672083ef7db070d048a09c1f9f700c01192fecb003dfce0f656ff12fbed165cfd66fe0bff930fc404241c66fa18fb90fb68ff1301e8f2
560693fc0b10e8f8bf0df6083cf8db06a016841009fd1f03c0fa64fecc007cfe89f7d0fa7afbde2271fd9bfe4200f012a3fdd52e6cf92ef8acf938fdc7fcdef1
89084efe09134af9970f570c69f7710648197d1411fd5002dc1adffd0b017efc04f605fb41fb862665fd7dfec8012b13c4041435b0f927f97ff9edf8540b4ef3
e1057ffc291229fa4f0f170a55f800054f1aad137cfcce0300fbfffd43011bfc6bf7e4f99cfb8f271cfdc4fe3b02401117fe353379f8f7f7caf98ff849ff98f2
010a4dfe891139fb060909082ef68906e1121c0f60fb37017d10b7fdf4019ffc49f7effb6afb8e2158fd0cffd3ff190eca050d24a0f91cf930fa05f9fa03b8f2
0e032bfd6f10a8fb6902ae04adf8f305a2fe45065bf9340294faadfd8f0156fbe9f8200001fcdf126aff97fe55fd710d17fffb08f5fcdef86afb94f947fb36f2
bb049f01bc11a4fbbd02880705f8380392004f0765f9c4003504a2fdf7013dfc46f8120281fb990dc70094feb8fdc70d2d04b501dcfb08fc14fbc2f928fcdcf1
8a0209fe95122bfc20036c0540ff1101cb00260887f91a02b7fa1efd1b02a1034af9540268fb42106effccfecdfde10cecfe2703e7fa00feaefb8ff893fac0f1
eafc8ffeec0184041700a502cafef0fea8ff83fa21f8da00b7fe3d004909fc0334001dfaeb01fb0443051205dafd150b8e04b9f505fa1ff884f92cfc2dfbf1f2
dbfc48fea801e1024d0043010c0577fe46006cfaaff6720383fd1803200b62ff5c008ffaa4fa550479062b03ddfd1e0b200528f5fcf972f85cfa9ffcdffad2f1
e3fc7cfedb01150330006301d8016efee300aafa19f78c01e0fd5103270b9a03000063f94b091705670231054dfda20a270579f573faf6f7d9f9e9fc8bfb9af5
d6fc1bfee8034b00b20083011a045bfe8e0066fab3f7860604fda0ff130e0b0601feadfa31fb4907a000adfeeefdc20923050df670f936f79efa82fb0afb09f2
d4fc45fedf044004dfff6a02e5015bfe4c0023fa44f8a801b4fec400f3093102f1ffacf8c2090c06f8025d0689fda10afa044bf651f97bf758fa18fd9ffa72f6
d6fc04fe40022905e6ff5500240537fe13ff35fa6cf60b0321fe12014009a7fb8700affa56fb75031307cf0498fd9f0a50055cf55bf96ff8f5f9acfcb4f924f2
ddfcc6fe8801a40b99ff3302eb01affeab0181fa20f8ca01abff7300e0049bfc40041bf93c0aca00af0b3a1082fdbb0b5804f7f49efa5cf973fab7fd02fb20f1
e9fc8afe2c051d06f2ff7f00a0019dfecf008cfa7cf79f01fbfd1001d30704fc390119fb93fbcc04f406610787fd830b8a0587f6fdf970f8c5f92efcfbfaa4f1
dcfc7bfeeb01d7087aff310124025ffe730037fa29f7750172ffde0541063cfc9d0266f84308fb01f308c70c31fd220cda04ecf4bbf941f800fafefd78fa2bf2
c3fc7efe0c024903bdff2900c00368fee3ff0efa5ef77201c9fef207b60a96fd6cff32fbdffa85057c05f603d9fd5e0ac704bef4c8f9ebf73ff9fafce5f939f2
ddfc9ffef901e704c5ff38027e02e2fe55ffa7fa72f7760158ff8c006a091b00ba0095f95a070205d1056908b0fd070bc3040af535fa03f8a9f95cfc0cfbc9f2
defc61fecb036eff0600ed00180239fe17ff77fa8af8a90436fed301810f5c0bebfc28fb80fb9309fbfe8bfedbfdb2091c050af5abf98ff7fdf951fa10fbbef1
dbfc43fe3302f0fe38004201610208ff58ffedfaf0f65a01a8fe7c012d11611402fd21f93007150b76fc86fec3fd85094905eaf565f9bbf631fa70fa6dfc7df6
e0fc5efe3802e3fe51007500090388fe4501bffaabf9dd04e6fd7704c411f60be0fccdf9e0fb600b1cfdecfed3fdff09db0598f5faf946f76cf9bbfa33fc7bf1
dafc04fe7d027600030074000204eefe67ffbcfa8ff6a201f7febb05940e5b09cffe44f9f507f6093a01550251fdb40a43058bf5b5f9e2f7b5f8dcfbdafb26f5
d7fc47feb401fa02f5ff05016a05a6fed7ff66faa5f6a202c0fe2606890be8fcb500dbf93cfa7a030a077c040dfe200b0105f7f4c4f9bdf7b5f971fcb9fadef1
e0fc57fe1c020405d9ff13000703a2fe820191fa7ef7d901fcfe8d0a9909e4fe070111f8a8077d04d2060a0966fd110b04050cf68bf966f86af87afdd6fbf2f1
e4fc21feb101e2005d001dff9505b7feb7ffc9fad2f6200362fdb0071b0efcfdabff1bfa51fb22048404e70179fd820a6205ccf506faa1f7bbf9fbfb71fbc9f1
fcfcd4fe9e01860097002301d202a7fe7b00aafabbf69001befd1502c00f770d64ff85f7540ad207e9ff010384fdaf0abc055af594f916f690f96ffc1efc9ff7
aefc23fd5d02b2fff100b3fe95044dfecd0360fa58f98f087afcee04b711f50d9afccafa6efac207dffe53fefafd2009fe05bdf525f97ff7a7f839fc8efb4ef2
bffc0ffe3d0535ff5500060281019ffe13fe3dfa7efa310126fd5c008710c01495fc80fa1a07590972fde4fda2fd97098205fbf652f928f694f935fb70fa08fc
dcfc62feae011bfebe0084ffbc039efe9d0266fa40fa7e06e9fb1c084514e8157efb14fb9efac20956fd4bfe4efdd309f50574f445fa8ff689f895fbfffb73f1
dffc5cfee30172fd48008d00e6ffb2fe9f02a7fa26f88b015cfd470162159a2619fb06fae606910f34fd55fecafd350924063cf6c6f9a3f699f931fa67011cfe
e6fc58fef301f4fda100c8fff70476feba0276fad0f6ad05c6fcaa0bb215151c07fbedf9f4fb0f0cebfcd5fe2bfd3209ad05d2f42ff9dff64cfae1fa2c01baf1
c2fc0dfe4d0282fd550000008b018efeaf026dfac5f68a01c6fdf60a03166e2d9efadcf97806541138fd8afec5fda4089e055af59cf9bef60bfbfdfa7e0492ff
a5fc0dfd4302aefdea0042ffbd04f2fdda062afa0df6f606d9fc3e105e18ec27e9fad4f9b0fafc0e87fdbefefbfdc708dd056cf589f894f614fccafabe031ff2
e3fc83fe0e02bafb38007e0138027ffe4302b8fa5ff639012dfe6a066f1b353896fab7f871088e1672fd6cfeb0fdbe08b205c4f4ecfe33f537f9d3f8010a89fe
f8fc9afeec0171fac3008efe3703fefe120745fb49f8fc07c6fcce04f21d613266fa35faa8fb5514e4fccffed9fd1c08cf06bdf5d9fdd8f5fcf969f8130958f1
e3fc45fe45048dfb4c00d100b3fd60fef402b5faeff9000182fd0e02ee198035b4fa53f97d08811558fd6dfe72fdcc085406fcf564ff71f5aef97bf854054e00
f5fc0bfeba0234fa1801a6fe33012cff1f07e9fa42f93c0a95fbba05b01d3c3568fa64fb46fb3b1429fddffd54fdde0751060ef6e0fe4ff503f9a0f8490897f3
f2fc86fe470248fb1801cc00490261fff10129fbe7f8480203fcb900431a33367ffabdf9bb077513edfc2efe83fd7b083c06c9f57ffd23f5e3fa4cf999094f01
f2fca7fec601cafb1c0183ff7a02a7fe2107acfad3f74908d0fb92054d1add2c4ffb3efa5cfadd1152fdc7feb4fd2909650611f578f93bf5dafc45f9040634f3
OFM 12 1 142016 8448 279389f7
e9fa7e04b8fa2a060c0ab00c84fc22fcd2f471fc56ffa30277ffe3047bfada05260a04051cfee8f91c04a8fb88fee7053a0cea0174f636f54b034104770b8cf5
9100c1fdf4fc22fc4f012f017f07a106aaf57d050ef777fea3ff920963061d0774f99402ecfadcf535fbb4fee1014305fc0958f36cf302f70c0bfefcfafbd108
fb0788ffaa048af5290bc003d7f3c9f60ff69b0a5f00f1082a03c807400807f766fbc2ffae0658f81003300c76f6400427f443f6b5f82efa2bf5bd071afdc6f5
8f06c9f37c0853fc67095cf36a0b1502e3f3d40824f90efd5cfe53028af7b0fa2a07c0fc5001af0744056609f007e0f7950a0b002702e302e9f884f4bbf5d100
a9f5680000f5b8f61d065d09e407950aadf8aff3ca0033f7e10400fb9ff773fa2af9fe00ea0121026f020af8a1f6a5062c06f7f75603e70564fdbc02090c9306
7f09dffce5ff6c046ff330f45f0a0b0297056affccfe09feabfcda0673fe9a0471048604f6f88b04c20049002a020c000dffac0732f84606610cee00fefe4afc
4bf550f806f5d1fae6f58c08910a4a09150bf2055f0445f73c0490febbf507038f0a4b0b83f775fb8dfa9ffdb2052f007506530135015000d205cf0084fffcfd
b3084003a0ffbf095501660896086c0b5eff56f6d9036202b30549091f0aad090cf754f703fe63f989f8e4f7e9f7e8fbaafcb403a9023bff92ff81fc9801e1f9
e901b8fc22f492f64e06980281033afb29f573ffc0f72e070e08ea0271fa20fd6c091308af0a76001bf6d5f9b5f935f55ef73807fff710fb59092d0910f9080b
8b0a5003e5f8f504770ca1fd6bfa54f84efcd507fff3790c45fbd7f3b1faee03eef552fbdcfac007f4f9aa0bf60455033f06e5f9a3ff0409c30c8cfb57084904
ae0a430b3fffbbf75b04a7fed90383f312011bf8bdfe1603e009af0489fe3007d107a70509041df614044e014105abfcf0057500a405fdf4d8fc1b0b88f6effb
a6facff44ff37df911fc3ffc4c029102110a8109e10289fd6b06d0f349087208e3fd9eff210bd30794f92608b70874fe8ff9c0f651f524f5870096fcf7020e04
8d06c707cbfd4a0a5b04ab04f20775040ef72dfc67f935f4defc740ae20963f7d2fb55f98707f8fa4708bf04fef3bdf6d5f924f456ff1e0074f88a0c54feca09
c3093afef803da0b6ef48cfaf8005606ea0293fe780614060a0912f4aefad7f9c0fa5bf7d80a63fa9ef8fb01c100acffc7090407d4f71909280953feb8f580fd
0dfbbef623fb27ffa20c2f0aa701900c8308a1fa550b3a056ef74a0b55fa07037cfe11050dfd8bfc79f8e5f5590a74feab060d0060f68bfcd8f7e807b806cc06
effa42fbf7f7b5071e0cd2f5eef57106e5f989fe5d092af884fbd3fb57029cf68503b905d204100a3500d906c4045cf58cf55ff3f7017c05470088055d03a100
4d0465fbbc0b65f68fff470bdafb63f42dfa2909c8fabdfc2df6a3fb75fbfbf48cf7f4f65a0068058304360cf9ff45f40af900f93105ab056afe6f0b22089c04
9305c0febdf66c0163002f02e8ffdcf41ef5f5f4cff9f3ff8ffc9306d4f73f02f6f3bbf52bfe130b14fcc001730049f894f87404bff64c0c5f07a6f6f30788fc
3af6b4fc96f7fb0b67fa3af8c0ffd4fc44030b06570b34f39b07aaf8250aeefda00048f6b90a7df578084bf396f68bff47f7f6f7100365fa98f364049e01b300
7c0147009e068504d40397fc6e047e0a4cf42e02fb065b0c71fe1b0c850aed07f4fd15ff2f01c9f6d1061e0762f5e9064fffa2febaf43e0681f52204b5fa3106
340a5c07c3fefef876fbc5fc89044a02e5fa340275f4e5f8af0afb07c8fa96fee8fc76f4cf02faf95df3fef34cfc9a0327f84302d3f820faccf872fd3ffff30b
6d08eaf3eb06400706030af647095c0105058502680b4ffeeef37df5230a3cf4bcf5b901e6f38bfda402b9fa3f09450744ff4bfaaaf75d00cb066708da04470c
e00002f67a035705d7084a0199f934ff67f8caf62cf5070c1ef50bf8bbf751f60f09a50ae90b070b3ffee1fbb905110390062b0b8c03def99409a2fd69099505
8ff61a06ee027ff48ff74efc0f0b9bf913fce2fd64f48dfa33f46cf784069afee90b2b0cac0b33fbe900df0101fff40778f3780776f62501dffd5bf47d044cfa
75f9effdcafd93f73ef866f5fb07d203a8f7810049f99cff4b0bb408a7f9420358fd89f9acf918016c03abfe0704a809caf3c801a5f710019308860663fb3afe
2a02430b3ffffcfa1bf41402cc074c047afcbb038afe520770fd25046df711f81e0c92f50dfdd0f3e5fd9206f9047507520458075dffa2f93ef9dbfa28086af9
3cf8fb041a0894f4c5fcc2f3a2fb2d0c3007790b270179006208e8f44c0c8ff6250b11f7a2048cfbd50a7afc95fd9cf51108a7f91500b6f5b1064ef545fffff6
56f5b5f404f71e0a440b7d06320b55fc11069ff3fcfc3afaadf3190841fe5cfe41077d015cfd5ffe3d0b610b5d0675f4a2073af898f3c20496067ef31e0050f8
5af4fffa13f974033702dffc5706dbf92bff40f9cef8c70121f41bf9630056f7e903c001980afd038609a5f4aef4b40839f79ff938f8f2ff1ffa06fad3f9f5f7
090843fe80f34a0132f8f8f34101e3fdeefd87fb1dfb9d0cc2f4c4f6e1fe90fe12f6b8f71afe4a0aacfe470591fb4a01ce0386f50107550cda0a7cfa290ba201
eb018bf664fcfeff4c0a74fc11fdd9f5060cd1f85b0a5501980253f696fe28026ef3e9fd550af8feb307f4f8e4024209960c4bfea4f62602cf0759fcdafd07fa
f0078efd9905370ab8f40b0866f31a055cf42ff7700328073107cb04a105300665f80b08d709d10a6b01fc05be0824f65ef69805e605ebff1bf5d1fd04038e01
d2f3d3ff3208ad067a08fbf4b30334fdcf00bd0423065b01a2ffadf707f7fdf96cff1702d2fb52f4ad027cfa0400aaf667fc55f7eefd5801d502aa030efe5504
37069af6520774fa07090f02df088905030a4ff5a5fc8af3390a410018040300330a4bfc1f0557f591058b08f807b7f5e2f8ed03900ae4f60804c3f65dfcd102
33f67bfd28f637fba10937fbb1ff0bfff004a3fcadfb75f845f98ef632f9bf06430859fa7bfdab0961fac608620575fdd404db0472fe69f9c8f631fea30704f9
e9f6690b8efcbd040affcdfadffdd50a1a0837ff6e067ffb6107e6feabf360feb80be2fe39fe4a0707fc73f861fc4f0c69f634f7a2f58f061ff956fbd6fc8507
5ffae60297fb3901e507ec02dff60300eb01f109d5f4e702aafa13fa3df40a07c406ab012f0897fc9c0a44f95d099afdbdf9dff5150b4cfd2d028d09030a3af7
4809e7fda8fc2103d40bf501effac60cac095afef8f6030734fa7f0782f8e1fe04016ef9fffb2d01cb00ea0b5908d2014cfbf70b3501a602e2046ff9570a0c08
620b740b2b02dd01caf73affabfdd703e20bb4f3a20aa40071f9ad05670aadf9d0f64f08370240f7ccfcffffacf95cf4bcfa5bf77509f2019104fb03d9f72303
87fea3ffa8009df6fe008403fc08210075091b089f0567fee6f6a203c706c4f39bf7d0f3970751f53dfe4a0a54fa6009d4054ffc27fb53f41bfbe2f842fe6d0b
000aab0be0fd9a017efc4c0ad501500ba6fc7bf46cf722f411fb0a005d04a106a20664ffa8fd41030005b1fc24097904e401a00420069cf6f4fbfa05fffb8e01
c3f601f79a0690f6dcf8d1000df5770176f883fbbc09bc03e2fca50483fed9fb83f3f1fc64000c06c20b15021109ff0a62ffd0f4deff6e052efef2090cfe3b03
99fef0fb82fa4efd7dfc260360fe4d0174f7c8fca6fb5df7dcf44b0b3a00cff8020227f502f8d00a12037309f10106096cfba707d1ff5cf73bfb9c039e019dfc
ca04c6f6ff008df81df7adf51605be0651096006cb0076fe1e00dff4d705e50b8cfa160208f4f6fbe900d7f5ee01b5fd1a0694f8b80920f68102e0f866074803
86074f05ea0b94ffc400230813050e056bf9f7f36503c90971fccafc2ff64eff220592fab4046df4a6fbd40060f6bf0a8c059f09c7f600f61c0a64f5e9fb80f9
a0fa73024401acf3a90800fe22fb10feb201020ac2fbf5026bf5590cd301c70baf0cb8f79ef71bf5ed020ffcecf64d0ad8fc25f672f3bbf3e9f950fc8ffa2bf8
cb09040218068900b40188f791f730fdeef32cfa76faabf652046c09050672fcb1fb5cfed708d80822fa010094fb1301a005a2f48903900b87f9daf5e8fd5ef3
c2f4d4f7f5ff1ef5b10236fc0a0122f986f40f0cf50ab50a880266f5a10590089200eefb6f0397fe5707fef43cfc4f03d5f75ffccdf8dc04f30b1bfa7f027af6
f6f9defafef81eff35f461f88d0cf6031df5a9fd3f0729fa7df567fb030b7bff0d075dfcc3fbedff5afa13ff850b92ff10fb89064c0bd30527f78400c6faa8f9
02f974fefef420ffc40663f6ddfa0302990764f59d057701a30c560adffe0508d002c0029ffa2600d00a9c0167f3e80a890832088ff741f4c0ff5cf35706a408
5805c809c1fece07cbf43c02590747001c033e091e0b76fe8105eaff2a0180f7fe08360b5d0be0fa17037efc1ffe2d058ffef3f7b7ff8b071d07d205b3f7bff8
f8f434f822f778febcf480078b02bffee60aad0868faccf38800d5f856facdf79305bc076a072c04abf32cf4fefc9af62b02a1060c02ae09b8fa3900ecfb8ef6
cc025a071efee00a980beafc4a00b7f4e9fdaa071df6790c2c0c40fd38076dfda306b50c4908430578fd8d0b52f4a5098f0c94fd35084ffe0f03a7ff6afc8904
cbf3860096f6d50b930c87f7f6fdf40237f807ff1effbbfe4f08a40326fdb3096aff81f898047cf45902c30cb90658f4befd8bf8fb0b410a2ffab503d4ff62f6
43fda70855f782fa810c9c0b28f7fd02180beffb17fd31f4c802930b9d08de07a8030bfc3afc9f041d09520cf1092cfbac08b6fa62ff40fa8f02a7fe550b9700
4b09880c4109fb05caf514072f0bc9ff5ff6f4fdcd042506b0f385f4680c24f96bf98af835fa5bfdbafeb1fbe3f582f96efd6205a509a2f72c0069fa3dfede09
1004830658f395f4aaf92bfb9bfe08ffc2f56c0c5b01950251fefb00fdf4dcf6aa063c08260230fde10b09ff21f8a60c25f449f928fc58fc22fd93f983f8aaf4
af04a1f35bff6afb550863fc64ff2bfb5005ddfcc70121fd9c0cb30747040ef82105450aecf78cfce6fed6080008f5f6cbf52e0141fadef607fc38060bfe9ff6
1b07a20449fc9af55ff3e2f3d20269fa99fc58fb2d0776fff2fce3fb85f738f57efb61f53cf673fc47f7b9005a00fff60e05b9f65efcf30323f7bbfbacf6affe
d1ffbd03b00906fce8f4f6f972f511fffd07460182fecefde608e5fcd7ff180b870233075df64203b3fb33fa99063bfa58f89306b40c3b039902f509600b690c
24fcd7f37f0c2f045b0a0ef7e8014df84f041906c10277f4e008bbfe4bffb1f935f933fcdffad404e00b9b00fc013309e6f3b70a34069005b709cb07c6fced0b
bcf3fa088c049ff9ebf60fff59f7b80a31049802fef90f001500f2f7f5f7d1fcb5ff1afb6a0b6f0bda02bd03520384ff9f03e6f4200bd005a2075af35306c5f6
c2fbf3f82dfaafff50040009aaf6b2f833fd8c0528f4eb06a5f4a3f795fb52099d0c58fee5f783fa910c510c7c094402adf95a055c03aafc19f7e8f410034706
5f04f60373f7950a4b04230725fc1c0b7afaaafb27f79cf7effbfefecf091901e4091b0532fc6bfb5cf4e80183fe1efcc6f6acff74ff9efce5fc2df4b80892fb
49fe36fa1bf85df8affeb5fd71fde0fb4e0b1dfecb084d05cd072ffd2cff930b8e092bff14fe810996f4a7f5060c4708a3fae702df0aad0b1905f105a2ffa9f6
4bfe72f9cef4d60904077906e901140b9c01bd01130a3d06bd08f9ff3d01160217fe6bfb5e0754f7e3fa20f920fa5cf333f877fc6df8200272fffe0b0303150b
050a13fe4a05a1f939fbeb0868f9ca00aef437f6cef77506cff40908e40a270ad1f45202ef08ebf7f406d0fb3af579fb76075b039d015afe74fb34fa3df83b01
6ef8eff957fe20f40b09eff83a04b8f40cfe9906edfd04008dfbcef602f900ffeaf479f3a3f67ff62905f404410152f585f9c0f370faf40301f45cff6af33008
af007a0324f978f3160caef735fa98f890049cf3740541f983fc9d00510c7cf6fdf89406ccfd6ef625feb50383fce0fea8febbfb20005203c505b1f3c2fa06fb
0ffe250a01f8c4f7a8fee1f72506c6f6530532fed9fa9506bffb28fba3074a0a43f89bf9220542014bfd26f8cc03def6b7fbc908db0a4ffdbdf55df83b0afbfd
3004ac03990be9fd18039f074afe21facef901fbcdf347fbdbf30402e607b60c2d025904a806e9f917fd65fbcdfe21fa7afd80f50d01270cbe023007b70099f6
460611fc29f9e7f6cafaca0389fbc20b15fc5d0baffecd0b04fdce09e007d1fb2e079ffbd7f42ff7a3067a09900366086f05f6fa7ef955f91808a9fd03f82c02
eff83dfe1df84902a10ba8f9e501e409c6f7a708abfebb0a0d05c20a6bf777f50304cc0b5afed7fc75fae3fa1206260b28faef003cfd13f71ff4c50a40fd62f4
9cf793f7da03e0f91207250aebf9010485fa7101dff6a5017cf7b5f59b05fe03caf43ff53bf39aff98f921f44af78b08e908f3fec10286f96c0af90544f7a001
3afb94ff36035bf336f528f9d70002098ef5960bd7fd76029708c3f8500c2a0b9efffff541f7f9f856fc2cfd13fafbfffa0163fa9a055c04c8fb62f76bf5920a
4104c9fe62fc550c6b0775fac2f685f61e0abb0b10064e08b108c70a660750051a0b76037c05bd026c00a2f6dc0641f658fd0bfb78fb10fdeafc950153f64c0a
9cfaa80ab8fd07f5f9f344f5ba0434fc5eff6304e3fe25f664feb6f49708d0faee0190f3ebf6ee006f078bfbfbfbdf07c906010612036c0a0f02410c6bfd83f9
4df9c7084ff530f64ef40107c1fba7fac10cacfb36f39c07050ade04ed068a05cf083202d0fba00520fa3600b5f986fe66fe24069d0435f590fb24f9fe024805
f1f66c0acef7d7f4d702d9f7f3f6e20a00fc0b09f2f68e068af6a002c8f909f7affbe9f83f0c8af89707e1f9b1ffc5fbbc0765f7a4f5fa05f1f70ef4f0fbd301
c7040d0b1ff7e80b430a9e01d70bcf031d0ba5ffb904bf0c94fdad0b9b06c40a0903720bfbf7dbf9f601aafa27f96c0327faf400fbfbce0292078af852006909
72f3d80536f70004edfdb6fe8205ec06a6f54309a1fded0152008b09000665ff9c0702058bf9c2fe41069ef95c03a4fde7f65705e0072cfc3902d7fa6b042cf7
35fd5701f40190f61cf9c9fa4207b1f9870be9f3bffd1f0407ffca0b18f7dbf6480608fb79002203a7f6db038509e0f5cbff2b07c7057f0640fa1f0056fa7b05
1901590b8005980ad0f9b509630bc9fdeefe44f792fa630818ffcdf99b0ba109eafedbf35801cafda90c630aac04b700d3f5fc052dff1df62ef4d80432fa2c08
7c06eef4cdf79408ff050a02d6077afbbafcd104ad058dfbf702e705c20256f83302f108d50b0704e40a1307a107ca079d060d0195feb9fdb801e9fa9f098a01
ad0a4907c8005c0a6afcc10cd5feccfcdcfd2c05f50326f58f0274052e0ad0fa47fbf00812f916056b088901dcfc9d0426026d03f9f97a0aa60654fe420416fc
baf9cf057d0a7207b2facb084f063e0951fa7bfe04fbb9f61e0cbf0745067004e4fcdffbb10b6cfc6cf81c0266fee5f8b90708052af58cf395070a0982fa5b0a
59f9ab04b00c5e08cc08470c6e0be6009f0b090a69f6f3fa0900ee070d0180f7bf012cfd300874093501eefb73037b0aa9088906d1067f0c090695fcb0033409
8d000404bf02c809c50068ff0df81cf6c8f9d701caf70e02d908b5f43b08090a270668f8390bacf73bf4ffff7e053cffe50003f6dc09e1f9d002b0fd1cf5cbfa
970c8efb420bd4034d0c71017bfaeb025d0292fac9063cfa300b47fbc1fcf10943f5870a530677fdd304abf98dfeb3fc67fc1402b0f729fba0fbc4feb4f86207
e7064bf50dff49081406c602650924fdf7f89002dffa84025204e908000c05f8e3fac2fa0e035bff11fdaffa45090a072b0679f7bc022d0a3103cf0b6a0c97fa
8aff31086106e205060ab30526f9730afdfa64fc60fb370b4e00a1f493f7b4f8eb0a0003e907e50587f575050bfa90070902bb0a22f579f6def62e0052007c01
32f9effe61029ffa98fc1bf88ffddffd560959051b077502fb03630cc1f8b80c2f00c606fa078f003c0176026a09a003def32a07fe04c2070efb4fface01c608
e6058e0cd9f3a003760a08f7a500f4f50e061efefd09cffbe800ad0bcafa9cfa7009b6095f029c004300a7f401fafdf314f853024c0562f5be03110aed06700a
8805c90b310a2304ec08c3f5e109a901d107ba023e058300c204d30bc7ff8702e5f391f37009b300bdfbf3f942fea2f81cf6f901f301d5f720fec9f5710a8f02
6d02b5043bf93802bc0b81f84dfcbd07a503970b48099ef8f20862f7ee00aa0819fb060141098bfecbf60302cdf456f46f05c40ac606fe07dd02b90c180cf409
2eff7c0cb608f4fd950841f6e6ffa30badf341f561f824f8bd040b0321f727faf3faeafd9dfeebfc39055d03b9ffc00549f40207c9f9aaf8c6fb8e03b40bcf04
e3fa74fb18f4a7ff98f8e5f64df849f37509cd04e003f403dcfc4902bffe35fa960231fa05f85ff54503b705d9f756f86dfb1304920540fd5e0c62f8bf0ca7f7
5107aff4310c2b0331f95d0265fa52f61a0aa5f8760416f420013cfaab03a6f882f9ab002d0278f8ef06520831f73c0c070739f71effdfffe3f92705a60252f8
cc0975f8070098ff1bf9080673ff21ff910345076d0a2f0212fdd0fbcc0682f6aaf9dcfeca046e04b2fa6e0c26f5390316f88b09a206420ce6f63f025e0abd00
981634066f0adf15bc1717fc06109e1ad737a1fb0608b501f61e2c0df7fb8109e0339515cff1490de61bc912311eb609c208d620ba082d0c00fe681bdd14cc0b
0300f9fa7c0776027a09100443066a0c350ddbf054185d0e440df91b1afe8413fd06381af0f35dfce91acf06421ae120910298ff5b23f909341103337d38ee0e
790075f6a91143000a06e101620aca1e0c1c4fedde0f4c049e10eb05980bbf18af0ab11de8e91016771611079efe13294703d6016f2efa0b480c7930522dfe09
ecfe7d061509fc00880773020705011ac00baee71a14ab005b117f0d50fed6052804ed1815eddffc0116d60654019b2294034e032e27f805a10e05326c2b3f0d
aefe3af7ba070dfeaf0250060c031b14df06e4e2651dd809651a500474025819a90cb2202ded04172111b108850f0a222d02a901d42d4a09900d34299f33fb17
4c0d49040b0519fa551065034a044220fa1752e0500db807870d3d177d04bb0dc513c11702eb9afc4e1ed404800ccf1c8b02b70c9a11e40ca10a56304e23db15
c90529fd581465051701ce05360f8e1edd1c70e3fa05550c0e0d8b063bfd8f101904401d08eca1152a19640968032a10ab033901b01d790ffa077b3666217619
2f08b3fe0e097f067603ba02b4068e34e90ac9e6bb03e1053b093d0850f86610b7079a150beab4fc591f590b5a0063128017d204e21d21ff4b061432403b130e
1c08f3026e27a9037e068e01fd0f6710ba0826ed620b81078c050c016c030619d206f91b1df733150d17dd04aeff5a1c820c46021521e80aae0acc2b2039ff18
7f12a2fbc20c780248193500f2069c15220ad3eefd085afff719e91a39fcee1d1c0fd01960f0b9fd7918b40eff127110c4054f10dd12280aa5fe952b351f2c20
c611fbfeb20a72fe3f0371010510e112540e1ef05510d8034a0dd206aa061e142f07be1b34ee0814cd15e806bc011ef9d8029704cb1cba0e7d0d32285021dc09
c52365f15e07edfc8c04c402180f5d0fd20f5bf5f314dd00a5136b2760047d293c08be1c4ce9dbfc2522d906ca018506df0154028e13891221047030dc1b0e21
1a10fdf6350d5d010d038f03230faf069710caeca11ee8049215ff084610371aec01b81c89e93e11b8112f059aff611a9803cc01fd1b7f10e20cf3258a233410
761a5df383075905cd0732011400ad15bc087aefa01dc7fe5e15a816e7fa87024f01851c0deabbfc2914b30221033d1fe70ede09ed142f10770dbf23fe1e2c0a
2c2028f95706d90859028b00f0ffc205b8040aed98148103f9225c108a05de28e503f01f33ed27123e14720ca6009413ca01fc0022187609a8002e18d32c0914
051dcdfaa304050300024d01840cb60cb7097df732169c0491166f137ffc6724d505621d45fa9401d6165508cefefff93b024c01c4175514d0060224ef2e1b0a
7715a7fc841271fff3fe2f005e071110122421f3100b300428192d0a35112e2b61002d2238f2de18a417eb12c5fd15eeb303ee017017171482fc6a29ae180808
29091506f61acaffb6029e072509e805ec148af7760dc9ff160d1210560d7c164d01da13dcfcb8fd9411c8066000d9eec803b402de08620c050b3126f60ad30c
d5152ff3c5219c072f035afe1007a40b9e0ab4fcbb160304231d710a4a00c32ebe07422431fb7a185d0aef093800d7017d03840424226e0b9c01fb29e9176113
a307e8fa8e06a1052909e702c4fc6203b50c29fbdd2522023b1b0f0babfef5218502cd1a0afb90fd7b057e022609a116f2021a0413272009870ac320841d8609
45ff64f8b30ec018fc0162020df44504270bbaf85b1e4506ee21140049ff731b3e0199182f0013143f01b4083cffd3184704e602002497043105e21e041e3705
ba113bf63e1d2f07de050a010ffbacfcf3088af8d9204e11b305550fc1f5e4360401401eb5feaeffce0816056ffddd0f0d00b503aa25cb147d09ac277724751e
f91a66fb88086b1e7700a0061af8c90a4209a4f5371901ffb52919018effcb2a100bac1bf3fb4314f20a2d15ef0269f433034f04141f7a04faf66b0fa50b3b0c
ae16affd05062c00ddfe02ff64002508930860fcfc285301b803db05ddf590275f039e15d600ecfd6a1219059301acedd601eafff113fb07fb07aa1382171d03
db149cf6be1e39104bff71ff6600cd086d0a06f7f41ad201eb225a0205fbac3f71056a21ce0a9012eb14dc181302ebed9c029a0278233a0095f68d161b13ef12
e2176001060756fe3001c20228ffa2179d0819f36e26e1094707400c83fb4c1dd10248126f0341fd630d21fff60151ef1b03a4038721a7067e07b521f51cb109
8632b9f39f1f2f0e7efe560aaffe6d046207a8ef0d28ae1097160f050dfd133471012e271af672167109261018febaeda30294028c20870de1ff17170d1b3b11
b23bd20323161bff1402f102befb8ffddd066de75e2e8d03ad12fc20bcfdee2e0404d01cb6ee6a01320a4c05d1ff5af4cd037006991d9b198b026c22a2231b1d
f72025fabf16e30043047013bdf6e0fb5707daf26c2a3aff200be4096603752a14040d1e5cf7011877052d003303460ab9033e0332214e13e0090a1b8c1a7618
c114c7facd0a75ffb303a7011ef8120f080698eb602b7000f608431597fc821f9d028919adebfcfd29fee703e3002d138a023a03391ae50c6a0b261eff28c106
6a1d2503eb0d87080101f906eef6f00d9505b7efea2dff07b4190c050b00c020ff08031f47fd3c1576fa0501d0ffe00581030007ae2e05032e085a1bf32bb50c
4d0d59ff0211290b5f03bf068ff2abfde108d1f4332c6f0c92181c0eff02ad42c205131f82fa3dff2b00be10c2fe58f44d02d808dc1cc510ebff66131e139609
1e19fb055a0fae04d114b90ba3f97400f40a49faac1e47fbe20ea0090bff962b180eca1bc0192712f50b2a08a006c7f37302ee02910bff0b66004b170c15b605
OFM 13 1 64832 24960 5e50c7ba
4efadefa40fd730c9b028b0a98016effc801d1fad504a60c95f9b3ffcef53c0658fa00fc14f8faf805fe630b3a01ca05620abff7fdf42ef410f71b0b1dfe94fa
cbfc97f62801d1f60bfa140604f93802b80ad5fdaa0aaef8fe0a660b03f66bf9c1fc1f042d0614f4a3077104660b0cf55d053efd7bf4040805f5bd00c5fc530b
8efa79ff53fa8100defeaf05f307220a02f603f94b0a3afc4608040849050efd910030fd2f001c03d802d4fcb40238f592fe6efb8e08c9008cfb910c9009a007
e300fd00f40b9ffe5403170931fe100c450798f7ecfb83f419fabb03290bea0047fa6e01ca0b85005df68a002afeb50b6e0c3d0a5f09aff4e70b15fecff77409
3df7650cc40b4ff9d1f336f676f7c1fe79f6baf99e0940015b01fdf5b3f4f9fc2ffadff72afbfc00e0f7cbfe7104ccf5b309f2f931f9b4f8420a03f6de075c09
ebfb030a73092d0c16fa270950097e02b30b4c0241fd27ff5d09720638f855fdd9fa5cf3a90137fc4df8ef0663f753046e03bef9d90921056607e9f9a0fd1f02
4f090a09450cdb044fff6dfb3df7270897034d0469fb350294f3300214f440f4d1fa74072401e0fac50177f5a60a4c088ff7ccf5c4f306fbbaf4e7fb3ff468f7
5b06e5f61af8dffa2605310118f45b0af109f0fb1b004af3230172f950f4d30170066ff88d026afe470446f82803cb00aa03360b810284f4defaa8f86305e2f9
f1faa4f31ff473f9250a670abb0a7f0b2200df043bfd10059afe28fbb40315f6ad0261f72ef55bf58901f6f8c307ab0a04f417fc7808230a70f8ce03a40397f7
70f3f801100714f4abf8bff52e05bef38c03110823fd65019df44dfc6afcfd0ba406e6fd3cfa5b05b503e3f866f5610baa0b00f5800ce30a1707290289fd7007
0f0456fec7f834f7f20317fc11ff00fe8dfe7bfc770206fcadffcf01ae03c3f3150446fec7085bfe54facb0036f5bffd9800490cfdff710059f96e0adb0bca08
2f0bd3fd23f57bfa16f880fbab051afaa102e5057701c5fcba01ca0a37092affbf01f203980ba708160486085902bcf9bcf390f413f809f7dc01050af9069ff8
4009e406abf33e01e6fdfa07cefb0d05b40a75fb01f671fa780385056206be028a05a5f890fdc70802f4def7b7fc2f0a0e09f20233047a061dfd530ba1070bf5
b20ae5035c03b4f6cf02a10095ff07fb2501bafb43fefa08cff798f95df91b00ddff3afb92fdab04ef073dfa97fd27f99306e5037af99f0af0f4740c0b049006
05fda3f6a30a180cc8f984fa7efd9af54d049303560a08f813fae8fb36f9dcf41ff87bf728fae6fa360521f68af946fe1eff72fb7ff80dfbcafc9b0c7cf68507
cc0537025cf6fbfb1ff43b0709fdbf09c205b00af3ff74ff720af2f450faa1fa0d0cb104f2fb40fae1fdaaf53d098aff27f972fb6304820421fe620554ff5708
a40240054cf385f3a7f9f30a4a06ea046afebf04e8091d090509ec0113ff610a36fe8a0cdbf5c308eef37e0013fc560cdc0846f5d8069ef47ff9d704cd0223fe
42fdb8008f04e80179011ffd2af8e7f6b8f6b4097b02d4024104d8f37cf6b504fafc9801b800f6f8010c9ef3abf9860948fa03011af7c2fbaff9b0f6920029f4
55020604e5f5b2007303f7fb55f7c90b31f51d0b9e02810b5b065c038a0ba6f8b2fd2df403f6f2f38307240169f3cf0395ff8d095102190851f50a0537fb9505
c50242ffddf4ba07ed03cb028a017c062e08b7f99cf8ae059c0b95085505ef0acef92ff9280658f97e0697085cf875f306f471016e09a3ffbe04f60b9901e4f7
6df6da0bdff4f906690002fb47005f00120c770069f35a0cbe0303fddefd6f05f204bb09df039e05e90995f693f41ef6d9f581fdc2fca2015d0072f6b9f3050c
e70419fbe4037bfd3cfd0afbaf02aef55f0be8f6540397018f0bcfffc4fe3d07e3054cf46a0964f68ff779f8fdf5d1ff770971052bf9fff3e7043402b7009efb
9fff3f00a301d209a9f64c0436feb30609f736fd89fedaf98bf8630b66f7c0044e0827f4f7f5020342f52108410488f82cfbaf07d3fe1efc36027df99c08d4f5
3d084102a4f90cf40603c807040578f500ffa000bc000000c70ad9f6550b0401fd0157ff320689f5ff05c6ff2405f608be0c24fef0f33bfb15faa90484f55e03
6cf9240b7af3c4f78bffb1fa63fadefc6cf9e3ffa8fe1df4ce04160ba8fbbf06110201f9750b2ef53a0598f6ba0b2d09abf91401a80bb50b31078d076e0666f6
14f81affb0fca106ff00d7fbc60470f4faff6c0a36fc4209eefcd802c8f53bf6000c9c09aaf8dc068d0b5ef604fb71f4ee02a4f7f8fafa069901b208860584fe
a10ab5ff3a02840c4f02a00947f785f632f48204d6f7a30207fc220804f97ff38e0b12f4adfd960595f88df47c024602cff86f08c4085af77901d7fc640889f4
2b0373f4010cf2fa1c059efe3bfc3f0310fc39f9d7f9120ac509a70a60f9ccfc8effd7f9cdf450ff050bfcf8b4062f0b3b03460602f526ff2c09270b01f62ef5
d1fd8d07cbff3bfb41f6ea079209f8037908cbff8d014bfec3f64ffa4608420091fa050459f4c104e0ff85094df8affaeef5b9f87ff366fed60a7c0186fa7df6
2c09d002410901ff87f89705ed0b6ff771048004d309db0996fe2ff80200d0f548fca3fee207320aa6f676ff37faa5ff5f06f4f807feeffdc20668f356ffa205
9cfd360564022e0a09f766f5e7fa55033efb0204700b0b0b62f4a0f4ecfbdc0af4f7a305cf08390416ff5bfe4bfd39f4f507c9fae7f884039dfa9cfa90ff3bf8
f8007c00ff02600bf90b72fb5302600a8c08730c91f41aff66ff1bfc5cfa66f5db09f908ac0a860116fa7df69302b301b2faf50b45fae805930704fe0309d501
6a0c7df71f0284f98b01bbf443002efaae04e701d90a82f893ff1e023c0b9efb9500baf650052efac002520243fcd50524fba6faf7065afe2f0a9af626f70d06
5ffd33017606870b1b034c08b9f3480a4605e4097a0854fb4c01b0058f034ef327f55bf979f8d8f3cc04120a5df441fe090b35f8350772f7e80177f45ffca408
ca04eafebffbc3064f09a8fb4df356f9eef832f9d500f50150f8a1050efab0f3cb0275f48bffc1fe000ba4004ef918fbac01acfeb00b07fd3c0c2cf4e902e904
9cf7bcf807ff2af8f6f487fb4afdf70664fc160c49f4aefa32fb380c98fe18f87cffe801f308e8078efc7a084003ea04c90cde0816f84a002400b9003d066ff7
b1f62df458f57a0a8a0209f98903e005c90585f9ed05aef976f92300f4f9aef7c90908f906fe1ff5c7f67c0bf1f4e9fa59001101c30b460432ffa508e6fd1c04
e000dd08510a7600eaf5c70a3a045dfd30f819002dfe17faa20944091af728036a0753f3ac06a60aa008baf914f9d7ffb3f698ffde06a1f82bfd30f667f73502
0ffb4ef7b8ff85fb10f8a107aff4800bf5fb5707050c5e029309d1fab5024809a304ae09a4f67d031ff6de02baffbb09a1f44f0cec04e10be802f60b9af4d406
9d0a2d03d1050201c2f717062a08ef0b6c03e5fab9063bfaf103cb08d4f7e9f43c073ffc23fa850b43fa8d0ad503930c5dfe4c060b070df428f4dff56af5a605
980683f389fc2df7d1ffc9f668f95403a603f2ff0e0936028f06b2fa36f67ffbe3f8d708bd0084f97a0aca08390188082df714fb6d03b3fba6021f07d1f89d08
8e0a6504d209a7fd8df405027209690ca501c0027308bbfbdcfa3cfc3d09dc070fff0e01dcfd2500b9014dfc290b41fa92f359057cf7450332f6b4fe3707c8fa
f5f8aff49900ebf740fddb06e2fd14f73af9b60549026506cefba805e0057501f60936ff0904c6fb3ffe0ef4b9000effd80087004b09ecf63dfd0109f40246fc
060591021df5500b32f9e5fb2e071906ac0c6102a0017f0306f886fc1301b4032bf4ec02fa04b104ed01e0025bff0f0106fee9003a09dcf90e0290f5a3fcf907
2a0ccffbe3f543fadf091b0107f7b40a6d0b420866fbebf584f9ebfa68028e0188f39cf5e9fa9900dd00930192fc85f4d1f8b3f34d0bddf64705f1074b02d3f8
36fd74fabefba6090a0ca904b4f6fb0a23fba9036202ed0523fdd8fadf0695083809cef6f00a39073ef37cff3e0194f558f4e8fc5b0c4ffcc9f3cd031bfb9008
b7017efddbfdad0a6dfa54074c09dcfacc0412f618f5a20c1600a0f7cefe170092010ff7f30982fafb09a30aaef40604540033f7fb071afd100c9b056d0b8601
720a4cfc3209ab060cf7f5f966fd27f71906fef491f91d0c180a7d0cdbf47106930b88fa820b02fa68f883f3a8048e04fbf5fffecb027f05ba07d3ffc608c806
63fdbdfe9d03befb23fee90363f886fa77f482feebfb7a041f049702e400e9fe3cf5d7f56f0101fb5a04c9fbfa0a53fbb5fb09f508f4adf414012ff4640c6a07
a2f829fa1ffab5053b076906fef6e4fe64fdb3f9680ad2f93cfe330792054af41bfbc301c0f893ff54096e0968fedffadc01730b4d03d8f638fdff0942fb0af7
e1f429085301ddffd8fd72039efb1cfab2f4cafecaf319fa6a008c07d2f5b8fc42fc8df61cf716f5db0504fba5fa450c5505a9fe0f0a8bfefe0a350b7dfe5b0a
70f5c8ff20fab0f745fa0708880cf8f88d03c9f99df4d4f7f9ff21fc59ff6f0499045afdebf79d0c820b29f8680b0507820bcc0bb8069005630aa6f539078602
a8f468015df7c704b8f5d60864f43a04cbf94d00dbfbaf054408d7fb0e0a1300c20a910ad10228fa200658003c07e9fe730b510adb03dbfc05022f05ff0a0304
86fcebfa900555fcb7f677f44cfb7bfdb902300a6307c30b3a0b24f42f0b5afaa00bf8f624fe460028f5090a8b05010cd40ab0f4100bfe05e5004108ec044df5
1fff3f03e806c6fbddf85208420515080d037ff7330ab403a2f8350315fe180c1ffaf2f6950105fbc4fd11f56cfd19f7e803c501420c68fa6b0376fd03fa72fe
d10a77f638f69b066f08e204cff547f744f960fdc70c4df816f68707ed096ffda10cf0095cfb63fff707c90ba8013df379f3cb0b36f7fd0765046efb3cf45301
520c10f68bf5d7f78304f203ee0b19017c05b5f4c5062f05420b5ffed7fa68fee50204086708bf05c60398f40b042df89104edf8c80b5a0aa8fdf002a00a0c01
d8035606d5fa8207090723fa7cf5cffa41f6cdf707fe83fdc0fee4f986034fff830a000053ff3402800b50f3b706950625fc5afef903acfcf0fa1ffcb8007200
f10b16fd0afc27014dfe4b06a30299f464fdf5050505ce04b005db08b002fff30d04fbff54faaafbdffa6b04bf003f061cfa06f464fbfcf50c04290bb5faa901
6e010a05c1f9c303cff67efbe4ff7cf6abf5c206de0a94fe170ce40907fd90ff20fe2cffbef5f30a74f6aa059d099efceb0818fa97ffeb0197ffa3f51c09fe05
16013ef70cf949fc74f761f36dfc1e0414ff12016b08220611060803d20767fb1807da024603a9f7adf657fd9c00d0fbce08c6033bf59406a6ff69f68b0b7bf3
56f518fef0f5c0f53dfb00073bf77a03c70a10081cf8ae08d60410f421fcedf8c00072fa28fb2d0561f440086ff31908bf02cdfcaf015c069cfdfd06440975f3
0cfdf704cf0793fb02fba2fa3eff700be9f90d0784ff9cf45ffd3c09d60579fa2efe74fa0dfe52feb7f6a40252f997f98df96308a30a57f7d4f5700993fb1902
3008dbf631f647fda80bbc04050b640229f7acf7940828fbf8032cfe0304e701f80881f86306de055406c101e8f95dff4af83ffa3cf73b0ae1ff1f05f203cafd
4cfd1e0291f41efbc90b78f717fb2dff6afdacfac4080afd1404780c1d0bbef791f87dfc35ffb70b10f70ef91a03bb036efceaff4efc7a07a5f702feee00f207
99f9b706080c11f81006ef08d2f7020578f49e0aa5f8f4009908d202830517fe2206770b9cf7ed0baa068c08cc0b02f412fbddfcb5f9d0ff99052bf56e00e4fa
10fe0cfb8e053907c904f5053102f7f360f8d8f8750160f32904eeff61fa48fe84f328fa57f3eff766f63dfe9b0039069007e30555f363f90e07f6fa54022b02
4fff8209c000dc03b801e7f970f985ff50ffcff7fef39705b70272fe9007d3f4ee007c040a08d4f8bbffeef9e0f90d04ebfc57f930fc3501700b4a06bef5f4fc
d101720c4cfba7043cf91cff9fffd9ff9502ccf374f36b00e6f331024af60b03c903da04e70bfdfb67f50501c4fd2701c4f61ffb51fd5ef966021c05acf95c0c
6e06030c78f8d60430ffe5f60a0139fbf100ba0791f461ff0af8b7fd3302b4f6adf7e80bfdf7790b9e06a30a02f9ab0a5afcfff49df45f0af9071bf73308da04
70f8e4f7e7f4690807040afd400677ffe309960b24ff13f4a300ae08cefac40224fdef0821f67af7e5062103e702ff0bb20054fc06f8bd02cff46f093a00e10a
0af8a90cfbfb63f3f9f638f31408f50934fb2ff943fcb30531f6f6ff050a30008f07aa0c22005f052e02c7fa7f059d0c9bfaadf666f4dc066c0b0bfd67f850f6
f3086b09fbf77cfc04f7500acdffb50764fc89fb63f9860828fe52014cf976faacf9320a790c07fd700cd6071a0c61fa9ffe30fb6402dc030908220640f857f6
ca05ff049cf4ca0127fb3904cbf842fddb0201031b01bf09850aabfb23fefef43506fdf67ffd8cf7bd095aff64f5b20313069703800caa02760898041d0275f3
b9f383f75cfe10015c06a6f440f9e3f42208dcf486f3e10b78f30d08befe94fba4f48801c4f86406e5f4d0015e00c5f335f6baf9a80164f5cefda80a2cf40df6
1cf9b208b6f3f60499f6b60669fa95f4be07ac05e7f8e00587f8d80634f5cd0173f7620123019c063efae10a3bf7930c7cfcecfa740a47ff28050509b50694fa
1807b8fcf6047a047a059ffe18057108520ce3fed70483033d0ba101b807100967f881f63c0bd9fa640116feeefabeff1b03560bd90aa6f6510536f46cf5e308
aa0891f32900b102a3fb1df408ff77075d0551007a0646041afb82fa1e0569f4ed0739ff040457fe490476f96703130a08fd85fe2607c2f606f722f633ff770a
e5f723fdb6ff0bf90606a401d0fe1efb3bf411fcd503200547092bfe77fb6409f207c3f8830cacfb5efa1202b1fc580290f6d70318042709d4f81d058cf33c0b
f6f38206b40a6c08a00b200a28056208eff63cfdbbf58304fffb11fc120cf20312fcb30b2af9ccf58c0b3d057cf440ffaf08f5fb6201ad0ca60172f8d20170fb
cf0ae5f92efc910900fbff044ff6280369002009e500a90bfefa6b0c500b74f3b7f9d6038201e50a79fba7070e0aca062dfb7006bf0b0a0c1af65f008a0605fe
fffd8b02500045f49109defd770ad6073a017ef30102e807200bf7fb3a0644f4ca0105fde1f5f0018cf6d5fdf3fb020655fd89058304600427019cfbe90b44f3
18f8a5f61903690324fb08f5d30adf0baa0063043705ae06d4f5c3feae06010a9af954f5effa03fb96fba9fe3bf75efe8df59ef72f0258f829005b00d609ac02
3cf4de097ff5a80720f8ecfa38061906caf881016ffa9ff81dfd57fd2ef646f5b0ffc3f8920c58fe6cfc60fcab00990356096af7d506d50439f892009c0bacf5
670658fcf5072dffb602db09f80b03ff61f9c0fb64008a0c870926f7faf3f50bbdf4d6ff46003ff58c0434fb69f5a7000c021b0afa001505de05c6fc32feb8fb
1204e7fcb80538f73e0ca4f3d9f54c017df53a075e0916ff56ffcff7e40691011200e3f7f30534fa89fc7a065404c00393f826082bff790912fb920a2b0b4cf8
abfc5704e3014808fbf47906cd08160799f4b3feb80138fe7dfa3d0235f77202bdffd6fddf0436077ffc0700dcf87302f60250f44aff9405990353fa42089509
f10002febafe78fd32f64d001807ba06a5fbfafe47fb36f4090ce0f336f78dfcec01a6fcfaf702fafd0b6ff6bd08bd018f0602090d01f5f788065a0296f38ef9
790572f326fd8d075e0083f666f4cf07450707fb6609f5f6eaf818f4f4055efc470cc6f4a70269f6d4ff2d001ff9820512f75ef74af532f89ff8ef08d2f725fe
8eff5bf3290b87f546f3b4f331fc7f05b4fe72032807e50bd8f36b030f01ea023a09a6042cf8c4f3b80bc1faaef9faf918fd4f05c8f5caf7be0743001302c9fa
01fe69f4eef76b08e1f3870b920b47fcdd043b0796fe620c9efaa001090900fef008010438f6c009bffe3e0bf3fc0706b401d6f4a0f92f02860375fbeffac301
6b00900281f3cc039b0522f7370267f5460147f832021efc4af90dfa8a09a6008ef6eb08180941fc9d0a74f31b0010ff9703a800eff5b00b2705edf636f64cf5
c7f3c508db04a30b9e03130aabf970fa6b093508650690ffd402bc001cfddefe9cfa630008fd5b0bb009f6f4fc08f6f303f975f7a004110161fceff8f1f6bcf6
acfa4d08b0fd1cfc69fa6c0180084e06adf804062cfbb6f4bf060af4620c1b069a04c10852fba6fda0f452f4bbfba6013afe50f39e05dbf817f66a0be6040003
62f3e103f9f5a9f3f402bdf70507490bb3085b0a52f6ebf8f10bb5fde2f7b2fbf6f63a0ad9fef0fca4014afd44f4980622063c0532f71e0cff0167032505fc05
a4f498f8b5fcd00bd2f571f35208c90abe04f608f605c106f0f74ff4eb0a0307d505cb01abfa9ffacd00f7f9b5fd0403fffe0bf4d20844feeb0a8e04fcfae50b
f500dd08cbf62d00910a9cfe2ff968032df5e204ed0158025e086dffa7052eff90f53ffeea03f90bf107d3fbe4f4dd0a4c0332f8ec0a3808b80aca0cbc032008
9ef693033afff3feacfb3cf62409e207d90af1084706f808b4ff0cf475ff3ffc2bfa20f4fdfcc40230f5fb025bf8f7fc8a0a7d034af9c3fa7afde305dcfc9508
bafb810a6407290947025b0adb06f808d1fab0fc5dfc0c0183f8e80244fd3800a705b2056df7d7f6ef086e0215fce9030bf9f0f5e8034b0c12ffa80560f47203
68fc81fdbe07540b3f0cdf0b2b053602e5fc23f7b4faecfeae0c1ef662fcee05440baffe6cf76d0766fc2bf6bbf87cf8a2ff5efd60fb8b06d5f763f53efe7000
29072d028ef448f4a7f88a0a14fbfff5580c2efb9bfa11f8650b6df81bf5ae07c9f953f7f70ad8f76d025a0692fbd6f4740c7bf57af678f3da0a95f81c0948ff
5b069b08b6f66e0a9bf649f57a00d6f47b0ca8ffabf89f0409fe57fb95f804fa7f034009a0f5b0fbda075bfb37f90cfdf7fa9b03c0f735096f0b590cfc062d0a
2c0cb5f7f4fb00f76b0601fcd503490740fda40ba5f3b009b20640fecffe80f44b0b250bd3057afd9c073205f6f424ff68f6490c40077d0892f6d9f4e30078fd
e9ffeffd99fabf0c5900cff993fe16f9bef37504f0ffb9f94808bd08a4018f09a90807f5840ba7f38007ae04a4feac09aef688fca00ac8f811f809f81ff4c8fb
2e06f20986f41bf8d3f4d8fa40f997fb740bf70a55080dfd300094081bfd1d0548f8910843fc8a0ae4fea4064afa4b01ed0254041003ce000bfca001340000fc
96f55afa5c0cbdf85ffc12fa220bc3fd830b730825086cf5ad0bbcfb64fab0f78200f803b8f983fe8c070cf7f3fcc10002fb70f5f3f849f723f48107a1ff26f4
7c03effca5f6ed0168f7ecff0e0b8304b902f40595f4020489fa1809ae066a0149071bfda60cf2fbfc0666fddff862fe850ccbfe4200b80cc7f388f74cffa7fb
9ef5e408780356f85b015f0a02069e03bc062dfa03f473f95c0429071006ad038ff57908fb0848fe30fe72f651ff770a31f9dbf9360ad6feb603a20631f71af8
3d0c75087402ddff4efb2ff6870bbbfa1503a4ffa9fe190b5705c102cbf9a704c002eafba10a49fd8804e8f422060604d7f547fba00946f5fbfaf00842032afe
e0fe11fd8e0470fadcf65ff38b04c60a73f6270c1afffbfe8c0398f625fa1ef7eb0b8ef7b4ffde05daf744fc7ff4ccf5effc23fefbf4a70ca1ff50f343f663fc
760a2a095b09ee03dd09f1f3f1f4d1025f0759ffda0289faf6f45d0267f79bf6c004940b990a8304c5067ff6f5020604cbf602fa1d0aae0636fbb002c0fc9b04
2d0414fb5a0aa40ab0f3bdfff0fe8b06bafb67f591068ffaaff4d7fcb40a08fce1056dfc7bf932f770f82202f3084006c508f70872093904e107880958fc6501
3efc3200cdf8140589fd02049705880443f57cfc2904ad05d6fd48fc96f635f7bf0a83fc62057d03c3f55df617fdb60a4eff5e0184f5ed05ccf803fc3df87cfb
9c051afb09fc6c0670fd8309f5f68cf9e2f890f80807770b58fc820cb801600085f66108ae059efe4bfd5209a8f7dcf887027b04140b0a05c4fd16f40e08e7f7
ae001700fd02c3fe54fafafce905adf7cffc6afcf1052e00df02d3fbd60842f4d2fa3dfa07f725050c04970c89fc97056cf64c06a3fe99f471010a01b30bcafb
ca070dffebf5fffe90f4f607faf6400637fe43fa00fcec09a6fb5900b909daf5f3fd360659f948fa480742f59508ff0badf7df0763fb2f0a350cd4fe2e0c62f4
530bcbff3d01da0bf4fac8fb72f8f70533fe02f93401b2094b0b57fac6f9edfdbef801f82f052af7faf759099d07f80ba802f0f9e509db00de01d3fbb3f82503
6c0b4df76400130937fcd9f575f52d0ca7fc45fd870c560348f363f402fc53fbb4fc6a0c0701d6fce5f7a209900542f456f73dfd92fda60cecfa0405da031100
81facb00680a1cfe8cfda5fec209a601dc065b05030a26053601ad01260560f7c9070efe8cfd370663052b0879f65f0032f513f60ff5d4fe81f52d0cd3faa30b
f6fa37f579051ef90d065cf350fa47065208ee024a0354fef808590732fe270bad09bb0784085df724ff07fd7df7e6f607fe0c018af594077ef3550cfbf5430a
8c0915f73206c80898fb2f0115f5b6fac4fe130189f96af4280bcafe450c82f452feae03e0fc4d04220aa50bc7f61bf97700e0ff7dfe81f683fa05f89009ef04
7f0810f906f9bdf85af5010baef47303bd059905dcf3af0b22f59ff95a008407f80ad4fed8fd18f4790c72069606a4f632fa3ef9ab0aa4fc980ac10bc3fc6a04
3e0a1e0c75f66ffd85fcfafd12fa2501def4d9f520f8cbfef2f753f5900a2d0c50f303fcb904820a32f67507f30938f3c1f76aff27fd91fccafde6ff3cf7b400
5cf7540a1801bcf94804e403ccf33a0862fd43f9f50624007df59cf47efcc8fd56096ffd33fe75fe3a00860a750803005ff333011dfcf7f55204ff0372fe0af8
e40278073601b60a53fbf3fbb7fb3b06a307ec0532016b078807c70c4300ce0aa40c9af423f75603e8fd32f7edf563fc67fb74fdfbf7af0a19f66e024302e3fa
940729fe5f0140f957f625f68e0082f4e8f34601510b67fa810914f587fec60a37089f0af505caff230433f400f90303a4f754f8820a09068ff401015affd3f9
360b28f6b5021cfbc00bae06d3081903cd06510bf002a502b006a50a5206c10ce9f6ea05850a620b62f59706370a61f5fffa2af6dd02dd03f0f55e0c2d01b109
7dfd33fc2bf85400b8fbc6fc3c018e0047f8bff49df5df01e0053706b0fe40ffd80445058a027c0a770a6f0ac1fee50552f916fdadf6c90936053e0116fd6e08
74086a028e0663fa700b500bffff85f362012a085eff00fd89f6a4ff5e062c0284fd1ff96905def56dfe52fd7cf90108430308f6d4fbaffa9dff44f702fdbaf5
9efcf9f352f5e90a26f84b09d2fc2b0842fb26096c0b45f7e2fa22ffb2f435f31b0c35010cf810fa5d09bc0830f6eef407f73af594f967fddc0176f81ff853f8
f2f89f0b68f407055503effbcef962f993fac1ff00fa85f659016c05f8f5c6037e07e9004eff7203e7fc830a7bf6b9065cfb30f8f7f7570a83f6e10487f5250b
390021fad8f6f40bb307d0f53406d200d408b202acf32b067efeacf3bdf3d60af80a4a011afbe2ffa7fbc20205045d07f8fd9af9e1fbd005b7f4cff5ee0819fe
0a05c4027c02e208cefd900a22014bfcdc06cff9940601053af560f6070a500ab8f3b506280abefe1008030399f874098708f5fd3a051afb8bfd89fd4c09580c
e1fb17f6e607b3f523fe010531fc2407c9f38c0528ff7701e5f79bf89e08bc0669fbacf9f1f3c1faf3f64106a6ffa6fbeff5d6fc52089df6c108a7002dfca408
c4031af96606a4082d02d7fec5025bf5baf87cf606f8d30611f9c40aaa0b23fa680a80fe4ffbfb0b45f3cf0436064d0b94fa1cfeca0721f5e7f3f9fb2bfed1fa
97fde00748fd41fe18082a03740ab1f659f7bffa3ffda7fb68f608fbe50443ff74f879fa9909660b1904860615f86df4e1080503c2fc26f58e0578ff5a005703
b102a5fb6c0768047df976064cf8270ccb06f2f4fd07cb0a03feccf8250a6d0504009d08d5079cfef4fe0c00fe0376f7d7f4dff3c1f692ff8f025c0692ffadf7
60fabffc9bf9a8f9180174f40d0b6bf7510101f5edf8c101c7f330f89e087af7bb0c80f345048503aaff13ff4b086bf653f8ed026f08480524f6b5fd7efa4606
06fd50006d039df82af6c8020e0b95f499f3430c45ff4d0ca509a6f5e207df0b0ffc97f4ba063400480c6a07f7f6e3f71bfef1f5d2f5d1feaef4a20287f7ec06
350497f657090afa59f7de05ebf8a809a3006005b700e7f3e0fdb1012505bcf498f573f795fecd04cff80c0a81087c02c300bb08bdfcc30ac3f8e3fa910a840c
7708760264072af8c90153fe31022a06c30145f3f4fe8700fc0838fc63fdc3076203880272fd9700fef5630101f8b4fed6fea4089207b00c6cf7e60458f537f8
2d0271fae907470c46f696f8f4fb4a038fff0bf78400d50a6ff558fc2ef9e50a0105ad089f0468074afc4ffcf506490ac3ff92f906f86ff830011105b5f5f204
9cfd500ced04180bc9fd72ff9ffd1b0bd2fc7ff4950b050458f6a2f47ff93d0207fa1df466fb23f7a50b1ffd8506b10adff75d0bef0bf9f8d20196f521019100
0209370936f6e804d203050b29f625f49a095f0b1e088dfde8ff12f6340997fe66fafff3fb04f402b604df0a7e0298fa6d00f3fa6409b409f604adf5ea028703
b2faea06ab0ba5f837f3f2073afd4c02840941f44f0306fd0b038d04b0fd7ff9fdf675f85c0b530337f692f7bc04f5fb01f931082d003909b6f7b40a4c09b4f3
000589fc720abd0c2ef582fe51f6a903bffb3f005e099cf9770ab6fa9df8d20bff02c702c90615f5090141fbaaf7b70b02fe3205ad023cf328fe8505ec0a0ef6
41f55f0061030108faf7d4079109aafc64fb9e01a6fc58f889fa77f858092c0a5605cfff5b0bdaf5d9fa6c075afb32099409e2f65bfdc60945f7170029fc99f3
6af4de0aa604dafc9f025aff770869f586fd7d040e08470caffe5204beff34f6cafcf30494fa79056cfa1c063b0a7afc41fb980676034a032efe0cf7e209a402
77fa98fef8f3bb020400e50be4f69ffd8dfcc7f397fb91f5a6f74cfc9406980a7a043ef8510124faa0096608050581038df5b60b450a98019d0571fae40487fc
e60808055405b5041306ed0919f8dbfb75f7b2f965f7940382fad8047af86203be01befac5016fff3cfb60059a0bbff746fa50f3e0019d03ddf50009c9005e09
4708f900f7040a0b9ff993f4ecfd0c07ac0ab6fe58f39efe490a08f5abf58407c6f49d095402a0fd5f07c70adb0113fb75f43dfbfd060af880f4abf6a3030402
8e067cf704ffb4ff25030509a5f345fc6df76e0876fd0ffdb106ca0a59fba1f32efc000453f4e3f9800ba0f9c7fd9f0caf0c410548f39c02bef3c2f3a9f6ccf5
bcf7b1061807b5f3ef027d0be3f5ef032f08240bd7fe300ba4fcacfe0b0947f7bb0be407c8f904f763080b0a6d0260f874f9b308a4fc4e049e08850b6dfea7fc
74f4e4065bf8f1005401b3041d0154fb32085d0227019efb7efe22fcf8faeff7fb07bdf8defd77fa73fb1bfa7900e90a1601b2fe60fcf7faf5f695f59bfc04fa
58f372f6c5f4ba09f0f8ba00c7f3800b8ef331f98904e806ab089ffc7afbda0b24f6510122057ef8f2fee9f4bff8530c37fad0fb4af7350740f6a8ff0efde207
910a3e062bf4000b7dfc09f8f4ff7d0af901fb0b350b3efeb1f33708f9f51ffcd4fd4f0b800386fb64f4cdfc8effcdf99f06af098c0a12ff30fad7f6c5f91d05
be0a3206480a20029a09a4fab50a3a0b8af824f62909c00391044ef411097c0b2efc6d0a4af5d100a40cbef50001e5fa52f697f998fc4d04f4fd4ef7c3072e09
f8fe9bf892fe3cfe840bfafc9b0a93030af780fa90ff2303870615f4d4f6bb0436f477053bfb6df5edf33b06810778fadff45705f602f1f68f09760444f5c5fe
c9fdd40681ff68ff7efe34f72003e3fc9e072900fe03020697fa670a8400dcf3d9043af7a00b11f943049602fb044ffd4bff770cecf3a305fffe180209f41d04
0a06adf58602a1f968f72af56203d7ffc006f8fdbf058ffe40f4f9078402730a810c0c096df3340b30fa050c910529049bf7da08f8ffdb0a240b8b09aaff9b08
96f3c70b21f6150b3ef6dcfa9c040ff6bff5cffb0c0b660874f6b2fb9900a5fa8c0af90185085c03c5f6aaf7d1f91bffa3006d025df62f0042f75af35701adfd
7007d90396f690fa240bdf07580b74fbac09e00a83ffbbf5daf7bd0a93fdabfa87f9da0a35fbc7f918fb9807f80bacf944fcfb08e9f8c5f452f41d0673fd9f07
65fde6f6e4032000970be808080cb7f48a03ce034cf63ff34afc4b09cc0aa2049b07bcf642f419fc08f4a9f87ef51efcfbf91e0ccf09ca08e7f98206a30ce10a
ddfc88f755f7e40730fa470a34053afe83fc9d08f9f8e8f76b06f802defc46f6a1f47e077c095609bc093effd0f4fef93c0cd1f6bc0912fc5d023cf4a60522f8
1e0852f4b60cd2098204f1fc820c17f667fe3bf98602b00a3cf6d5f584f8640c7a0019007f032001c007340ad0ff9602d7fe860819f8c809abfd46fb3f028a0c
c1f8a807dcfb9206fdfd0e058809dd018606fbf496f979f331faaf02adfd8ef989f4fc05e9fc72080ffe6cfbcd042804dc029208b00337f5920b21006e00a809
49ff5cf469fc59fc40fd07fc3cff3cfe91f7be0426ffa1fbd0f89d0807fc7a00aa029bfa53ff490b21fd04f9d609ecf8880a990cceff5b04e10701f7db0a8501
b8f80c04eff735fd4ef8dd0183fd320417fb0b00c502f6013ff80a09e4fbcaff43017ef679f8ad047bf8b20612fbb20930fb1afaf1049701f5ff93f98704810c
52f4c3fb83fb49fc35ffc8fa68fcccfd18fc5ef535f561fbcd091c03b20000f5abff3b095bfd8bff21fdd6f42c0594fd94fce4fc8dfc260aaf06cd06edfdb2f5
24f4f9fbfc0025f8b6095ff3370157026a0b4e0a9f04f4f4cff3d8001df54a07560b8bfff208bcfa850a820007f7890bdf012afb8f019b0014fcc402cb0a20fa
00f615f698069005440b650869f695058c019905380c7a0038f82802320c3ef86c097e04a302a6fe45041c0472014c032ffe350394f3d708e002d20306fa82fd
b108f80036093dfde1ffdbfe850177fdd1f92b0ac1f916fa0cf8ebf87dfddff3a5fe3eff10fde802490933fa3a06abf351f45ff4d6fe10f83103d9f316f947fa
c3faad0868f8def48508d4fb0a012ffbe4f8e4fd17fceb0b0b0480fd6404d60396ff0efbedf63bf91af705f42bffdd06d5f916f7adfb0a0152f968f592f9a4f7
1803120874064402f2044bfde30502002c0a82fcfef8360505f60af70ff60cfebffbfdfdb4071508f9f87006e902e108b3fb8f0308076af94afde4066bf8ec07
5e0a31f732f7d1fdb0feb0fd250ae6fd1409ccf6bffcd309d30898f5d7fab3f4fe061709f8f8c30289071a0346f72b0ad00a08f930ffa3025304ddfe8b074509
bcf686f845f3f6fe5ef381f7c2f7f0fb83fcd506a0f7280b8f00d30ad2fa11fcdc0432fcf70572fdfc0861f3d90432f4730005fdd9f441f93b016b0b14034a07
7f02c5fba5f870016d0a8bf738f78df841052df568f5f20810009ff9f0fed6fda4fe01016ff3aa0794f7150141f7680b62f7ff00af09f701eef43304c206defe
b803b0f5fc00ba07830779fdff0004f594fecdf34b0036fff80130f760f47c03fcf707035bf9da0bcc0805f4460146f60e0c2f0af704c5f4d2f33bfc0e08b0f7
880069fcc9033df32203f70965f495f6b9f3ae01ae0c61fcc505b4fd730575fc1d06310a9400ad07740b48078df3dbfe92086cfa6bf5b9f38c034f01140a2b03
9400ce078f034709dafb1c06aaff1fff1b001e0617069f058100970614073ef8390821ffe501e606040c17f6540b8fff960be2fa1701c4fb31f920fed90bd205
33fa84f8e7f908fef1085cfd0006cefb5a04dbf67e0c1bff1e06240cc7f6580bacfdb6f7bf0b10fe1cf9f504ec016609e10959f4d8fe76043c06f50072ffce02
72f30400aa05daf8d202c3f7b50352038105e2029d07d909b60abdf54fffd8fed70b50f43effed03a0013c00ce06c0070af6640942f9aaf6f4fd5d0797fbd7f4
e9fca408390c0d093ef6210ac0f543f8a807e6fc20f9ec0ac2fed6fa5e0b27f5af0a3108fc045afae700960274f8b8ff56002f0c25fb8e031bf4e80adbf33004
1f017f0a35fbb4fa0a0a08f552f6a5f9c2fefafde30a1a0bd6fc3e090cf5e9fa9f08b306faf754fe22043a051a072604c8f340f66ef35402d7f5f803c3fc9a07
3cf8e6f853f7f700280cef0b39f6dcf783051ef8210579f48df51a019404e6f572f53902faf44eff190caa04fb060d030f05f5fa01fd4df8230062075bfd4807
770230fa3c0a47fce402700bf9fd0ffd5dfe98023504b60a82f381f34701f6fdc0fdfd04b5fb2a08160c5808e4f96dfece0bbe04e40793f6fbf556f894f92df5
51046e07bd0635f871f4e007d9f75e02c8feb00c5af8d9fcc2fa6ff971f9020b000376f777013104e7f475f8ebf4d60865020c0646f4fff4acf389f9e7066e0b
6a07e90bb1f45c01bcf5b3f8b60195fb05088dfa940289093b077df47dffe301cffe0ff79e0ca6fea4fb19ff2f04cf08c909940bab004e0621ff80ff59f3bd03
36ffc102b8ffe506dc07b102aafc59fa560641f94605aef3e50bcf0529f8b403acf95b09d30454fc8a02def45109560c22f6c5fe4ef74cff70fcae07ed07e9fb
ce09ebfcdffcab0958037705e0fe8b03030ce603540c0201ef02e9ff9909b4f8e1f887019afda4f53df60ff65800370a5b076ff68506fb04e8fbeb00ff0581fe
cdf9eb06240a1df834f89e01eef68e0a660322f9b3fcad0bad0868f9c4fe42046cf58df3c3fbb4f904f7f10145fb41f4ef00050b61077408af084af47afff80a
9e0778fa5cf632faadfa44f940fc2e0b050bb2fff10bd9086a035afd97f4830817097a035e011cfd0bf6f7fa1efb620b690232f4d7fd5202a00afcf746f98e03
92fcb0fe800a5e09d6ffccf99d056affee0bdc01aff6d700e8f6d007030536f5c5f393fffafb1b00030cb7fa620ca30ae8fc29f5e0f4abf64a0bb3ff830c4cfb
13f6d707f4fa42fe4cfd450cb80a1b02e508b10995f858f7850935034afa0efc85fe1c004d02b9f977f89e0777f4b4f5d6faebfe9dff6a071a0004fd00f43101
2304ccfe2cf887fb440637fdc609dc00f40a040bad016afffa0978f9500b9e0972f3ae09d0f97807a0f806f579f764f624068205970cb4f7fff5dcff8afb2bfa
adfa68f94508ba033d00e2070a00ee04780c6cfe2e0933071e0cf4f7e6fc3bff240978fb1406390142093c0334014bfc1602520ca0079eff76f95d0cfd02bbf8
adfc8207570beaf544fbaff898fd37f67ef8f503eef81b08c4f50709760224030304bcff73f51d054d043df53fff29098707af06960c6904890475ffadffd0f4
baf46ef5d4fe94fd4c0780ff32ff3cfd99fe14f4de094b0ad7f3b90b6b0cc7f437ffe4fd5bf4a30a7b0c770c3bf4c0098e0113040d0415016df91f0b2fff5ff6
4f08c2f346f8a2f5a708200225f984fbc7f8ff0965f458f70af634085208aaf5e3018a0b93fc64fd6bf300f53c065802f6fd9304f1050ff790f58b026701bff9
10fed00be2feb003f607ebfd090a19f94cfa37f783f5a404780706facdf522ff2c04fbf39707780b27f4d0084e0b490102071009c207f7ff25f6b5f5c5fa2e0a
2d04fd0a37f8e6ff8afcf103eff55105db08ef08cbfff4fcfff40e0902f9a5042a071d06600ccbf4ec069bf6d1ffa9025c031ff4b7f78ff4910588fa2c00f4fd
5507ff06ebf84df7b0fb7dffd8fdfa02ebf44708a1076afce6fb4d0855f5fd03200899f808f919f5a601ba07a009b50bb50127fb96f45403690c22fc1c0024fc
2b0bd5f915f53f0941f5c1fdaefc09f53406b8f3a307e4fac9095dfa4a063d050c0cdc05ab0805f838fab005d701e200e7f3cb0598fd27f644082cf6700c9602
81094cf7180b92036ff9850172fbd7f544092e065dfbdd0368f88308070a1908d1feae0138fccff402f92cf8f208bdf74f0758055e0b61f3120870fa72f49504
d6ff9df7ddfb51f34702380acdfc39faa2f567ffd1f649f4f9f88e0a28fcbb068f070ef6e905eefc82f38505360a640106fc5ef733f965f425089c09cdf86b0a
cf0b3d094b04fcf65afed000e202b0ffb8059ff389002200ed0aa2f8dc00510b2206fcf7a7fe77fa3800f20bc7fe8bf95408310c5307f2fe5f0042f52d0c6d06
3e01df01aa00d6f374027b00ccf987085d089a07e60be7f7c30b6c0288ff9cf5f803ac014805760796fd44fadef4fcf3fd0b0af5590b95092b0cc1f622030303
7807070ac20c10ffe5fa25f8effc37f33ef4bdf394f95f02b806c5faff002b05cd051d0642f437f6800473010bfa78f74f060c0a040179f837097e0602f4a5f9
4bfa5801d5f58cfa3a0548fc28f625f42000d5029c0c0f04420a0ff9b6081df8220a9bf49af303f745f62cf8da013ffdbbf497f70b07e6f878fe3b0907005203
9c0966f58efb970b72ff4ef5630224fdc806f009d907ccf30ffebf09e50a000571080d0cb4f984f9a7fe43f58c09380454fb8d0b4ef8f4f37a0973067bf91af5
a20c6dfd0d0c0f0c99fab9f6e9f9ed093cf995fbdffb21f68c0cc8084efaef0220fe8bfe66041e01dff643f7890b54f3490808fadaf369031efc6ff80809f9fd
030aa9fb4bfe7600460b2d0ca608740cb0fac2f6b5030505a608ec0821fda103c8099ffa8b0062032df6eefea3f356fa4a097d09ca0a7a0a1e04c9f741f53d0a
bcf3c4f8d102500b2a041503c907a3f43f05ab0c5dfcd006550209f78c028502dff93c05d80a75f98ef4e40504fc26f569ffd6f38a048d082d0a75f82cf6580a
b8fa6406f8f8cb011dfcf8009eff8a07d10742f3c5fd5c06a40bbcf89ff546f9e8fd05082108c60709fab8f78af9840af9fbab0b4c07d10914060cffe7fd1808
a8fff40a9d0641022808cc042bfde9fc5505e0fb8403460141048e084e0c5e05240cb7f9def61704c7f368f728009902f4f7ce02ddf8d802ee0589f57bf916f5
93f967094bf7a507fff54c02f5021703480bacfd710100f4c8f79702bb02e501d5031f05aafdf508de00b90a3905530ad5fce3fd80f7f90a2c02fb0bbdfee3fd
e3029601d9f634fa7303ad0288ff4800210705f8fefb7108b2fd9efcd5f3e7fadcfa7d04aef5fef52d0c7f05a1fef80bcef8370cb307f8f5ea081608f505ff02
68069f0560082e06fb02eef4f4fdbb040b01b005e5ff270cbe06b7fe98fcaff3fb0afff7dff8d0f8ba04aa0534f444f51804c0f45e01e30233f81d0399008e0c
2e00a4075101fb0551f3de0a88f88e0b24fb2f09860165f432045e0a74fbfdfb25fac5f4daf4e001b10be6072e0640f3acf8d6f571fcfc0a07ff7004b7f7d104
0b0c2d01ad0bc9fe0d0c240b0bfe3702a2fd61f5edf98803c600e0f323f9d209dd02bff72d01af09f7f4b60a59fa8807aa00a7fda90734008605b007aef45cff
830473f87af369f71cf618f4cd097cfb8cf4b00c27077ffb67f4e0074cfcdaf99009d00bd6f894f562036001d8041405f7f482049d06610a9209e4f78dff3afd
94047908a9fb850b0af4c5fb8805de05bc0124ffce0413fe28fd2905d5050afdd60956fd9d0121094af959f6d1080ffd68f9e90a81fcb7fef70934f48efb3804
d8f71a014dfbb00076f636fe7c017f0159f4720369fd56fbd8f7c2fe1f087c0230f94e00c806c3075dfb28f7940162fcf5fb5df9a3ff40fce2065a093af64ffc
640aa90588fce40307fa76fb5f02b50438fb8ff62dfb37fc56088304ecfcb8f512f9e10023046e07b9072aff78f9250c5901d60baf05f30026ff90f97ff7f809
5e0232f80d0881f584fbe7f3bbf3a8faab0323fdaffa9efe94068c08d9f4570b53f99b0aef08a5fb49ffb0040e03e9f50a06af04abf736fc4304f20455ff10f5
e0fb3d0276055305430007f9c4fd9005d7f389f9ddf9e80b8f04e0f33b026a091d0c4f0112f60f00420812028bfbd100ad0aaa092dfdd405eff474f4680717f6
5a06570282f531f70cf85d0ce5f79103c1054803cf01bc028af788fdee0556fa36f6ec0a64f50d0994017e02b5fdfaf747f5c80674f54105f9ffed057bf606fa
ecfa4efb3309ed06dd023b0427f6f30b710b6f03c5f70105830b57f8dcff3bf43af79c02400a59035d0c92fc31f7c60bbf0957073b0438f8520522fe60061208
86f8860741fa5fffe5f902018600acffe7fc1af91f00720a840421f4050c1cfadb0a1df6ad08bbfd28016b09f8017af484f91f012e0a3af95000c3f77ef886f8
fcf9db0510f9ec010708910665096ef84df4f804b70b900168f747fcf0f817fed1fd60fd6605670686f30e015804f706b1fdaf0ae9fb93fa3ffa8ff803ffea08
f70b040b15f8370bb60561fb5609c1003b0c4ff52c03bef4acf373065df63ffa5402730ab7ffb4fc51001af964fbcbf85000d4fe4bfd10025004bdff43fc6b00
62fa1d0297f92a0bf1f443fd84fe0cfc0a067bfeb4fd56047008ee02c1f84d028c06c50173fab9f4650535fb3e00be0b810032fb84fac4f3c3f811fe9b02ee0a
58fc9407dcf947089a0c9a093efed5f6aef9130c33079006c70406fc9f06ab07eef8a6037a0505fc8506fef793f981f44e05bcffa6065804fd0147001cfaf2f6
3e0c8f09eb0572f80eff9ff41bf46df81ef9daf54008470966ffad0663028405d80b9a01a70be30612019cfef7037dfdad0cf5facefa5607b7056df752fea6fd
020ac20732035206c1fec1ff530af7f7050358f7d70a0aff61fa5f0101fe4f08d6ffaaf3a7f66bfb9bf6e8f56df7def93103d5fcf3f95d05dbfae30aaff8390c
27ff6a08c9f9ba06a500d40231f75ff394fe57fe5a0aae069af6b50c38ff9e0a16fa02f547057bf8330418f51bf6aff699f460f56703430bcef4fc0446f7cb06
5b035808610a5e08d6f8600070f6d80371fcceff4d0314fe7100c4f63b0408098e0bc308850a7403b20bc80ac5fddd041e0046f99e0c470009063fff7ef72701
6409740bb3fa4a03f0f79efbe00660ff5705e0034408250c4800e2f314f5490ba80bbb0836f8110a75f75509cf071e05d0f4f9fa9308b9fdeaffc9f42f09ef03
03fbe3044701c300baf4980856fa880032fdf9fb92fd04fb100bc002c7f6ef09cdf779f59805aafbb9083dfb3df414000e09a2053df7d7f89305620366fbc200
bdfcf9012d08fdfcb5fb6006fc012905a9fb210c33ff5e0b08066a06b2f89d0b51fcfef815f58600cb0b02fe4d01edf63b0bf007f70064043e008efdc9fec709
d4f87e0590f9e2015c0139ffe4069d0b1af56b078afdd5fa6af42304b0ff1cf733f9dd01c5fd18005a06fa0229ff10f44cf44f0371f5c50445049801e5065c00
1108e8f9bbf84008e8f4cc0933f8ec0587faaf04d5f750f7e30399f6ea0958086ff7b2f47f0b1afed3f3a0fe290971f854016d08e2fde80333fdaff9610c71f8
1bfcbbff8cf35ef77fff62f6d50b46faee07ceff4bfa260613084a03ac048c0926ff46f497fa7003bbfca60c1401ecfef4fad3f83808e6fd95f6cf07600809fe
35051ff966fd23f7b3f71ff580fc50f7a4fe4cfc91fe4bf976fc8f084df459fe310b900703045aff77fd7c0882ff8107dafdd700a402eaf758f7e9082d081408
910c37023ffc67fbbd01a20609fc6c0b77fd90f77ffede07dbf9d70270f8a20a75f92af6effaa0fad5f34af5f0fe6400b6f884fadc079907b1050e00f005ab09
e309fcf56b07cbfd400a0c0139fe420556f7ccf94dff9afaa806520407f5e3f922f61700c108a2f446f45500d3022df7f708e20a68050bfe31fb9e0394f511fc
bffc6009360ac1055a0a6803f7fc3205b2f8e703f509960096080403930239089203cd046509a9f667001e04f60417f5fcf5a2010c0a6df6df02840325f563fb
65f7b4ff8308d3016e06d7f377059e099d01210103ffe0f409005b0abc0748f45b04d6077a02d40814fe3d0526031bfbdffc7dfe1201320822f4ed072409c108
2afe52faef0ace0b29f83a078ffc900536f6ab06e8fb55f70c0c420493ff3efe9900d2004809cf072f074ffea1f934fc61f84b0518039408bb055b0222ff4a05
4cff02f7e1ff59f5e90048f85c005f0276ff390c01f83a05cd09e205c903b40588ff8400dff739027eff5802990c47050504590342f9a2fa25ffcc0372f5860a
4b05dbf68207d1051202b0f5e107330621025ef42bfa17fd170532f5cd04a60446fa1e0b38f85afb830ab80887038a0be9ffaf09a1074205c1f465fac807befe
b4fa51f97a0aa301dcfb8af36afeff06c0fcd5f8bd0316faecff770a99f670f7dcfeeb041d089cfe29016df92600def4ebf6f8050ff769f8f000f1fecbff52fc
4dfa0f00fd065af56607fa06b5f6d6f5310ce00ae702e8f711f4310b1c0cc902e6f4c50149043af82cf69303a10bbaffc806150558fd9e0c6008af06bb0a1408
05fafdfe5506590c5cf5c3f5e6f3530394fa640773f481ffe4f577fb6af807fa3b021df7f8f7c401cef39203adfd3807c6f33301fe00dcf9bff4efffd4004d02
2df6980c48f756fa0404d2076af707f746fa59f88a01fbf863fdaa051d08f5fe6b019a0b30ffd20847f711f78afde4013df72dfc93f737f9f0fd760a03f44efc
b9f5bdfa8703b6030ef5fa001e0376056a0286f70cf66bfbf3023afe920560f8a8fd58f9c70b7ff891fdbe03e1047bfa8e0a04fd31f56efb3c0135031e0129fd
54fc3b0168074cf62906a6fb630b6b0069f63107c60615fa7cfa14f7fe0237fb89055df992065b07ef0511fb39f6c507e40bacfb9af67e0c1cfffd086bf9940b
e10821fd760b36fe3f096502acf8bbf4acfa0e08080305f937094e00ddfc700328012bf631f87803ed0af7f5fb090cf4aa0c87ff310985fea7fd87f75dfbaa02
0803cefcdb07450c66fd5904000b8603fff8b905c8fc71f7320967ff8e042d02d108f9faacf66f03d80976f7ed02ccfb8a07bcf40809ebfd58f69e07ce05feff
71fd5200c5f9aff610ff250bf703f0faff02f1020df7a8f55afc8001c80a5af3020468fc31f4e3f58e0a4c0a6b0cdb0258f3f9019d03c9f50e04030810031f03
930355fa0302ecfa13ffa0f92dfb90077dfd6e0ab103ba06040a21fcfff8df09ccf5c5f7b7f81e08b2fa940b170aa0098402c6fb5dfa79f77d0c7101c0ff85f4
f306dbfb4f0894f3b4f36d077109b7003e0694f7c1fd00043c054efaf1fdd2f6f501c4fda7f45cfe080c3bfc770905f819fc15f66bf7fc06dcf6baf9e2066d0b
8600ba01220ad5079af5a6f3f60626f9290a5af595097ef66402fa0336f9790938fbf7fa890b4709e8029d05e208a5fa250856006a0a7d0388fcfaf837f6d9f9
9cfce6fd0205fa043305b70a3206d207170076fae6f92efb1003a6fe11f834015e0580fc7e0ac7f6e4fe55030501b000e80823f9c1fbfe0918fce6f693029afe
2008e1074302c7fe040c38f739060e06b105e403a6fa1b057407a503be092603c6f92700b3fee5f340017909abf73502240c4503adff6ef4e4fa740641fca40a
4d02f8f38a0b30fa8500d1fd600555ff4dfa8d0473fbc4f6b8f6e208b8fe1906ef01caf58404c30911f71907b1f46608bbf72008d4fc9c0ca0f943f4d0f3d10a
8f0a8009d6033a0aef00b0f6b304ddf7d5fc3d05cdfa19f5fc06770c5008ca02ff0423fe83fbf5fe3f05fffd45077b0ae70a850286fa31fac8f7ef00640667fd
6c079e037dfeea0334f679f4fe09a60b62f4d5f620087df5cb0ccdfc0303ad07a203e2f67a0cdff45ff5b10ad90879f922f5c7f75afcbafcd1016ff5f5fad5f8
af07aef7b7fb75045cf47ff845033dfa10f6dd01ecf645fa79f87e0cac0475031e053dfff1fbc7000801c3fac7f7320b4e015903920008ffbc0b240c9cf73af8
af028708ddff130a18fc53fa7a0bfff3e30016f72e0c9a0c21071a06dff5440172fc39f54a0a24f727ff4c0aae06060089f3b4fb6dfbf10ab903be06dcff9a0c
f9ff2bfe1e08fef37ff897fe7a04a6f74600cd046cf54b06c6074d0a6b073ffa6bfdeb04560c6ffc3efb33fb8603f5f7bfffb70ce7f3bcf491f4d40ab5090303
d209e3fe46f85a06e40acaf6f9fb24094e01defab2fe9307a4fe63052cfc3b0546fdb4f3a10aa205e4ff9bfc230638fe32f5e6fa300016f78200da0036f4b5f9
7cfdc6086af44c04c3f772f81efc88092a093204bffcbbf800fb1c0362fb440a3ff4fafaadf4700a7c084a00c70994f73bfb5bf894f644fedff8a3fb420a72fc
9df61c08190562061df4770a16024e054200ae07a2017cf4590b4ef8a50b390831031a002ef929f808f7faf918f6b404f906d305ec0219079908e6f6e2038a03
f6f7600b650bb801840219fceef9a50ac7091c087b011b08edf7a1fc950194037ef9b302daf3acf5c90292f76d0b6a029403f4f74af3c4f6bef6710594001af9
a6facdf69a095ff6960018f6c0fc75faf8f5020b9507fcf5ec0b1a01edfa380915f6e000360b390959082d013cfc57fc06072aff9af688fad5006c054805ea02
30020a07ef0304f9440b4af6caf48e0c2afd980ac808b302bd0a8efe8ffd38f441ffc7f9890680047306daf464f300f4fb04cdfdddfb9e005efa44fcdff46df7
260073f853006df6cb0b7dfb6304250ccefbe101f80824fd0dff820708fe2ef4bdf9e7ffa8fb50f91f0c4e055ffc4df96f056b07befd72fc76ff65fc18fbe204
8709d8f3430ae8f894f8f1f4dff62900b70014f70dfbd7fba5020e04d9f4ccf4cbf8570bfcfc4d02e503610257f5c601b5071dfa630b1af980f82af80b0428fc
8a0534008b095607e1fc750b4bf459fc2307adf7650828f465fd57010fff3800b4f406003b0b3c07c5f4e4f45505b20a83fc47fce901140c78fc910a02f48601
39fee7fcb40bcffc78fd47f988f49a0b0204a8f80af68002b5f4740c2a0b3206980bb5f3f900c1fb2309ff02d3fcfcfcf3f377fe000bd8f32a062e0341015f08
e7fdf7fe8105cf07effc9905dd0467fe4401d1f7b70ba4054a097cfdc7fcb0f933fb78f7dbf3a3fd4b07b006050bd800b0fdf5fcb4f4540960f36d0a6e068008
3af7e508b2005c03c4f95807d9fcc20330fdc1fd13075d0957ff9505cb06670786f7ad07aa0272021df50b09e604b70bc1fcc9fa3c0495f4ebfd85f496f82b07
f3fd3003690c3f0c1d0b6c049506a0ff9ef931040c04cc0a68f965f5bd028d05f2fe49fe72039ef69a01ddf636f4640bfe0793f8fa0939fb9402480525050bf7
4502b7f3f0049dff2d0aeff302fdf9f50f058902eef97506e1fa96005e0b68fc50ff99f88bf6280c0bf42804ba03a904620108fe8df556fbcdf487fe30f94705
32fbfff7670579fcf5f415065e00d0fea40209fe2ff98e08c6f75301a4f79fff9c09e30496071208c0ff3af4b0fe4706870c79002c0798051f01ea036f0b81fe
0104a2fc07f8c804bf0394095f08b90c020b6ffdd8f891fa7806b5021a0a740b1df58c0413fdccfb4e0be807d8f4ab0a83f35b0775094305be070204c70ce9fe
3bfc5e0ae90becfdfdfa02fc4afd000793f50d09ec05b30a520cfa04e5fbfe019cfbf8fef6f9a3002f05470708fd14f83ff3e2fab6fc32f50ef98a0707f5eaff
bd07290ace025709e00b71f43df6a3ffa00b3b0576003ef3910499067af6d40a9707c801d109cef64df651fb82f39e0ad60a2b09e50a62f6220b78f9e7f6f8fe
d70687f90ff79ef6e6f84600fb0275f9cbf9e801c90226034703010a17022d01bf02d9f6fe01680c98034b063e0c7df30406dbfeedf92b0ae5fdeefa83fb8d01
56092c0a15f6aeff77f401f52d077c06ef02adf5000879ffecf84c06abfc4108f4fe20fd40fd47022bfde80aff0ad4fe72fffa0856f4990a85fa3609b201f6f6
aa08b1fbc70990fbd4047b04d10077f39303c90c0f0a9af5d20085f40aff4f06d20666f46df95bf6140949fc4f008e06e209b2f3e501acfdb1067efdbb0527f9
abfdbaffb9f5c00310f8ee0603fd8203a90026fd64fbfbfbe403f908d5019104520a5afc1bfa4206bbfe41f6590c1305b7fb7d027f03e5f97df3d3f34bf33cff
25f4b20c300c94fcee08f0068df59afb88fdaffc10070e049507faf79bf5cc01a3fcc2f778080f091ff8dc06a0fcd6f91101fdfdeefc35ffc700a5f90901d1f9
b901c50958fe940633f7380894ff440a0dff6dfa04f46d0516fe9d0814ffc0fc09fec606f502ad0411f87afd3209c8f57a01a10c5e094e01440bad02a1f3b000
06f9dcfb4a060f064d02f7054bfbcf043308570bb6013afe9f0c14f86507640444f49f0a6d08a2f4d5fcc0f5650413fc42fc29041d02f1fd9fff6809eafd75f7
2901ec001109ac01b9099f0aba0a22fd18040e04a705de0279078d0bccfd10feee016f0a1909ccfe960a530109ff700c9601a60a32f63304d0090cf9acfa9cf9
d3026b068b08500ce6031403ef068dff24fd6dfbbf053404690286f857ffef00fa083004810413ff99fabbf7a9f5540b78064ff3950a4108f2f3c507390a66fa
73f94901e2fea1ff6ffe6af3d5f5f9ff58f46e0b510bd002330178068c0a3ef8440075fac40aeffe21f58707c1070f0234f47c0bd1f5f2fafa05740932037e08
4ffc7b08f4f51606240a3f0465098a08e80b7404f308b00c97f4930915f521faa1fef5fac9fe8a05ef06e605d6fa36febfff940089029d059d09bbf7d50924f9
80f376f3c903d0070bf9befadcf639f8030af1fc0ff9c9f4240a1ffdee0142f33afe34041d004305cb04740b630b930490f8710b14ffd3fb0cf647072d079f0c
cf0b32fe200c66f81ffd6b04a0028ff514f5170c8b08ec05eefff40771fbe5ffdefd4f0572f9aefb7502e100eaf3a5fa4cf56f0937fb1afbd60469fe3404a6fa
daf4e7fc9ff890fba3f3bd07c3f37ff3d0f3d90afaf8fb0217058b0b64f468f39df7cffdc205c7fb290c84f76204e207680ccf00c8f3b7f7e405fb05fe0be0fc
860918083b0cb7f771fd290961096d03cc0bc705390b3a09b90691fa1f0c66febbfa310b0e0c2dfdf00b87fa3d08bcfd42f76d0735feda006b0b5001f303840b
c1f8c007e3fdb0098bf4660bf3f34dfd4b002afcf4fdad0230f86404a90ab20ca50a8cfc32087ff3b8083300740b3f028bf769fb34ffd20be0f562ffa9008904
100c5bfbe80aa207fa0829fad10adc03920914004d0a460945fb5df47cfefc061709b3f9980a0802f1fad6f49806a8090a09c1f48bf9cafc11051dfcaa055e07
ba0c710c8df594fe2601fbf4d6fece088503620689031cf7d9093e03bd04a607a002420b9001f70b33f516f8a5046afbccf82efb35f760fe750c600374f67a07
010cbb0719ff020127f8870299ff61fc6d096e0003010f0acff415fe20fd3304b5025603b2099d0ccb0a32f7e006a10b870a9cf94b038a0352fe1ff4e0fef5fa
daff7a0a1dfb0e0b3704d2fe4f017504c105a1fd190c130c340371083cfe3aff94fbbd039a05c3063efe0600a5f33af9d404e0fd86f986f8d20254f4d3fb2205
1c0893019f073106190b67ffcaf3a5069bf753f7ddf9d7f66007b0f6cf08140a3c01c80a1904b0f4e4f79d0797019800220c0e09e50b87f8ecfbeefb2dfdc002
67fff4f3220399f79ef4b0f91b0ae6f57ff6e0f7e7f815fdf30432fb20f7fb0140082ff4f6fddff361056d0a8100a7f41d0b6007a8feb8f760f56604d101cafd
3a05ec0b200609fdf3f848f8b6fb94ff96f42bf8f4fb00f68c06e9f542091afc08f79e063a0548fbd70299fd75f6f5fff5f3a5001ffb7af5d2020c0cacf4aafc
3bff19f8a90a30feaf07ddfcdc0667f8470995fcdd061a078af34301aff37cfb71f978f583063a0a040a4af596f5430a6b04090971075202def8f6f990076b0a
17026408d3fc7d044afb67082f011bfafd023908d4027503c6054cf59807c8f6aafbe2ffe3fa93020af80604cefe34083af3d5fdfa0327080102fbfc4af7b7f3
a9086cfe50039f09fb02e0f45bf799fcdc0363032a021403e90243040b008cf49802ea02db039df58c02280ad1fb9106a8fda50aadfc12fed0fec80c97fd4df8
9e0992f494fed1034e0a6f0c650c070a2af95ff5cb0429ff26f8f4f6cefc640220f965f99105a6ff3303ecf84bfb640cf1f308fec70cf8f447f599f9aa0c3bf9
def99702d1f8f3098b0b940cfb0541f76306b403750c19ff570c3b0b59f4d10358f43cf6b4037206130760fea5001bfc9dfbcc0aed0944feaefee20520fe15fd
8e0b8a03e0f3c6f9a10063031afb62ff16f892f3c303c5fbe3fe36f6af0ba0f9a4fa57f6790927063dfd760968f86b07af0bc4f55bfd210a7ff43204270b5ef8
0707a6f3d30547ff210916f5700632f9380696ff5af676039204f6fed2f49bf7da0798f3520a0cf826fff70223078104fcf3440867043ff7250b7ef90a094f03
d4f349ffaff9f408d50835f939fd3702c2f5b5f5690cbaf5befcf90227028cf7f00590fecd00cf03500884f66707b1039506f3020b09960ad5039002d0fe90ff
93027802e8034bf9a8f89bf8c5fd0efe920c0df5910153ffc9fe750800f7fd02f60a1af68d019af5020bc6f5d0f4ad008ff641fd960003f535f62b036e0a36fe
f7003cfdf40241fe9a023ffaca0ac307b7f31df82a09aff7b3fae4f6030919fea4f49b09d10328f52d0b01ffe0031f02def64ef97ffa2305840642fbbaf502fb
e8f30309befe1af8c006cbf4f400d2f357f5d3fa7bf7710b9bf80d019f0386fce70225f8ccfc73f83bf404fa4cf96207c20abd019708e5040b0266fb6afa0307
f9095d0076f9c5f85c09bff67606780b380c81fe030cdb010ff6a4f750fdb3014f00ef06d0fa8effbdfa840b02fa1df5570044ff520ac4ffe7f54b0c1500c302
42f5fb05f502daf7bcfa5603faf99af719f40bfceff39f092209220757f3770014fcc80123008ef87d0b390594faaaf4befb8bf7150ae1f41bf5cf00f6f59609
97f60d023effb607f701f00cabfe180ff0016706480431ff350bc6066e070a01660ae904b2134603651dc3050213171568009f0acd0a680865075b0366001003
f30360067bfeb6fb16039818b20672151011ab0c2101f1fdf20625fe26fe9a0179055904b9049211be0659071908f8fefff7991cc70d33fc6806810153195812
c6fbc60179fff8fc5600820df2051e0c1d0eec009900c4fe5905080066fee401b1040d025c12ae0e790e7607ba01d80130f8a70cf8099afe1503b3061717e602
9efbc000a6ffac08e20823175602d31cd511f110ccfe30ffea01ae06a2135e01e008350bc6020d1b6108b8035f01360a39075b11e0142ffd820eb700dd02d414
edf81904d50acdff820119065c016c111a027909bb0b0effe30610026e00950878031a05bc05ad06d20ad20a9e06011d7bfef200700b7a0a4a024f0433025e03
a5fe040198fe56fc84015118bb06780a1e016e004f051602e4ff4d0855fe2f01a6057401c407880f41024e0ad10c3e0132fa9115851590fe21079106870a0005
67fd4b0b1a0317040b03450e95ff520b6300d304720568fe4e00e9ff6e083201ca0573064b011c087101f000ae01da0cf803560b9c0e2c00520bac0331005409
3cfda40023fdfb0906065307f801e00b5e0a250505fd0dff73fec2022006900111022113cf001900b806d006b102f6fdd4fe68082b035ffddf0f4201ac008100
fcfb0b0e9b0a670b9702c000fefebd1e6903f106e605d4fd53ff4cffb30f3001040d0201bc0cc2007102420d5d0ade08120df0fff20163008502ec172e00aa1e
a2fa3d07e6049d07ad044816c204e407770a0202a50470ff9d051707f70a79004006e4054c0b3b1d1106a303520183176600dd103914dbfddb10830c3802fb08
8bfe08152f003dff1d042e0d73ff3e00d3028b069c10b1fde507c3fe8affaf09dc0c470dd806010154102610a109bc0b37fdde0d0006ddfedd0dc01080099107
0f0107149bfb410918028112c6f68e048208dd037401abfcfffe32fe6a0f7c01a201fa03a615de00d30fbf03530ad000850c2914e3063dfd6713810222015b01
12fea206adfdce01aa019e0cdefb2b1435100c0a500022fd8604e5fde1037d000c067d01580ae106a208bb09ae053100feffb60cd7072902e8047e044f0da303
e0f656021eff3701200e9308c5fdb211610adc165404fafdf40d34ffbefffa00a206d4087803c403fb076a0d6b0c5a140efdb80ac6049007e80f7f03bc064e03
05fca3026f07bcff2f02e5095c06840c3e01090419047a065e00e10c6effca0033058d01060a360706029005210a4b0d50fd1f042010ed036605640458005403
f0f85b07c2f993038d0d500088fae00aac001f0b1204c0fd60082bffdffe940067082708b7071d031200c2036b0545fe31fc9f044e10de04f907090168027a06
b7fa75026efec0fd8b020e068106e91684031411a105f7fea80f070009fe64008e02a22426047a00c4170f031e029901f6f7cf091b050206111b5c069f103302
3dfe21004e045ffd90019209e7009a08750a3105b605e8fdfb0571fe1fff8e00dd04640524080f0f2905680ad102320812fbe004530c7502690a7c032917be02
15fadb13e3fe9006d81cc3134dfb030e6d0f50155e0771fd550adffe860a5f007b03d2006e02aa03f9023e02c012d504b700cc14f20a2cff1b03d702bc047b07
c9f8fa0a79ff7d12bb05a50977f75000fa1180ffef007ffdbc0073ffa316a901780748012f105d0916151c061b108105b90e25016c0ab30178052203ce058c01
dfff4405ca032a04e90d2f1d1a110b01ff0dfaff81024407080ffd0c4fff27016f01cb05b0074526d306200b240eee1269fa0b1b7c1383ff0a0dfe157e117511
bafee30bcbff56096a0ba6264f02330bb916e7029204f4fe9f0b7c00bd0df800a00713028e078e2d4c075909ad0549177c018a22941b8efbbe05fe0e6f0d8814
96fcad0afdfdfe05b316792093fc5b121f2481164cff1ffd7909a1feca16b200e7082910c2085c2358097b0da11a6209fe08301d4f199dfc4414a206830ebf00
89f99304a7fcf60d85018717eefcd30bfa12c90ce7fee6fe98ff2806ba1550014b00350cb904220cd005da04b100e8ff53093915ca0e94fb2d0f4c04c7014a01
23fe9c123d00bc0948030710f7f8a814ca228006be03fefb750ca0fcf10b75019b079b02fe010a12b701db039a05260a1302280fd80a2d00c007a8054e142c19
2dfeb7000cff4bfeef029d040204f0083801660a710715ffb5039700f8fdab00850879006c087101ef17fa02c7007600a6f938049e021c040f07ae0491090b01
39f82b013f00befef603bc09dc084c02f9008f047808030718097d0cd8fe1e0358018e005f077e015a045e04c8009811a2fb7d0836098803db074b0131003501
c4ffae09d7fe2e0509010009fef9a10fa213a60c86ff3efca6ffcffc630c92007903bd05e50a220902065009a404e6ffbe0770077008bffe480a1d07900ac000
63fac10a6df929054e08eb1e10f8c1026012b00632061efdc1129dfe42033301a403ce02e806f3048e086306e300ef0358feb323230aa2fe7001aa03fa0e8300
1d0065184c0ee111f500c30071f4b80d7f2cfa01ca022afa5d06e8f9480f04010d010c031007980bb901bf0cbd05bc0d250a5afff103410c21097714361abf19
dd019f00ff0891fd51042809d60a7e05370101051907990114066b0324fd35019002b5001301850aea02fd06a103750e02f88306180c870650028e03150ded01
34008d0a23ffdbfe2203b2056d00270ca1024e080508f1fd0802fefeb3fe0601f002d10241104d022809f90558006e018bfb5905ac0165fe07026b089c0fc706
0703ae02080023027c05a71682fc9f1817018f1485fe1dfea1ffacff5800550027056704c90858108d013e0599002002b8ffb6127c1748014908f8032c082504
47fd1803090c2cff07043d003dfff423d7020619b3ff6bfeeb0433ff39fe8100c503c904d20f930556137b08c80afb0d89f99cff98058f16970641039b15ed04
ecf74a033d02d90201018300b4fe2304820c1600ce04d3fdfe06cffe7d03e50059064b01b4037200a1064604b0036a0a0bff15008c004f078005fc0085086500
6ffb3c01a606a8fe30004c0008111f049303da023eff80ffcbfe77034cffff00b50074015c0a5d00f704110d300551ff77fbc4fff00161fe6e0bda00c8ff7603
13f5ed008efc4b024e05e407aefbd30136026a05ac025afe93103400c6ffe3001f014404d20d5801f2092110ee132b0b6efd4d08c7019a0f250e8a04a5051302
15f60a032600b70903071e183507d10d9901410280ffce14cb015c24520f4300040c8802a6032f147607750aab107c1bde070312661d3203f3024a0555fd4203
17f958148cfe7507bf123c0a91f77116bb134915090565fce4ff62fd1b124a0061068701f5147600240c5d03cd04cbff890abc096d0937fd4719b7028f026503
00f8580e80fedf11f508781220fc1208bd0d3b04080144fed2030d0000194d019402c907aa05a804c70e2501d302a50718101d12f508a0ff89041b01ffff160b
58fee109120b05043e0154013e013e10e9015a0bab0600ff45ff9701fa027606d2068e01840f4902dd13ad08870f370c1603dcffa10565077b082d032eff1f02
33fa8d0a76ffb40d7b13e505510071158d07bd104303dafef7056403a30c59001609d809090d8307ff083502a101cd0b2a063e036402caff47132a0df7ff690f
c7fe6203b2fb0407b50d562044ffd608e00b9603b8fff0feca0576047c04b30097083e022c04271375025605b41909001bff93202e116bfc8e001504b4079501
e7fbd40a2b0e1701d304210a59ff22096b122e0b91056cfd4101dbfdbc06790085027c01b40b2f18ab08d1037604201665ff8106dd127dfffb081d016806aa01
6bfeec03410cddf92603220a2a019f13ef08f00c460ea9fd1d12b4fdadfd6307bc031005df104310440e220446013b1c32f62e094210f3041d09aa0b451d7e02
c008f3041e0bc6f7c404080d1a01870615016f06820da9fcd70423fcdefb4805d209320590076110b306ed0458092e0b86f5340c601020016a01f202f824d601
51013e03650665fa500516120dff96112e0ae302be099bfdc30acffd0afd5e00800499008d052b1bc20437082c0cc710f5f6440e3f1a9303a0061506ec22df06
c7ffedff310642fb4b01a207e20e5d0abe01190ac2080b031a00b4056ffdf3036b055d039b120b07770ee108af04c40796f86205500bb8fffb0381054508fb00
74fbaa03a1fe2409aa0043177700d005d3107505240084fe0904f9ff560dd600fc0186062803500d520bb1076001f5016a01d3160a0c28fd7e033e03d503fe04
1efc000e44ff4904f80283042ef6df06531dc8036b0172fb4c02b1fbf10ee2005300d303d60b34054a0b770692020b027b07010281082701b30aa003240dae02
97fe670e56000cfead02c811e3fd9f14581c9510510814fdd00e76fd180086004606e1025402d818c1029204e611bb0edafa3f10050d89fea207800d941cd901
74f6970d8702f10104061617860a79152801ef0f8f0bf5052300150e9f105f0981035d028916170cf90c7d04dd031015d4086d16fa1538facc13dc0917fcab0b
78f8da0fd30d440138021401a2052c0065008300e2073cfe66fd12ff4f0e7a072c03cdffb0026d01ad028f040505a004b30a090090035bfe4c01ae005dfc7a00
31fe6d00dcfc9efc7d02d517b515230593010f01db054410f90b1718b4fc990138050e01300755015904eb0da908b2016cf4641e83014bfddf05b9138b076513
10ff1c03ae0d11fe54024b03f0fda60552196e09760484fc9f0b57fc09ff77002604c301150eb118f50b18035b04781733fb1000e80d2307cf0ea202821aa000
6801f903eb0480fa60067e188c00ca0e2e01f608510da6fe150e99ff47fcf4059c09bc056e151d139a228f0b9803cd1620f625142a1c1f0aea06fd060e1d5006
d0010f0c4b09d203f902d11616fbde0b9e15d20c57041cfd9f079afdd80186006d0af40513111324b508c803bc05c718a1fe24107f19a401610fe400c2193001
aef93f1256fe1405330644016dfca103700e8306590295fd84ffddfe440cea00be032206060ef2018c0b0a08de0cfa008a0448012f0329fd85050b090bff6f05
7d05cc07a1fffffc66022e00e6fe9e01da0ee804f900befc1b00aafcadfdfd00a004cf00e7123805cf0a550eb702c4feb0f80d003a0431ff20081d16931da302
2bfc26054bff4c015d02651db000d51236000d0d05076cff29008303b200840112071315c011b9153e223303a9042009c4fdcb1bc7148bfc43080b0465059702
54fa9d0b10feb9067001970010ff4803ea00d0035c0270fe93fef0ff9d0d5f00b004ff011d06500110039d01db0132ff240a9502f902e7fd0704bf048ffd2401
9cf95c0039ff2c0dd800ad01c1fe53072315390412fd72fe8cfea2ff3d1623013c02840001050f056105e501c00053ff560c1b008a0529fecc095901b1feef00
18fb04101900a4ffeb037e00ddfde91ed3001f124a0d8efd6008b6fe55ffcc08440c28039f10b201d404c0001b0472053dfe4e003c09cf04ec03ab105501b615
1afceb002ffe8a039802ba1b1d070c188400c70c20fed10a5bfd2d16b70bb3010703e80558181710d7197f043205d300f3023a18361819fbae041e06e3fe3304
2cfe5813acff7b012c033c145efefc047900a805e60877fe58ff97ffab070e084601d900f512ed0bdc0a97090d02950ba0038f1437110cfcbc08420e1dffa100
OFM 14 1 37440 2304 e835f1c4
b8f85af6ba003502cc02bdfcb0055f081ef988f757fd5efb35f9e6f4f0fa8900d6f4d30458f9d80986fca6f92b005f04b0f5f2f8370cf4fc030acbf699f92b0b
46f9ef0a55f5bff8fbfef5f81b043b038d0459f482fda6f4a70909f8ab08b7f8d2f993f9280a56f8c2f4ff0ae9fb3e08b7fada0695075109890bd40515031a02
18058bf78702c9ffba0abefe2e066601ac06df0307fd05fcd8086cfd6e0578041a0604f5e30554f6fe037bfe040954f780fd1d0ad7fb2306fbfa9ff8e7035003
f0f6de09910167fa98034a07ecfdae04d303c8f505f5230c5bf7cffbaff863092d07e1fcdff9dbfaca07c4f62e0cd7fa4d09d0fed8024f0354008909bcf5ddf8
d9fb94fcc9fd80fd4ff9290c0a089ef4a2fd6f02bf0710050b001afd8d09360a89f57ffe0d0895fe1d0221ffe204220947f6aaf441fcbf0bcc071ffe11fb47f7
1dfa71fe3df975fe8ffd640461fade05fffb590381000af60c026cf828fcbb035b07b7fea801ab072af8380cdc0480022d0410fad00764fca70118f4b0f995fd
edf470011bfd37f7920728fbd106eef348082a07c2f771f79802eaf73c0292fb83fc3b0caf0a75fab40205fe01019904f10b05052d096aff1a0982faa7f618fe
750264fba6f5010c480353fb71ff77fc39f5dd0885fd5f08120c41fe5901c7fc7e06d9f6cef54ef65c081005f50626facffc70fc7b0bc9f61afa87fe8f050c00
c6f8d705280c6d04d7f4cd0213f74cfc0dfacefb53083f06e9f8ec098006cc0641fe4e055b0315029bf683037e086e008802ca06d903a006bdf9510711fcc603
e6f9ca08e30a6105e601b5f6c805b3f4b4f6ddfa190106fa0ffc8df703f5a6086bfa970622fe150430064204a502c2fbad0402fc4200060b86fcd10791fdc0f5
def78c09960a4d0a0df635faf9f8e2f5de072005d8093b0430fa740258f6f50b1c0862090301c5fe9b040d03450a6a092cfa99fd3f02a6008101d7fe2cf8b004
dcf4c2f4590358ffda029cff6fff9dfba60426f898058afb99fc31fda3f57c06bbfaf301cbfd95f5e60a83f7c90712fdbf075d0310f79601cdf56c054f049b03
e30b38045b0549fa37021ff7f0090efa6204dd007cf6b90436f447f779ff8c097cf4e3f425fa700867048009eaf36df938062901d603c8f3180c76f767fb46fc
2b061af943f82802d3017904c6fe6f0a8af751f7eaf326f78200fffaaf07e904190a1ff76bf9a2ff70043a03bf0974f9c2f8cbf302095807c10aedfbb80274f5
03fb5a0812f994fcd50077040e094205c30a7cf57b0155fc6bf82806d404f8f5c1f70ff4b006e2ff5ff638feb409b1f6eff84702e8fa0a0b9ef64dffc603840b
b00899091601c30799f549fdb4f8aff958f797fedaf6f7f35807da099900040cd7f98306910564069102050baef912087003c202a50b110205f7c0023ffd0ff4
08027e069afc1a03a4fa9bf87d06fc073afb3afefc0153fd8305f7037a0acf0012f7e5070ffa6d024b05bdfe66f5910279f98cfdd8ffbff5c602e0004b0306f4
80f942fe970695fe72f9f7f840f5a0f62904c303fdf814fa4b0587f7ab0438036d017605df08910337ff840ac7f8fd02180322fdd7f46706af0471000102ce00
5bf578f4b30b21077e0428020c008e0a2009b6005106e000b6fadaf452f444fdeb08ea01a50266ffb10255f8dc026a084803d2f8e5f88afc44fdee048401900b
33091d01410aa1f6950548031ef5b1f88f0a74fb9c0858f4cf0a61f5520566073c0c68fe8affaf0a74fa06046f09020322f521f6e8f76ffd19f4a2fc0ff8e8f7
d0090c065b06eff67bfd8d0aaefa240453fa16083ffe56fcf8fecafc35f81ef8c3f316f896f7d3f83d0a0f030a0cb507850357f9d4fc85fc3d07ac07c0043e04
9e085606d3fc96023df60dfdc6f40c0897077af9f4f770fefdf538fb120b0f0c88fc3af708fe1bffb10147f49bf49801caf37f032c0a17026c03eb08e8f3a901
ee07fc047df5d505bbfa0efbd8fd9003140b9007a405cdf8ecf9170ca5f60b064a01e60a9c02290397fa92fac0f524fd71f79d05aefd71faebfbd6f9c6f37a01
71ff5cf62a003ff4cdf4a5f62efbfafaeafb1e0aeb0a5204b40b8b0be8fda4f406f649fdc0f8caf6f1f3b9fb530563f763017906c704caf4530350fb7c0afa07
9a0154ff00fa0b0551fa5efa6201f0f61701e8027c0393fb97fe5d09cffcc9f44c09a1fb41079f05a9f745067e059105b2f53903d4f336fb37fb0d092bf8ca06
bbf960fec701b1fb4f03dd00d60699ff08f80bfee30adf0ae800e1fbc7f78708fb0430fdfefaddfa8202c5f79af85f027606c6f9fc0533050c08a40386017501
def610fb480415fd5f0099f6a90961fbd20baaf6ecf537f8cc08baf9e6026c0310fc66f4a2036406f807c8fdb4099c04fafbdf0455003a01edf899f966fcf603
ba014308c0037e04b2f589021bf228edfa005c2138f878fd21fe6affe2fb05fda20975091417d50c2413592aabf324047a0bb400760278f89202a6eb5c1cc111
fe094b0ef903b7ec32ffc4ebe1fe0befe50676f57219e2f0a8e3b6008b0e420611faa92208f520f4c2faadf0f8fff2127c0cefe74b0a91fbd4fc6a1a4d058d1b
eee433ee4e16170796f25f1462101ef9511763e4c801b702ba039209d410f80122fea2e0280a70f88cfcfe1426fc3e0127fe7212d90ef618330e3b209ee6dbe4
0002c5fce1f8ccf284dc0cf3d2eff703b0002218d2eb26ff65edc6078ef9eff877e653f8a2f42efa7dfc28ec8b01420970f39df9f20715e45c0424063de644f2
5ffd6ddc4b0089db8be9adf7c107b50e72fdadef05eec0f686f84a0a742342faeafd0ff7a6164f073708fcf7250c28f738fbfd0989e288f2c6f81806e21de7fa
2d1797eec10772eb81f9aa08dcf494e7911a400afc0db80ea4f3efffcef85710ec0f660c32007e0c9efd5720cf072b0beafec30d742348049d1be8f8d11b9432
3a0db4de24e1db06d5ddd8167f0446005cfa61e046fe32f3dafeb7060504ad25380244f4e3005d0bea190513cdfcca092ef96f01b80f4ee7f5f85c13f0e87df9
6920e7f3bdfc5edf5e076ee556ff71fe46f8a6ef1f07f4f748f5f9f362029a04ade59afd3d0d48ea2107e204560a86ff95f4e303f3f5f60d2ff15a075d089a0a
451a5cefa40956f6b90dbb0962e742f190fbe4fd38004e156704bd0e9a1131bc8bfaccff440443fbbfef92dfb0ecd41435fb9b015b21dbdd1bf97f0543fdc80d
OFM 15 1 192080 4352 1f9fbdc1
68fc340a3204dbf9c4fe940561fd760372fe9006eaf602f8fdf6f400f70352fbe7f455048cf3cff31406f7f71500f4049bfcd0f750fa76f41af8a80322fe87f7
260b2c002a08b9ffd00597ff0d0bf50acffb29fa00016707990753f700f9e5f6c4081afbca0af20a46f988028cf76a01f103c2f3f9f83cf8910924f63704ccf9
9a0381f743fe07fe7dfd8efb8bf88cf784f4b9032ef5090ad5f4280653f5bc04ddf5affbbf0197067b0482fc4907520b140ae4080df8420047fc6205c603090b
7b0b4400ea02370a84fd8afe630a0e01630100f4b906dbf38405e4019402c3f76bfd5b0aa30a0e0be6f40f07b506f606650b7a049e0b4ffe09f5830cb6010ff7
effce8fc360299025ff7f607aef81a022b0bf6f38b06680a73fccc017ffec0f967f4070306fa0ffeadf48efebcf4e60a610562f6ddff840af8f7e807b1052a07
b1f9eb0506f6dffcc3062b052d0c64f9e2fd35fd3700b7f39c01f0fd42f951fd81096bf3350bacf5c5091500200610050e0165f503fc140371f829fb66f80506
af0633f91b0539f7d2f44f0c0f02c2f3deffc906ad0adbf4850a3e0b6e070ef5b9f41f09cbff110cb903500cbef7fc0bde03860064099b04b4fda9fcc9f3d3fa
9af77f04a30a33fedf02a3095d0a320069fda4f578fceef898014cf7a1fd46f78706fc081afa83f3b3fe9f0a270ca5f826ffc0fd8707b309a0005df7b6f5150a
d0f7b0ffcffebffcf409d5092a093cf5b3f92df924f7db015df4d904d6f8db05ea094cf3f3ff6afb1d0773f64707d8f6840c41fed10377051c026dfb4405390c
ff0088fe2a00eafda20ccff85bfabcf937f5f9f787037af697004d052805640895f90e0c4f03aefc22f6f0fb7707b900f7091c0b4ff4000b90fc750cac076901
cbfeed097af885fc7ff92007d7ffe10a07f997066ef37dfaa3012100ec00b90301ffac01c90239064c008a03920505ffef0105fe9efe8601eb0aeff7ed004fff
32f54ff3d7f926f6b9024ffebcfc8004930a9cfc77ff5b08c9f980fbe204ae05fbf451fe120279f9fe005b08a705f4fbf7faac0075f75bf4bdfc4afbe5041706
ec05c303040a6bf555f869f772009604fff548f9f60337f5d709abfbc100a50baef6700077096409c1f86906f4f80df72e04d1fa0e05f20b8900fe046c05e5f9
8e0c7e0b7a0194f6b60208f58f07f8ff02f57ef3d5094cfea8fd4afd98fffffc82f974f982035106e5083ff32e052cf5960ce008b905cc0591fd200b0bf4e2f4
de0a1009e0f44c026af7a40535f9d5fadb00800a70fddcf930f8230a7df304fd2bf77fff69f4e505ac092d09b1fb33f652fb2a03d8fd4b09c2f9faf84f0c5cf6
800412018bf649fdb3f51f040dfebd0a91f5f4f37bfdacf70e07d60214046afa06f46802a6f8b40476fdca01f1f608fd0f004cfad6f551fece06140296ff72fb
fdf7420113f8e60a24ffdff6f9062bf86e0519f71df65b06690773fd4af5670889fea10176f74cfc4703d2f8c205c7001a0c1a04f0f5adfc850831f5a30ba303
98051df9a1f65d0029ff14f5cef36dffbdfb9af8aa02ee00b9f9f202ab0a4103c5f7abf8c5fa450a2b09bff976f7420a5ffac1f74bfccafdd304d7fd89f4b9fa
0a0b1000e60512f5daf5970c15f42c0778f67ff311f788068701b20529f7d50a1ef464f771fc010741068df38501ddff4a0059f88efd23085000d0025efb900c
fa0beb0b250aecffcc003401c5fdac02e6f3acfd3d0a5ff7d0fc17f58df939015bfa3408d0fa77f5880cf406f20223f5e902b8fa75fdd4f9a80467f33afabf00
5401680c05024d0ac9f94e027df5430b430588f706f59a0237001df802f46101570410f608083cfe1b072bf9cff6da0a49f49b09790c15075bff65f6c400d007
9ffbb1085b058df83d050e03aff723f9e601c7f75006520c050c51fb3c020d09efff060ab50c42f66ffbccf6b9094f0bf6f632fdb70c7d0641f985fa7809fafd
5d0c45f4e20b58fe53f96ff8aef346f54806cc0b1b073cfd0c06de0064fc2801710bc30ccef88208effd8aff980b95fb42080f0676ff9cfcba0076f97bf9b2fb
49005a0956fa9107e2041af5f406c40a44fc8cfd8afe5e046808ee01f906d5f5eef43ef9ecfba5fbf7076905100499f63905ba015c07f5f3510768fece092af5
a2050a097007c507f8f3d200fbf9c7f873010e0c200cd40281fa70fb3afb08fd5ff5380675febdfae1f4e4065501c1fd3c07abff93fdb6fa2906990cc6082d06
befce705d1ff100407f44e0c2e0b71080504140881021efcb8f5790539f85ff34f0515fc67f84ffd95f80af76ff37b01760123075901f6f5fc0b2408de008908
950221f54af9daff5a015c0520f4bd0552fca5084cfd98fbe80b530526f80cf6b70b97f851f77af59ef8f1068a0633fc4cf6d3080ef97e03ecf4a00626fffb08
ae018df5d7f44cf5b4035d08d7f944f9d10ad3f6eef72501c1fbeff64b09f5fdecf92b053e003f05c6fbf8f8d4fd870a07f8e209b9f9f80afa0602039b078003
6cf95502bdf4d507e5004707aff44dfd810b3bfa5a0063fea7fb44f304067506100bf2f30af852febefc030471fef6fefd01daf7890adb0173032203a9f5c2f5
91f469fa550b4bff7a07c0072bf75cf739f69df67df3f9fa55f337012d082dfd8df8cbf4eef604fc4dfc1d0a3dfbdc085705e903d30076f637fe82072ffefbf3
3af915f6a5fde0fdc4fa3cfee3061307660337fa1cff6f03e2018c03a1fa05fe6a062efda2025b071e0b8d0a78082f0313fde4ffd1f307002af85df70c0ccbf8
7ef31cff8df98603aa041e02c7f874f518f907f8410415f96a0312f4b9fe12f8a70ce0fb2408c5f32304e3088106e3fb7af3a3fa14fd930871f5d5087cf5d609
6bfabb0559fc31fe2e0b7b0667f91af88e00d7fd270ba3f5fa08400361071301c7063afa92fd6605c6f6c5fe77045805000a02f5d508fe0539fb2b03750442f3
caf30d06abff89fbf7f8d9009c09b5f40d0bb80426fc2501c4091cf4370093f536f967fbd1f92d0210f53d0645f7e6043cf69b08dff38203dafd5bf795018fff
e70596f843f5130c9ef967f38808b4000cf92f02410697f605031af6fd0528f9b2f37df7a2f50e0ba4f592fc8c0c6cf59e07c5fc3b04d0047202c60c71005806
0b0329fa62000cfb38fdbffbe00ba5f60205d3f4860595f4a40bf10780fb28012df9d8fe89f9b4f8a2062efbde0b41f971fb440247fc70fd370998060600f5f7
a407d5f649f3be021a0bfd081d01dcfbaefd6805bffd360091fcc803b1fe88fd070246fdff04e501ac0452f7d500e905ccf4cff863f3e10bccf8c4fda8f53902
64f562f657f30ffb47034a051d04c106df06ee0015fd14f6d2f357051b0b16f8e2fe69f807f8f3f3b1097c0434fd54fbc2020cf860f31ff5d1f472f9aa02390b
1e0b6f0ce20b5ff5d60140fe51fc73f7640c7fff70ff750a7efd0e01af0a5cfe6d05c1fb82f7e60b6cff53fdf3f4db093af3cb00ce05e8f3d70453f717f4c2f6
77069df480fcadf975f67405140511012f0c1bff39f616fb24fec4f7b4014801e3f5e90651f7b0f821000207180b1a0514fe3a003c0896f66efbc8fdd4f637f8
88043a08b4f9c5fd70fbdcf8d80a89fe8cffa6099401cdf365062bfeb00625f6500b8600d5fab6fb8900c102e8f6abfb43fd09f89f06f6f6830c5103d700fc04
6e061106bbf8d7fa61017af6aaf34bfcc2feecf51301b70b3601b0f9b402daf3bf0767f4e8ff13f6390b5f02130b8d0426f40bfeb10be6fc5ef4aafb76fcb002
d6f65e0333fe910060ff35fa0bfd93ffb3f30ff43cfad2fcbff44af55909d30122f9c9f41c0801062bff4aff820a8903240acffa28048b00df0bcbf7dbff7702
16f554fcc60cf6f9f708cdfa86f9a6fa6009c1fe7d0c250461fee6fc680728032b0890013205f5f54603600501f6f2ff6704d00bb707b40aee05acf332fd40f7
34ff01f6a1f5caf7edfda8000e05270b4e07f9f458f6bfffca0327f473082007c9f40afad2f8cef726f8aaf696068d0473f75c0b2aff12fcfd065e018ef728ff
400baaffd2040f0c6b04d50304f4a0f84afa95fca3f541f9aafdf7f9defa5afaab0cdefe00fe8b036a02570bdcf449fe9a0263f9ccfc93f41e0917f98f09a1f9
b202bc0667fb7ef77cf404068d0b8efa080af1f49b0a2e080906b902b3fe0bf82e0451fa000c88f7250c770372f7000c70050706350a30fead0a19fd34003e00
b40b2e0a810903fa790525f9b508f0fc3cf56cf83cf6410afd0a550090fd7ff64afce1049401bbf643fb7508f2fc4702b1018701870a1af5bbfc3f09ea031ffd
b6f4be00c203fc0b1d0a54f985f9efffdff3aff6c1f6a10b0b0045f924f55b04ee0317ff0ffa0bfa63011005c9f310089d033aff3ef353fe5c0470f57df38cfc
2d0b1403cf05fa0680fcbcf9b00878fd5ff8a903cefc1cf6510cf205f1faf102960958059cf55c0974005607e6f645026ff79907a609eef7f402ad0b48044df6
ef00a4f54800e8fa060848f91ff9c4f36ffccc004b082a00d0026207d602fefe1605adf42d070f01ac0341fe8bfa2f015e013ff4e0f3ae08b9fcdb0320f92afb
8310821aa300000fdf0b56fb0c13002009016500c03eff080d0633054106e000490f87052cffb90c8b067ef636f9b90bc7fe04fa5e02e1144f060111f80376fd
d002b6ffb50a340dd2ee812d9eff3508a1fe241501eff30048f49ef7631e3306740a1bf60b01a1018d099024fbf351076afb4110222202010a121f11a50dbbff
fc17b31b660a0bf560fad3039ff74f208b08f2dc1807142197011410b2140203fc05161542f66d07100dc908e0ff260b402280128e13eff548fe2c0c28ee2808
4307e0eb33f8d0f83c1719034eee0a13a0fadc040c2cdeec0018b903b4003d0710028cef12f8ba0c0e19451a9f3ea8fb25242701ce0c74ff60fedcfe84127ff5
d10b261ca0f8b0fd90ff4a2059fb01318b1083fbf7141c15d1e575ee0f155afb39097cebc6106dfff70bbbecb2e7c10c9628f1121dfd2f15ef0c2d169f247307
1801a002abfa91ef28e17b06adf74c29e9f838d11f01c801b1027012c8046e175b23adf779f1d6053c0a491e5d146e01e2f9280a8ffb96e738021d093df24b16
6b06111ac7f662f93e4c7234bff174229b05900b361b6f1940fbe0f41b1c76f927f4c40a0af453efe406f80b2600a5fdfa1fb209643674083d0aca0c6401c8f2
4af852fa0cfde2fe38d5d2f268f68924f40947f5ab1dedf334021bf4ea02e51e8f10e8cecf1413214209910c1608cb0e3908db25d6128007e10590ffe90ebe20
15194b0705f16c04d81bc61c61f25c13f901690ac2fa6c039cf5061f40098c01d102870c32f49af14b02d114070051f4dc2daf2ac0f5b0fcd9feb604c51299f9
cb0e77eb641130f72b0964eb9702d73a9407ace4ac218b2061f81ff55a04e913641a42ffe40d0e17480c37043310a9ff6b04d7150b008211041039171a1e7a18
dbfec70da1fab8f38415472b2be7f8fd60fa251f53eb6b046bf9340be6fc33fdddf4a1ee810b7cf3d8064d18caef22fa2a13a31f141246013d0a19008c027505
a2060ef3330d3df4460533161dfb25157803e6efb828ddf5bc09e202460e2a02121e89f8eeffd714f10c2f09700605031105e41ccd3330f45dfd0a0c53ef0209
eb0d0319b9fcc1e32129b21647f2c4123d17842b8cfe20005800e6080a1025fec0e5f3f10ffda3e2f41a270540099c136c30f80097361a1fe60db1f99a100eef
00feb106da108de450e116fc7b01b60927fdcae880f952024cf10d0fa0f9251a7526d2f1041e2133d21239116cf279f9911f993c99014e0a2e0aca162b59fe10
45104e2392f14f015031d6421b02260e5e10b41d550784fb01e8d31e2405060a061aeff7660357e1de0a2e1ffff20e060d1296281b0dd4170f174ee77de98206
011190eb540ba7e1b2045d04f9fa79401d0756f1dd135107c90c85ea8de2f11a151177fe11134d18610d111aa734620f591e6b2b430f3b0edc06ff0722fff506
ea15adfd4fdc7beb99fe26149ef025ff09038418b401beff45f8c21c9af2a0ffe0e122f7e710c0f4b7078418f8df6ff26f1931179e13acf4ee048516652405fb
OFM 16 1 0 7020 a3b3b1b1
25f6bdfcd40db0043c06def77e071c4dc9077af737fe2c0edf01d9fcf7fa8904c6051b0858f787fd200d5900ea0acbfbf0089e0d930603fae0f9510b7cfea400
560007f9dc39b70f01faeaf6780870fe960486feebfb241097096af8d0f50a0bd9feb8ff08fe4bf76804760acefbfcfb9f0c25068f054a01d40e663f43087bfa
ebfd180f8405460364010a0b950f3f0588fce900090dae04ee05ef01130c7016d9089df5c0f8c30ea8078ffd0afbac01a342360da0f669f72f0d4f0532fc85fa
deff6dff3a0b24f534f6660ed704f7ff91fa4fff45fc470897f60af0b30b64045307a7fe7503984df50708f8eaed700a52068a0899ff6502ad0a5305b8f52eec
030b5206b60580ff0200ed0be505d9f54ff9e50acb03a5fac5fa5405f148f408d1f4ebf79e0acc01e8fb50fcde03c30d550822f5def9aa0b4d0365fe72fac805
f20f0c097ef35cf3300d6f04cf098dfe6105c64eef0760f42cf3250db806d6052fff290442109e070df3d0f2b20c90040d073a012705a1117605c7f60ef27c0a
a70531f94906d7ff4339500fe8f634f4ae0ab90470039c040002620e3f0e0cf8c2f3f408de0785fa3e01c6fd0606020e33f52efd6913bb05cd0792031f0ef94a
30010cf618fab511f70a5505dcff3809a5046c027ef3b1f8ca13e00664fe79049d0efe1269038eef2bfa0d09d008cefb0c0211063d51ed0e20f07afa21089603
a102f7002a06ec04e01152ef9ef9780801076f02c9fc1608f103900e8aed9bf8910cc9fe2b0830f91f08494ef801f3ed10f7480ba20274006bfaca0a41110d06
76ec51f6d50c5ffe1703e5fd5d0bbd0b4a0157f377f86a061a0998f70e048406a54d1e07a8f2f8f9d807ce0462fc10047106820b250afdf3effb1f06560762fd
980056095410a60a01f346f9310b6a05e9070cff25070c507f07cdf337f7c0096907fa024900e6069f014d07e4f11df6fa0a3105730578028f09f0074808a9ed
9af67008bd03bffcc7fc6a044a45390759ee40f67d07f4003ffe56fd850523fb350913ed3cf58d074e02bf0058fb5804adf81706b9f13df9960630feae0492fc
4104944d600434f20cfa4a06e4ff790285fde1051e171f06cef15df9fc0592fe050340fed20330104c020af3f5f54e00fa0e45fb30013dff9147d90d7ef463f1
d4fd0c0bb5ff17ff7702a811a80b6df1a5efd2ffbe0bd2fe07fd2cff2f0b6e0bbdf705fba80955059701ecfec00b8f33b9026ff76dfd890bcd06ddf93dff6a0a
8f022704f8f8d8fe5809d902d7fe91022610580bac046cf735fbe407bb0947f9cdfed8073d4030fd4df702f77906990579fc53fead06fc0f4d01f6f499f7ef08
3407f8fde4fb4e08a61357ff19f76aface0c1dff5a02e9f85f0c454f0003e0f651fbc90dc201fcfd16fdd809a60f0c0664f736fc2c0d1301e1016dfd920bdb10
eb025af4b3fa4c0cf6fe36fec0ffe4f44c2bdf0928f541fcb20bcc009e0387011bfce50b520baaf41afb2f0b2e03e0feb5ffdaf59ef78604890daffbcc0edaff
b503d9fd39023c27fb03970cedfa8b10ae00db02fefd1002cc18cd023d0d91fda70fc4ff1f0293fe070061192205af03bc00221032070afd29fe4d052f31beff
df020fff6f10e30244fa20013801c9080c00b20221016a1102047003a0ff0d077f145d0248f282fb0f1180ff8707e4f2d704ca4355080bf3cdf938104802e900
97f673057410d00840f19cf96a118a00e00629f8a104be0991033ffad2fd24100e038ffa7e0222fae0308a04d2f98efe330f4a001ffd1a04d3fdd619c30501fa
49feff0e8202b8fea70104fd9918840766f4f5fb0f13d302960449f9e40e4c4b8a0519f41df823131608ddfe94fcaf0e080cb106e6f2edf9d6144e051200f1fe
a50f460c0c065ff4e6fa920f8604f8f44d0148fc913e920482f41af9a10d81ff28fca502e6fd7f07d205f0f26bf8da0ed203b4fca7fd08ff3d0818060cefd0fc
8e16b8fd9b0ccdfa2d0dcf55f604c0ef1bfe41168503a60201fd880c760c8f07c7efc9fc0e169afe86057701a611e212150764ee5cf9130b49060cfbdf01b6f9
0d4b90098fef3ff780071e014e04cf025ffce703e709b3ec39f47c093706d9022efd1efc5c03980a67f0c7fb551420fb8f09ecf8360dff49ed0438f08bfd6215
1affe1005bfa970e66028f08e5f013fe2d14ebfa3504e8fd890e20031707d6f2c9f6e00744062afd1d0201fa3d4e3809a5f3d4f494052d02b002120278fdd908
430971f122f3b706d7046c029afed0fafe03df081ef6daff441080fdfa051efbbe08e93fcf09fbf4df018711dafdd7ff40fc580a83084607d9f6c403151076fb
5605e2fdbb084107df0910f55efa5b095a09e10293feefff15484f079cf514f8c1076a061f03a5ff0200e31178066bf39ff73909a0072b0748fe13ff1c120c06
b2f705fb0a0fd5fc9d0461ffa30d804ec702daf79afded1097fe950203009e0980194d0419f98bfee40e9cfda902b7007f0a5b1e4e038dfe3cf53a091004a502
c5fd93f95c35c20adcfffaf2ed069604d102a8fd3dfa0719d70983fd0af1b008460466014cfe83f87e136207b9f83afa5a11dafa8b0799fa4503042b100e02fa
adfc9e11f3f71a0af1fad701f8177506a8fa40fb161004fafa0b47f80bfcb51120088affacfaf00f48f9e50467fee1f793311b0b480075fa480e2ef9f10208fd
84f42e17100276fff3f8340f7bf71103a8fe09f234135704730266fb980d68fb6504e6fb4cfdf6375408c30347fb830cc7fb9403c1fb52f83917df01aa02a2f9
0b0d3cfb5f0380fc15f672148c01f607a9fed4118dfa01fcebfde6fdd33250042008b4ffc11284fbeafa69fdfef6631b8101cb08d3003b1297fa57fab0fe73f9
4f1e7500820f870851164ef4bdfb82f49afaae254a036b108d0862169ff22b0074f684f6a2169503091097080e1744f6c7003ff31ef9a7176300241201ff590c
8afbb8f800fb94f6b6193709bc1048fce60cdafcddf5eef87df2d4145c05dc10eaff4c0e21fafdf416fc15f55a162506e7001dfbbf0d82fce40095fcff006f21
8102f800a1fcc50ea3fac6047dfd34008e1dbf00b3014bfda40d3afdd704adfa4ffdb718c8ff3a0744fb8e0dc6f9220049f76bf6b31ef60d300872fcae0dd9fa
53fd3af5d2f4b6182c09f4070dfca30c8cf8e9fc9cf7c5f02711fb06fb04fcface10bdf918ffeefa05fb381def0271052cfcf810c3f9f5fe46fc8ef75e1332fe
c60522fc5d1033fa1b00ecfb94f63512c7fea506cbf8920e5bfd55ffa4fc6c012b31e4021b066df54e0dd9fdb6fe45fca7fba516b0fe0b0540f6fc0f08fd92fd
28fd50fc74199b006e04d4fa580dbcf9a3ff6df910099041dd01b50262fa8f0feef8c5037afa3b046e16ec023e04b4fe9b0fbffb6b02e1f71307d61bb5029efa
91f6860e89fa28057efa2df8ef46e60c5efc99f50f0d03fd1e03f4fb60f7080ff20788fab2f3720d7efcd902f1fc2df4640a4407a0fad4f5f508d2fe990769fd
680069403c0c48fba7f6190845fd840abdff4efec20aad0521fb4ff5070886ff3d0b42fdf4fcde0a1509c307eaf3ca082c00f100e8fa0504a13a5704ff065bf2
e509a3055cf8d9f84cff2f11c2041a07c3f4380a0c006bf639ffebffb61270026afde601ac08dafa590640f45508c828be0849ff7b031b08c3f33114a1f85805
4c1094044dfe0d01f807b2fdf61567eef1011b0c9502c603c9f9200b1cfe5a0352fdb4f82c37a211900411fa750a2105e6f577f922f4cc20c70971044df9890a
3cfcfcf43703b9f26f1c320900010c003e0f31f8df0332f6fb05fd28990604014002ba0f05f2dd0fc5fa5a01e90e2aff59026802230f25fbec1185f1e6fffe0f
a702abfe68f5d60afafa4d061df9e5f5433f8a082eff46f3ee080200eefd0df70ef30e147d057bfda4f22b0b9afaa0fc72fd49f3341113032402e0f9f80b6600
13014cfb73063e453b0e870262fa9b0c64ff2606dafd8c01ee10930afb02dcfaf80baa025a0568fa44009812100cabfda4f8d60f07f61107e3f80b004e4ad50a
0efe31fbe50fe3f82703acf9cffd9f11610808ff8ffaec0e90f7500374fb1efef8109d0727080dfb5c0a13fd1d00d1f842fdb846b907cd07b7f7de0959fd0003
3dfb67fbf3066106b00661f9a40b9eff350270f92cfc7f09200723f9dff6260620fe11093efed10a765e200b8cf893f9ad07ecfd6208b4ffe108bf12cb0958fa
77fab20589feec09a3fefe088715830b81fa72f8cd01c101a506a7fe1406024f6608ddfae1f6f400ea01cc0585fe4606690f5708f0f971f6ce014e01a605defe
1b067810bd08d7fa00fa5b0064ff2008bafc08030a5731079dfaddf7e6fe47ff700996fd9e043b13c8083bf98ff7ac003300ac0880fc8b056e12ee0705f7d4f2
f0ff18ff68074afea508494f7804d1f5a4f33c0190ffe60695ffaf094a08ac040ff759f5d9ffd6ff0c07f4fe1808270b9607fdfe2bfc320939feb405b9fa3005
285dc9140400bcfb9d08aafebe0600fd22059f1099138fff78fa8308f3fff0064dfbe0040c116a141e0181f5640670f8a20bb3fad8fe8457600c3b001bf5b905
c9f8ba0ae2fa8bff51047a080e004ef5cf0595f8340aeafa22fc40057c0c06038cf8110d72fc1c07a2fac1fe4455e10a0d04a7f6d80bb7fc6308f2fb4b00b90c
530cff0162f55e0ca7fd6e07abfa6ffdce0bc40b6bfeaaf6300b44f7040728f9f9fbc953320e7ffef1f51e0a00f8c6063ffb9efde50b8a0baefd2ef5430a69f8
d8063efaf8f92709dc0dcafc14fa580b7ef94a0940fc1afd24508d0a07fe01fa7e09d0f9750924fdacffc211660b86fc32f7f10908fad60869fc43ffa60fa20a
87f595f28605b8fdd30a8afec403d154670be1f51bf4df04b1fd1f0ae9fe08054a0e0a0afaf578f20704a6fd5a0a66fecd02f70c5e0bb8f6e0ff27004df90e00
47f99ffde44069153cf89cff45fe1df9fdff3bf9e0fd53036414b9f8340075fe30f9070045f916fd0a03b814eefcbdff7efec5f41101a403f0fba04e7f0d4efe
11ff90fc90f4f700b303f6fb1205f40c9afedfffdffc9af4db008103e8fbcd04d00ca4f4b1ff0b044df78e03fafdc2fb1f49eb1289f73dfff70008f75e03f2fd
9bfc6c030c110ef835004f0108f74c0311fe8efa0a0306123ffb3e05630067f5f004240049fd404fd01331fe7504a2fc34f5f5043800bffd98037312defea305
30fd4cf5ee040f00ccfcb602701296f6acff9d0698f24ffe6ff93202b750a415e1fa22ffcc01f8f1f2fd34f926039efcaf13c7fb9000550213f216fe4df95e01
8efbed13dafaa3fe8200eef2050686fda2fe9650d2110300b6fd8ffa9ff21706cbfdceffc5ffc00e140160ff47fbd0f2220699fd04fdd5fee90f23f23afe7707
1ff342ff0dfab300f6500317f5f772fdd20067f2d5fee3f9590205f819144bf952ff810180f2ddfefdf948fffff61f156ffd4502c10297f2bd0238029301f953
dc124f0174015efe7af2cf029b021c02be04a410db01b402fcfea7f2dd0278022e00fb03541160f297fcf40943efb203eef6db00d3405b18d8f44cfc3307b9ee
5103a0f6400101fe6d1797f578fd7507b0ee6303c8f6d90080fd4d17d6fa9e009a0221f0e00aba02e2fd364b7e166cfeabff25fe1df0e00af802adfe06029314
0bfff100cafe32f0e00ac802d3fc84018c1537f339fe0d06f9f163009dfad0fd8646971790f7c6fd520151f1e2ff39fadffe40fb3b15aaf85fffcb014bf10500
78fadafcadfa1a16e9faccfd7303edf17406c3fec100fc4c33139ffffbfc17febcf187062affde0104ff3c107a005ffed0fe06f2ac06fefe06ff55fea9116df3
9bfaf70468f25c01acfc58fc0d43f9183cf62ffaba01faf1010172fc19fd4afe9f17e7f647fb100200f2190186fc19fcf2fdf917dcfbb202a0feeaf439058700
fffa483e7e1795fc320265fde7f416057e00e0fafb074d17cffcd902b4fdf4f40d056b00fbfaef07621791f9d5ffb302b3f44600c3fd74ffa13b6512e4fb8aff
28005ef4f6ff9efdddff8d05fb106afc5f006f0062f41100c1fdabfe6305b7111a015ffdc9ff04f30ffe42ffe201a4252d0ab702befc71fdc5f21ffe65ff0b02
700b62093803adfd01fe19f32bfe0effe101500b890975f349fcf1038dfaf2ffb5f854fb4335f3162cf7f9fbe2ff1cfaafff9af85dfc88089c1421f822fd4100
44fabdffbdf832faff077815e0ffaf01cb0315f2cd08f2fbaaff053e830cc802f8003000caf1ca0805fc5f008b054b0b81033c02d900f4f1e708cdfb49ff0d05
c80b13f661008c051cf660066bf89501f448ed0f62f930003802b0f5140628f84202acff0b0e04fa2f018a02a2f524066ff892000cff920edef76703ca04c8f7
f0ff410826fb0f56721677faaa027301abf7c1ff5b08bffb9d035915fdfa8803db01aef7c0ff3d08c9fa0103561559f757016f09aaf9e702caf991ff7c60890c
89fbe9001c0529f9bf02ccf9ea004b00560a3afc120298053cf9d302e6f94cfe65ff060b2afb0000f603f1f7410bc5fa90fb0753950d21fe5bff6f00b5f7620b
ebfa91fc91ff3f0cbefe5900fd00d6f76e0baffa1ffbe3fe9d0cb1f0a702a906f3f6e2ff2afc4ffef550041229f4190293025cf665ffc3fb2bff28f9391035f5
8803060346f645fff9fb84fd86f8a11064fec2fed80208f37a050401b800bf58aa0d3c02b9fd1ffeeaf2a60564018d013bfd720b1b0333ffe6fe23f3b5052001
51ffb2fc990cabedf3febd0910f3b7033df9b4fd414acc1718f298fe1f0541f23e03e4f8e7fe5ef764151ff30400850546f243030ff901fd89f6ca15c3fd2f02
3f023cf05408edff7a017f5a2a13b70111013afd03f060083e00400234f91511a502a3020bfe45f06d08e5ff5e008bf8fe11d3ed5cfcd507c6f09501c0f64800
f04fce1d79f120fc1f0431f02b0168f6030100f4721b6df27efd650428f04701b7f62dff84f3471c09fe1e007b0286ed6909b3057100d9591414b9000bffd3fe
72ed6809f905e90055f7df124401560089ff96ed7109a2050b0019f77e1329ec7f000808c1f2ad05eafc51fa8b5b5b2375ef3800c90462f231058cfc3bfbb3f5
4c211df06c01090539f23b05f6fc35f953f54a22fdfc2000960246f09c05440404010a59b111eaff49ffeffe0df083057004a5018ef95e106d0070008eff34f0
99053a049b0018f9ca1007f136ffb401f2f8cd001d01d7f8e3555b1b7cf5a0fee2fc89f87500ff00f7f9f1ff55186cf6efff3ffd8df8750038010df72aff9719
73fab6ffdd0457f3620368025dfd674e030e73febffedafff9f23e0376027cfe71fe220c61ff3200960017f34b034b0299fcbafdd80cd2f225ff640869f5c603
61f95e0089636612edf7aefe3403edf48d0351f9ae01f4f7680fccf81400a403edf4ac03a5f960fe04f7ac1071fd3f02dc063ef4ce01720178fc085a7905bfff
87010204f5f3cc01890121fdda01bc04260094029104fef3ce01610157fc8701d90480f6b100750133fc91fcbffdeffbdb577f1132f9060062fe18fc8efcbbfd
6bfc87ffdb0fc0f91a01b5fe0afc68fcdcfd76fa1affbc1083fa0000c903adf8f9fdcf002afa8960af08bbfe22fff9fe3cf8ebfde20030fbb4fc9a0687ff7600
87ff40f8ebfdd80006f926fc83070bfb810132067ef9f7fe33002bfcb463b4063effc0008c0118f9f2fe4a004cfd9afeb704ecff0602100211f906ff49001efb
01fe86056df88e03e40a2ef8d301a8fc66fe646fc8043cfde102ca05bbf7e201eafcb6ff9cf9300205fe23045806c5f7fd01eefcdcfcdef83f034af76c00e90b
22fde10115fc57fc417d660913fcbeffa606d0fc000263fcb8fd33fa0407f3fcfd001b07c8fc380255fc2efb50f9b507b1f9e8008608adfbd90515fd09f84467
b2ffaefc5b00370546fbf0054dfd22f9a10163fe2ffd3c01ba055afbd7052dfd9df717018dfee5f99602640699fb2f000bfc93fd554f450a37fc1a02bb0367fb
1a0010fc1ffe3b041009befcf802160462fb120019fc9efcd903a90929faac046307c3fd3e00a8ff55fbcf5e720628ffc0038f0162fd4500eaffb7fc5905c203
32003a05440280fd2b00daff92f97804d904c3f853028d07b7fcb7ffadfcf2fc2f5e610cc4fe7f01ea002ffca2ffd8fc8cfe5bff4109eeff1203900141fcb8ff
dafc32fb4bfe640a23fdd1023c08faf43605fbfa95fbf3576e059d011f02600379f4290501fbb6fc95014e0361027d03fe0378f44905f4fa8bfad8002204b2f5
0800380920f51d04fdf93afdd86bad0f62fb63ff4f03c3f40b042efae6fe5bfb6b0c3efcdc00c903b8f433043ffa3cfb76faf80df5f631014506b2f536ffce00
b8fe2b65e60e96fb5400f80046f523ff0101f1ffe5f7840c63fca9017b015df521ffe10075fd2df7620dd6f9f5ff3b031df7eefbe600d9f9d95166115cfd65ff
63ffc0f6abfbcd0092fa2a05680fe2fd6000c6ffb9f6d5fbe900b2f8bd04581024fe5304820877f5a104defc12fadf4858052102c20347042ff5ce0428fd58fb
fd0c5d03a402db04c80443f5e204f4fc1cf9830c510404f96101d903f6ff66f980feb9fa1c4149111dfbee004501e7fffff82afe06fb0c1125109bfbb2017001
9dff18f97efe8af9f41017119ffe0403560492f751009aff2afc423f75fd300150023d0163f7a700f6ffc7fc580ccbfbb2013603ba018ff77700aeff00fb2a0c
b4fcf3f8f9ff6f01b5fe9efb37fd66fc964d2614befc66ff34fd8bfe6cfb3cfd0cfdfb08d41177fd62006dfd64fe87fb5afdc0fa6d08fa12a8fc58018d069cf3
360002017cf95b5897070e017b007d013df34d004401bcfa8e018705d701d901150248f35b000801a4f811016e061ff84f027c07cdf7a7006bfed7fe365a0b0e
20fdd70167024af76f0074feeaff4d04390bc0fde102d40243f7a000adfe3efd67031e0c97f8d500ef03d5f6ae00f2fd1dfe30650311c3fef9ff29fd7ef6b000
3ffe95ff6f00490dd0ff9001a8fd8ef6c70033feb3fb60ffea0e66f9e4005807fff50b00a9fe4cfc6063681032fe5d002e0277f5d6ffd2fe8dfd8503eb0de0fe
6101930288f52500c3fe4bfb9202830e5ffab1fdb800f1f4c300ccfcb8ffa5425a0f5dfc87fde3fed4f49d00c4fcffffbd08c90d77fc02fef7fecaf4b000ecfc
76feb008d70ebbfd5bfc340018f552fffefd26fc0e342f0ffafe2cfcf4feebf435ff00fe59fc5b10790e08ff8dfc09fff4f45dfffefde0fb7810ee0e06ff7cfa
ffff8af334001dff85fd0731e70c28004bfac5fe5af3fdff11ffbdfd1a10630c3b00aefad6fe50f3240004ff89fd6b10e00cfbfca3fcf0fda5f5260125fdeefc
cf2c75131afdb5fc27fea7f5f80011fdc7fcd4102713dbfcbdfc12fea3f5080129fd9ffc2b11a6130efb20fb0fffc4f43b0037fb3f02d83caa124afc15fb0bfe
9df4360050fb3802d70bb51138fc48fbfffda6f44d005bfbba01f10b171205fb87fd03ff34f5fe04b9ffc8fe135a1e15adfe1afd2efbf0f4b304a9ffaeff8605
221306fffafd6afbe4f4c504c9ff98fdd204eb1304f8ccfdce0621f4db03c4fdf801ab6b6716adfe1afdb0ff76f39103e1fdc90379fb2813a7ffadfe420089f3
da03f6fd810037fa171404f911fd0d020ef582041ffe0f01a15f9c1352fe7bfc75fc8af43b041efe5802f7fcc3100fffc0fde8fc94f452043efe87ff1afccd11
bffa83f95b01e0f4960285fc3901f052401467fe0cf96afd86f4740294fc240289008712f3fe14fab4fd8ef4960293fc8c0023002c139bfc21fcebfefbf47a01
7dfd08000b3adb1101ffd2fb65fcd1f449016efd5900170a7d1046ff80fc91fccdf4540185fd28ffe1093211
OFM 17 1 199024 2064 c439f639
3c04310974f93000ca072905a6fd4e065d0547f81e07e0f745fa0c0780fc030936f8a509ab09def972fd8f0752feabfcac022cf79df792fd990693020bfd1309
380942faa200b8083c046af8f1f839f907fbb900ec05f806c7f927ffe00075f8f9f837f67afe85fc4d01ed0443fbe2059805b7f995024af7b200aaf95001d4f7
a8fffd0074fb6405c30558035bf9270693f913f81609f5f90509cbf68ffc8a057ffcd102da00b400dafe7d08c1fed901d9025a055a023cfad7003bfcdefd95fa
9800c5fb92fd2e0087fd20fc63fed4f74c04ce0536fbd30826f90c07080425fab3f822faad00c00744086b02e9fded04d60183f81bfd7307c003a301ecfd88f9
20047c07ad0148fca5fb55087003f60151f90f0312f8090170f6c9f84c089403e4087bfa20f94e0091fe6f0228f85902edfcc400f5fab2080e0937fab208d400
de095dfbf8fa07fcc501ab00ea04fafdb10235fc6508490675fdb10912011607d50553ff4400fb01260212051307be0486f717fb18f6e304f3029707230700f8
2e0386f75c03c9f965fc30ff84f94106a8fe9a0406078b001efb7b091709b90606ff6ff79e027507e7f84408d603e7f92f0092fb4dfe93f66dfea900aa05eeff
7a0780fd580669077d07900191031c09e802e4f6600877fd7d064ef708fec602690442fe5d0587085bfca3faa7fc8bfe08febff7150162f966f6b003d8f8d2f6
8af811f8c1fe0209f0f679fab6f950096706af038ffcd50450fb8f07fdfd4807ee0152fe0907240492fe40f8e9ff160349f8340655fa2b08eefe83fe8b00a302
3cf65201d804b3f68d0046f7f9fa6501dd00b40011f747febaf718f7f30856041900b009c3fc6b01c6f8b0ff2f0471040dfdd6fe02f859f9a0041a00aa054401
bfffab091effe902c1088effd3039df95b08dafc0c03fafe3cf6a7fbe604b5faf8f72ef946fb6dfb6705effb8a08db0867076bf9b50714fb8c08f002b7fe4bfa
21039bfb4ffdeef6adfc58f837f76bfa62fa7809b3f671ff65ffc106b0f7f009860468fb1b046405aaf858035cf922079b01e5ff4a09c3fe540921080802baf8
4af92cf8f1f7f2005cf92bf64505610685fddc07eef99c0622f7760558ff59faf4001a0137f7da04a9f6ca09e4035ef8a4fdaaf706fa77fec0fa9bf66b058607
b1fc57053806f8062800cb09e2f9a007830420012ffcd50918fa8a0066fd960162002406fc08d2ffb707f802f905a2fedef87af65bfdf8f673054cfc58fb5af6
8206cef86bfd590306fd37f88e048a0975fc4ffacaff8dfcdf07ef0793f958f962fb430185f8290821037efe9b087bf63afffd05c4f6ec080cfa9ff77ef71d06
86fb9406d5069202260019000709abfc56013dfb48fa48f981fb59008b0812045b04010518026ffb40022c07a5fa460943fa0204c3f7fbfd510312047c08dd06
36f61403b0fb81faadfed3fd8900f20190fc7df6fbfad0071ef9f5062afabaf6b1fa3303a9f89c03a4032f0613fdfb0478f89bfdc4fe370021f689fa95f84a02
37feb709e802af0654f6c4fbddfce205fc08f5f8b3fe11f97104fefbe108cd0906ffb7f67af773f7aefca2f93500740024fd10010bf9270197f75903bd0190fb
1902ecf85cfa8d0675fda6fcb6036704b702ddfe47f79cf94af620061608d5f610ff1d012d093600e60338f98fff92023403b5fc20fff8060407bdfb8f035d02
c20619f9d3fe29fd4b0736f858f911fb1d0675fe8909a709f907faf91308a5045cf867007bfe9908a90472f916f9c0fc5ef724f8e60672fa84f940fbaef793ff
a60629ffbcfb16fc02f7b4fdf8ff3806320650ff3cffb6fd91fedb0580f681ff20fe91f769f6c2fc6a02b8f751037bf7fffedf0514f741fd970028fbff02c000
b80235fa7a03a6fa36f84701da05eb03e009ed0100feb6f65008e7fa55f612fe1b052bff3afdc30470f91cf925fd46fbba0525035f03e7ff60f94bfa5dfe6afb
270145066cfcde0313fe8af6be03f8fed4ff59fddf05c7fc5f08450556037efd2908abf727fe6dfe67091b00ac096f048302f6fdcdfd74f8d0f9a3fa4a0135f7
11044f08e6ff7706deff60f856fb6909a7fa0efcd4f79ff987097405c2087a0695f6e000b6ffe4f90e08e0081cf93ef830f77609ee0694036f0469fab6ff8efa
fc0698fa7c052af975fcd304b004b4f7ffffcffe5e00f7f3e903980cab08a60aebf7c0fda4fb1c077909dc04f501800642f846f554fe2b03b6f7cdf5d101990c
c404f90b7ffed605630216f7b80b3ff7d1fa6c0284f9e4050308350a71034808d90ae8facbf4affc46f3da0503f522fcc4f8a3040afc09f4a7091607dbf6760a
daf461fdaff5f7fc1b081ffa5df6cdfe52fd810045ffbf0182fe5dfdf5f61ffe6304c806b00337fbbefe8af6bb022805a1f8c3f8c40475ff4b00250c4c057d02
54f396feab0a7e08a3041cf41b04d802fe0bcd01a3fb32fe590caaf72cff570cabf302fe13018cf575f80dffc30a02f427facd07f2f67ef52efdbc069bff23fb
acfb350c7f038dfb6a03d0fc360200f8eff646fc9209f30bae06e2fbef00c2027c0cb70494035d05f9024d09d6f9c5077609c30b8fff2cf618f92c0341fe6df3
50f92b00d70036f49a03acfe670137090e0748f4b4fa610083008e008006c305cd090d0046f6fc04c90badf4950606fa91f794f5da0b670caaffa6f3fc0a960c
00060c041bfac20307f43dfb21010103f8f8be095ffea1f9cb0233fb20093305340c41ff41f879f74600d8f747fac1fa9cfde1f4c1fc9ffd9f005b012f06ee00
df02a2fa0c05d305a2f93f04fdfa8d028bfd81faa706da07220b17f8f20b58f39306600a2e0baffdf70b450b750a3a0ca102060a96f9fe04b5fb45f5f200b3f7
e6013d0365023cf7c309f7027201d8f8
OFM 18 1 198736 288 8cdd4695
85151475304eb5ce8afcc16d8ffe08600d266440d14eb18fa4f54ba816619e36e1034002a0b1d3718fb0af3cb598f46f03010ea6548ab4b1bb09c989b6d35122
82b8ac039b828c7d76eaeb85802621c4267c8f9886b39583ef4aa24da6cb044b172009eee6235d154b768ceb282cb2a3f69dab68dbb956e1ba7c7ed977672315
8936f5594b075581336b7413b900943ed39d7c2db1407f8a02187949e49aaba528da7e992deda730e5fc6e178643448bb376a0294fca2783fd4cd0dd9324471f
a8f1acf2767a8c867fb4d94cc05b24b76b4f1380e225d8c7cb86c3fcd21cc8d131cf24969efa8bbe17896c173cfd837f58fc66168c81f8d898bf8283506e7c7f
ceb0134848a5e47bd609162c6b938caa335a980b9db854f6446e517f4684dd06
OFM 19 1 150464 4352 39f0b755
5a0cd80463fad20193002dfba00c200455fcf30b29fdd60806feb4fd8cf8150ada04f90725f5c7fc86fbfbf87108cb01b6feec07460b88fffcff110cf90a1603
9508fa069cff7002c705130ca70cf6fc1c06f4fdcdf92803e9faed0773fa0dff340bcbfb9904b7fd660414f8e9059bfee8ff53fe31f6bc03860250f845083d00
28f4b7f73f0636063b09aef5690c28037d004f07b6f4adfa58f8aaf7a3013d030101d709fbfce80228fcc5fba6fb74099dff39fe290c8907edfca90c30fd7f08
68f9af0ccef4cafee5fbeb0514f4c8f584ff430c1bf4d90189f776f341097cf4f5fdc6f33ff94cfbb3fdc1f5ce0051faf8feb1f85cf56a08cdf7a0fb55f7a2fd
0ffa2efecf00cd0561072df664f829f548f8e8077f0414f985fdf3019a086109f5fc3ff7d0f937f7bb051bf96e0017f52cfa19f84effb0f720fa0407790b0906
4e03d4037cf325f5e30728fc05013506c8f73d011f06ad062ff84bf538f84bf46afea6fc990220f91bf433f4d00ac5021900f7feea0781fe24020c0b34f8dcff
8cf613f9c40c1cf790fb5b09b4fb7a078af5f9047b03c1f8f1f52f0030f66e0651f4640b2a043609f5f84cfc46f86b080200940c4f085bf87df9850483fbae0b
930a82fe66f33bfb1dfa2ffe91fbb3fa4603edf5ca0818fbd706c10b2f0b2a00aa04ab0017fffffb8ff979fc18f5dcff30fa0c0728fdda016609780475fcd00a
9e0859ff77078efb20fb0cfafbf60a09a8f303076effeefc4c0267fc08ff6d088d07ee0625f4d90016fd8efc38f844083c01e0fb5b0beefd27fef2f71ff7c906
9e0135f7eef9c40c230a94f75d06d504cf04100693fce2070df7e3fbc8021af44df3000a12f412077e0275f940fb680429f96d0345f74cfea1062f03c007ff04
060c35fd430b83016f0239fe5e0877092802b80956ffe907480ca507ed02f10509f8c5fe9bfdfcfaf7fdd4f604f7cbfe5c0777fea70b46ffbdf5150696fe5400
4e07230351fbf1fa200543fca9ff2b054c0a9bf51b0356f790f8d0fe950cdb066b053ff9d6023ff7f00973f718fcb4fa6bfae7fb010be9faa0075504f503930b
b9f6adf5ddfd5203910389fc170ad4043d005cfa21031b03a008d406560b0efcef01a60046f92708b80c06016a08cafdfd033dfbbf0211014ef6fe01730560ff
530281fe10f9bbf516f9e1f60e04f6ff22fda4021af5e203bd013df6b9fb1e0197fbb7ffbfffb1f986fdc50bcff96803530241f45bf72c0012fdf00463f76205
e807e1f8c2fefdf9800979feb3f30a02ef02340be2f577f77202fa02630a9efd90f814092108590bedf909f9a0008e0166021bf4e3fb3b05fdfb38f9fe00e2fd
140172fb99f847f7a50450ff2c01e6049bf9e8f4b0fdaa0c6efaaf0568f7a302a1063001fff77afb860355f6a60c79feae02e2fd060025fa6b0937f96e08bb03
9f0041fb8af68cf56e0ad5fb94f4f4f4fe01aa01410628fd2ff53af7ec095cf3ea02eefa17f9e606abfa87f74805e3f41d0441f5c8f6c5fb5afaef07ddf649fe
80086e0239f56cf85f027509e40861fb69071d0b99fe88049304e4fe92056e0755f557fa1307b8fba4025e0b03f721fb82f76dfe01f730fa86fb4e02b1fd7f0a
cc095af8fe06bbff7c0c7a081704b1f97609fef9190a64f3bb0aca023b0538086df582fb48fd5107f40a55fcc2fce1f937fc84f700f5dbf75e092ff5f2f376f6
430228ff77fc53f31609bb0907fc5dffd003effeb2f7d305c90693ff58f4520a48f3eefcee06600873fd4600c10440f455f856fac2f8be008202adf385038bf6
94f9530291f759fa46ff6ff7fe025305f8f576f894fb2c0a20f77a0a92fe9505fa003507e807a7fdca0189f7780c9102a509a1fc8ffdee0882096bfc8401d9f4
c106e2feb0f4b70871fe3bf7180667fc43064d0367f42df967f60ff9f60189ff18fbef0262fc65fdb9036108eaf311fc5b0b5bf466f90cfe8c0b730bd0fe59fc
19ffecfe93045c0789f9a5026401870a9dfa76f4f6f32cfa72f364fdd003150112019cf7ed0b0506b0fe18f805f9eef67e06cb056ef93503af049104e60b24f4
3502f3fc4cfca10cc908fd0b7ff56d02c3f6fd037ffdfdfe0902f8fbfaf9c2ff2a06a3f698f68bfc8ffab0fb46067bf63f0937fe3afb2c0a26f97ffceffe93f4
f7ffbafc940913f9c4fefd070dfe4600faf4baf568f780071506baf32500ba077cf61e01ce0a0808a8fce0fe83fa0303f2043af7040b0503820514f8c1f97dfa
c80bef013df72cf6e00a3f086bf6250b0f0beefd280587fd19f9b8f7ec012d0b85f58cf7850022f6c903eafb39093af3e3f493f88df7de02b5fe62044bf39300
cd073d03ba02f00bb7fde1056306e8f968f71306b6f5e7fdeaf396fed4004d02ddfe4e035b046ffeee01d6f5260c39f4550461ff570224fca4fdd7088906d609
20012207a3f8d60199046d04e6f54cfac7fbf6f99d066ff76c062dfcf4f7bf012cfe22061f0717f9f7065703610c7dfa11f501051dfb270ba80b07002002520c
2df894089d03b2005c01c10491fc9b0a500ba8086702a8f98cf54d05c5fe950ce9000a025e0952f5d6f317fe51fda40a53ff530ca8fcacf60903bff4780a190c
e9f65df8f70b29fc2bfe2e0786ff20074b0a9a078708fffdc8f542fe65f36c02d803bc00c8f36503330a20f5cff85dfbf9f736f8ac086bf5b80cfefe2f05a6f9
a104550052f5a009f10457fb0df801fcddf7750afbfc9004d90a240bf9f37ef678f926fe810acffdb7fdcff34ef6980c80fa28fb420b46f5e0049708c5fc8bfd
a3074c06edf95a03390c7cf43cfeb8fc950192f6b8026ffab1fd5701ba0335f847f63b06f80a08f737f87801baff62055805baffb2fc4b00de0078038bf9bc0c
43f78909aefb31045a05f2ffc5f979fe0d07a6081ffbe001eef37af8410a5ff74a08840ca2fd1ff6b20c11027efceef5b4f8b7fc60051df866f94af437f53a05
38f71a06f203780738fe5608f0f98901a108730585fd90024604de0baef76906ea01f6ff80fe90f441ff1e089a05d6ffbefd16fdcf0a15fb7f0b99fba5007906
c30874ffd90ae50373fcbc0571f7560b20024d05bc00260720f445f6c3fac6f8940667fbb00a84fecf0245f6d5023c05b6020ffaa207e1080200a1f3c5fbe304
64081df7abfde8f6f50239092b0459f7daf3b3051f0c05077ff34cf8d303ebf802fc50fb15fe50f747f66b095ef5850a91fd0501d7021400c30337f3f4f396f6
affdabf812f508026a0916088df4cef7850c9e06c2f62704aa0066f4cef9cf09660b3f0baff403ff7bff81fe68f74f01b30bfefbadfbfa03740748fd2e092d00
dcf30ffab10aec0579048af516ffe202cf05d5031108e0f37d0150f96e0aaafb8a019a015f0638093a03d2f72cf87af6fdf4bcfc220192fbaf051201e205bb08
31f5d8f5ad04fe0026f841f66c05e800eb00d50a62084af47903ed088c0ae300d4f3dc064aff5e02d8f3b5f938099dfc3702f204def941f7c2f8ed02760a33f9
6eff18fa53060cfeaafa670a7402fff7a1053303f2ffcc0b990353fe89f6e303d9faa60039fec4fe6905ddfb9303aaf696f4850cb8f523fea7fd87f5c20c9908
7df5dff75c0357fd380709fd73f51c01af0417036905900588f84e0b15f7590b55f5cc01a7fcc3fcccff48fe0d0849fac908ed0914047502dbf99e04cefceafd
d4fc0d05c0fd820417fa7c07dbf873fc13000afb830ad50adef675f784073f098b040f09ba03b90bbef629f74dfe11feb7f6e2082ef4c701bf065908c9fc3df7
9a0a1af8daf34ff4100a1ef73bf5c9054cf599f796f9aaf62eff2df885ffa808baf8640bba01a90276f780fb89f5c00aa40ca90ad2088dfc22f975f597f7ff0b
3cfb2fff8ffe170458fe2efa6af422fbaf0bcc0466fc2f05caf84afff70852f443f76e039d048408950222f444fad8f6370b8308e3f461097af402f7aaf92b05
56f4990b92f7acf68c0834faacfc070c54fb88f3620c38faa407f0fce001ce0ac7f48f00a2fd6807e40153f326f8240bbef5920bcb09770132034ef40d0c0afa
760650002efd0af85c06060675020dfb9a0679fd86f45bfb18ffeb02c0f4d5f3eb0a9dff6cfb99076bf55cf7820c9d026704e506b0f8ef0ad7069e0738fee7fa
2bfc00f68c0453f4c5fa4af334ff0f09590308fac5fec00ac8f4d00737f93f0293fe4ff986fb010a7b01c4076206dbf7c9020a0c17f4bdf304047ef7a605bb00
8507110bc6fecbfda8f557f39f044dfe17ff14f60af700fdbafaea0377f67e06cbfadb0bfbfd8a00c8f84106060380f8be0be8f48ff6ba091d048cfff6057afc
91fab202e70a530a14f799fb0f0881f8e5f5f20835f3c4fd2efa9f05d409ebf51f052f08310adefd5ff5520cf30b82fa36f417fefbf68cf83105fc079003d10a
ecf502ff76fcbff9d6f536fa8600a209360995fce6ff4af3b6064e01b4f430087b0a300ce104c9f6b0f61c013f065f06d3fded040efc7afc70f648ff72f973fe
4408a90856fb3202ccf7540bf308640afbffb30542f53bf5cafca2024cfe8ffad8f956fa6ff77af3af002cf687f4c2fbca0355fa2a0224f98400dcf538fd59fa
a90c5ef0befce2f33c0e89056df841060a060f10a0183800d61366f575f48a303dfbcd05fdf0220fdb18b5fef81890f248f46212b7f92919af126f0ab40922f7
e0044f1fa83548f06ff689135611db0c76008a012ff853fe06ec89fdca0abafd6e008ef536faf8fd8bf34efaf314112220ed21fffcee4c21c02bbbffe70077ef
b8f5acfb512a78e4221daf1ebd15711833faf004570b2822080fb9f3af0f1b17c6f94feae60bb5f6ecf84910cc1bf2fb33fc660452f6ad02a71f1d0940178901
a712a2155bfffdf60efda61a1b0cbb124f0e7ff719fda80a4cec5c1cd606650115f8fafc04f0b7f87227c2087af9c00a320172191b0f711a400816f74909ae13
a409a406b72572efa2187c0d5c0e150b3302c603ebf51716b20e47e855230903bbe8b9f1e4f667f34ef20c0049123b17b3f3e0fc3af21708710e202beb088dfa
150e05fe4e168dedb217b71c180f011d6aff2cf76f11f5fa4efed910491be8115a0feeef620141eeb9f57efc3f038301cd0518169a000410d02775f1bf0aaf1f
c02294fcd3feb2ec21f8a20d7c13ad09981597fcf801880887edb6f5b8fd6c1568ddc9117ef395ef5530cef8b0238afffcfa8a1b31f533123d06d2010d0a5300
1a04e3ff51241adfac136713760e591ad2f5e9fb631230fedc24ac15f6054817aeee1fe298fad9fc84049830a514900d1ef1e6fd62fb85279d194e0742106c04
900bd61a6f45b0eb60fe4b30811e951ebeee06fe180ca21476eb17ebc61bee030fef01e357097af5681a2f14b90c4124a6f36efebb07ee0dcb17ecf3631502f1
f408a0030633ffe9dd0cac0ff0ff992968f491ff6510111f4f21ac17af01311259ded0e8c3fef2ff29ec33057711090e76ebff10580850fb42040a024dfc9d05
92f8e8125345f3f7fbff4e24dd235e130a109bf78cf5790c07f562f4260c5002ddfa5ae661f90b054c01c606da195b26b50594024f0bcb147021b2fc9c203707
fa024b0dab0fb6ee2501ae07faf8ec1e6c092afe0f121b047709a4f8011b4c15ebefd1f18f04910a560ba40e9b02ccf42df22cfb7708c40e43028d004c0c53f9
ca05be1c7a2fb4e5830cae1dd50e970737fef103f8fecc07e4edd0e3600cf7ffddf6b2edbdf498ee171fe60e63100716d3f15d2059f733170f20ae075702a3fa
604b23fd2d5c05ea6d0c4417aa1f56297afaee02d4f644211dee2b267d23ba196cf9e4da2d0557f76cf8b8088d1f0d20d8febc1ec1e1c81c872b71febc31851a
b5137a06a72897f2a906fa491ffc2026921615f48f1ded110afc16dace294e0942e27becccfabc00ed1972fa38024e023906c5035f10c3fad4fc4c0420175306
21064c06122cc7e4bc0c7cf0d1161f156b11ee0ef104980026f7b5fce301ef0a3df1d1e853e5ecfae4f56900f7141c0eaff4a5177efae20f961d060397180d18
0efcee28d738f3f62d1370331211c2212f0675fb7ffdbf0c5ffe76e2e929360134f582f12ffd8efc830f1a17e2f8e5228203850b40280205a4097cfdbe0fc0fd
OFM 20 1 154816 16640 d56522e3
c2034a00caf6acfc58fbbd01860b930a75faef0084f5600758fff2f80809dbf408fe71f731f499fa5506b1f670067ef70808f00325f48506a201b5f6440bd7f6
d6004d07e501e9fe6b084cfffc0487f5d2039107a0f71f0c39fa9afd9800e5fe54fb7808f6fff40223fe51f9c909a5069a059e0ab101b7083bf83f064309f100
0808370bb703d8f62df79df89503f6f45cf980f41af980fd1b04540c96f35601bc06a1fff8017dfb8f033506f5fb5b057802270a67fffd03b304f70aba0272fd
86f78301b00b75fe45f6b2faf1f9e607bc08440bec00df04a2f3950cb4fda9fc9bfabeff7cf9a7041cffe4fc0cf5690aac07baf480035ef6e8097c0bc5f3e9fd
cafe7b0c6104b8fb11f48c0484ffedf42b08f9fc47f6a9f52007b8fed20a49089e05f1f85efde8fe0c0bd1f4c70112fa4b08fafc590a56f5a504e502d2fdc4fe
4dfe1b01fcf563f34e085ff8f4fa2603e5f827f72d0342041f08340ab5faac022c0cf80bc701b2fda5f513fff0005d03b90614fd2ff63907a5fa6f08e4f5e8f4
c1049cf75b03a605e4fe4a03e80903fb32fdb1fa18fbd8080908e2fadff78006c003430596f772f4a0f63302460b5b035cfb3c0948006df69f03f109a504b907
effd66038f057ef8bb09a4f3d4fd10022b0155f8c80340f823f9820b35000bf45e03000101f5fb08ddfd28022d02c10943fccc01b8fc57fd6df897032a09b308
5104b3053704270547f68d0979f4cff7aefaa00922fb7bf61709a00af7f9cffebd0098066e0c93f8720a5209b709100668fe8ef893fa1d044efb3403f6f7650c
04064af872079dfe50f9e005c0f7e401dff9280160097104840287f702faeff66dff73f597003cf98806eb0237faceffc4fc16f8c1ff2c0a2f0572030908aa04
bc0555fa70fcc609230667f947f8c8fe45078203cff4d4f9db002df92c07cb047af5bffe05f832003cffe10047f824f957f7c6f795fa77fd0a08c3038ff72f05
13f860f8b1f5ad0089ff7dfa17ff6dfb85069f0ba504f50a65fceef501fca6068cf438fec6fac1fa9008ef04b4f774f687f71205a403f1fd12f73f00a4ff5ff9
2e07240112ffa0fabff555f6e401970774fdb70497fe6e039bff10ff04fd73f86afc6304b7fbcdfcf103ebf72e004ff49ff4f10437066307d9fbdb03b505d601
cb07d50726fc3cfc2efadef31cfbde0458fe90f49d064e069c0268f63a0965f5c4fd4f0c9f0b8af7530b61f5060c2cfc1b050102caf72201cf0102fde5fc4af8
1cf7df0659fd150377ff5f0c22050dff4b01abfef8f41bf5260a5e005b07b7f71c087ff45806de00daf6b7fa94033ef46e09f40a0b07e3f417057d033bf86dfe
1a0998f47df6fc08f2f902f4b700e20994f7d0f9fc08c8f315f776f59d0597017303ac01c1f56d058a07500bc006790b58f77f0a1602de098af60c01c4f9fef4
72fc1af461f4170491fa640b05fc83f87cf5bff4defe0b0417f525f7c8002cfe63fb0df9ccf43700a10187f7b3089df892fcd809dbfad409590809086404f2ff
8c0c0ffabaf8220a7ffe4b048c0abe0afaf57308c5092df78d0b32fab9083af74900780431058bf7ed0a4608430237fc110956f42ff54005c6059f00a40247f6
9b03100aa1ff9501b0fe43fc090059fb0e029cfbb800820574f89a068d0397033efba00aef021bf4bdf45106200379004f06b9fdadf7d4f64df6e203940802f8
14f557ff480949093efbd1fa6efd62f45506cdf768fffdf4fef38df3c0f6dcf99ffc2e05a206cf075a07090c90f3a50a0f02d6fd02f73d0b4802abfea30a4b08
5a02b002a1fffff4de0885f672fcbefc420ae3ff9203c1f6ce08d70272fe4df8c10339f593f644fa8e02d0f62b09f1008d0ad106b708d9fb0408d1f668faef02
dcf83bf6c4f34d06e1060b0279f5a50085fb66f6070ab1f7fafe920040f616061c00a1f656007804f8ff150459002df7aafb2cfd1d0ba0f99df95105aa0afafc
3e0348f86f0536f5e003b9f6faf979f3c8077401110923f7d6090ffefd081afbd40a4b0459fc670714fcadf63804c40639f7b2f843f807fe2cf7ea034ffeeefa
63f814fd61fc8d09c20473fe95084205a9f86a0a840127fc85f581f911f5dffe880434f4c4feb6f71406e3fce00ac7054bf76fff0affbaf7120177f733070af5
070a16fa0dfbab085cf634008d033b0172024bf694f8ea08bafa3d0c4200420c06060808d806dc05ba00b80465070c0c47023c08affc13fbe2f85a0492fe9f05
64f63cf5def6d8085b07260a1408dd0567f8f2fe9bf7a7f3030088fc120990030af8f103eefee6fd96ff0cfd95048c049307f2fb5f051c08f3fa21fde6fea101
0b0afe059ef5d5fc1dfdc2010efafef8affcdef50b08e3fa0c0330f82d0a32f7430b27feb3005704b8f3120665fb52fdc5fdc00a6ffbb5f5d00457f4d9f442f7
9c0547f4a7037c06b50b90f4b9fd08f46ff88d052a04040a4b090cfe09fce40bbefe3cf6dd061e08e70a460ae8fa31f7fbf464f65f0c250377f3ef046602e109
befa95fd0af406f557fcc7f40bf887fc33f74ef604f9eefef8f596fcdbf9480788f801ff2dfc82fa18fbfa0136005f0464f5cdf9390b210ba90460f7b5f5cafb
3d0008028d06e3091706140693f55c08adf9da070ffbd4f564ff14fa30fae1faba048bffee03d303fe040909ddfc55fd2c09a0f4d1fbc3015e0aef035106f8fe
9b09760496fcb403fbf851fd1dfdc1f33dfedb0586f426f8f0ff94040103860927000300d704ac03f0020cfbb60b090724092df77e081109dd08d4f998018703
5af88807b70158f771078bf581f3f6fe7bffbe0b00f63dfd2bffc301c6f714f4770078f4fc0411004709750867fd7e03a5fceafe7d0987fa96faa3f7d3fb130a
6306130279f3d801dd0005ffe7095a0ba3ff770a43f42609fd04d7f460fb9af943fc83f49702f400ef066c044702fe0764073bfe08feb60022fb5908c7069905
5701de0aadffb2046df5490a130a170caa0868f42af62607eafee203c9f56008dff8d301eb0122061d067801e300d40253fb7a04a102b40764f77af52cf87201
24075a01db0295089ef7a60ab0003f0c44fe48f722048600effe89016403170ab3fca8fc38f75a0adc086afa5306f3fa27fc43044204ebff5affe7f94e0cd8f4
82f8fef5e90482017102ed018df466fd97005c052f083df72df6a9085efbcd0831010f07a90ac6fc65ffe1f636fa14065f00d7085ef4c909a8072c0879fb43fb
e508e2f431fb92fef003affeeaf8d70525f7950ae6f346febcf511fbddf3e709fbf835f5b1ff58fdf6f7a00533fceb04a0fe09f81ff8b7fe1af8cd07f40a1001
a6043afc89f535fa4409cc000502430843f73c05c2f837fd4a085efc61fef204cdfb4907a1f617f97700cefd17fcfc0474012afdda0529f7bafe67fbeff717f5
dd0988f5550a21fd5e067cfaf50bfb088e03ebfcab06990c5cf41200b8071d05330c3b0447f752f65c09b5f33dfafef9f40abef4c900c005f0f47ef84ff7b7f4
320590f9fd04e0fd2205c2f7b60682fae9f7210b20f7f5f6af00c00695fde40574f97c0a8a09e6f80ffb54fa63f9020475f9c4fe3c0a39fdd9fd64faac007703
550463002c081304d2fb2bff830bbff5280c78f9570b22f93907e0fe710649f55900e7042a0603fbf9f9e4046b072cfd3a001afa62f8b6f6f70b48f4fb0bce05
6602bdf7740cc209750610f51ff6fff69bf3cc074bf6870b63ff0afaabf95905d3f35df913fed9048b07cd024cff81f96dfd87f9b806ab00f2088a0b17fe3bfd
a6f8bf006004e7ff40f6b2011efc51f7410963f81f056303baf4d7f849f4560a28f8a8093bf61cfbdbfda8f695029af3f8fed70ad7f88405fafddefe49f6a4fa
67f641f4220a29ffca02440bf3f7fff33ef8310806fd51055d0998f34ff8a9008204600c5803b9f5750611f8b80b6e0623035b06d107b9f808fd420ca1096e0a
0e08c2f8dd0889f96a010c0bb203830b31f97df600fe1f0b93001a0745fd6801cd0a45f601fdf4fd5807f7f91c05cb0bdf0a48f6400a22f626051dfb11099b0b
b3f7a9fdcaf5790c9af923f95bfa7806fff48706ff034606400cacfb0904a003c8fb4fff33f9a40bc4f94d07a7fa73fdb8000df45d09d80867fc8bf323fde1ff
47fda9fa9a0b00f5f806dd08b3fa10f659f8e5fdb8f9af0743080401960093091ef726f6ce0b010a62fad8fa170396070500e9f6c0f4b4f671f84afdab0be709
74f602f530043bfc19f49809840782f6e80ab704f2f9bd04ac00900c77f82bf5d3f7b607cd0854f4d7f71f0735044e04ce0994fadc0293f977016cfcdd03f6fb
b5061e08e3031ffd810c7af7c5fb8e0b550c140ad2fe36f4b10268fbf905360adbf6230a3bf8f1fa8df3a6ff720b0af563f91803e606eaf3ebf94bfbb5032bfa
c10726096a0bc9fbe103a709f307310233f65af858f9d90955f922ffe1f3aefec4079104a1049ffaa6f9aefefa0a100335f5e1f348f70efe3dfa740c98f6cafa
50f65d0c550c640486fe9909ac061d0414f771f4b5fe57f88c01ae0a0e073e0bedf608f44afc66f425fc93037200e6fb740c25fe21f6c9f73a084ffc7efc900c
c409720a03019b00480a560c750cb9ffd0f3a10a0a0bd5fb4c08730b15f96cf973ffd301f7fb48f8000cb40b48f56f043b0236f9f3ff0306aef386f5d2fbf4fa
480250037d0697f4b6076afb21f7fcfd8bf5e5feca07a9fdde0a44ff9203ff008ffcbd00d109f9f8e60ae403bf03dbf423079c09aef89b0b8dfec7f8b803ea00
de0bc5073ff5970642041706280b55f5e5f8e40be6ff5d0465f8bcfd480952f7aaf52bfd9ef5ccf42afcda09a1060b0a960469f69cf467f510f854fed4080dfc
f9feaef6520cbafe6f0c6308eb004a00fcf38405100947fdaf065700970a5b039103170672f6a90a24f9160659007efa11fbd6fd06fa42f9ab0a6bff82ff1805
b3fd4b08e6fb5bfbbffc3704e70147056306b1f8abf577f82e0c13f76800310383f3a7f9affbe30b1c01e6f745fcf40381f8d5f7ab06b502790a75ff1109d0f4
e4fcaf025bf6460bf0f37009e701f701fcf3def5d305370b42ff2d06e00741f89a0ac5ff88f495f67c08170cb4007c0377fe85fcdff73af9d4052c05b5f934f7
b0f3faf83c0686fd25065ef521fe42062cfa5cfe29ff6e0b74f3baf85bf687feddffbb0b3a0b4f0955f6f40bfefcd503ad0b0c0c00f5c2fbc20b310813fc45f6
780092f7e1faa60784f9a3f9e7053b0ca8063009cdfb75f98008ab02b90b1c050ffe4dffcd09c5091c02e9f879fea0061201e3fd49fca007f6f78c03d0f80b03
f3f828f8edf372f9390a61f4fafc51fde203d9f60af42b034a08480b4f010a07a80a6ff961f7d20a7b0c6afce7fd8bf6cbf8e906c206ddfba0099505a2f78bf6
75091f015a03be031d0061fd9302f6fed505de0386089efed303d6fc0c038804dcf665ffed028701a3fc5801cf0485fac3fabbf306049305f5ff98fe7e08dd08
380341062f0952087ff32b046207bcfe4b02dff481f782047cf339fbc7fe97fbd6ff5af9a90542f48703e5f3d1fcd602d6f8b508eef67cf968f6cff317fca8ff
1b0caef9df0449026b0b320cb1ff750c600c2806f504a7fec2fc04fc5403ed0bd1f4bcf823008d06fefb69f94bfa75fb3afe98f807f63a0280f48bf604ff2803
720c820911f55df85409bef52207a8fe16f5fff79af68d0713f9170510fd01f58b023ef7fbf9e4fe1c0bfef524ff48f665070cfa8afe4d053ef683fd3bfb9dfd
ecfd91fb49f43cfdfa09c5faeb065909b0f6c4f5890a1d05db088705090be5f8230b850424fc79078afff1ff34f6ad084f028a082cfc6b01fd07e703c304e203
7afc5b0328fd98f566f811073bf48600e0f512f861037fffabfa510144f68afb8b0879089d08f20b9bf6e603520318095a0656f77b0068050cf8c007a1f30d02
c405680673f3f1014604b00615fa2bf569f69a08b2fe1807c704be0843f49d01d3f5e90a8af8f0f9e205010c1f017c048cfe4df453f5e20061f4aefc3eff83fb
6b0958027108130386f9750513fc790457fcd006a30516fa9efe1cfe23f461fecbf438fa8ffa75ffdbfa75fc25091e04f3f6150138f554fa79f5acf3f402560c
af08c607e50a0df84b03190289fcd70204029affacf57e0adf005f03ec069e0314f738f500fb82f9cdf5b0f8120663f572f8c408a00bee01b209a5f5c60b0809
9a0cc9f3c3fa29fbbaf66a075efb6afb0b05540bbbff6b0034fd4c035b0ac706f90ab7f9c40631041107a20a7c07faf3f0067600a8f5d5feebfc500122fed807
fdfb820a680937fcb6fab5002a0063094cfea7fd2ffb1dfd480afdf7faf58a035a0023002eff6e01adfbdfff5d0461fd5607c6fdf0fd9bf82cfab103ccfa5d02
64f3fefe97fb29f644fad1ff2d069afac0018b0b05f64d001e067b06b2fedc075c07290cc3f3d6f79400ad0bec0b6f03d505a4093304fc025809440ae9f92f07
7d03b702e4f6290155f56d0576f80df9e50815fc890720f622ffe3fb2b0aef07e40aaaf5550bf2f30cfc960bd4098509670c1e01d20afd0a370c54037dfe3305
6c06e6077803e909ec01c30386f9befd0dfe7b01cff549f94304a6ffacf6a4fe0c09dcfb4efa8cfd130cec0bcdfbf9ff68ffb507ca060af6fc04b5048bf58f08
bdf5330846f936047b0097088a06cb0b7f0ab905bb0bd3fc2207f20b2dfc4502abf92c04e5fcc000b7fa0801c8042b00c9f6fa098507010be1f9e901940c18f5
79ff8afb160211f837f5b3fa46045f070a007bf3100a22051005060c4bfdc20059fd60fa0907c608dcf92b08fbf8fbf42bf4ae0008f97bfceaf9ccf8cdff71fc
def4ecf98409de0a76feb7f981fa15fdd502a1044200830ce7067bfa41051b0a8ef97a00e7fa5e025af5130b1af4a5f9250aad02680c1c03fe0711099d0a3204
93fda7fbd3fdce06b2f4e609fc01a00101ffea0ad00b96094f0aa2fba6061dfa4306cc05a0f3f1f3fc01eaf9b60a33012d0b0f018df711fd8702d206180352f5
c1fe0bf672f5fc002c0b23fa0d0cc70a2b04b202b4ffe5fed300dbf5a90a450c60fd6d014efb5f0440fe1bf7cbfc62fbc4f487f7cdf98a0a0ff738ffcef49ff6
b9fb70f549f803fc88fde8fc33034dfc03fbd1fa31f9c707e3087df36d036af7b7032fff63ffb4f73a0a11f778f96a0c9800ae0a99f9f70bcff58400050aca05
3704ef013ff600ff0ff9670bbe0830ffd1f3e1079efbcbf51a0716f649091d04aff36ff692f8d004aaf626fce6087d0aa0f8ce01daf40dfe87f9edf3320bf803
82069308ca00b4fd8e0b53022402d900f30b64fc70053408f8f34af70a039efb7af9e10754f6780768f64509ecfad9f824f605fefbfaaafec8fa5408b20a2608
f5094ff89af539fc9dff750b2e00e8f35e08af02befe2e06660ca106c5fb6ffd93f97502290c87f4bdf39604140a3dfd9ef837018cfd49fe830cb3fb4afa7afe
2f0203f70901e40049f73afe370282fe7e021af5caf4ca0bf6fabb0a5406ee00d0fd9a0008fec502c108410c8701ab0491fcbdf5c2f922f53b0c05f93dfc8cf4
1ff40ef7150032fbb7f49af79ef44c001af6fefb31f77af689f4a80036f74b02d6fbf60b5a096efcba09effb9f091b0a910287fe9308400938f436024f056a01
8efa3c0a77fe0304a00934f4dbfe9e09f8f744038df457f4ccfd14f962043907ad0793fae30705fc00f5fe0ac4f52e0563fae2f46ef7ec0925f75ffd400233f6
ec0885fe57034afc84f8d1f924063ef73205320043f5cafb73fff5fd67f519095b04aff8330303f9d5fea7fda2fa0af52f0394f62f02f806de085cfc44feb50a
26fed801c205e8f669f94af94407da00a503cd0240f47afdfd0949020d09340c6af788f5e7059705920351f4e00932fe02041d0660f7f20b5702fef928f6cffd
690641f63e0b87f6ca02080ae6f66102b2fafefde2fc55008b016dfc76f38504eb0b5c0a1ffc2d03acf462fbf5fbd401f4f96effe60752086e049e028cf6f2fa
3908d5f8d20301fd2a0b360393fb270368f5920a0df5a7f7a800bb0bf9fcbdf69ef70af9ed0812f45c0bccfd15fe84f9bcf94efc36f447047f04ddf5cb0af8fa
0bf89301b7fdb10a58097f065907c0fc86fd600cbfff1afa9c083ffb4d04f6fb6608cff4eef3c1028af719fe6efa24fba409380c8ffa04f6bdf656f65904860a
980b5506adfbf3ffd10a20f599f758000608d4fca4f842f5a4ff3901d503e707380058ff250ad3fc23fd1afceafbfdf753002201810c140980f73f00c1fa4107
01f4d5f7e80253fb73fc4606b00b85093ffc6306a3fc350c81ff67f381f551007f095800e3018bf668ff830c880052f718fbaff8f4f4b305360872f7f50b9709
250104fcaef3590c28fbddf9cdf621027906fcf7e60140f6e4f554f73af67a016bfbb60773fd04f5adf7c4fd3c0893f40d0641f966ff4f0224f405fceb04d90b
cdf630077f0bf1010204a00173f6680577001e0c4eff42fa45030ef6420bdf05fa07f1ff390bedf78708e00a820c76f656facf06910341fda705acf6e9068f03
a1f95b01580b7e0342f88d0bf3ff8a09630a7aff6eff7efea3ff32040e0924f9e006ee0913fc7ffd2e05e8070e021800300b38f8f2058a00d5fe49f9cdfcfef6
12fea905be0aa90a0cf79bf3f9052df83e0cecf82af9eafc1af7ab09670779031efb48054207d8087703330908030bffeff962f42af6c1fa08ff0d0476fdc401
0e07ecff9ef46f00b4fb000b83047300c4049f0295050d080dffcef8f1f40c0365f55bfbaff4daf531f9d4fb9cf63701ae0b01029f0983026f096cfe53fcfe0b
fefc04fd69f6ce06f3f80500cd026dfd64056308ba0a0cf67d0987f8520a670afaf6f90253fa29feb9f8ed0700ff35041bfc69ff490a3cf624f9df098c04920c
fafa71fc840b4df568f66905500c7908340b43ff010ad0fb2ef72ffc52fe5f0ab4f6eb02d3fa1afa33fbf3073f02e3ff64fe6608caf9570636079ffc86006a08
36fab2f5c303bd04edfd18fa4004f107eff7f501530bcc083c00a5fad0f46c0063fd8bf796f79407e9f65609dd04ab01d6f6d1f98807670bbdf6faffabf85807
8201b9f5b20255f935fba5f6b4f788f86d0bc5004afd2305eef64f0955087802db0af2feab051801cdfd1df821fb730b12010c03290bae02fb060bfebb04a1fe
9300d3f3d901c6f495f7cef9b4ffe80677fd5305ce07d9f56e0b8f09cc018e031001c200cc01eff475fa64ff19001b0628064df4f4088efa5cf74d024307a2f9
d808b50afef958f6e4f54504f10927fb4af9f808f3fe120b19f40f096608a3f4e00aec068bfc78fd0109c5fad40471fd6206f4fb7d03cb00c4fecbf6a2071bf7
07fe8e0809f6e1fc7d08190959093402160b7002fe024307b2f3ae095fff4dfbf2f50b0c80063904fbfaa8fa27f7320a130b68ffc9f7f20318f92afc55027107
880499f5c0fba7034ef596fd46055dfc9c018108ca05cefb2dfe5cf93c06a8f4140b1804faf6f80370091f0c0f02af00c700dd0283f78c09700778fd580b39f8
4f06ccf5cf02c3f5f90abbf7820c6ffc8f0c2efd120084034e09b901a3092ffd160a6c06f0f4550926f6120b5a03e80af50bd301890cdff6b1f41f04b0f909fe
96f6c1fbe0fde6f7b0078ff6bf04e5feeff76ef76c071efc2f06fb0537f52ff799f54605faf5caf581fcdcfb1ef577fd7f0b4500f90659fa99fc83035d01c3f4
6bf85f0094f5b2f4c2f9a6087305a2fa4b059afdc80342f5c1f32cf6f501c9f3d6fc8aff200241060af5e8fbb0f3930bec04d1f4b9f6daf31b06efff25077c06
a3fb0a0319f4b40825ffd0014ef888fe27068efe94fd8a0cf802dff392fa25fe35fe3e0692f7f30a07fdf9042f04e3080ff9d6fbdc081e05b8f4f8f770042500
5f05520883fe11047ff3da08700c4908abf4670a14ff0bfb3fffb104bffdc908f7fa0505d0fd61fd23f51d0753faa0f5700c270c93ffa103b800aef9b5f8e1f6
e6f5220004fbb0058e0bb1f9a8f47ef7cbf41e0952089ffffb0355fb6dfeb304c7fc0dfdb005470c2a02b10a8f01b7029c08af00d607fc0bf70a6df855032902
02f822035ffc5d07810bc1fcb3f88e002c086afcfbf6390197fb34f71af79afbb1014a0cd8022504c9083cfa6308d2073bf9c0085908ecf8310ceb0667016ef8
97078df32601d2049402900cec07b2feb6fdaef36b01b1f4560ae6f9590771005101b9fd1a053af902fc82ff45f78dfbc3f502017f024d06d9fc23f40ff7b406
62f5acf5b2fb0c08800227047f03a0fa7c09d00575fa29fcb4ffa7fac2f3d0f82a07b4fcd9f7f409f2fce2fcdefaa0f769078afe19f990f35bfed4058a049bfb
7ef6270c4003190620fe14f77ff3baf5d20757f5e5f82b0c7f0917f95bfd5600be0829ff69053e0806f67701740cfdf653077403d7fecbfea30aac0848fc0af8
7b014bf4fef7cbfc410ae30633fdfd0b72f873fbf300a8006dff28fe6afe9900e6fa4806eb0bb4f367f37a0427fbe0f7d30168fd3afda9f9def387ffa4f888ff
18fede0816073bf905088e0382012af6800b8d03dbfee806f604aa051a0240f5abf5bb0a8b07b6027cfef20b83f889f6b90291f50d01c8f63c0155fa9209b202
70f3b1f516ff6efe3bfc47f627fe2603cff31404560bac09b4f4fd0994f9eaf5d6051103d2fdee0045fa070be3ff680739fec3f35e066df5eefc1ff49001abf7
c0097ff3c701b9fef00115076e01420bbc0b3a0168027a002dfaff0756f662fb2d0bb00aa60a9d06defabe03bd0b5e0c610332039c099d0af9f62afe93057c01
8f05b4023508cb0795f3dbff1c0387089707f407570861f57cffedf6b1fb34fcb3fde2fe91f999faf4f7c4f485f63d00fb05fdfcd3f628ff9af3030035f5b608
f2f3b6002efab30a7eff490cd80187f41efadefe50018800fef99dfd66fb4209c7fa8bfc0d0660f50af4b40947fb16f435fa50fee1f6e30117095500def6ba0b
cbf3100775f5b10bcc02cdfc3ffed009adf32e0c0dffde07a00a6bfe7ff7bbf59af8a6f5bd010dfdc1fa51ff8dfbcc0636f98c0a79f9b9fdd2035909e9ff87f8
dc0ab802c906eff744011cfa1f0bbb019608e1fbc2043f094cfcc6f6b9f82dfb78f675f86cf9b4040209d501c2feaa0479fd6fff6f030cfc9b0c5f08ecfa1906
d90439f6dcf7e30b39fb14f495023b00b40a31f5040b8105c5039806abf9e1fede004b02f3ffad0016f53cf4cefca60bf5fbeb003af402f979fcea06a80a0bfe
520a730951fad00b91051101dcf97efc21fab901e1091906970c590cc0ff18fdbdf97c0682f5c6f4fb005ef639f6ecfda9fad208cb06710a83f398ff97fcadf3
2ffd25fa33ffabf8b9fc0403effeef02b8fe720a0907e70b13055905f70ae4f3c8fa2107780c490b8107d1f3f7069601fa088cf8ddffb3fc5efe8c0bad064bf8
0fff700a080640f4d7050bf9ef066d0a0c0a760c0af44dffcc0a27056603a0f334f733ff0902f1fc5c0754f97cfba6ff88019c0cd5015f083c0b1dfcf006df06
e305d00aff08b70b9a01b6f9fefece003c087aff8a0692f36f0bbdfcf1f885fd84fe1bf62bf8aefe5f06ff086801e5032df59efc380610ff3a076c0026f64aff
2405b00be309620209fd0cf6ecfcdc060cf7ddf3b4fa840bfa092c04880bed042cfa22ffbe0b9004fb007c02ad0676f667059209fbf6ab045ef632f9a1035f06
3609a10355fc8af55d06bcf8c8018bf494fd480c50facbf3ed03ecf7ec0a30faa90a0201c1fed008b90136f690051b0197f726f404061007320c66ff5cf8c108
6c07adf6d9f735faa20a7cfeba06450a01f60efc1b044705f80b4ff636f90a0730f688019b02a3f7460806f5aef581fa37f84602a7f77cfa04f81bfeb8f67bf7
78f3ba0a7b0106060209b0fc9909adf4d60b74f328fe970c9d0033039ffa4cfa3f0177007902d4f7d8f824fff7084bfb810cc1012bffadfb8b00c0f60404fafc
c0ffbaf8a4fad5ff5509faff58fc8101f5f440f5bf07b60141f88dfb2800c3f7c4026cf37703e7ffa0f9b806ce02c70b070b07ff20fce3f3e2ff650863080b04
5af5aa045f0413015af45206df0187f35a007b061d0421f737f8e205430267f5b5033ff61307ab09c10557f95ef5ec0239ff910b1bffe008cc008d0758074600
bcf447fd7c09dffdbc0771f8a9f50df6a80a09fb2000bd062200990871f5ebf659f8c101e001ddf57909e8f870fa0b076405d8fc5bf62c09dff516053b088afa
6208d809210b6c02e1096805f70a45f6f0f511fc5c0303fc4506940c3c017dfa8308b507f9ff63fe710038fcb5fd710c0600fdf8a2fbd104aaf6740149076a0c
b90288084d0cd6f6790c0a060803a1fa7606720081f7c508ce070109caf9e10b0e0979fee4fa3bf9920001023209ccfe9e0b6bff84f760f6ea062e02640ca0fc
c0fc96f83b0b98040f060efd5c07ebf5b9fecbff800a3704770900022a059a03620c66f3f3fd360a980bb0fa18fa9b0073014af8b1f810004b029503da044b0a
4df8520a790250f68808e6f754f6760859fca4086f0928f665fc9c06ebfd6b051bf635fa750cb6f9df04f3f9200777f39f0be503bb0316f5c7f7b6fc420b7507
84fd4af7bbf37af72e0c05ffd3050bfed7f42903470ae9ffe4fbd3097ffa060bf206f2ffb208b2015f0a580af5fce109a5fef00003003f0a5b091406b3079501
810c930b020a07f474f6bd086d026f069d057bfcc0f61802ee03f507b8f812ffaffea306210735049dfb330b4af88603a00bc7f9bff9a6083bfd2f00df04b2fd
0cfa28ffb3f72ff6e8f4920699069a09060153070b0838f87ff624f42ffbeff4e9ffedff5405180291f7bb0bcdf545fa69fd0afac3f50d09adff10f8e40a42f6
2d04310bed05c30690f8e9f643ffe805f40b0207930a300707f8faffa006e8f9f202d5fb89f7400a69f7f8f62104d5ff450a8c0c86f333f734ffb1f91efa40fb
550240f4bf07d7031c019df426fa220069f6d605bcf5a2ff0c0cfe050a0336f529024e0525073bfa01f892051cfc7bf7380b27002e036bfd46046304f20474f3
dff54307f6fa3f009006630822f974055f0a050264fc1209930a66f6ec078d069900610ac9f3110a70f47c0b53fe6504c2f6ecf677f5defebffe3105b0fc3006
e4f96cfcd207a4fd42f554091208ca065405cf0b36f5430751fd370b30f704050d056a01ddf32907ecf959fc24f54807f10a850b8103ec04090253031902b605
c1ffec0a9a01cf0312f8d6057c06cb097df3d504800646f977080afb87f7f3f56bf517fb94f75afcaafeccf4a9072afcfc0805fccff9d009aefedffc4b03b300
e209cb07bafae702aef725f6bff47a0712f83afa070046027001e2071c0129fd2b02e50b0d06f5021df6a80a17f8190165fcb704d9f8def74502f5f308f4db09
bbfba60524f9d3fa2e089e04a0f41bf6e90a9df677fa18fe8e0af20975fe60f852053607a4012f06830500fecbf7e7fb8efa5cf53e044af919fedb01ddf769fd
a9099cf7660a94f4bef38bfde5f9f8fa8b01cef6aaf3c5f4cdf3d5fb07f89c0b96070dfb6b09dcfd58085ffc52fd4a0cee0a330aca0543f9cef30c01590bae01
bafd71f4f9f9e6f394fd3dfc240818fc1c01aaf629ff12f91704480712f4de061a04a10007fc2df755015107a909090551069df89ef7dff38efbdefc30089e02
ba06fa013101b9fd1af8e605c3ff8bf5c305abf3d40948087709a002f0f3c4f44ffb55f6bc0186f675018106150b89025a027806e4f6f7fcc8f73400f3f393fc
1dfb65f83f0aee07490a82ff5af62901f5fd3dfd5efc1208290a6a0553fb83ffc2f69ffeb50bd6f9bbf7f1fe53fa3bf74801b70556004bf789f97effc4feee0b
2c0b35f7b2f560006b036ffac6077efc5f01d3f7b7029af71bffe1f7aef5f1fd16fc90fa82f8ab068bfafdfcfe006f027d0cda0074010ffa330a9bfa03fc5809
66f8fdfbe1f926ff1c0726083df8590408fb62fead0578074b0b45f6d00057feedf9a308dd0623f6980504ff11f9600b0603d300f1fa4d0853faf8f40804aafb
91fdf7fa94fd91f97afe090bfa04160c40fd5606b9f9fa044803d3085d0703066f0a04f74e0840fe9c0afffd11fe6e0940fef4f79af9b903db0b700892f88bfd
f6f99affda00a1fd800584095509d7fb72088900320592059c043efa040421f51ef6590078fba2fe790819f872f3730812fadefe7f07c1fd88f58705ea015f01
35f8e1017108e60587f745f4c10749f52a0611f73e05d60b270353fbb7fc3bff7a09e8071e00b50a02f75d0b23f7c9feeafc140688f8fbfe69fac300d90446fa
2107c0ffa2fc480ae7f770061efda0ff5e0bd308d7fe1af5d9f9ed00e0f47d0c03fac70a07fc2f05290694092d063f0b41fc3600970932f99df32707f2f966fb
8c06540132ff6af3c307f8f369fbecf55cfc120290f9f60626f97cfea00485045400d0fc56fb19fda7fc2c055001aefe25ff9e01fd01930101f765f9b3ff98f3
69f36bf4fc061406a007a7f8c60053052309e8ff000522fd2503a4f641fe340ae401260146fd18fbd4099afe7e06880c87ff8f028a04fd0719f534054d0c5ff7
6907c705d3f6d3032bfe23098bf4c8fe4cf6360820f86dff70f8e40584f8eff98df9fe0487fa25064a075efdf6f32dfab2f8f10589fd160738074b07410a8af7
42fdce0b2f01cd0546f59b080df9e6031ffcfc0529f6e1f79ff3d700def9b8f679fceaf5860b3c099804c0f96e0a3408f2ff8d0c07f72e059d09e10bbffe9af7
a2f467fbde0a6ff467000afa77015909d203b90947086aff050b2705490421015b0a7cf670f8c3078801b2f81406e7fdb2f4a5fd3b07e2050ff4e1023905f9f9
84038903fe053d04b1f3990126fe150690f44e028a030b0cb2f8daffa7f86a0cc5fb450182fd94094f048e05abfe75068d05c20bb1049cf41df642f440fea1f8
b3f49dfe4afec0f5890a16042502dcf6ff0890f40e0504088a02f2fbf600e8f557ff1d0865093f079e01e1fb1802ac01aaf3c2fe270926051ffa31fd78fc0402
78f821fbe9f72ff697f398072af611f43bf840096302e8fc4bf7d70811094ef85a02fef501f5a0f3e6faed03c008f8fab102edfc5ef8ccf77ef463f7aff7470a
8cf3dd0ba1f3eefdea096008eefea50588fc3efeed093b06e80622fa88faf7028f08b9009df7bef3c7048e09e5ff63f4f9f375fe050766f68e042df72ff704f8
3fff09fa3cf462fa2fffb908a60a39094ff8910533051ef89601360795fa05ff1e0723006bfc9b0a9f03fcfb7df6250aa403000af2f32efa0a020209c2f7f308
6b0002f8af062cfc3f02f3fb1a093003d901ccf59efb36f77bf6b103be0abff4430b050ce408d7f4e2004f0991f96ff7b2ff83f69208a40a22ffa607bf0564fb
17022e0baef9e204e9f74404d7faecff0f091206090ae6f3070658fe03054002240829f4140925fcca0ac007e8fcf507e7036501ad0403f8f107f2006af4f90b
68035c07190a960014fb72f64a06a5f3f6018d02a00302f69705a803f801d10091f6e004eb030a0265f807f6bdf56302070ab5f5cdff00ff4dfc100b1f091afb
27f96a0605f6ba0363fdbbfaa6fd2bfc60f9fc00da09660037f8c40790ff57013ef9b3047601ad09acf8fef5300a2dfa610a89fe80ffe9f8490ceafa1bf48301
cafc69004dfd140654fd2af65efd6bfad5035cf802fead08dbf359f4cff682082809d1f67203e506f3f637f451f843f6a3fcb7f6dc05ac0080029efcdf0339f9
26f505f43bfdaa0557ffca028304acff50f9aafc4102340b58f51ff9bdf9ca06f307f2f9f60b3c051e0c8b032bfe83f3220baaf556f73309f300f6fd1e0372f4
f5f4ba007202fef422ff4c0155f7f8047009f3fc850113030df88b0221f697fe62fe8206670bacfb8f0a89015cf5920178057ff8e409f60481fd000bbe0af803
2cf602012afe800110f4e9f3fe0540f6a9fe78f48e028b0c1af5d004150bb003be004af9a20b880c1cf9c70a41fcf1096e0baafc190b26fe6b0c86fbc101f4fb
a106ae02c6fc290a7003d90742013ffce301310889fb7206db0a7c0083f3bbff00f678f7f3f57909ef0384fe2bfafb0b23050e062cfbfbfa86064902a305edfd
a4ffbaf3460c68f981083d0a5c0314056c01f60469faff0ab500cffde8f874f5cff6a9f994036e0501f4480a73fe60075602acfd9301370411043901a003c1f7
35ff7402f30435047605d8fb95f7d2085c09a50157fc8500fc08edfcacf875fa0cf591f74ef87b08c10084fa1ff4aef3220cd40b8b0bfd0390ff64f8ed0bf100
35fc960590fad5015b0964faee080bfbb2fdb8066b099b087aff010aab08590c9407ae02e1f743f6290770f6240c50f86afac7f7daf994f59004d8038203510b
210a770480037102e40860fc260bb30b3bf596fb90fbca0b7cf3f205cb0446fe170b77f807f44902f407d80149fc73f92e02820b1cf4fc04d5f746fd00feebf4
b509080444f575fa7afb7af32fff51fb25014304c80999ffd60b00f4bcfc21094cfab105d609860435fc1e062208510c7c083b0c060105f5bf0a2af52d09f4fe
1af9dffc2ffa4bfff7fe230481087bfae6fe26056df979080cfb28f481fa23088df59b0189f58503aa039dff58fbb909a50759f7f8072df83cfd8afa9d046d00
ce035a025109380b370c3bf73300cff5b705b705b3fdd109aa071b07d9fb0df417fcca0241fc9e059dfccc0021037904f40850f666fe06093b0cb5ffbb070203
650c49fb2ffa0a0cee04fffe7ff32a0433099cf4c3fa38f6cff54dfdaef911f8b1f5340451ff6804b7f6ca083601220642016dffe9fea4f5a00397fbb40b6706
7c0115fe9bf353002708f1f95cf97d0b3bf944f8f709f00348036bf8700b8e021c0cf50096f3d3ff9bf8a908520b12fd13071f0086f7a6fb0ff94f032bf7a1fd
57fce90016fcb4feea0a210c2bfe15fc2e08f9009e08a204ea062208dbf61e0b62fe43f5a4f568fc4ef776f91a0867fd4a00f4fc96fbc70502fb68fcb9067cfc
0df6be0893f77efc86fac205e2033efe760502ff36f789fc5bff880917f68cfe4dfb44fd71fdda09570b75faf70214f4500a1d09010a67032dff04f41900d2ff
2e0829f9d4f951f6d10776f94508a00bbf0681ff7704280649ff0cf600072201a2f67803310320f9f5ff0b0222f49dfa77fa5609bef8eb09510309081d01df04
c10b74fa5d0503fb0c091ffa71f7f6f99afa830589022cfdb505a2047afd650502ffcbf6cc0467f4c5040cfc54fc83fda206cf02b0f9a6f6e201b703dffc64f4
a1f606f9e3f3c20628029407af016403ce04a2f3ac07c2fbadfbbc0954099f0143038506f60af70bbcfb2fffe0ff84fcbafbf9fbe1f5710583089cf85ffc2f02
b501b400a1066ff6fb06530539fbd0fc4bf4b6078cf421079300c8ff2afc63fd09f7d205ebfc95f4240238fb78fbc9051d062f006d02b6fca1f8b6f9d000dafe
85fcdef382f5c50817099a0a56f914fdeffa530c22faf302a8f87ff35709ab0bdef9e10b8b0559fa04fa1ef4c70157f463fd01f7c503130203ff1cf7deff6807
c900bcff6c010a01b30369004b027000910024fe45fdb4fea60068014f00430393023cfcee03d000ca03a501b90690033f000200d304530309041a020e052303
2603b300cf0408007209b70068017300980049fe62fb5efe78000f005700a5028501f1fc21004e0038051500420813002e00c0001e0c51061207a1016608d406
2eff65ffb1000803b90080035b036600800014fe7dff10ffce0034034100d90399039dfbe80aa603f001bb089904a0074f005703d000f4ff5d008102f5006600
3001baffda0049013f01750220045b0039009bff9800b7fe1e007e014d001f02e60077febf055e026f02d007efff5b031000a202740199ffed00670092001001
ef06ce058d0018003d013700c604970c7f04be07150100fe5f037100a103f4ffac0a2d074c002e00a209d10270ff9601970409007d0180ffeb01a80758015f01
7800b0ffbc004f017802e40081026a00880031feaffdc0fea600a6014a004b03a5023dfcea043f015803d102250617043f0084004203ac024a03170232045102
ed06dd0657041f0028072b014d0266016800c10077fceafd4f018a0025007400640534017c009d001e011c005a01c001bd0105010b09cc0469038f0292039004
630341000a0004001200000065039d003d00cfffe0fe68fe3d000300320080016f0039ff01001500a200520200000d00210000001700f50018004a0013000c00
b6ff8fff3d000902e501a20180028200a600d4fdd1fde3fed50055025900ca036f037cfb3c07ff01d4032b041b07bb05510039018e026e026b03a4027b041602
d604a50209000d0032003300aa032b047e01e20129ff3bfe460133002e01b300fc032d0125001e00f0027301d9ffb2009c0122003f0093007900b0025b003f00
a7ff8eff3b010102dd03320116029d00c9007dfd1bfde4fef50055026d000f04d503f6fae606ac010405d502e108d4055c00a60017058503f304090353068303
88ff82ff0d0050023701030297028400a800c5fd08fef0fedf0096025900e903a30352fb2d085a02bb03fd040f07520655009e01b40117021d03c1022804ab01
d9043e02bb000a005c019200a40498081b03a704210143fe180229008f022f0015068b0313004e007b07fe0497ffa300be0206019e0177ffaf01b50425016001
f2ff91ff08012b026f0160032204170017002cffd400e2fe560053020800b702d80190fd94084d03860183090d005a0524008303aa0182ffe5000e0186002c01
b30717080f04230054063c018d02cc0341017902cffcd3fdf301a300d400000085070a038d00a90015001d00faff1602a9020c01f4074c04660210044302d803
32059503e1011100fa028e00f1027e0180005100d5fd29fee00047005200ea00300302003e004a00170008004200e90013017b00be03a1023601ab012601e201
3a07f606fb011e007102da00480352063202e9032bfee9fd4c028b00a701fdff18080b0471007a00e6020e00d0ffd2011d03ae00fb0233021500f60427002801
7503ffffc100020047013f0169045105f5013502d9006ffe20011900a801f000bd02cd0043010e016905f105bbff04005a01940182018aff5a017802e7003801
af078c08f1062600f40bab016b0112001e00cfffcefacafdff00ae001900920011054700a300db00390330004204270258017f012d0f61079406b6014507da07
8fff88ff2e012002d7034f011202a200d00069fd19fdeafeff00740270002804fd03cefa4a07ca01250503031e091e065f00bf00120585030705260372068703
93040803aa041100a508e400bb0141005800fffec5fb32fe25003e003500d3013c0049fe44006c00b4031800b305b5001000db00090bc705bc05a400a2060406
2801b1ff910197017302c1032105d804de014001d802c1fe7000b201b3019c012a0083ff490767031407830babff9f0350004204de02e4fe2b02030161013902
80080b09e0012600c60103019003a4095d035a067efec2fd3d03b5009502f3ff500bbb069100950020051100abff63027704c8001402be01780029076f007600
c201c7ff2a010e01d201c202ac04c0037201be00b801a9fe65003b014f019301120072ff5105850264051409c2ff9b0247002103220240ff9f01d7000a01a701
8b01d8ff52035c0020074500b1018400ac00f5fd1afc96feac00d00060003c037a021ffc6a010f00220507008208460241005f00330927052f06360288077205
9401c6ffcd00060132013102210403017300bdff8800aafe0c003e017800f0019c00befee7041902bd025207e9ffc1020900600265019efff200330097000901
270590032b02110091039800d202df004700faff9ffd29fec00047002100fe00d702d8ff3f004e0073000900cc00e600e70086007f04f402ac015c01b3014f02
5806070537001600a10050003304070936035a05e9ff0efe900262009202fcff3b08db0446003500860677019fff5b0174032c00c500deff2f01b705da00c000
edff92ffc70018020101f002c5032d003500e6fe0400e0fe6f0049021900ec02260226fd2108f6021e003c08900153052d00f5022801c3ff710060013a00c100
2d02e0ff0c005a00180091002d031e0026003fffa7fe8efe3000af0014002a02e50025fe3a02b800bf001603ef01a3011600750024004101a500ad00d3005600
e203d50157040c004308bf00ba0150006b00c4fedbfb49fe440025003e002402bd00ccfd3000560003041400500664001b00bf00920a9d05d005fe00ce06dc05
8eff73ff9001e3024102b204bb0404000a0056ff4d0202ff5300f5024100c602fd01a1fd370b7904b403bb0ce5ffb906240002059f020aff9a01fc00f800ec01
060874080e0324003f04200102035f0630022b0493fdccfd8302aa009a01faff2509a4048e009f0036021700d7ff34027203eb0046052203b10069052f004f02
ba04480259000b00b60004001504e2051f02ed02ebff42fe90012b00b9018800a70404021a000800cc041b03beff9f0001023500d900d9fffd006903b000bd00
9301ccff4400d0004c003c0160032000260030ff15ffa4fe3d001a01130056022f01f0fdcf03570176009204a90199021a002c01560092000200d20019002a00
9c03b5005e0006009e001c003d0341001a00c4ff91fe60fe3b000c0011007b018d0036ff0a000a000f00760173002a0020001a00c40072014a003f003a007700
3b01beff99002901d300fc01c7030f0010005dffd8ffb2fe3200660106004902210120fe2605fd01d8007b065400360317000c02f500d8ff7f00ab004b00a800
f5047302b2000b004f0174009c04a5081f03b6040b0140fe21022d00910226004006a803170032006d07bf0498ffb100cc02e7008f017effa601cb0420015501
89070d086705240002096a01ff0105013e00b100d8fbd4fd6601a30001005600000671019400bd00b10125000c020d02e4013e01670bc5057704b702c304c705
e701e1ffd902300012063f00f1016d008f0043fe80fc8cfe8c00a1005000f0020602a4fc03010f00460405002c07c80135005500d5078d043705d3015506a404
f1058604220014002a006500c4036b0646029b0332ff18fefa015900ca0124007a062c0343003c0036046600c2ff3301a002460038009100a30050047d004800
4f07af061f001c008d0080003e04cb0ad303bb06ddffeffd240384000a03f5ff4f0a7d06610051006e0764008effcc0148045000af00e6ff46010a07ee00ba00
af05df0356001100c50028003d042508e9029c04170024fe3a024b0059020300f506e80333001f003b067602a6ff0d01f6020b00ed00ccff3701f504db00d900
8d058a040c0416001607ef00280213001c00a2ff65fc16fe6c005c001500290140026bff570078001c021700220321017600da000109db04120482008704bf04
8106eb04d7001400b10103001b05640dce042008e50111fe68035f00eb03f4ff7f0a4c0739001200dd0a910460ff5e01a104a90005023eff5102cb079801ca01
74067605ae00180031008c00a503b5065d02ef03eafe06fe2a026c00d60100004707b2035400510008040300c3ff7101e70268001e0004018100b9046a001a00
a606c4067c062000710b7401680128003b0074ffebfaebfd69008a0028000d01e90263ff8500bc00b5032a003705ae017d0054018e0e2b07bc065d009407a807
d0ff96ffd300d601f6023f014f028800af00c2fd73fddbfed80029025f00cb036d036dfb8006a90143043503b3075e055100c700eb0300031a04b1024605d002
c503400013010200d801ae01eb042008f9020c04f00169feb9010000810287007704860257015a010208670794ff2000310230022d0234ffff01ea035301c801
550375009e01060026034200b10222002d0048ffa5fd64fe1d0008001a00e4016a0071fe0d001a0095010100e20213000e0045000704da024f027c00ae025102
8c02dbff8501b5007c0208035105ef07f3029403080395fe5f01d8008c02e100cb028c018f049c02f608690a8bff8b01a801a203eb02d9fe72022c0397015602
cf06250641011b002d01af007d0393064d02f30396fef9fd3b027a00c501feffac07e103610064008f030800c8ff9e01020387005f0188015300da044d005300
0601b9ff75003c019200d4018a032100280020ff73ffb7fe4b007d01130081027601bafd4105e6013d00e50577017b032000cf01a800ffff3300f70018006600
28ff69ff3700de025a00a902ad029000b60092fd49fe0bfffc001a03600039042504ddfafe09fe02d6034e06650789075f0046029e00ab01e1021503f8032f01
4805930301011100410170004c033e0323016f0175fe29fe37014600db00af001f04000139003c0090010200ebffed008e015a008601ae01090082021500a300
99077c0863072600da0cb9013b011f002f00a5ff7afacafdcc00ad002300b6007d04ddffa400e100c90332001a0521020e018f015610e0074a07360121088108
8602deff34019900f4017a02df04e30533024c02090292fefc00c700e9012001cd016f00f3032e02df06d008a9ff7a012001f0024c0228ffe4013a023b01d201
f2ff8dff58014b02f501ef03920446003d007effd001e6fe3900680262007b02830108fe3909be0392031d0be4ff71051a003804480234ff7001b200e000ae01
63040a02a3000b00db0042004703b3019b00370088fe46feb400270073001a013d02ccff20002100d0009c00f9ff8400ce0037000c0185011000520106008200
f5fe5aff7300380346004603ee028a00ae009dfdcafe1bfffe006b035b0048044204d6fa450b8b035203c207be063c086000f6024800e000fe011703f5023100
5b04a30166000900c400340016044d05ec017402f8ff4ffe5c011e009301b300e70371010f0017008c049803c3ff7300b5017500e900d3fffb00f302ad00c500
dc03d30062000600b2006800f803fb0375017c01d6ff5efefc000d003401fb00a202610004005300a803d103d3ff3b002c019b00d300dfffd20014029000ae00
36076707be042100d5074501320264016500d5003efce0fd620196001e006200c10567018600aa00480120008601e301db011c01e8092705c403b602f503ff04
beff8fff1c001202a400eb01c1027100900009fe45fee4fec10057024c00a0033203cdfb7b073702160309050206b2054a009801f200bd017602660253032f01
3401b5ff5201760108024903c9045f03540158001202bcfe2e009a013d01c50163002effad0606038505320ac2ff79030100ad03600223ffbe015e001b01d301
OFM 21 1 188096 2064 c7020694
3f0200f8bb08e4f75a01a5fbf5fcdeffa9f7db003ff75b03abf660057cfd87feaef8abff3200da057cf94a01480084098a05fc0646fdea07b40523011804c7f6
2b058201630a31fe9bfb7802c107310a34f6290c3efd65fe3d0607010307410446f8c4f50f0c8cfd3c046002f5fcbaf65a00590b1cf906092500f709bef9aef7
bb007f0a560162fd6b00f10beb03c700e60a7ef77609c4fc5f062d0956ff5afb8703dff769035ff9a700930720fdfe08faf7f90ad4f4ef0690f7e5fcd2fb3a03
3a0a4e03e7000708dafb75fb6bf82efa5e041bfccef593f60af55f07abf9cf09a30b53fd920952fb17f42001a50b990b89033b00f704cff51d0323fa3ef42dfe
41f49df8daf32408e3fdadfa8eff2ef63bf460fd08f886038ef46ff5adf540fb5e03c0061c036f0bbbf85df62b053e0afbfffd09600383f59a0af6f7d5f64dfb
16031f07abfbca04420b12064e07d8f47afdf2fef1f3f2fd16f638f4d3fa09f5110003085df4b4012405f103f6074209430c93f4460169fbcd0950fbcefa78ff
d0fe2c05ddfc23f8220989f94d0198ff16fed4f82904c8f31f04c404f4017901030c82fda7f4e902d0f49c0af70404fdf7ff1a00fef49302aa0bf5f83ef84d0b
a0f9d6f84bf5600234f84cf81f0cfa03edf5020a48ffbe0977f622f52d03dc07ff00920427097cffb7fb71f921f5e5f51ffa77024bf4690be2fa4df460f9f2f5
710bca009a03e3fbf3fcdbf373f4dc06dff69bf65afdb9f66d0b0bf9b60b47f6480104fca3085c01eef7b205b10bfe07c4fc05018709560255f68df470f9a5ff
c30a0cffbe0691f67afabd018d03ea0117fdb5febdfb53091bfe4bf4c70989fbe3f6550309081605faf650f72e08d5ff1dfe7f06d4f62301dffdf30bcafcddfd
9cf614fedaf7f70249fd02fee4f3130484fa4900c4fadcff08f50d080908bd0255052f05200ad90aedfcd7f54ff81404bc0a6004ccf6f30233fb2efe5bff0702
f5fd8ffcd8042108810381050a0541032b014c0606ff0c06bffc57fd55fa0df6f30170f8b7f7a2ff81059bff87f66cf88f0bce0b1e0ab2f5aa01fd03b1030e06
6e07aaf5920acef8c9018ffca8f93504cef5fefa8cf833fc6a03d0fd8205730785f9d0f52cf5b5024fffe6f3cbf55202860ad3fb740251fb7408fbfb9f05ee09
9cfb0906e605c10b71075a0bf5f7ccfb4c01330b1d052704e6001b0a8cfa23fffa0357f9970831f7d3fdec01d4f78002b7fb72fc42f9c0fbe8f705fe620a1006
1b0a93009908ae073906ed0499f550008a076cfabdfea7fa10ff3efb45000e0c13f61906b3fbd3fd44064001580055fa560033005606c80a6706f100f40563fa
ef01d000b006f9fda50586095507b1fc94f5c0f40efad9ff52fb2cf71afb7ff5bafae00667fe900597fa1af6d9001e02a100ab03a600c8f99c0ae2035f03d1f5
78fe1e0cbb018c012bfcc50602f688f5750a15fe75ffa2f777f4f800bff6baf66dfb1e0c49f8cb06d1f4daf8edf67af682f6cd02e80105fdae04b70942073d02
fefb440a7a08d5f95505dc0556fbce0976f8ecfd1e00b10b3f00fd0b610653f9ecfe56fb8df53d0a82f728fac8080707bb0663099702a3038bfc88f6c2fc280a
adffe9f8b6f7a0fe69047cfb0509500243f8ccfbb6080dfafe0732f40f001909f10300ff89f700ffdb049706e20464f4290a13fe1bf947f9a2fe2cf7d9061403
8d0b0afc33ffa2f71d011a018f01eb07680b3c012cf80d0208fbd7f91c09adf6cdfd49f8350ae90b2703c0fe130241ff93fc0109bdfcb1fda408ec0b46015108
2dfb4506a108e9f6f0fe4d0453fce107cc0768fee103ea0b540682006803c3070e02f10621036f01b9fa31072505f9032cff51fac0f3e606a5fb9a072804a601
f6f3ccfa6f04f1fad4f739feec0b170409fe0cfcd6fed903c6f6e5f58aff430ad60aeef51f0785f89e01c9f7d6fbc90288ff1f0a55ff6efebaf684fff40340fd
f803e10a88f92f04c3ff9a085006bcf740fbddf51407ba0a90f4f9003cff3d003ef9c1014906ea025b04bafaa90392fe09fb5409b0f452f6050aef053b022cf4
e309580767f4ba086f097709f8ff210a01fa4e04580b5cff740a2401310ae0fc7ef756018308edfbc8ff16fa71f9feffda0301040e01a2fd0600d8fe9df82804
76f970036ef5f4fccf0bcaffdd071e04aff813fd530bdcfe8502a70a6102ca0b1c08c305dbfba7033bf3e9f3eff45bf877ffae06f20605077ff8d80bcf0543f6
8f0b260570003eff720c0c0bc9077608a10877febbfd66fde5022109fe098c08f00a1fff6307350af6079a09a6f667fe0ffa4a0503fb0b08d201c4fa64032df5
94f318f41401cffa45ff23f5cffd20f655fd80008bf804000d0516f5ef0a37f40b0244fc7409b40932f51dffea0977fb1dfc750539f3de054604eaf7fdfcbdf3
730b9d0015f73504980811f5420c38035cff2e0903fa3a05e4f3a3fda10294fbbafff4023cf9cdf8a202e6f715fe27084e0689fbf7013701050c0cf70e0b9efb
0dfe61f400f8ef09f1f647f7ec0049f307f6500818f98ffd5b05250087ff4e04b8fd3f029900dafefffe03010afd0f0572f5bb0aa0f5c3fd4efa6906f20750f4
29002c04250b27037cfa2801b5fc3dfaccf921fa18f840f73efbb4036bf9a1fc3ffdb907d106eafa6d0c0b046ef343f953fc3ffdabfb24f813f55c098e0bfcf6
8af9d70bb907770881f46409baf45cffaefaeef7ba045fff770821f8aef37c025cfe0902cbfd3ef773fe2ef5eafe1905bf056ef40c07fa09d80587f954ff58fa
e5069801bd0cdbf3f9f4b40b8ff420033cfe290204f946092ffe490679fe39fd7df69b06be04bc0cc504c2022dfad6fedefc270aeffae6fe6b09a00232079ef5
7e01cafc8a0500083df59ff70cf5da05
OFM 22 1 123072 2304 67ebf531
93fb4e05d7f71ffecd01dff9e90852f97803c003f90710f6310529fd47085cf840f68e02130060f5a903d40a42f64cf638fd5f0849021afdb70ac204410be6fc
59f95e052100760472ff620358002af7bff595071ffbe5f65f08cff53605fdf8a50ad60a9709e607bd0624082bfb00fe03f82afdbb0b91058b0246fb40f5190a
8ffb8904e7f5490979fe78f94dfda202a308b30a67f476fe5c03c105f7fb84fadb03b1f8caf6b3fd5a03e2f40600a909c6f70903fbff0cfd19f984f75dfa9907
c4ff26fa59068ffd800606fbe90825fe870162ff080366f7a9016cfea5f429fd2f04f40353076effd7023dff73fdc5071bf581fe05f84802e0f6effbb0fdcefd
9100660139f8bbffb5ffa4f6cb0169f797081b09f3f92d076bfe4c069cf86dffe906e900d80bf309abf60dfb420820f8dcff790927f4b807d1000900da091100
8a0a8ff6030a3206f1fefff9f9033a041a03f202a50a3900b603e6f55d048ffe3f092afa28f92e00db0b08009f08a1f718095af732fda20b7501da0a210584fe
1c018e05d000e4fa080b9b04bf06720a38082e0a8efeab094500aefb1700d5015a0b530411041802cd01a203560017fb8d01570737fa60f7500521070bf82206
28fc47fae407a2fe5509ce0abf0944051d00070598049603a609c002e4fcd6fe1bfa1ef9bbf86df5120622f6a50212fc8505f009720a79f6c304e1fbf506ccf7
ef01c8f5ecf5e8f5adffcdf97a0317fdc4f55202df02bd02d601da01b60349fa8bfe9df5f40a7ef4a5f852f4d4fa9406390125f4ea0671f6e6f840056cfe4807
8408b30966fe15044500ab006202c2f8bffb23f7e3089404fa03e7fe0107aefbd50197016402830764fe8b006409680a990b42f9d6fe9d02a5f969fa8c0357f7
96037b0039fe5407df007e0738f431f495f8f409f5fe5405c0fd1ef6a4fa35fabcfd710a5805d60a4af4fe054aff01feb9fa5c054b059c062506350a49fb34f5
c4096a02ebf7e1fd7a0045f7a5f6fc069df7300a17ff5b0976f4b5f54d0959fa2f037105470a40099cff7900140516fb5107db042af53cfdebfdd90962f75afc
89f56703620356f42df8840827051608ccfa6df5ea0109ff71f523ffe3fbf7fc06f55e05300bd6f8b4fd06005500b80378ff190675f8ef02d1fd3efad1005400
9cf492f8d8fbc5098709d0f5a5f60604410af4fd0cf8960257fca3fc60fd55028efd9e0960f8c804c7ff4d023df83403a9f873f60df909f940fd88fe0b0238fc
b00ab6f404fec7ff22045cf60afee6f64d08b6050c048800b3fe10f55203bb0b3b0175fc6104cc06720ab5fc2d037300f3022cfa76f4d4f8420074094af8b607
bb049a07eb016d0599f7c0061b03d9f9e2fb9201baf772f4a1fb09091a0328f4ccf66ffd87fc5e04c7042b01c7f593f6560716ff44febdf47f02fafd8200a5ff
2ff42206a702c2f732ff6709c101b3fb81041df6e402ce0542f73df5af00b7fe2cf73c0962f77b0236029d0787fafb003a001802e9fb3cfb66feb0f40c06a8ff
a3f89c097d0a1f06f1fd290286f454fcd1f4b209cdf886fe41013d08c003aafb4efdc0056d06ecfb1bf6c800a8f554fe110605012d07b2fc4ff619fa0d093607
b90a4f0562ff280a2c06cdf627fbe4fcbbf5e6f7490a87f6e605a406c1f6a7f76d00fdf7c802c6f5c10112083afedc0bc202e403ff0377026403040bacff8003
fafbe50486fff6fe26ffed09b5f5bd051afdd9f6aafb430878f44701d70062fc80fdc2f4aa08dffc2e00e602290880fdff02b40565fc08ff8e01f4f655fcfe00
4804be078a056af9210a3705c7fec4f97af921f6c1f94dfdd3038f0470f97ffe4f0060fd57075ffe7cfc17fc24f65004dbfe90fc5909a90722f589feeaff6b01
39f66b00080352fa1d09a502e5028805a3044f03b5f50ffa72f57f020afb05f841f845ff69fa18f5dafa4601ca03c7ff180a7d0b99fd62077b00cc027609a10a
44f59b02b70227f99efce50489ff90001207d00402f89dfe88f447fb7cfd6af613027e059c058a01c2feb4f82c02e8f8900556029af91e0424fa7c001605e007
750b290152fdb6076efcc1012afcaaf71df746f6e20491f9aafbd706cf014ffd7905a3009d05c6fd12ff35fa73fe85fce9f8fb0046f9f0017506aaf7bdf909f8
1a02dc073effe8f81df571092901e8f78ffb9dff1209e50a7afce1f7dc087bf7c1fd41fdf70a8dfeda04d6f90209600a7409e5fb0ffcdd0695ff980091f6f204
31fba7f519f7ae015afb69f6dbf6b3048df83bff36f94905050869f5a0f9f9fdf1ffbdfac10969fd000215f81bf5d7f814f7a9f76309f0fdd8f995f78300ddfc
26f94c02dd03540bfff8a8f54307d3033b07e6f7ed05ce096ff996fe8403360588fa1d0726fb0af744ff32fe4dfedefe3df754f9d40b1b0bfb05180b6aff8afb
d203ca0fb2fc0b05efeb0e035df317e9e600ce2264ea3afc60f7dcfc74fbc6f7560df3fe1c176609c5146311b4f3de031f0de0fbaf0461fa03040ee8bf162209
5a0aba0ac00274eadcfde0eb35ee82f268ff80f1501b39e6d9dfdcfa2b05f0f43afa032394eda8ebc5f975eb04045b02f40eefe1270d67fa1efe9e1957fdfe0b
5ded55f36e09080813e1250f7d2357f2a30c62ddf6fd94fb6801a005e20572ff6701ffdb630261f7c9fb4f0ef8efbcfe32fcb30be90bd60993155313e6dd32ec
c70fe2ece2f55af118d8eef4b3e1f5f985006a1575e6d0f8d7ebaa02e1f86de023e4ceff98ed09ef99fb96e92707b6078bf075f72c0d2ee17a0a0c0abfe15dfb
88f2e7e8b4f2ccd786e3c1f7e412941036f91bec54eb47f515f4a0091e2716f50b0002015b0a8ffcad0865f5fd0e68f26ef4cd0895e54be346f1330e4e14da11
0411d4f602f798eabef67a0154e40ade89184404daf65d0946e7e6fa5feb3609611a81e8c1feff0be8fcab04af0533f677f3bffcaf2bd6e43f2606f6e20c8516
bf1441eb96ddc301cecbe208b715130279f854dce3efc3f1aef52a0670045022980022f5e8ffac03551865fdc9059709a7f649ffea1c37d884fdfb0c41e1a008
92191101b9f178dc7bebbce6d60113031df74deba20619f68eeae0ef9e0253f31ce72a0a12fe7ee684071cff1200c2e750f0f7f8f4ff84fb72f126052b039616
571fdeedb0fa6ff5550cfa06aaeca2ebcff0bfee4ffd500fab04f20dd6104fb39ffa99fac6fffbf6e4e6c1d833eb490a97fa4bfd4b1dc1dfa2f18dfa95f6ec0d
OFM 23 1 209536 8448 fcc7f784
af0ab30bcf0829f64901f40a41ffa2f7ebfe600b350a8df84b00adf71ff99f00e606020bcc05c1016903b40692f6c40624f8a30a63ff0b080e01bf08f8fd47f4
5fff21038b0523feb900d5f79d065307c7ff64fce5ff5e0cc6feadfba705f106810396076b0941f8fef52c0504fcbff5eb0a6a00f408d4081efcf6f5500b4806
43fb51fa7e0657fd7df76ef42af466077bf8d4fe97006dfa23f56ef6b208be094b06d3086b0177f5e5f460fbb202c30a5afefaf390050004550a84037c01c8fe
700700f476fe5cfa160ae60b8df3adf684f4240043f5c6045e027a08e6fcc8017b02bcf35204dbf9670c50f47d07b4f649fde0febc0aa901b10325fbdffe8fff
9808e6084af725ffad02f9f649f6ee0448094907ca02970391f94307b0fc2ff574084b02330c8203c80b9203550bbdf40006f5ffb1f5db0834fc3ffc59fbc30a
9bfee1f373095b0079ff9d066cfb9d01bd0b0bfe83fbd9f86001c60aa2ff2ffd5cfdd7fbbd0181f8290235042dfa6d0131f6790b4ff646f97e003c084d0419f4
8905b5027ff4500bdc024ef61b076a0381f39308d9f5c5f7a50295016ef6a1f55ff941fc5d0c4dff0209810be9049ff52ef9dcff84f633fa4705900425fc17f7
bcfc2408d70953fca2032502caf39d0bb1fe7efd4bf469f93df385fbdafa83fbc4fc04f8bff5a8f60a0451fac40c9afd55036f06690929036afada09dcfb4d0a
77053bf55a088b0b79fb0d0ce7f7e90403000af966f842f5da069100b3ffef03fc0786089efb9302a7f31407a0060bfe9c0bd004d100b4f5a9f5ad09ebf61404
9cf63cf844f3a8f8c30a54f3bb05b3f8f4090105ac00f2f50af6c90adb0a4f0cf3002e0c5eff0af7820635021805f5fbe0028bf535f408f91dfd5a037efa3602
09f60c033ef9080461f5c3085407e9f617fcfd0374f49ef524f441f796ffdf03a8f892fbab0a7dfda50858096ffb1303ef09bd00d60ac2f57307c6fb39fc460b
89f4aef884fb3af39608a5074a0752008d078e06d40986fdba0a4f0ce30a590658f52ffd160a75fe200bbefc4df6c7f551fd46f3e8099ef9dd0724061104ca06
110a74fe32f8c8f3970838fa6e0310f9610a33fc2906390888f63b0c10ffb20a1008d40b52fdfdfcf6067ef98c0bd2fc5ef5d4f6e4f85b0147f8a003a50c2e00
d7f4f4fc2ffe1206680487f69b076e05f70253f558f441f538f81101da0339f7f906abfae1faaefc9c0654f36303b8fa2d0165ff22f6390163fbfa03590646f7
8d08dcfda4fb850939f414fd8dfa2f0c4cfa97fcf5f4be03c901220184062805bcfdf7020900d1f333050c065505f2fabffa58f7dff6e705b00a4f040cf4cefc
23fe6d079503e8ff130494fe34fd84f9a5050d0b360a3e00f6030afa16067c07e805b0ff88fdb0f3e601a8f6b5004bf9c4ff540bb70b20ffbc08590abf00dbff
e3f71109be07c7fc44007bfcdbf51f0bf1033808350a3700ee08adf74bf90df84709f1fba60b42f4ffff4701a80235f8840a7e0968fdcb094bf7d3fa69fd31f5
6a0826fb65f8030a940abbfccf069909bcf9340ad6ff780bc5f5bb0a4c0c0a0c6c0978fe63027c0866f4a4f920fa72fa14fc35fb5df947fa04f8b0fec506b90b
3ffedaff030153f76afe37f72a03360bb603930034024d09830882f9ee00a30556fcf6020709e903c902ba025b038a002802fc0613061d06b8fbe9fcfdfe4200
f3f3f206c8f4e8f309fba10a56fa50f4a50c9c05affa35fec1f43e0bd403380c4a0c0e0b5f0753fbd4f3d2fab000f5025b01c8ff2ff95aff3efde80910fe5bf3
a7faf2f48300bd0479f7540b72088b0985fc7b07edf3720ae0f6c406c5f728037f080dfbe80045f95ef7f5f8c406510c25048107b60a4007cc0aa405b6fbf7f3
7efc0ffc7400ae0880f3dff68f0339f3cef7a10be3059c07120733f4c3095601f50995f778ffd6000b0509f5e304fbf702f46400fd038b043ff5d5f8b40681f6
c5f81a02030c18f9c7fcf0f81509aefc080190f743fa85080706470106fc620623072bf51b0922f4e5067efddefcd502870998fb89feb80c4a026afa7bf360f6
edf5fa06d200dafa2708edf34af7cdf6fe0863f6d908390aa1feff06d7f55d0170f9550b5ff359f8de0b47fd4af4900615067108fff45e09b4f895f78ef7910b
8c00b7028afaeffbaaf50bfea10cc9f4fdf56ffed803fafe040b99f83ef3a3f82d01e6009f0703f9af01f5080d0b92f6a8ffb1ff360201ff1901bff6d8f35df9
8bf764f6100b7cf4600586fce60a9c06c0f71d042109adff6d06c4fae809c8f370fce4fce8f4f602cb04d9048503c5f4f80a6d054afcaffc2908ee03a90c19f7
58f58e0a91f320033e08230c78048508ad0944f952ff2409d9f5e8f4690c12fe28082b06fc0027f7ddfe62098df818fb930ae7050409a104fc07d200cbf9e9ff
fffdd3f9e8f595f690f7bef80dfccd0156040f0337f94cfac0fc9af3930081063606940995f73e0cba09be03e1f6acf366f5f40bcb0600f5340c76fc5706d0f3
d2fd39fa73019efdbc07ed0b90039a01590abff34400e3f5ddfc570c2c0cdc036afbe306040985f5bb0181fb9dfb010b19ffd007c5f360f33bfa91f644043bff
83025dfe850aaaf89df7240c03f8400848f458f54b0a57f81d01e70bae0c7a0a34060a0ce0f5e3fad009aafa3e03bc090ffe94f7b3099e0bd00329ff51f5590c
7afecf0b41fd58f78f0ceefec10355fb130479f3f4fcd3072b054bfe92f31c029f0a60fa71f6e7fc17002f0828093b02c60290fe5609a500dafa3306d30117fa
8dfe84f87bfefdf499062dfd14006cf5ac0c1704baf569ff6900190519fa7bfd8ff4ec0b06f9c90a9503c50b2bfcf7fa10fd1007faf54a0c080ce7068ff67eff
4c0cbb003b02e709a5fb0ffa5ff7b10971f3c20be00429fd07fadcfc3507faf7600c06ffef0b0efb1c05b6f821f71a0a2b06c004db005efdd3f414fe1bf520fc
7f00ed0867ff65f4c2fdd5055a07d4ffb5fea602170b97f8a10acb0be00b0208e1fa2dfda4fb30f7bb084bf7eeff16f93806e6fb05f40208ab014ff9fe04ac03
cff73c026dfb35093a0b3a0bb20517f7350be0f5af057ef48efee6fb1f024c028a0989f432fcb3031203540ce7fb90f50bf5e804b9f797016906a900a9fa53f4
6b0c7f08e80ace0b9dff61f5760076fcf6f60c066f047cf4fc05fdf8bd091cfdd7ff0508f3f3ac0c31fc4c0beff5310a3af3ebf3c4fe9007c4f635fe06057806
b404e5f6d2f675043df7e4f9a504f90915f714fbfdfb03089001a5fd6df4a40a90f5530176035f04250216f66d0437fb72009a082d0759f6f20117f6c9fbce07
980cee0938f8b7f5c7f598f9b2fc63f357ff85f76f0884f627ff59fb0df772fd47f8f606f80591feb30914f7f704acf8fd0427f8ccf4ef0b020c7c0ce4f3c8f6
b4015dfe1d06380a69f51c0ccc08d4f499fcd10aa4fd400c52fcf9f9560758f6420140030e0a6ef6c5fbb0fcddf904fad50614f7b8f568fc9dfa85fe3f0a3ff6
5af406f47ffe15fc3f0ceff31d05bf066cf35c0967f675f936fb82f48600a1fc40090d0bd6ff860b4d0b13f52f0bb306b4062cf4d1fea5fd86fd7b09470b0104
b006470b850bf800080acd06250127ffcef6b9f85d0812072d0bb5ff2b0843fad5065404710565fa50f9c1030a01e5034ff75f003403d3f761fa6d0ca2f3acfc
a6fa3af48e028ef3080afff88e0be5fe220cebf67bf7eef6f3f593f4c802bd099909df08c30cd803aef3bb02ddfcaf08e9f46c0238f5fdf7d30ac6ff2e013301
b9fbeffa9fff0e0883fb4b00a5ff62039ef7760b2ff4a6feb2085c03cefdf9f394f9c1ff45f872f37604950787f6b8f3340cac0c83f7fcff5c07f202f80206fd
7efcf4fecff7410cbffdd20a43066cf6670271008e0b7c03310b8bfa5fffc0f877ff7ef77dfdf607ce049efaaf010d000601d3070cf539f582fe940c88fdad09
66f8830280ffa50125fd1e0a8a020a095902470333fbe6f9c90b36ff6e0600070203b206d80aa0fda309a00a720b2ef45afda0fa00f81efdc2072a005807ac03
bc050909fafc8e09e0fc060347f344f69204440acb01370c0706ea01f5fbe108530c8f077307e008d40614fa22f45df3e2f93a0754f410fe88fdcd067f07f2fc
bf0a0af75cf30ef96c04f400e1f5c0055a0059f93e06d308a302a3f8d006f2088cfa430c1c0500fc62f4c80391fe21fbc2f64601ff0266057ff75ef5b5f799f4
700021f65403cb0835089f01560950f95dfab4f47bfa940aa3f4eefdbcf754f617f6ddf64c03d404c6fc300c45fd1fffd8f58d0ba40b28f9f503b0fa6e089d06
d40915006df8a900f2feeb01b4fe80f96b09eef3c7f76c047006f80ac7fe90f4a4fb5ef865fca8f3f3fcb4f5adff9bfaa0fd58f9d20ad3fd07008c04290cc300
3afdf5fdac03890728003300ddf95d0b0bfdf8fcbd0899fe9408210c36fbdf00ab0c2f077200d10538023b03670096f8440085f7a7f39501d702510a9cff3b06
50f32707d70ad4f52b058bfc73f996091c03cd07d10753fd3102ee0be7f31ffc68fdddf3220c89064af5290684f3c20875087df48cf6090a02f69df5ab01f7f7
c7f81e04c0033cf8e60934f93d0278f7aa02aa04af0752f402f5e8ff2af43e095ff5140b9807ff051cfeb00cfbf8a3ff1dfd9afb21fe0c0a260bc50236fcc006
bdfe4d02710cdef813fe0f058908dbf9e3f3040a4bfcc50ba0079cfe9d0b40f5d7f4e8f59d08c60a660695fc75fcd7f424fc62f33c0807050f00caf636fe7c02
46f64ef74a065309260c4d03f6f4840a2f0884f37202ad033c08960439f906f6a7096ef44607f3f468fac5033c011f0418fb86f6f8fab609d008b10cdd04d1fb
5e064d0539fa13fc0902e7f6b30939f45c01f2fe7f0baa0a57fe32f947fe4a0796fc7b05fcf8c1fba3f7fcf41302d3f6e9095d02d7f7e6076cf80bfe14ffdff8
f6f5bff57a027b053808530117057a0c8e0b460c920629fe49f474fe49012a0c48f973fccdf7da089305e606dcf922f8780152fa5003c706a80551f9a4073bf8
bd07d00afafa2dfc7cf57c04dffa8bff570931f8a70c0df7f3fd72f84703d507acfc29f9bcfe5a0806fd8203f2f8680422f4db090c0426fa8c0967f3e80adaf3
8af5e507befd3c07dd0568fa1506a5fac9fca1fff20a82facf01b1f41e006204c0f67f067df799f75f04fe0bbe080d0b4bfa8af497fbf2f9b300b3076cf50603
260359f6310c1904cffdf2f8fe081d03edf650faf600d7091a084efc49fdcbf53802c6060f011e0054f88ef474f8a0016afe92f834fe180083003ef972ffaa02
e5092ff87d0befff180308f96dfc68fdf903bc0023fbc900f30b0002ce0bf5f65bfc2af64501b902d7ff5506d500570cd40a4306200671f7e204430c4cfff9f7
bf0cef04910471ffb2f5cffae2faa6ffc40427fde90ad7f76c0a4f07f4fca700d7f8e3f5b0f3240aeafaca084cf67307f6ff4cf3f7086ff6ce04f4fce90942ff
4dfa3f019b020ef8f4feb10c5dfdd50be00759f656f944fab8fd150106f4b305dd09d1f7440157fc95f7580221052e0396f7d20907f6ce0a66fe45fe880b8d0b
eaf979022e072603940cc20a9d053007100cf4fa18f5c4fa11fe22fb4e088ffa77026e0bb4ff35f7cbfd23f5b00a9d0489036c0061ff1d0810f87b0988f8bd05
f305f5f72ffd0106c4f5bbfc7e0062fa6afad0f47afbd90a4300e10a450178017e09d207fcf8f8fbb0fb06fce3fa6003e20212022efdbf0bacf3e40b7b0a4ef7
3bf5f30323f8380778fd990a720ca5fde2012af60a0b3607680901faf4f4a404a90b91f600fc19f5ee0a7dff9603f4f6bffe3bf519f467f7befd68fdf2063d05
94fdf5018f0cc4f489022501da0b8df8bef708f9e103c103f30360f74a0ca906e2f6910354031703e405df0578019ff8a40b8c01b402960ceb02770624fc8706
b600bcf8770805fc13ff95fdbe08fdfb1ff9daff1a037ef8d002eb069af4b3f7defc90fdf80925064a0ba7f319f5b0f43702abfec400dd0a500bd7f899f56301
45fc47057506bbf5ddfc8ef716fac00b9cf573f40a017206ac0876f50bf556ffc8fdc1fb69f54a094cff07045df4bbf888028507ee04e5019dfe24f8460557ff
71fff1f3c9f8f10813f4a5f93bfe54f9fb0a48fd3ff60207e3fda9fe2c026afbb5008802a6f55f0ad60820075efe530700f51af9ebfcc306c5fd93f4910ab80a
32fd2e03fbfdf20a7dfa9a0189fbc8f4def3bffb9ffe48f782f92902be00bd0769faf301f30a74fd96003e0511f83bf72bf8a7fbc60b8bf750f43006fb0471f9
010c9cf5c90582f8adfa0e0bc10b1e06d306f1097df9f006fa09e1f5a6035e0bd4fff7fdc6070600c7f3d9f887ffbcf496fe040ba609c507e1fd0b03fb0980f3
b6fec7ff730bf20901f8580032fef8f63306a6fe4607690251042a08e2f3340439fdc5fca106caf732ff220ce307effdd1f7640cf0017a0bab0015fec10b28fb
c10c80043a09b6feaff65cff11073505affea20b8c043bf58e0adaf72dfb84f4590b7d05bdf968ff0ffedcff770ca4f4d101b2f9aef81802130259034601cbf4
c70c7d02a7fe950ab8fc37005906af07700409fccdf79dfe2909f3fa4c0c740cef093504fdfc780966f54305f9f4c206c9069bfb8bf675020b056d0b96f9c1f6
c9f3c7fbaef97efd68f9500a2e0814f8eaf30e0a380032f982fdc8051e0926fe3e0b3506a8fd29f56d0421f862004f0becfe4dfa34f579f544097703e7f690f3
0ffbbd076800f207490646f9860b3c03aefd3fffb9f98bf48dff7fffc6fa4307260bca069b0b3703ac0b4605fe06df03abfb2cfdc30be70a1c01d806e3fa85fc
2a0c6305fd09ba041508d6ffadf69c079cf5c505df0b8dfc300408f52009da02670a1b0adc07dafb68088207c50b74f7eb0b54f568fbf5f668fe53084106b8f9
acf74601200743fd88077bf37af7e803630a72f479f6f2fb1a024d067f0ab80c12f8950a980bb2fb4704bf044df5cb0661ff51079c0952fb9d027305aff61f05
c60437fab6fc6bfe3306000808f9170545f9e2f79e051a07230b990a04069b0830fee9fdeefc7208befc39003bf70cfd8c026302effc8efc9efd97f5a9072e0a
5600f8067d0a42fdedfb35037efca2f60c0080086af7f20066060c096d0baa01b802c9f4b405b00326fb120952f6eb0ae0f821fa5afef80bc7f4ccf819f8bafe
400b26fd27035ff92cfb29076b03a6f78ff8110955f4b3fa17fccffa850c9e0159ff240a38f9be0092068af87506d8f37b079af76c0cdb003bfc78f3b7fd45f6
0ffd2d080806d8039d0110f8a508c2f8aa01a50a650c190bd5f738f73c02af078500c900c90c95ff70020e0b0a031cfd4ffb08fd570022fd9d00eff620014904
55f4fffb8304fdfb52054e091904dc0a7e0b57fefdf5f207c004aafebf0b06f50a07d0fc99020cfd48f40dfb6cfc95f3fe049bf44b08d7fdb802ad0795f3a302
bb04d90272f570fb5df69afac40aa4f506fef0f705f59706fa06e3f402036102790841fc5ef56bf774f3e8040ffa070b460952fd49092cf7e700fef4f80663fc
93f9d8fae7f798f3c2f39406280116fe210c800beffe3c0b15fa3d0b2df61b0110065ff96af57c0730067a0708f811f6dffa8709f2019d0035fc2ff5c6fceb08
37fa310a1dfe07f5caf6e6067f0274008df4e30939f3ab02a1fc71f5d30b9d033dfd270426f7520429f92f0b0206c20788fef90be0fe2af610fe41faf800ab00
e70432f5e6f8330351001f05bf028c00dffc660393fa4c09a80bb106040008091e041205660b5ef7ccf72902f2f7e1f657ff91f833f752fc260c01048af3ff0b
42081f09a90340f5db0945045bfcd70574fc07f7dd02d309a9056804cf04d5fc0cfed002a7f68f0a440a8d0b04027b02f4f6f908510735021cfca1f339f9fefd
fcfec8ff23ffecf36bfb2c09250322fe2ff76c0c780a0c0853fdc00c6cfc9ff897056f05f9fee209110485f92403a30372f6fdfd3a02ef01aef4550563001402
b8f61102a60955f492f629fd68f48808950607f951ffa0f52eff9cfcdbf3f3fddff3f8f979fcb0f89c04750c2a070ffcd1fb35f310f6bdf54f0284f31e08bf00
3102a801c4056efcb401da02790068fe8cff90f8ca03fbf33ff6f40028f6ff01eaf7f6f5d00b5e006101d6f686ff00fb070706ffca0b60f674007f02e9fd91fa
1b0ba905de0074f926006d055b0c75fa23fb4d0c4b015d02f9fa23ffb80b2f04f40083f87001c2052cf9220110fbf9ffc3f8ac00bff7e0f533fc7a08fb034e09
9ef8e5f723ff6800bb0c89077e0a7cfb02015ff3acf86c0832f7490908f6a6f47df669f812f833ff91fd4afa22060efd11fcbb079903ad00210869fc4e00edf9
b4fdd4f91505d8ffb000240abef95ffe5d08bdf931fb64fff1f6280934086b06ae0b36fdd9fc44041bf8660230fe020571ff9ffe080cd406b3017e09fa004bf4
8805e90231f903f75df9bc03650211fd24f45b0aabf6d7f6dafe16fe6c0ad5ffcffd4c0a5af3c0fa6a0a900105fa83f99e07160ae9f58df5e409770bfff623f6
0803610367fa43f7ec06df0786fd82f7f5fc93fceb040c0cdef6e5fc440254fd6ef892fe66025c011b07d7f8a509340458fb79ff37f56604fdfa52ff470c050a
82f582058401a3ffc60342078e08b5fc6d0298fa34fe87f760f8ab02abf71806d5fbb6f69807410b8c06c5fe200779fd14003ef783f76d0480f695f8c80520f4
df0a8ef35d0442017907a4fa0d0051f63bf981f35cfb6df9ec0414fa4c039904c5f9dfff5ff87b036007ea033bf457ff61f918021ef40efa110a3700f8fea902
daf9cbf6b30c7a0c72faca07fdf91409fb0694f66ff84cf3a2096d08defd18ff96f37dfc5301ecfd79fa6607caf5470765fb330c85f8a3f423004d0211fde0ff
9f1b4d018e016f0067005e06010058102ffda7119e13abff6c069ffdfb0662074d02aa0913fc5301b2fd0f04dc018d03520f9d025f0a010f500261f9061107ff
70038f12c7023f1d560a2514351b691384fd2303c604920b5719f12fcb04ea08f114690cd10d20fa120789217e3ff20231f9371b17fc0c08852982190a192706
a0096f109801bc0d22065206e50a1908edfc78fa36fce90c830ac51317005f0d950952024c00b605e8fe610a520188fee4095a06e1fd280164135a043b0a5308
2619c200a5003c0fea04ae0ca5180516a7fd7013de001b07bc00530ef6046f0e05080a01e7fd84023c0d0d079d1a8ffe660fa316d803f8062d1a8002a3081603
f012d908ce08f6153607a91ba813a6037ffb640a9efe2e00cd0cea10c608f806fc171a04ac0381ff6ffe3301f506e6faee01b4124d06f90d9d12e10e560ff9fd
fb0908006e0d2b1a110dd409f3115e038cfae80c2701f600ce07690d3c04f908d41165039a07b7fbb2037a01a51fe3fdfdfb5f024d02c701ce187a0d3613e5fd
c8fc3c067403b6ff9c06790ec1fa8c07fdfb1bfad4f458fbfa162501d505040602059f0c0e02bc09e4030c049900e60cee138e01540be70749fc0809f4fc4305
7707e3152003fb0ebffca00896272d114fff6f0af80b6e11ef022c1f7a06bd0cd6145d007f07e0fc4d017c1d34221d039d0e3d28cef31a0a8c13dafa891cbc0f
72049c0a630bd4ffd4facb0ca90b180fc5fb1607eafded0b21120a0f7012601023091b0f830044fa82fb5b007a00230294182a13620c5f00b301a0fb0504de07
941812fc10014f0c5d0ce5011a0805088b049e0ebb0648ff83085dfd520b00052d09e704190a56024e0b1701840e8c00280a5f03dbff8ffe2a1d5e0c2c03dfff
9007a909f301e30aa009c31703fd540bdc018efb39fa680ab720992a3406a209fbfe7e0d73fe8dfd8c04fc05c20317008dfda1ffdc172104ce0d7d14a5f7c402
c913d601be16cd2433154906080c8a05b900251c3e027303f909ffff99fa730d5a0dda04bb012611e9185700c63ef3fee5f40201c1f3c604ed1a1a06c0116cff
680b56ff8e011305ff076717150bc00ec4fa8cff85f7d7fd870ec2078a0c4204090bb0003c0a63fc1ffd390405014cfc6d1b1e046b154c06b01bb90b520355fb
091033149100b20e36083714fb0c1c10f9fef50d2df87f167206a50fdc074011580d6300cd00d9ff2211ed14020002fda51a2a0971fdc0037a1041f5880316ff
681d6e01d1044327580dd4102d1e8f0fd9fc6e0f0611b907040302189a056a0b0210eb0bdbfc6ffb60f69a00dd2b1ef609ff9b1faf091d074422e80dd92275fc
7e0bce0db500e01dfe0f88150d0a580d66fd9f0342fd4507b805db1618fc931366089800a5095c01790dbe11442f0bfdc1fa7f04a8fcbf006320390e2b099eff
0e0f2907a90db31b6f12021b740a1ffdc6fe910977055af91105f30b6ffed809d7179000fe00b6f9d1ff060290203cfbeff8e403e20eb602b719150a7713cc00
3cf848136500cc11bb0ada0a03f50b07ebff270266f9400e1c14232176047f0b28054517bdf9fd1036034c0db00392ff74045c00d30d5902a208780abef81c00
a915af08e301dc0fcf0a720c0b06ae0d3cfcec1bfc02040ec10b6f0509088f16030b2e0346fc6401e2ff0302d40f8afd9a117f1157ffe0f96c0e7afae1045dff
df0a560a060cd421a204bb1904143012f4fbda0f47fcebfd410eb31168ff8f0d4906dd025f032bf3df000c044610c0f92cffc102750d8d14bc1ba2112816e0ff
0d0995fda9072614960acf05bd28e905d00012f9f4f776f7640dbd12eb01f6fa6b1aa0001e199cfb4a05c304951c85fd1b0c0410d70663125f2a9612931e7ef9
cafdf80716093304d2fdfc0b7b0d0f0dd0fa68f701fc35f93b091c011d029f03990f5601bcff96002602b6035e14d40dcafe8c132e01661999fda30fe513070c
f01b30ff4a0a03160e145c07a5fe91059400761724fe4c03d80c14000b06640a16085306b6fb3ffec209e0020702cdfb13fb7cfff8004af9510f9e0c5ff98102
510a4b05140c3a13eb02351182302715befb8a0318010fff6b18a934b6fe3d076b1a2202ad0984ef8b02801bac3b20fd9103b518470130107d2abc0d6e251306
ef0e13fffd1c4b129b04d60b3f06b8077ffdeb0070fd25fced004a0954080e022a093301e6036403f4032206fb0831fb25094200df129a046512f306dc0527fd
200d550460024a11031b6e123affcdfff1fb7d12a8fa5d0ae312d70e5f075708b20dd028620316ff370fc900ae0475fb2c04270301fb2ef7282a15100fff95fd
9001f6186f037911700e5b184e185009f4ff3af3e1f53612d425cf386c054807f716ca00291744fe6bfd7a1f03162f01350cc71e00053210c12069149b144305
4d0dfffb9c21e10f141190029206b6fb91ffb1fbcefe64f7ce0198fc630f4b00b709a4072e000dfcfd007302200072faebfe93ffcb196ffecf1518144bfe9ffd
3f0a9f114e01df0d7a17a10c4bf66d06ed012c0970fbb3079a0f43086e09140696045f13b3fb21ff67121c0853002bfe3a013904f80897fa8f06fc0d1af785ff
320e4c07c90d57119e0bf21549083efdc9f9430dc8036dfb9911bf11d2093301a61a72064c0bfaf621fec7043f01d0fb1c059a0325193b0063185109140ccdfe
97070f03f3144316ba053209fe11460add06c809e3fcd8031804b902a9114c0fcb0ccc0237fb58047cfd60025b0079fc300ebc1e3a0274fea70d7d0a5f05e7fd
601572ff0c014c183a0de81484130208a1fe910849fe9304b908bf0d7404560bc3121301200e2dfda2029a02431277fd39026d0daefe2ffdeb270f10920a1a01
ffffba02d11dac108d0aab0df6055805b6fe0afb8ffaabf91f13591263059a00b202fc04aafc38f9800a90022c141dfe9600ce003c235c047d0f950e18056bfc
D: ethosu_invoke_async(): OPTIMIZER_CONFIG
I: Optimizer release nbr: 0 patch: 1
I: Optimizer config. product=2, cmd_stream_version=1, macs_per_cc=8, num_axi_ext=1, num_axi_sram=2, custom_dma=0
I: Optimizer config. arch version=2.0.0
I: Ethos-U config. product=2, cmd_stream_version=1, macs_per_cc=8, num_axi_ext=1, num_axi_sram=2, custom_dma=0
I: Ethos-U. arch version=2.0.0
D: ethosu_invoke_async(): NOP
D: ethosu_invoke_async(): NOP
D: ethosu_invoke_async(): NOP
D: ethosu_invoke_async(): COMMAND_STREAM
I: handle_command_stream: cmd_stream=0x2205b880, cms_length 6967
I: Soft reset NPU
D: ethosu_dev_set_clock_and_power(): CMD=0x00000000
D: ethosu_dev_run_command_stream(): QBASE=0x000000002205b880, QSIZE=27868, cmd_stream_ptr=0x2205b880
D: ethosu_dev_run_command_stream(): BASEP0=0x000000002200b900
D: ethosu_dev_run_command_stream(): BASEP1=0x0000000021000040
D: ethosu_dev_run_command_stream(): BASEP2=0x00000000210375c0
D: ethosu_dev_run_command_stream(): BASEP3=0x0000000000000000
D: ethosu_dev_run_command_stream(): BASEP4=0x0000000000000000
D: ethosu_dev_run_command_stream(): BASEP5=0x0000000000000000
D: ethosu_dev_run_command_stream(): BASEP6=0x0000000000000000
D: ethosu_dev_run_command_stream(): BASEP7=0x0000000000000000
D: ethosu_dev_run_command_stream(): CMD=0x00000001
D: ethosu_dev_set_clock_and_power(): CMD=0x0000000c
D: ethosu_wait(): Inference finished successfully...
RUN 1 status=0 cpu_cycles=812499
OFM_DONE pass=1
I: NPU driver handle 0x20000e50 deregistered.
