

















OFM_DUMP_START model=u85_mem_fm_add_96x96x32 inputs=2 outputs=1 cmd=540
I: Initializing NPU: base_address=0x400e0000, fast_memory=0x00000000, fast_memory_size=zu, secure=0, privileged=0
I: Soft reset NPU
I: New NPU driver registered (handle: 0x20000e50, NPU: 0x400e0000)
D: ethosu_invoke_async(): OPTIMIZER_CONFIG
I: Optimizer release nbr: 0 patch: 1
I: Optimizer config. product=2, cmd_stream_version=1, macs_per_cc=8, num_axi_ext=1, num_axi_sram=2, custom_dma=0
I: Optimizer config. arch version=2.0.0
I: Ethos-U config. product=2, cmd_stream_version=1, macs_per_cc=8, num_axi_ext=1, num_axi_sram=2, custom_dma=0
I: Ethos-U. arch version=2.0.0
D: ethosu_invoke_async(): NOP
D: ethosu_invoke_async(): NOP
D: ethosu_invoke_async(): NOP
D: ethosu_invoke_async(): COMMAND_STREAM
I: handle_command_stream: cmd_stream=0x2200b750, cms_length 127
I: Soft reset NPU
D: ethosu_dev_set_clock_and_power(): CMD=0x00000000
D: ethosu_dev_run_command_stream(): QBASE=0x000000002200b750, QSIZE=508, cmd_stream_ptr=0x2200b750
D: ethosu_dev_run_command_stream(): BASEP0=0x000000002200b720
D: ethosu_dev_run_command_stream(): BASEP1=0x0000000021000040
D: ethosu_dev_run_command_stream(): BASEP2=0x0000000000000000
D: ethosu_dev_run_command_stream(): BASEP3=0x0000000000000000
D: ethosu_dev_run_command_stream(): BASEP4=0x0000000000000000
D: ethosu_dev_run_command_stream(): BASEP5=0x0000000000000000
D: ethosu_dev_run_command_stream(): BASEP6=0x0000000000000000
D: ethosu_dev_run_command_stream(): BASEP7=0x0000000000000000
D: ethosu_dev_run_command_stream(): CMD=0x00000001
D: ethosu_dev_set_clock_and_power(): CMD=0x0000000c
D: ethosu_wait(): Inference finished successfully...
RUN 0 status=0 cpu_cycles=899593
OFM 0 1 294912 294912 180f4871
412b24f5f819dbf1de5c5eb7e9d11c63c7df31ec1d16ff14a6c1edf2f1e466b229edf7c9def308209c5707db0d273fb0f9225144fe37102162e5d51c90dbbef2
fc3cffe61927660d8da966f5704d364fd158f6a8f63702d127f926e7aaf107410fc3aae03194abcec2fab0b4b95bd5c1ba290721d5c02ed1a619a242f43e3cb4
54a592fef95103e12eed0e0c1f24ca09c418e006fa1e0ad3451133552af41c3016040de4ea59f1c9552139195a1bba17f51044d2fde30e0f2af42d12b6ffe1f3
e71f5155960fa8ed3c050be2beabe651c50c0ee840fa1c2e0501f73f0e6eac34ff060ccf44edefe462fdcaf721efc8e80eb71011de44d602a62d36f532393747
3fd60332a29b45def921dea8dc0bbbc0461d081dea01fddd70d2bfd7a7d58cdbacd617c3ae3142f59ff6bed0630bf015280644d9d5295604bfeafbf0c2aa05e6
dad91ffffc32ffc1e9cc6ed4ff11f23543fa94c3c0133b37d3b2ea0c1829e4bb1010c5081428a1d051b9f427130e0fde24fbf2e9423615f4385031fc27c451eb
ddf8c948cb13c3d05707e382c0f9bb0a06f51adf17de2d04ef32dde365f1c52122cd3ad5e4061402c662ef4f154524e837fcf94e5f04b0551225f90e2fb51204
48ffbea917dff418af3d55fa47db68dd941a9fd05101d5cbcbddd3f002bee22729ee6d07f83517e7421bfd15f968fbeaee5beb180b635f6bfade4f28c164fad2
24134b3d63f1180419e7095108084503b2e537c6e2c2acf317d6ddc4211c0a29050ff1f8c7f916123b54b51842e2480d35f62831aefdd7f61cc499b637ff4d26
e0d0d5dca8fdb159fcdc53c63a4dc8b31de9c314d9e350ab21c2e0e123dd0dfeb8d059ade90df8c5dd27f51c1d09f9f7dc921cc1061c3ac7faafd6281a872dbd
17d0c62862d4dfb5fa1e262fc058eb40e76cdad9ab5dfa2f3aee5828beddc515d801dbfbe421d1094b2205e90a1e19b5f255cccda0e30e5eabe2fcfe0b123430
d2c1c85bf4d62aa9d333699a19e6374e0dfcc80ef927d1416408fd9c03f1f5b2050bfe6758db0faef3d4330ff3cadee182befee1d4d922ffa002fa4d05365b6b
e32d0af0c433bbf2b9fed6f8b503d76a51f6cd4a2c6e084eb1f425b86f13ef7cd923cf43bfb4ea07bb4f1094f9e9cba803085314be3e5cd42cbcf63714cf5b42
cf24123e141dc4b93a1fe22347ef40ec0ab7185ff5fff3e8594545010bda25d8b516005514f2616af1a7eec6e8fdf9e43127bcf317fe0f104ad81a1ac54518da
c60bc9010527373939070ac2c1f0232ba320fce9f24cd7171d2dd422241ef4f645b7bae661c328d539a9fbb4f5ceded33e0eb3010c5bc916f9ac952c7308e4da
29f2c9600cc9f4e45659b1ab419cc73e3dd830a8bce9decee4c457ddf9199a1432fd0af59fb2f21400b2938ec5eabce718a0cbb4ced3dfd5e95e0fb14cb8e7c5
dc3a2d0cb583d0142ae9b25b3ab94cf614b4b23c49eb43070152b9f1fd1aae38eac5990fe93270d93c2ff42a061f335dd1a4b1f1b60406e835de1227b86106ba
d38ee6593c15bba943acde1666b2140ebd16eee575d909c804fbcf2b0329e9c22cec5319e12062071ac0dd09ec1547b506ea1720fb12f75c49dfd527a4f5ca1c
17ff09e11e6a4f45e0d2f2fb0eea021d40e0092400e0e1e1ace7383e49f1edd413abfbf7f6edfe1ed7264a0e23ee05132f2f9b4018f7a3e0bed09307ffdf4487
e72af7251e84b5e045d6f2d7e9f01eec026a2206e2fc04f439e30e0143be3fcef92adae2dbda35fb62c33d4ecbb36a230b44c2fea3c52bd2381fef20da0f0d0d
0cf92dcddb1e4d6cced6f64517b56ce95825f9295a03c640fe270f1408d3f12597c18ce9023b0221afc045c637f9311a03f60a384c9bc9dbb04402087415022f
f248e8188817efd2b545a421dbe93dc635def6d2153e4cbae242a3e7c0e70a5a96f828f1fecfc742dbd7beedbc5feffd71edfbcc082100e9cc112bc4e2c8f21f
53fbd5ec18cd203d09c4fd2f1abfdac2a20616f70710f30025b0eefbfdd2fdd9b03d00afd766bd47f4000fd725fae1c7ba46abbc505ae19de4c0034b2839c53b
0bd71acfccc9cab6e044c5b32a3af61308374d4607666c1d3ad31b13fd5aedb74934e1230d1cfc2016f1d2f126b41b34ffbc0115dd0641f8fb27f750e43222dd
08288eded93a4585b6f3f3082a11b93eb9d80fdd27e6eb37ce4ee6d807e7c25650c4412b9db7c53362e50b27fe9095ddcf43362c3f4301c3157ad814ec0b24c8
e7e6f205180dec18f97d254524300de4289f405f20f8f5f201cf080655dbd49046e710e93928bacd9bd1162c5f1813f0b8d28bf9c0c935df042c03de2229ca2f
13122b3bec18a2e0f5b9e4e3addfdb132ef21eaa06ca97baeb17f491d1b6573378b2dfdfe464f2b8c8280e0636fbedfdd16ad90f18320be912d460ec056315e0
4da6e79016d25dd861294c09f8cd6d9e3b1f581836161bd35755b8131216de0820dfb029484cfb5cec15e40b355adee3efe42d93f82c33de0ec6fff8c2ad965a
cabcb0289c9340ea3bc2f7056af4d203ecf6c81be3e8fc1d2717e772091b19de1cf3d4ff10f6f2bd1ceadc17b98effa63943fcfe2d02c45d05c80d39c12f201e
b70f0c42fe3517f34e5908fe4c74f917d745cff3ad17edb3f3c313c1dc35686c2ca313f24beedf39d29ee02c0beff9e4b77aaafa1cce38f7e1e24834ae1cf24d
ededdb214310a62a02ba350671dbf3fcf50317ea579bdc112b45dc9d203cd8c2e5220dbb474713cb05cb5b693dfdc9ef04d30129f203d22ea507f121e1251c10
f234c44ed509165ee1d0e1e0fae85903f4d00ce719f4fcdfa8e334c7bd21c2c9f81dec03fc1fbd1ddef69819d8a21e4efc279c1d32f7190814b14216f53821f7
1abdde25f2efe7220acddefef004c2025c0df51ab1ea0c8ef12516e5f19ae3a64e284f068d470f01f3b6d94bf70e0d9ac0942d35ddd9c713b84fde3e0df024e4
f9030527b6ba40f6111401d7bb51380fc0310e9a08a3de4dab6340f84d0bf25f2f241efb3014c6d2ed520af0fc2dd4221bfb1f67f69ce21e28e2b195fe47e90f
49ffdf2efcc72433acb13a25ff103920f1a79e6e041fca2615eb1fe7efe3de0722131cf148fbcf9cd4b0d6f40b0c040eb9d6aaa39fd7bb42dba9f7dc02135ae5
6521e47056df090b175bc706f0f1cf0d3cacd3080a0daadf46ccdb379c2ba0f7360e2fbef7beb012111a15ddef3fbfd91d2d3a31ce49f1afe84bf7b4d4dd16d5
9ffd111453f7f2c30eedf2396b2857fdea0823dda3bef8a607f20e02bf460927ba13e127e4e88bdeeed8210bfc2a9ae6daef0afde683b8f006e7dbff58d10a3d
cde605f2df1edb08e619ef104e1bc410c5e6a7489fc75a3bfe43d5e67b2f03f8d21c3bff15f764a9be540ee9403deae4d21d350838511df5193c719be50335e0
fce11c0dced5c32708da11f1c89ff74924e2d5eb97eae6bff8da2ce654f72a12d5e00b39d1d335ca1244f10d9b004639cbf1e6d8e8102efbefcce6bbedeb2634
16ac18b500fe093658a9a530fc432a0dcff733061c40cbdb56dc3defc132a4e4cf182435033a5f05df36dc3027141859d435d697c8312000b9b6b02c53fdc0ba
b825142eabef47b0d9f3f811dd11f7daf411bd0722eafaa6ef6ede3216a04cc38bba3a0d49b131325bdff80e1c0faf0501da3a9c991308eb31cae2b6bad4fc93
f941ed01c11ebbad5561d03eafd1e419be9c040163263dcd99f4f6faffad393ef2c7eb20ea0bc5eaf91d15e70127234905f1d50cc4f811e0cdc2064d0a03acfd
d1702c0ad2f0c8decfe5ffd34441beda0b3a154630c83eec2401d9fde64943f51f3c3eee0fcb0ae517e6f6d3cc4506281d4902231b2aa7414c13c323f80f1f0c
28fbd5c639f063ee0d51591c07f83d1f013943f313e7ba0468afbd5bc595d9c9cb940cd13306e6250ff187f9b544a943bed60ca4f51ee74f0a0dbefdc9e931fe
f319b9dc53f3f1b044f3c63550efe11270fe432106a1c60262ef749155433c0c5715deb201b8c9b9e78ad73c37159b0ceefd4305439df90f3acb3b27e30df9b0
daba22331be525a002cd35e41a2fec4806a5cfc53d091bfa0ae298d013ae146140ee95e6ea3b5fc894b7440419f113bbe736011946f9fde4f72be85207234312
34cb1565190d9ef5c1dafc45af46b8face3dd7e95955402234ffdcc42dc131d5fe506c181e4c942949ffe1a61ce81b3f643fffc714fc0ef901e1c704b6215091
471e2334f9421c1db241e7b7bd12eee4f5fe094aa8fd42361ae335ea5aecec4e6e3afce76f37b448b5c2c50b1ac6f0fe0e02f0b8f5151ebfa32128210e021919
981616c316910e2640c8c6c42b1be7b20ac118e91846b915312dbc08254e70dabce4fc290d4bf842ea1310ddcfd71f9745083e1c1ad3150eaf1fd9b5065f1dd0
f64621feb711b4271535ced60132ed2ffb3203fe478e0b1dfb25f521233a3d01abd4d0e366dc14e992c130acba33ead1a318f7051cfa1b4109f92c0f73ca198a
b6a924e714ccd612bfceb1f4eaad0f591a02c5044e64941d576703f2764df242e7d21bfde00aec6b04fdc45419d602c15f232164f0ea1c1ed29558d7fa004ef8
94faa4f8abbd3c36a6f839d4a1d70f9b9c063dd4d0db18b5c7a5f7d62bd4fec80ae45c06c2c307a5630ef1b4e5c1210e76f728f0302ddc062824f211e9050234
1a04680bb3d017c4fb0309d6fa9e0339dae432111f033a19ee091944fd041afcac161255160b4ff4dfd10fcaf519ad1b06cbb22eabf63e25394ddd02932ee2f1
0127eaf4bda79d1b0b48d31677cfaca2e90206e64e0a5dbc5afa18310c0409b939fc0ac6bcbeec10ef56ec2aa1a210f2c40404e3a5df11d74b1158aefc763827
feeef310edf57630eee619caf3620f5bd568b72f20cbd6e7f6ecaac846f24120f8de2522efe0fb431102ecd1c2f3ede54ac0fb37414c4ae82bee29df2b27e43e
0cafe9310ebece2127c90d493109faec1520ff0fce12bf260e07e83114bcd3e765ed450db5164c12cd1df003dc34fecfcc25b82228b0b1ebf6c2c2e11b5920fe
3b2036539d0a4dbe03fc0ae141fca81990ec51d42dc0dafc28a4cf1d74050102f63203fb25fb4821cff8e152f3110b413101231945fbe8f7982286613bfdfdec
efbd215513fb919c1866ca5fd31b17d10b4ef335204942d4abfcb5f5c096b7e0e91119231413200e0de127d1eb17de1ed7b71fc64539a7c914ee0bc2ed23ace6
0de2d3f032c750099d0bee240bd6c1f6edb51532036aed144af40f39d36e64cde9cce4b406191f03224867ea03280dfbe635fa0c3045f2aaa20a31b749b70db3
46aefe08e840221029002341ec4c20ead1ea62f55bf4ea6d0cea081c21b9d2d7a2f405f9ee0ceb27f43202ddb5c54ff9c15cf3ddb4b0be9f0252d704f1323d44
bd07d921c968d2e7270f003999f223ed081242f3fbff2b5406efb8fc1857f9449541c9fc68460e0dde085825c342c37b35c2083e59cdddb9ae191d070ff536bf
0f12e9f4faed29e966f824ed72cbd715fb3761c2324bfd2ae0f80cbb69da061c595c5403cebc06c316bcc3bec621ed20c8eaceba0437bbed9ab524b7fa3a10b4
f111d7a11e5a05fa04cfece43beb36f7e15324f6f4b5fc0afddd2c01cecab3242a10b029e12a16e528eecffbc739fd9dd7c4b311f8455fe11bf4ae45d7db6c8b
0926e1ddde31f4162636e7ccd59cb8d123346002d12443f94fee0d15e00470c2b1331ad84812e8f6ee3c6e052e1e1c6bb24f515afd023b31e3dec997d61ce1ab
18255263e84739e916a725f915f5f7f26bd1c5fabaeaf58568093f2111fd36e1cf219d66ebd1f559c40d11de4bfb2bb9add6d22109d4b7c2d5ddfbf604ec4be2
ed1c3ae8e83301cacc52f02b3e170a3615ebb2dc20a44fd7044aeb2e2a5c401cf6fe6d6385dc48db4722f3fd0d62d301fa19f11b312119b83c2a46ffe3f9be0c
3ca5590112e0373c2e07236a5ab0e03341e76bcbc2d6e9f61be175394060e824f5fedf35e721d23ce8354206e80b957afae5f82797b2b5f95afe03e312ef1309
510d14bce369dc0a8f1a44def1fc41513551364743ce580acce89b3de6530c510ad4aadfb9410aa824421af44b42aff3fdcb28e84ec2e302584ecac0f70fa1ad
f1f1d9f4d51c060f2d39070596590b23e800e8ccba2fb80a1bdc04fbe5e1ac1cfc635255185c14c90e4232ff0fe61b59c1da624b2806d039f9c6cc2b44f32d51
02c9ef3bfdc32d1fe6c318efb416f8c9fed9e3ef03354dcc4923f3e8c2e6c04dda2f2fbf28ee09db0356a103f5fceee00a470ec955bdfd0ae94bf005e5c21c4f
2b8cceb2b11fe2e0c2e336fcf5f2dd58d0dad3e5ff1ede02e45c461d07caf1ece8c3f8f1d99815e42217f2f8bb24e756282ed50b21d5702fc5b0ef1bec8f0809
2be20a373eadff081fd8a718ebea1ec01b1ff82a0dfd1cce230fa6175ec7f80ee63e1821da066048f02a06322fefb324f7e4791a083de61f5e86593e041f3397
2dfe25fbfc7b213afef401dd5301b004d6ee3826fec90f95d34018f44dfdebf601c6280937bcc459f4c3dcd915df31ccd6fe0720dbcaea233d24405c05ca1e36
3a844005feda2e2de0f1e0f5ec4bbb4bfbee3020a42b8b1b120f16914b23c4c0a90de30a28d22515c0f606cef7d73dfafa182f563406c80d9b03c729b00b040b
d3cbe2f5fac030a92c021516fe0268ccd558b5e52dff0e92bb3fff383c90f71ae068d31125a6e64547e33dcb2f94e52f10bc26f5e4bc8cc4e61c053eb2b8e2e2
042f48242925a95b262ad7f2010ee9a7cb322d96b6e5df03fb1b2c2ce53423d2f02441b30902bd0bfbe02b125513c0c0fe3bd243fd0d32431488fe2923dfecfa
0dedf5324cfef761dedb212819590de7220bdb2e276aabe68831ddf7ec2dd80762ed0ad6fc12df35eb28220206f538f040a8e1cc16462a072708b815c60ab30e
2717121ede01d31f50ecb94ceaff21492734f36f08120748f2cfb509aea21614ef2514e65522d216421df2db5458e7c6eee92dcd3c07280731a820e9a1f705ef
3c05dd08b25338f4fd1b9e004695eae30bf5cb1734ffe731d1c0d80f05b03932e20518acb85513ee3ce1c2e019f823dd23b4b3d702ae1c14e3e2ff2c83ffe4e0
f2d5f4fdba72e719ccffe5cbf63e10d8f1010011e6dc57160c75e4102a3ce4d5154cbe59cf2acddad2b9e4fce739ec283e302602f616f35742b5c62439e9db33
077023d04e43a805f0330a29f517f2e8bb32a5d53d0519fe72082abd47d2260b1bc5ce294baeea63f9ba14f934075815f3f7aa1fc40355b0fce2d83deb16a04f
9583d9f4f8250421d843c0fba6c20c1719fff7e109432cfc3b25e2292c27be56e5049719d352ec17233395f15fd7a31c1154081eecdde9c9073edeedefb7efc3
d02c2f065148d0d7292e1e105034de03f32624fd4a1f40a4ce3bc3e4bec4d31fd0e0d4b5252aebf83d58660ce22532c3ffb0a8e7e863eb06e508e102bde0011e
e70f0223daeeadfcc6bf16fb0ecfd7f809abb103b685d19759c0c72afc3aebef3c071d07e8f92908c0eb08f2b047d80e74b3dd9438c941e7deeb2a876950172e
060cc62369fdb0b98ce9f8b9ce0ff7dfe0ea06ec41e623064106233b000221af5136e22732435034e8cde7f5f7e025edd9edf4c2971310f008061d3bbe6c3b16
f238b40200da0bfbf970467f314d2f6cbdf7df0b4d10b8e0ceca034b07f24bf6e6021ab8f81cc4b4b4ceedefdb2bc17b1050a5f4e2e83710ea0b4345bd46fbfa
2d9ddd4d2c722544f6bedc28eabf3c3a0feafc27110c632232e2b9eac8cca7bfddb2b4ebeae53ed0f1ff17192a9fe0230fc8edcc6ce712abede32342bdc610fa
fef941e92af6ce08cc02046cc24a6b016ddb1325bbddd44413fae2d7b919198bbcc8f8636127f2be5cd1f43a05f4b6421e27042cfbc6df00eb746219e931251b
e228c9334846f55b261ad1bff6571ef3fafd0d21e466f8b2d9ed208ca9f6befbd8eb3cf30c325ee8220451f019ff5354f6ea39dd9b0118505ffcc22c2cd44a0e
c91f0e24f3f202e117450b15eb0d059dfb09231218b4fae3b72c0694f40aa5e6541733e60df109e4b3e5e6f2f2bb41dd36974dfa3840b7a63fbc06c83d2dec61
1c61341717d924cdb9f7c3eb403fc3b2c9e5d121d906f10cffdfecd137de0a113eac06b4041d603bc08dfbf31bcdd66dfb3d150612f5ec33f0eeff0ae8ee3a69
b30f1bf0edf8ea9e25c9f9fe8d69d4392b24fef315c99b03dc46b3eb2d221ef2f41e2bbe060523b02ed52e62e72e12c42774245a9c1b4cc9e8df9e0b08d6f1d8
17e62bf7462a9fecc24ff4220f1bedd22d47331b22e7f1dc560f3f34e4f83d2a220296db06ef0b942f1fb3721ba2e8003e2ed1cfd107cea01c2cfc0e4dea6aa3
0711373564f4e5b306c8e3d7dedfd3f9621c2ab6f365f2e5c27e1ac22e050412506d0aed2e0b08eaf7efdc92a4e8e91634720137632283d6bae9e9faeb16a9e3
34ab1d07f605ca49c9fe29f058080be6b230024afd068ecf66ca08cb042df20bf158b31ee2cdc6b7fcf907ea3411443fdfdc090fcd71ef90546616bee0e3475e
e8e894072c579a38500139fc34ad050814ec0745e44556f31cc00204d310c11b26b0f1f5920fc6d6b3abedcbe6c3faf7200668a11f05ef51571ebc0630b3c727
d528d0dc3ce549d33fb2a4ff262ad607c0ec18f10951c126faaafe3c08e59723af072916d9230b30ecd9e8bc152817ff09e4ffae280c3324694f3b17f71d2d0e
f027f3b411f8fcf922f36be0a3c5d2486e0c19db57e451d2fec30ff343eee5e5d0fc04d24cca4efe2cf8540450f254c2962ef10816ce2852f7e3d171d30a2230
28b2331a58086cf435b248f6d69bf5242ae5d338533e023f1124e4e9f90e041659c0f4b615f92abfecbe504740bf22041f1d504c2bce07ebf55e0eebf8f1a540
c4a6ecb0662adf3f1f24218e7c42263b47c0d54c5f0536fbf7f7a6b4bc3d2d29fd13d2f91241ad20161b000378f6b6e3c7143e75311b48cb36e5ec1ffc03e451
bbf61006012ac1efb7cf3b10eafbfe121ec0e0bcf1012144cb38390732fab60494f1c3dc3009e2e747682565cdd05be2fcf70e1164b8d8c0a9100634a504ddd1
c0361a2bd81f1a1edd4c9e04e502ca72e6edddde47acb2d72bf208e64ae5d61439f0ee086c18bdd834abf64a4a0a41b41ac221ff32d4ebf1f00c070941ab01d6
eaa92e47db9d3217431312f30bed1abfebe2ec5aa5e536ecb66a92dc3efc9d250955cbeddde5221afe0ef7562cc6ab1937ad1c453120251d02dcc3d2e2f721b3
9959961ce9023012d71e1d2d1b11273b601558ea0600eab4f86df4b62778cfe63bfc0bca01d551d0389d5e1f05b59d0295781615e01311d62e43b3ffa25775fc
c85d28a41c1c1fee22e9011507c506524935d51945404b44da7ac620310cdcea4b283466efec06bde5591802e206f439b1d7e1c8b6065c52d40ac6aac851065a
fdd8e99fd224c4d0bfe9eb91d74bb3fc04e73ccc28162a4fe1ffa318db24df32fbc8592f14ff9ec311490b98103d0448fd16d16cb7e4b6c6dac6cfbf36d0c7e6
c5081834f3f2492ae85107dceaeb3bee9f0e260b03274a560739db715ed4273f1aace44219a59e44f594e7dcccddeae1d3b8c2200ef806aaf047b5411102fde7
10eb6efd5df80b69eb6803fc35ef18f19d31bb27d03247f7118f28f8490320ad3364e955271cdf0eedcce9613f0b34f7252ee3ed500acdd311a3493ffddadf14
e7c72ee5ff1834be0ff4bde0761d3aa6ad13a61a50169eed6f1065effae7ed044cecb7c12f1bffdf26c833add378b8552332f4c908d899c9285d38d4cdebef95
c9480e0ff4c4624a1f952e2128e30d13a564d1d6c714302c1cfb0c041812d2145dee18faf8ecefcc3ceabfb32d505f0efaeba5de070112565dacb0150e50e043
66d0de111cd5d9eca8f7180952f535fae66978c19016cad548b2cb0fdd1de14ea2080103df1a1c943fdb5871b7bd10bbf9edfbde2ee1f7a7bf39f3e0ded5b6e9
adf60a03db2fffe92df82ec3333bf6f068c1077d69b2df2ecae701d52042e1c217f01e4f51203a73376a01f31a29f24b51b726bea0291309b7df0c07e42a6763
1196bdd9bc41f72deb220515ea15c2faf62696d00b5dd6ab1c1d1e36a91ffa0539cbb8282b5cc06e05b1d2fcdb2a3dc7f8fdffdd5dd2dca51c1cf321151faed3
b5a2c500f53615e5b215412cf8cb57d503e324cb28db13190644d9d6271cf031c6ba3c0cfdeb1a38ced58bbd23c58f322618e3d3e9904931e2e73c330cd6193c
2ed7162cbb4301201b1809f02f5de9ccf116aae0e4eeeae433f40bcf09e207046132b15e365b1a532adadb453edb46c4e1351702f3f2c5ed26343708072e2db0
57e722ee13cdc3ebf2d1bfe9d2f63da4ff26d91217a1fc0f14e40bbf2fa00af110eee363eb2f0d2a2de543e3231127d9f02126c04343c7ab3b1ef5d924ab0804
eff16ffcbd2d493efff6b0cbee40f34c4807d04bce3bb6ed03c10fcb0d0ad31fef2dfff7c0193bf3dc09fe5230cb5503f2e7e40a1fdaf948165b28f1994c1af3
68d837a321bb17ef2d352a1014e730c93513282cebfb450632dbe3d42bece140cb1c45ffcf50cafdc33908035340a7320be216faee58de06020312e64105abf5
c4f2b738fcfef7fa0ec1195ac0c9e8a5baa9f3fcdae4e6f7d9081bebfa8ccddfc9012b2818bd470a19e75406dbc50bd0ffeee049199a0956b6ddfed38cdbd261
48fccc19274d24e778eefee40cecaf6ad64d563e1bc8130acbea06b4a63ac6eae9c5f944f1141f3a2d0210eccbfe0a0d01a85db9a0f0150f4213dc2d97de50ff
3a9f02e2d3ba4af5def2ec0f100bd8fd1567ebb3d4f2005d636096250585e2b121b72bb5231633f22ef1d3173b9952c1f7a7cbfb2bd102f30b0a4fdcbc37e9e7
e2d1ce14c943b338f336c461d201634c14db03c41435ea4ebf1c0845c2cc0010f7d25d1427061d3ffeab1930b44513f34318df698e4a0d1a152ce3e8d3f0efac
370e0616a4652fd04206ad0fff19dab432c4dd02f01ef49a4b3c2b1ef71ce2d3d714e99a9f4cd9d029b923474adcef6c0a2026cc04f8eb70fe00eefeadbf1602
9fe2f4640b4c2198dd23ce1ade670cd4f22d1d1ec3e707c4e2cce93221fa127b0e11f76affc93cb4f2f656d1307c0b1ce9e1edc8f312481927a5560fc0bebbf8
181ac7e7229225c64f25dfb715aed4966eee1dec0611b3c402b92033e05f5b5c1c13dd020fe56d011ccafcf44e8fe0169fd80149912ab11d0bd8abeae32afa0e
ff33540c4d605008d021b2e95bdbfe1508d732af2a3127320f032db22c51a572e4c7e41f041925dcdb02e9b8c7bae50cd1335c20b22263001dc3d4eeb5c3aebb
b6c7eadce3fcc7baf61ee10c1e294923bf3bf3e55b1bb7ff12118b401639bf0b92a83fac2a962e32dc24846ef217173cc7df360be0fc29f322362cfb3da9ff26
d407f2311731e328d616736675f01163dafb22ee152097036dc918e22fdfefce1de11a514ecbd6e203f5583d3f9fdece0129f35501e4ec04bd4e07c3671cef47
bf221d50fcb507d8f45f0cf4ac370723dfee04480ff5e2ca72e36e15171866f35fc309bbe03cddb32458362c22f035d8e072bb3ddadadfecf3dcd9f89d31fb56
ff560d9fecee79e6543b1a48391c96480805efdedc3364fa2ac4e8c7da6fe70db80b7a0439efe40a07e41307070df0d7148f04374a0a25ffca09d10c35e6ea24
1322b53324f4d33e21f4cff5072dfbd5d6bd37e9f44514ba38f8ac552d230cffe2d6ea17033df0e7dd61f1450121f4c07ab3ea17f76bdeeae2df9804f35158f3
08efe9c1e25db092d8e54b35faabe1af20160aebd6cf0fbd980a1f11e529d0e459c40cf6f40437e96261fc4eb221246fcddc61c4f72ce7edda0b1fe50df42ad5
ed40ccf0dfa9b2cae5ae1739164ac7c85625b9c3034f1cd7ebeddcff56f0c1dce314214ffaabcb5d06f6071bea2621f7ede3f55e8dd1ea661e5f97d92310e9df
2cb2f51138fcebddb8cb8817f1d1bcfdc439d39c4c33c8ecf02ec6f00422c9301f0720136d0fa7d340031e122103d51360b71cfd3bf20c97eb38da33fb70dcd2
c5abfdd205f835d0f330dcc24705a9552cee29591715a5f1ea07c6eb1bc18e90e3ef36e8c1ecadc1242ad1f913c92725305f10ed6d4b382b420f380a69e311e9
0e52c5dccda1e9fcebdd0f1fd7e8eeda4ff553fdd4296c2e2523ad3111451c17e6c9216d071cbcbfd019f1dc421c340b09de9df701dacbd7ccc81a2fc9dff6cb
2413fcdbf0edc50d6c4eb1f5f62718150b035fbbd61d030c16e608a4f7bafbdc1026cee5dea74c6ee00bd73f0ec427255d500bed21fbcaaf38ff410a06ef2710
c6ee1f02cde0bf25a528edc86edeede6e42440ad3338379418628b21ef33be37f8000ad53a4939cc1ac11f0f37f2da14b6ee953f1aeee3e80e13c3c8e0bc21e8
4b09f60b160337eee8cd2237f40d5dbc20fd353fe6ff20d9a6d3d4183cd1e6e7903629d7021cd7d6f646443af0e7f0b3070517248bf5880a05bd50e6f1340e51
092c6bf1e93c112f5efef5d5cc68b6cd1f290b060cb9f023085255ae402a1827b51d33e6b11304320800ac13dd33d0523df6d3612fe7f63946e1fc03f4ee13e9
48ecc2fe2dab0220de56143707b33813be1af4582d0bfeea14256356fb87ef3326de3148d707d43ef70903691503d525d6144ae1199ff5320cc331e203febc23
f10e13c5b7b608b6aaeb361feff2ecbdf70cd5e72be1a311f01d5b1ae5ed4dbf26b7e5073ccee828134802dfd5bd14f0b4df0a9ff9a00deffde4d41fc2f730c5
26e1da3921031e1a36f708cabd45083dfa08f5fe76ff1d1bdfef0824b5b552e7e3f52934ed1353aa29dde275d0e36bcfdc25fd10f86222f020eaf7d5ff1550dd
d21a124815811146b5ad531ab4b238c40cc40001b929212d5d16df5bc71d0bd654dd600fa419fa4ef56be49c08f0f40f2ae9f700ed2f1ffae145e395074ebfc2
3a3b43fd15b51ad4155a4bd5f9ac3e0456ff6e0fea011cbee12bfaeefbdcc51b1d019d9c480d4a08fe715ec01ac7f12fbed28ed42437f01ae2e9be0ca6431254
f021f527baddd3082124e34c4f0c30f846143debb4e40c2820db341c3f3b72f0e0c40b3609efba5204dff2baa0cfc00827b72eca57d81c2cb937e1bfd31ab8d5
15f6a2fdccbd04d9b6c2e2b95c192e2f1fde4440b38df9db01bb005df94f5bb60006d8b435db1e03d03cd5e50d2e32c01df7dcf0cae1d912cccdd9ca44bd082a
0f3401f3ec875c2422104de82b43f92fa71a0bc9000521daf648ced05d010316075d6e022dd2d0f1e524b2120ce61b1c07911611ee44bacef2d45415a511f3a8
f6ea43ff3651fe29c570002437e91d2513ffc4181bec69245a41f44cdb19fa11eebf3027f82c541714d70ded03cff3c127cf0a71bcaf39abc60247f30312c607
e608fbe005bbb8de16f108f8c2faecbd0e2db9eeda650c1d31fca6961ba7f7e23bf80fd63b1145e8dedfb5a9f2b0f2e9a2f5fdb316c61cfc1910f9e7491ecad5
b4a1e3c4b6131c2dd929ddc331262df21811cedd1505080e441506f30d434424dd15180de011241922e9025523fdf7e0090c12d60b16d1f92016f80de2d83036
09b7d6ebf3051ac323fda9f1f2f75c3fbaacebb2ccf42990effada27e9ff97ba4fd814ccd6d2a89d2859eff0be454748dae830390325f7c7c024f6a409fb5214
d5b43ae04aa4e0d70e5dd24d09531e21176a635f2a00f8352015e74e3611f4bdbefdbf7024f23fef15ff93f82a43fefe1eea3f8b5a542403d2d1d032c0db4332
242ada0502abc21845ba0318e2b6e342ebf8fcb7dc773fbdebf8e94f47f01ee5c90107d4b8374211e72bcec6e6b8fc3a0ef9f93ba8e3fcbe15212448dc0b071a
3ff7c91ec2b6d6003a2cc3ced3604de743d1f0314822d200e7381ef233c904431ff7f424e0d6e0ba1417989dded0c50fd219df01a2deeaa6083656df43c9f674
210248fce6db23df20f8c08ffc04cb483b19052ec23da5092e02f567df10e12c1ada1716350804ef01d8a17c1afcc96707dfb31d34edbebafe64c2ffd8fc3de4
b7f2d63fbc450fe221fcf228cbfbd906c6f5c9f1e5108bf04716ca06ec2626f5e9da87203d07596ecdbe2adf2a1ef4e23901250fc7e1e0e01c4cae10f30f1a02
15d909e938e32ff20245d21cca30e8f042f197032121b94fe7d653063efce629ecf461290338fa00b614ece9be742a51af65eafcab183ff0e5b2ffc9c0c22fbb
c504aef00bec511a05c8cefbfded2cd719ea0de71211e037b142f00f4eba99266aff5cdfcaef28b1bddbf2b7eaf4470c42ff8af3f8314e311309fd1d33a60d8e
10cf48d83820e8d0ac4510edac052fd9f30fffddf8dc2f1d4a175712e6a6bf15ee121f240eca69e010cb27d8e6feb4d4e46920df01e01a71430ce50cae30d50b
d1d8852cf302b801eced180e1be92ff6100137ecddfa2efcd2260f496618bd1d0214c9291d22fdcc1c2448f3e315e81400f5f6aa2d9f3fce2af9c10bfd0e14dc
e7fc16c1f9f5ef0ac826debaf7de31c313e928ef0cf54802432537f4c662cb9ce0c8ff0451fb5e1a35d7250ac3f43b5426c1d0c8a1b8aed74964caef4903bb52
fcfee8d32a1af8d4cde510edb5d0a4a302f8ba1d360bbbbff37611e8190fd205defbb82af13ceff63f130819d222e698b9cb382a0b5dbbec27d5e465d8e6e8df
aa477dc0e1d82b09a42ee312d6eaab54e47824ef290719ffa89b3df43a5c36df4fb9fec905fb0122d73250cdc74e05e90946eb03041403baf3b5e31bd1db0bae
b30e0121d7fb094e0c050cb402f0b8ac05f7a743760922e1360cefe89b5c0932eb1af2daf092fc174a03099ee317fdd6a935a5df0ca10120fc8d11cd9fdd3cd9
f41547a9f73cc81d9a2d924ed80871d950f51be81736fdfee324b529a0bdf1b4112e21302cc6f215f3a848ca38b5eae30c295a1d14d6d53ce5091d1ef9c229a2
fc9df0b51c516816de037127ab151550225bcec90fc6ca00f4f9f7f8ad5a2a3ac1fe6c04f62f3d1dd3fdff11f0f5b834f6bfeae926d5fe4156c7e6162a60e410
2346e6adad1cc5d1a214ae04fa7b2c52e7fc110f1c0bf3a65c1ec740e0fbcf18ca07f3fe3c0df01c320b7435a00dfef8ff0494c9ff0e5bf923e83011e7fbdce1
f4f7b605235dcc492cabdaf27303fbf9291d0dd2b518161cde2e98a914070a69f604f8a7eb03f82b0cc91bbc1e20b4ddbc56a21db9b41c2afe34d5d01efcf2d7
cb12c8b0ffc5f814c5d7db2935c0e51b67a1b7a4ae23e21c5001d5df96d4fe43eee612c9ed14a51cb532f6d70edb110da4e7fc3555ecf8ecdc151c2628d1b254
e319fbbeacd334e31d05cee70af26ffdced34a55e9a9e7bd21d2aa55c6e8cd0e274ecdd93f01af9acd4e3ec215bee7a41cfc15a93c0d272f1def61e6084e453f
4aca2a1915efaefad9ed37d8ce140b232c480afca3e1f8b61c46ff0a0508efbae1c144a6eee7a8164ed7f43bfd5f1b1aed108db7c81b44ff1bfae1ba50fa442b
ea38ea1a1b28084e05cc16ec50d1ca3f4a282dfcb3fb3dc843c2d54c233cfb1ca516f21dfa26f89c4c413aeda317e58816ff2393d3f3f04e3cf3aaf32ab21dc7
36d9d6e0c3d014142819d9b9b72622113fd2d9cad73624f2e51df0b0ebe03b1ef2ac09c7f400e80fc30d6518c84739ef49ff4deec29abef3dd1af423c0372037
ae2bcac6e23e2824c340be5d1102fa23c5cfc3f475a73cb6c5f203174cb232cfd7032d91f72a3f4e25bb8729adb0131a12fa06b7e72bebdf4afff8e12c353ef1
aea84dff18d9ea41b73012566cfa1d3a2905fac4185805df55c82d1c57d349d547f9f578fd33a4bfd3041bb59a0921f3ad44decb2da9c648d3dcf107fbb9d154
bdc5ac34361c0b96d92a111a358ef7defd556731bbd24d3cb6c4df0bf10559cdc833fe2aef108605faa6de3267134d35d7d789f02df327df1713edecf93ae174
159c0246c0d94defee2c0c4ef8053fd440d907da433018c827eafffad815e4ade662e368d60003fe600ad6d9b255dc86230cd729cff912eee92739b9a8f2c0b0
0ad00e64b85c4a44dedfff8efc0763430d0805f3f1caae01ed2a07c72dbabcdecec3cdee0d0ef9de060a23501a0519c6040020e9d7de34f0263555f209c4ea25
02490bac201d37f23ae161333ee91808e63a8e92130703cd282ac930cce73916f42a1631410d49facddbe10708fbb50e0f35a8e626ccdcf9f9c0eaf12efeabfb
df34273dd405ffdff639b7df3b01fe5575eb4d0cccbe21ac0acf36ffff07c55708c81132bb69bd31acee87e419d22bf4b9e73f492316bc3825353604beadc81c
3a20b20951eb080bdaf64119a746ffc80e2bcff70eaebd15eefb4f2de1fed8d42a2dcc6531e82f421a6f703fbe3ba8e358134bff10a52216fbf0fda207fecbfe
23be13b1c8d60a706412d311fa220b4ae6b81504f00c29208e7ceee4ff2a3def2d1c6057d3d8e9bfc7b757d315cee396f2b2d9fae402dafabfd3fa28f52917dd
2fc048f2e9bfc71c253912f5f9adf708bc0b1f2162c9f647cae1db151d10b7cbcc483e0d4f04c3200a001e24fbd84cea20c03edadfeb3a57034def46a3eecc5b
29e91e25c2f754f3ea69da7045daf2092ae2ebcc45051d2a06cecdafcac431d809076300d4cff732083fddfa07f00cf6cfce8d4fd1e7fa0117d6312abec5d5b4
1ac59e2ca64dd898db26eb960a3a3a48f4ce9dc958dc15fbdc5ef7c3d3570db6c52344e125025b22e3c244cdd358dbb71ea20f15410fe3f9d7cafcfa2808d508
0f3ae74b20e2ed1be11f2356c7122b4be9e6dc33894702b3c238ab1ad81d523a35e89cec1dec16fe0f2dc7c5fe054c2a9930f453061808e9f59307f073feebc5
a24752e85d01df39f32f10cd375936ebe523b4e51a06ee8fb6eaea12381df7fea20967445ebff71ff7c9e6f5f4f315e444f8370bc7fbcaf45df82a232d6722d8
d67c2fff25d3eafe44e7c5d223e1d6f8a2ffd92f43db1342fa084d1927c9243e5f95fa662d2e2847ebe84297403c0602cdaeb0f4fcc5cbd792612ee10eb8ebac
ce3aa15bef02d4dd07e328110cd2b8d16f41dcf0d4e0061429dc1541fed8f2f937f809d10e3b79da09e2c0e9f9fe39ff0e99d0c7a8e3492c44c11909fbeb143d
2ec3c44a2117d3f221cf37d80839051e1669c4d817fb1e2f1d245935173490eb0dad24fe1cdd13d7234cd0132edcf52713b4004737fc32fbc1e5fafa06c128b9
01fd5df7e553f91608d651e99668550a3c0a1ab395603ad6cd53fff94e5d163ef71de1e671f80915a650c265de2aafdb29ef1a44ceedf4129fb91a2771e10a2f
43a211114701f0581226fb4465e405f7a9d8ac67240eac5548ea25efd7b2e3a60a2afb10e840fa06fcfcf552d7273ffcd792336ed74feb2559f948dbf1a319ba
d90376200a2e441d071659eae7f401c5ff19f88f1ee12b3055fe3d05f8f821ce066f0bd554ec08e20a0103fdecd23bcada33e620b92308fe74b5bbde3c26be0b
6406312c292103d1175b1afbc4acfbf8fbfac7f6a2cc1e230ad40b54dbf8f2a2724a1920f2f4e158bbf0f92551bdc7e934b918c7151e1e5721fe4132c8b5c961
4821cc40f50fbb9ff9cc120ab83ad0020f0205301d54fe2ac5fbcf09536f0cd1d31437f0c5312ccaed0d15cda325f82f1eb3bd9330e2f1b412d658f6de74e20e
fd3ece5395c5150dbffbf028ffededf32da1def7e929ed0d0635420ee2dbb2d7e59a5b0113f268341e162e6fc1bd43fa48c912d0f9f53a2be3d00e042d155351
d506000ee7a8ba112e88f414e301d4d42efbb33f4a09b772fd1cc9e1efcc064444a904e1f6e3351430f21cf209f8f6a6f1479bcae30cfd2228dd3046adeff725
5fee2d9708effddcdc3e1c042e0bdb3cb1122c45fbc40829f71612e4cc2e07e9ce082f54f83afda455dbaae01a1138e620f199e1d850cd49ebb402ddf918dbcb
f8d811e13b98d1439bfee014c6462bd30635a0b91d0946ded6b3eff3d0e0e6f7c5fbe1113931f2ed35f9360dedca22de1dcc1d4dbbfceb3b56e9d11bfbbf0830
2bee3d2030f6f5fce2e1fe65ebc40b482a1610f9fe25fa1ba90201cb72d3012e19013ce6c5d3bfeb03c73cdf216e3918c86adecaf52c1951244ea81a6ddbfd04
d4dafca63e1dcfd3552018faf4d8c43646b014d3364f75c998bec4e50dbf64ea0e1f2cbeaa539568f9b9b6b7cb05285340c80e4a4d9ecce43c38992d962cc21b
ee5454a716b4fdb9c4453a2552cfadf930e1e346c7df2d2d4345530d26eb41ad06f90a090ffee3cbe84db1ccbb4e67652f3fdc09daf937e2dff4ef4296106c10
09e8b73129ebdc01595498edea4fd1d507f93a3b1a70e6d90825191ab7cc1f3e08dce2a1c4a620cca145abf5fe5818d4aaaaa73b1bcff42bbc355404de371234
201257b611f4aa13baff0ef204ab7d2c2dede30a10f6ebe535092457a3550c18f9e0ee0fe1270f1bb101f5bd3038fa4cd720ebf29aea04d00b5ec112f94dd7ef
d1fe25c8c3f5cb710598610cbc9cf73833063cbdd535491f9d0414121b46af51d529afa112963a4a0219dacd24d63bd6cce63bd32a5824a4d1ab13cdb2ed3dac
240f4d49f03e1ea4fc5c18c4e7e01520c7fcf240ce455c0a299dccce9b060aa7da2719084bfb10f41a48078d1ed619daceedcde5ed2ef6aaec00dcc808e632f4
27f0024edaff023deac2b7b0155dd6ff6e1e25c7d9d4bfa6a223fbc44c8bcfa9eb3b13ee0f2a0e421914136df822eaf94717cd1a40e6c6d1e4add8e925061b4f
b805b005cef33454b7dbf00be328fe7104ce57e50edea3dfdc0cf016fedc08ebfcfab206ffead615e1d3e32f07c103ff9ddfd54e3ccea9b1ba282a3cdae5dabe
3a0974c8eb200605fd11c5d1e1eea632ce78d55af6e75a7aef11ba1abf01e81ab641b6053cf3a518fb11f845fbf8973c4f4ad8540a8ff6d2490247bc1e3203ec
b7fbe4516be648ecd2abcefbcdfbeeebde03f8cd61b13d5eaa0cc244fea44aea0ee0354bb202a6b95a07f3f84bf9ea34cb07593a27a1528ed1f0e91516deea32
01c318ca0a042442f4a9c92b42f60c02fb2a32da1fe7a436253975f5f00026cfab0330f2f0afcdfabfe1003fe3d426f0db153106d3e8b910e951140b4a1a158d
d83cde306407b93746fa33e1d818bdb45d1abf2b5fcc34b9240f029df566dc3411a3e248e34a0c19c50a1fc1066346ce0ae4fdfd074e3ce8124afe28353745c9
1f96160c16fc27f603f5ed3be930b001d93861a864f6bd21f2e3cc4c6d96bce09cfd469103dc6abb1116fc4ab6fa20f905dcfbde0353e823d335d9d1a13b0bb7
f72413a42c88c5b6dafedd17361fe1d3b80eeec2d322f5012ed1330e2bea2f05289dffdd1f0d2a3a06cd2bfa0c0df8daf07be25ca2232312d2fe3d69a54b9eef
e5fab9b0b350be41ef23d339130cd733c2cf0e0d33b547f8e0e8259c29d2da23e93ac30d1a176391b8d439ea91051d571c4f1e2ab68c37c6d322a4d0c04ac2c6
1f2b3765303bf2e10b0af45de20e3806151b1f1bd85a580c9da26108610c9db62225ad0905581201e4fb2126f2edfa0dbf200f1d01f8decb3af2504813fc1b3f
1ef2c13240d3d3e11c4ed5d6dcdaf258560c534e18febfeeb30ea901e840feb3a4de65c5bbaaa24820b3061e010d0933387ab3a618b90ded70fa47fee8c039e1
ed4abdb9a016ffe9ee20551864dc0a1a07033a364befffd4099cd6bf3ee3fea6e0efddc906ece91ef9dc164442d51d25e540f0f031e30d0bf5fd0a3244d7f4e0
c7d4d09e0efb39ac85e5b2d3f7c253483317fecd1fd025140df3c8fcecfff817f91aec202bb02bb5fe6b0fe1e2dfccf422b0f607fe0c1371b5c9a8ebc619f4e1
1213104b06408b8b7ce2c0f844104166bdc6f9dbcbbf9aab273424a9d0c7575f07dfc2e737ec07eef64928dc0d05f8f70856c315ecaf024c9ef5c00202fbd247
2fa7a7dcfc22a3f4e2223cc329f91b4e4211fa0cf5ff0caa2c611721f0c5c7f7ef433ba2da14aa0b6f257716144535f119d1c3cf04d4e00dc6aee6b7101a4baf
0ad9fb431b3e4631d3b1a403dce016effe5a01300d081878059fc9f8e7d7419f113ade3ed8b1fe24f042e1f8cebffe0aacb4680367e0cbaddc200045d7e72b10
e9280d3c240af0280811424baa29c8f7f670baed015e1107c5d8f0030e9eb323ee3834e2f357094af138b095dd4d04fbc4b5d6e41111cd18125058cf1651435a
cd0ced3f5114d2fd54161ba3dc9fdbcedd170df0e3effa68471810e833f2f3c9e445b6acdfd3c90120fc2b10aaef1e0fd1c3a0eed6be9cd6072dbfe3ea9df2e2
d79827ad75f517c713ab10fc9f26e2f2d5161edbd3f4cd0118084622455ac0f821d59c1f4ec5b10d224f2f2bd158ffeee0170cda484e0cd914f66a1744ffb6ff
ae0ec14fe417a64cbfd8fffec6d23ed406fff214035cc81253121efa5a42108867eceb663f9512cacaf5034fd524dadf0db85f971be96502df09ef1c2ec5992c
d7ce24fc4bd1624e27c9f0aef4ede9f0c326674cec4347084bbb2e430ed065f0db06298634f6da381b07fdede8124611df5bad27dbf9eab9e0d9aa4b3e0dd7a5
92f8390413ea30e052089d17be060421fba713160e9e2d5d42d40f02ad54071cf268b938ee110bac2412e126080af3d6dfc10f08de317125a5ec2c03a2412b09
d4aef3a1461759f1e727b008f5866bb3baf0dbddbc13fef403cadb3b02eef04b01ff74f2dc3cea4ebd40e320aad763274bac11d8f7fbd02672ff6ec82afd2c40
dd2f2fbad1efb21ebee425d7e4c43e162ce5ce3d1abeaf4ee3fe191cbbd140d20b355e022925b140145bf24d93cef7a81562f9e72026d9d3af1322f760f6ee18
7e24c6cebff40e423c1f0c08fe35840da845100e0e3feb75129a26b6f4f4f81dfd06dd12b618e9a7aa03f75518032531a91b551414601a60ce2aca030468e738
32b628fad0138f29ccd91fc69c114edded4d1505245aa440291e4000ce06a3c1e8ba0c0f370de0e7fa6b932623e1f412d20df906e3bd0f5e3019100f16e748ce
c2a53f1c36e2f23222ddb0e29dd80ac8afe5ddb3ae07c44d3455d3e75cd892f20350e30831075400c0ad962a0c9212f434170cb4fce1b9d22a0e37ab1eebb941
0b011935e0925319ff2ac1adc405e8f8072349f105cfcf15412ed9c92cce0e263199f9f82f4dd16afa0e13e70120d52d0ed211a7b0f1417223af16311190cbdf
d033ccc427df183ad9339e2bbe05a237d727c8be22efbc4034e3ce02130c11f2e4fd95c1f1df94c31e3a4ef7cbe43331fdf6f810fbf2393a5fcbbe1f03fee117
b2cf19e10729e1d4af53183ab89570e4bf6190e30024d39a0a1df2d8c2e3daf80643f1b53af40e1f279ef30aabe9bd6ac906f7f2ad251a5b4decef03c93ddb46
60ead06708b9ed18be113ed455eab178f533e6c8cd60ca17c46b1b30efe6f3e828f105cfc81536b7c107e3e75131c4d8fb1d45a795b731ab080702e4a3cfb9e3
28ef2f4df63ee51ecde0fa10101f39c70cea410c4e0fb4e3f40a3e4344ffffa9fee7cf5fd81433dadffb3dcff9af31222a2e190cdf411a2ed0de251cb4af1762
020911011516aa1a163d27c6d521310dbb3ff29dd01f2e31f0fbe90a2def4227d9dbe5790c09d2ebca5425f9bc2dbeac373025f53206681f2208c6cc3c08d7ea
28d6c6e606d51848f128215150f60620bf342119c9d9641268b4d1c9d5d4c1d74008d4fff73c0eff1ffc27464b0769ed0820c6f342d0ec262c2af52df9e718f9
b20bfe01f7a29ee0f029fdb9d81d61d4d742a438ec2d53f62ca3c746da4dc9d5e9275a09f60108340ebd14cbf0d110ccc2143c31dac9f44ecef610c5252fabd1
f591b94bef1c100ecef8fe613036042cf79c27d3550859a727f0e91d151332e745f80953022dd0d2656ae3c7bc2e06f85ecd22074bca05473001f42fb31ce41a
1f36d2d3ce1ec147aebc1290f3fde4d24302cd1e1bf610131ccd1730c5fed3f2e71541cd1fc3d8361a37a9f6fea1b21e0740e541d82d0bfebe06d3e1e04d5e47
28fdf6c7223089d3de3f08e7efc95c2455290d1113270c23ecfed0109aba0425ff3d5ab9e3a4f4055c1056151c31ae000504e60af9afdaf80505b8450bd617e2
99b17ad2ffd6bb04de2508bc4a72ec08211c18bd11f403ff0edcb82e4b1537f4b6f0b13f5712efcbe2f8e80315e4fdcda64de7a3f109bfda1fe72b36fbef2870
f2f71f43e73307164f36253ff90ac2c4f924e241dfbf161afd0127640553454effa7c0ee1a3dd0081bce27d26bec56230ffa3dec4226f6f509f4b31fdf0bf708
a2431729e7e90fca045aedde1920ea2351c5622f5342dcd3e8fe3d29132f3eca22f51221d58ee1d2354d2d090cfff90e0854403eceff4cdbf7d8f12599ae42f1
15bcdee502cf60e2a90fb127351b20fb12dc23270a3538ccedc17cdd45f51903c742d2873bc804d300acccddf9d2be175230d0db0bdef0d007a60ab112bb1aed
f260495940c8cdff5806e4f3d3092a9dc318fa04c721b6f91f0b0a2e56b394b4f744f540e206120bfa2ce4bac1b230f82d201ff1ede0010c204933bf152bdfc9
01dfef3ff593cfab2902c8ebf91c47dee8a7fe30683c29bde79cb5d6f2ecf22b1dbfcfd4bc31ba3454d56acacee4a404a11d1570e52904bfbcf6dbeeedbc3a65
fa9ced1126e854f9eec26e455f193647cf367ea5fc4be2234b1ebe7ba6227b3da73c31d18ce74040b7f8f1f450c448effd50ea2f0eb74ed526f850ae00e6f74e
c4c9fa42d5080ad25f02a6132b9bdf06d35c28f0fffc920d344125eed129321d701f6704533fedd34cdb5039d721eeff982dd1104b16022209d02904e2140f0f
155000cad91db316450335151758364721e4083404e6c03ae6bd02c1f1e1052cebc21aa4f21d0409efd1f3f2923f33690360552b3dcee45c38e80d17af0ef6eb
1fd1a30cf9082221cb152222b8b3dc08f5b7e4b83cfe0dae261df4a989fa0b9d18e42406db5457d24dee3843dc01bd8e3303fad593fe12f9f13032b4e7f13048
d4fd1ac0399322a9d5e3fc45fac39a0a2894bc3ebd1608b3e5ce84f667321a0211d1a628f9c2061c4b09e8f7bb48d98ed90111bcce28582adf21d6349e2bdc5e
b5b9cad902f6230cd9d416c0e9eef02abe3d6c2bcada45faffe86792061d2e13743caa34180ec044fc57c3d1340d5b3c4f1d4cb312e3d3e6ddf11db569f20e15
f9dfb3ef8d0a524451f81c219414474be417a7f912cd060106bc56a1390524f4f13c6082dd2adefcfca64ef8264af691e0291a9c6bcc250af7fbfbcbcb56f5b7
795a053304ec2e4b37199b252ecb2de700fbbf710ea497e8bc01230f0f200e4328f72e1cdbdefecb2b210468e30742e3b4e12cdf2b38b6d20718c1b825fe3549
55ddd7dffafda659f6f7012136100db6d55ed9bfeda9bef0d21e4206f2fde0f821262fc4f5c60d4520f234e8e3c54cc3151d1b06f5ed3bcbd0c5f02917bbd822
19c14f01f6ff0a1af6000d2615e7503ae8c7df2b0614a7ea3cfce9ec48a4d13be31ef2170a07b1a79adaef593fe6f3d722cfc92412f30c13db53d71f2bd51cfe
0bf1344cd04cfd50c413fb2015491ff7ecbf4cf310e91ec6ac497114ddb6f648c30e4b92ffbbddc608c20218a0ef123cf4e330f803fb14e0651a06ce0cacfbc5
d2dcbedbaf6a5612a526185ae3e1c6f5bb1ec5cf403173211436a11366550925db139b0701d1dacc193d462ffeb1d956fcceea17325f2518b21c2f4b54a30d17
51e5bafb16d5d4a26cfc409331d1181caf270d0bd6fd2513dd091144c589ca1911e2eab5e9f1575d1c9ce631c1d5ec4effdc39d9d724eebd13fef86e4dba55fc
d0a90cdab8e6b1d73da4020319e5e2c5deb5f9a4c09fd22f050925e76e2b1154ff4cd2d3e521240add1b161ed32b32b54d4c6d1ed118e132ec203810c4bcb5cf
9cc501e7d63d2ad5f09decf2e08905f42f023a381e1caefc20d5f93d22f3a62f4bfebdbf262de5011bcfe0e3dfa5fca8f32fcb36b2c538223020aa56513195e6
33ddec08040d05cd0a0bdb47eff01c1b31e76c2ff927ad2e181d04e5612d0a1725064bedf02c4bef3941e0345d0bef1b3afeed0a1af9f8f904d02823f69ccb37
ec48e9ea535d37f9d60ecddf3dbfa04dabf63297c24e1afd400d9adb6af2199fc1adedf8453d18a9e61c1ce58ff6c416e855f9dab0c404570a2ee62406da35f8
59a5cebe82f3dcf8bf2d06f4d33ac0c2b6b5f9dd4dd541111aeed55e029dae031df45550e1f8d9eb4266c59d2c06e45907c95a1631d1d103e0030ca4251bb1ee
3fff151015d015551ed1ea90d0692e1eec3eef26dba90ef8f7a70621571e083206e3ace8cce5d6db21e8a65de2971deaaf4e22ccfbe8fd0be41d6c2417eda524
03f83bc65e112f07d44727237bc6642906e0bd10d4bf6128e62c92ef23e81a2c33bec2c91a08e4261a0429d9fc051f5ff66915eff81d095308ec2dd3f8e63f16
fce90c1a54d2ae42d41e5f3d6612e8f01b1b03f9ca331241611c4ab71135d39219cc5838f51ae313effb5bd1cb4e2dfc99414940fd37e293ce47eaf7d8c6b017
f41042c1e6d447d62be725db0abb0eeec663edc91419d617f020da04ea18185a420d36054705fcddd72052c821aa5d52fcfcca052a3d314b54c4eb39f7210b52
23f93ba54711f9b22cce273e0ed5fcab4952aee30358eb01f33e31fcdcf16125abb7e74306fed198f1bc411ebb4e0cb4e1f83202e91313f0133d151837f7114e
f2c02714b55705f8a2304f07ffb4f92731bbd24610adfb10cabffe14f72d18415da11502f8082a27a147d8c5fe61ea1b06ed392e0269743f3fbf3221f730c940
dde8fc36972f61e0d015fdfee8920fef5c04d6eeaddc210f04535b3cc2e511d58e99dfc99898c40aec8e670cdff3ecd93f6604ffd0cf0cc9d6f637aeb0d8b203
1f322441cdd450025342db2d0acb1a29b80832d75a48b0d167c421f721ecc5d53e4314e3b9a2ca154527350b1bf8619d2bc1e8b7c7e835ca1f39cab978e7c44b
18c514e80ed4410adb1e3214270c6afcc2e42ae611aae521bef5d9cc20bbbac100ffcfff210204be0123e9f625c0ff1bfd6df4d8e9e2e60e3b4a450bed1b7a5e
cdbb0cac1ee9390dca7102d0e046a207f4d9ecbf1bc0c23508f63d1305f304cb1c07ee2f22f9f6db9368c845eba5f31cdeb7b1efc9be3ddccb21051eea42efa7
f82bf62c11f8b021267036a9f23a033d123cd44dd223e3b230a1f401362fc93aee2c1d57acd212e00c352c763240bc2fb80e6ed01bf20c0303050517263ec81e
27162d8ee62acad2dc11356ebeda0ac1db2d9c26e5dedb52e12fcde4d9251a8cf1e664deeee9c7dbaa235bc06cd2bd24edfa39e2f9d05d67370210362998f413
b8efe25907c00610d6b2cbef31f6a7f2b131e90a05f313a1f9b21f2e3dcbd9f9f821a5bd3f700094c1009b02d20c101f44110dd2f3f81decb20d8b22cbd81128
2a0bc7eb1b54c024f1d004fd2583e158082654286be7fb1e94dff04fbf0b23fcef0c02efee21ff5dcd451d102c37c2ffb031db45c3f8dd8ce90cfff94406ca1a
eb5ebaa8ea4048f33d3651d8cff1345af4124a8b6dc4c519043d0ce9e56512ee28f617520b35426b0bbcbd1dd8d4119cf0d5116a352d1842bc2fbe9c42d9e4e5
2febdbe3e3d7f6b8b2b952e21ee6f74fe0e8d9d12decf3d1e12901113511e1cf53050af7ffed1fe01b2a453cf0dadafad444f101619c6becc0f6acbd2eedda17
06e367d195e5c89365eb3613dfdff3e02a3cedf133fed91cfa91a09a13f1fee9d4e8befd57d3050331ccd9a820f01d0d0814be0ecba75bc1219d61d1eff2dbe2
c30fffc61110f9ecfb55dabe0fc2f2fd09cfe51fee2ce71adfff06eb52fe07c708fbf4121603b8e62acf2f45d95165ebdd258ec7b8cf50d2411affd82af65833
2eaa2b9de98c0600419d0b24f61f203ec73950f430be3b2939ec4529ca4a2946045614cfe9daf91ff024bd5942610642e324cef1e9080a1218e33312dfd717e0
01fa13fcb80d61eabdbd6e02344852960bfbc3a42b1a29583005292dbc2841f404784ee51d8e46efc3cef440dbd21e9b27159530edf32c74b78ea6f3d1be18fa
ed09f4efce5ecad7e0e418f063f5cd1eb721e208e80817bcc3e1ff0f523d34e3ed18b1365d510eff32ab49a3ae12c11044d7ebc3a23822c83009f24d89f7bab8
ea42f626b423003639b2e10c04f1adee742319cdc725fdfe5a1650d5c01ea6f8daf40f30dae20d03ee37f8170c135c0b5d0cb9e8f803311a4dda31ec9f5ae433
ca3802c6a69d51ee34bcf019c5e0e249ba0f55ed431dbc35276714ff70f5d1dafdec22ecdb11bddbfe1be900e014b7df0ff101d77be3f50a0f07d8f2221b2e50
d9141d1433f9b299be5f236f1845e823dcf027d91e38b92d01a15d1f2f64d0166915fe39d021c8262a344fd31c2895c2c127412a93a5d612122140b03fc0cd41
17cc11f4203d25dfd7f1ed549e5514f7effec1d4f45f1fcc41dc4db6320b415609d6f02723e075d2b00e3f62d9ff09190107e6e9f5ea27fb080da536c6282016
c3cbcfa52e06a43f5c65d7040b5ccd12aa2f3cb3ed1dcf2204ff2d26edb8676a3615dc6b9fe8fc1e52cd07e10714c6c5e8fb52e4e69724c51ece20b7edc82101
f933b0d911b5072b05b9601dccc84bdd01f5084bef48fcfa0c131a02293fe951f3c208c320f6463d19cc31eaecbfeaa10ee61b4d0df9c423e91caa0be0dedd3b
e8dc0c430465d814e1ed4e3a8e591229a9cc45601734313d54261ebee6eee10c1f8fdc2d15ee3831da0ce95ed652d6f6c8e4c16540431724ff0cdaa8e7e1cd5e
f9b63cff934047ac223a4620c734676211ff1e1abefab2c3eaba26adf763f11014e4eee3ac4638a6d2c8f5eccedeb4fedaaba4b8f6e317521cce28f9a7e44530
d2a0a13105f3293003ae052633f8e97be6bf39ea0367164941e1060b1f43100ab7f4afe42522af0be9ca37b4cdb5d8ca16b54f2decc2dc44eec70d5bea00abb3
110c054d489b48f414d7d0d931ebf315600ea8a9f7cf1afe1fd6289e18af255a20f5e246b565b7079f98ebf20cfc162dd01bd842c12dece40b3e0df509aebf51
f3c716019d44efe81d04c996e738e6ef31b0befc065d331c3a215c0db3b501cff9d7ac0f1c071f43d1b93b2c1b06b123e5011253b54df3cd1c6cf4ffebd2c340
e10ad2f8ec4124fffbeee8e338eed90af2e8dcb30a0a11dd094af8be2156014ee8c2e5d1451febe98c4d18e717fa4f24c9151bef12dd14504ff3e4be38f86bfb
f2600ce82d2e88a1f2f4ab02261091f610ef44f444e187e22900fd17490bf1f8c7d0c3e4c811235f1ee1e10ae3a30df748ba11c6e24131b405181704520bf02e
111e9a882724dd3ffffc64a52b1b16a8c42d2abcdf64de3cfe150267ccea1fff18f2ac3d48bf532a840fcce259bcc006ebff2a0de72c12fee5d9a9d6170bf7d5
0b092c992cb139cd46323256dfd89c44d727434d9c42fe0b48059e3fb5c1c8c9f7d0012bf682142534b5d73bbea64db2c7001a010cfad2191caf511aacf7f023
f1eaf2f357a4d0cc413c2ddb9c103cd8f12d2f0e2051f4ec043933594e17ae383237dfc5f102cd52280b0b163cd509240df1eecccb14d3568e69ccedb8e70115
f6ccc41a0a0dc8edfeaab95e34959a350c02ddfc53cd123d0ffafcecec51e909dd1518581f0631c84207bee318fde9d195ccc4b50501fa35edea1fe6e9d3e0f8
161749fa24da1a370d4258f51ea3ca23c50cf6ff34ebfa10d632edcfca452a1c601011dfe54a253364bba04ad6a6d6f8cd79c401e95d3c20cd2f3cf3d8e56a23
fe74ddd61b2cdb555264df0d50071ef6fefaa012d407bd91c911420828eba73240072d75dffcbd9b214ab53cf14afbfa37a84e3dce265a3a2db591a8d0ec4f1a
eedff5affde4cebfb04b0d5f2bc53e2c1ff5be162848ad200cc0ff9b2029142db9f5f81a8dee31eb0654782202c3c21115f1ede0dd9bf6dac6c239dfeafcf14e
c33cf408ccda5417e0f40814ce11bd04a69a04ae45530509441926d3bf1325f52f591228c3f2cbeff01c5dc6d33ff5f24b0bdbffef1e142a1328f14bd6c019d6
ad1613fdf051f5650e2af7d5ca462a25c4439e2ebef4fab8e8ed463f1e054dd4fd3fdde960ef30bfef1337261867062f30e0c324e8cf1cfa102e4a09dad4b816
2b5e59a2303e2cbbcbc431e2e2e5c7f46a1449bbcfb4a652dc36e29df3fad1a2e3cd3a26bafccdcdf25ffdfd211170d45c420de32cd1255deff3fb02e3e6dceb
29ef4f063259eda8aee31dfda03fd7d546214dffc1675131bef5fbf0f8cf1709049003fe5aec57fefee5d3d1c001223fbd5348b8ef3c115ecd05ca5c13e431ad
db284522ff5f1cd308b3934b5f444534c9f7f4f6aef823fc38f29610d040d34a8def06ecbcdd2ba627149be24309dae113e2dc32275b06b127e611c8d353ed36
3446631951b704c5cff817a7a1ecfa355a4606183c973a14b63fb4690e65384c48be0c07e7a1a5e6efb3034af93ad0e153bb2213e93a0031b0a6c72afc160203
e7207218c1264df719eedec689db0c494af4110f4f0313e97155190923e41d2a34d9e3c8780b0d1959d15df40533d6fc22ced5fc400cf912e03bd2f5a72d04da
06e0e3b90b16b4e54fc7d2f8d0eedde4a8d9516f3ca049da67ded2a539ea2405e3334cc9f215c1d9dd0bed4df050ff12e3870d4be53e93f52f30cd04de69e5dd
04190dfd261614fa131a106fa8e2f9fca71adf0df6ba232e081f33bb1819d632ebdb11e036ae263353f01a6429fe33e8f39c24c4024ffcfabbf4019e0ddc35c7
a7ccf426f8d83f40f1f3802ea1f0cad2f6023e644cfa4ec1f7990d2aaf432b09a2feddbcf70aad132c01e2b633decc2d17100aebbc29020ad3383fd112daebf2
e70d063cadf31efa4ca55f0709003b22ed6333c3df25a8e9f057a709de55e9e2e709ed300afdb22837d018feeeed163817ef332eb7635442c94b00dbc40da410
fc45f4b013082b16b415d81d0ad4330bf82dc265e025b2cb48fb33fbf0ec46ea0fe7cdbff6dfcbe2fcb091e9052347aa54e271d3dee48bec3008ac72c2c2c1fd
0de5dfca215e4d000900deaf3cc212b90354dc3a03a8e5335b2af9e1ed201e10e709a7eca7762ee1e601a2ed7c1f08216be9771511f9324d8eb8f72fc7cbe6f7
fee4010eed1e0350bbfee86cc1d3f8f0b646decbaa2aa87cf4ba6b22e3d90e1ae4231ad3bedb3deae1ce3b24be4a1dbf28d634d641f7361efa09b0aa590a0bd4
e93675fb08153ec74ab534d4100bc310e035363cdf9dfa50f8d1ef44021d2b2a04413e0efc1910e5fb20cd3cdcf709e0b0fe3f6cccd91693ac1adb55b00d2348
d7e83d083750d6cdaa2d0e06f9bb3658ec8bf23c1e2be405f14155f45f3611781bf60d6c3fa1ea291f1ae71968b36ec709cfb8f72ffd54eeabe27726ffebf8d5
67fbffaafa1ed3d91940400a0223ecac43fb1207e0c19631d70b0224ef67e313453a1af42fd3f9e0eaf10808f7aa2ecc120ddc98db402b203fe4a9183acabfd4
07c2475f122b74430421fd11cbef04d7582cf7db024af42deb2dcddcd1fdb76301db3eb10ebb30f211d8cf129e115f35395f1c364617f803b5ec2413cdfd00bb
a2d96d2a8de4fdcfee3ddb2cec01071511f03d1c1804ff3907ddcf07491545d53403f7411013b0de13006e9a1403e6e37742a5edbaf3f11eda3a02302469d003
17283bb2d5ccef240c1caa17ecfaddf7ff2b06fd4c2169de323002e834f1c421222a8b2130411f23095af149f1c7fa9d69dd1803d4084217e4ebff070737d4fc
4eb60e2509f510e0d05cf8af1a3d55fa5cd41359ecdb4e3216fb37f8e01b07c00ab48892b81026292c2fb3ee5ed23d2a364d05deaf24a345d6cdbb0add0eff53
fed0f3dee2d0fdd6eeebea090fdc0d1abfc50508b318f5e447e2d5a9dfe70109c409ced72614f8d4f963c1f2ca524afeed1e2bc821d5ee35e60112e83115121c
e3b7d9b931b244d6f4e8222e2103bae6e1252de6ebcb66e5e74af5288b1135ff030ee3e4200dfb3b13d3f2ba2a44c5f5ff1627dd01c5fcbe0fcbd51037c62e8b
352bfe12053402191f513cdfe2bf235807ba06c1e42c0caf510b40c4b0eeec49f676aefdff97be1efdbc50eef6fcb4fb5e4d43f347aadcfdd31fd9df060820d3
11340ff9fe33e3c870e0a40de7b5fb0aefe7499f2149092905bbfe1bfb0f8b16e118cc03c4589f0edefffb9ed4c4c638cef0cc1e4f38bfc2e15ee6a8f8fa192d
b0e53206a3453ddb33eb6a1f0b1115dff1e9173730e830011b626108fc13b45c2ba2e90cff164688ff57012fa14452e2d727306de6d3e10a658ae504c311f3d1
e632eef0c90bbceefb6ddce207031bfe654c3d9434f108da5a4140b902d6d44766b71ee8f20153c02418fb03d8d113270669c6101b3e291307dfece336991808
fc0422fe091301365cd21b9daf28dcbed6bbec0ff628101d66f8c6111005112017e177c7f2afeac40d1103d107a8f1c0dcfc2ea91f4451cb37f2f204f4dcf622
014ed1c06bd731011eecfab51ccabdf5ccf613041d3535ae6fbe16f438c92e31d807c59b17b60b4fea1102be56128dfe3f03e7d6a7031025cca9b716f44b35f5
2d6ee93b2c420fc3dfd6d4fc1146590cd9bde0ed06e8e1b44625bb151c0ec2e8ebf14eaadc50d30afb092820943ce7102fa828f9be1f3dbf0bf85d25efb3ec1d
04e71022e0e81c512babeaa64ad919e30566403519332213164f44f769c1dad7b435be0c05153dfe2d1c310f923c4c195beddcf7d8bff7e746e803342dcd4840
dced01f03ccfddf1f1bc100131cdf3a94af3149e2cfdf013fbf4f552d8dda290c056b85214fc4cf5e0dbe4ecfb1afcf0e4ccce36493fea4edbb7e09fdaf0fded
b8c9c734d70fed184f4ca024501e108e72c7dcc3f1d824299d16e5f5b5f662a409131ef705eeb3d4b0fdba2947192523fe250c17274801cff3ef0b1bcbd6ff24
ffb1c20608052de0e233ec97de4108fb1bf91bfdff991bbd63b4e53618b001d8e5f70c21b9e6cf55b09ec3e8c1be2f3a01d5600fbed60e3ef551f4dafadad5ed
09d544e30734dfddf9e9195732c3ef319e07dd3516fc44fd0d63f6eed8e4cde724dc05ebad944fa999dd13503651c0100ea9c8b61ef6bd2217fc25f93f226817
d4432697befe498bf15420f7a53f081a33aa31c9e0e02f56313309f8b29bedfb2efcd705f8c0c4df03e82535202102c5e7210bb5064db8fe1fca2adff7e94362
f8666c1f57fa1cd853c5dc11b5f40001d2f125b5839ae706efd7dfb50917cef7ae4010ee97e3b313fa421323d090156d5cddf933fdeeb029fb01fd1c5462ccfd
b0244beb0a042bc0462dfbd24fffbacfb5443705761da2e02b0ebfc031ac065642e5c6edd5b6ed1da6e69a2160b2bf43f6b1dfea18ed2a182adc321fedc804fe
a593d6fb33dedc04fd0ae7ef27eb3a09210cbb54c1cb06b9f5e517ee4ac15baeb65312da44ba9b1bb939e5e72659c528f35b23d636b0ab214e0345c4500c93f2
6d28cdb02fc7e460acac49bf38ddd472c7e6e6e01a4e422263301b0440c2d0e27406a61fbf896b25494198f70a2143f8db2de537c449f4b93ca21abd10f44e46
20dd41e85efff12a08e3ed05d85eef40d419321d271db6df17e027da3be8cb1e1901fbdb010b0690dbe9d26bd3d6f3bacb09a9cf5de6031bedfd2df024cbf9b0
1ffc87f4e21f1905339e11b7a91afadc403cc4e4043a26c904f8d8d304d72255e6f2bb2707b64904ff4aca5723654e11dc1504e2cec5a33cea01e4e9e4054cdd
9ef3ce54e0b6e29567574f58912200270bd1001828cc39deedebec3bccd80e04efbfc613fe30e6bc6c2be205e4231827ec17f3f3c41d56040ef8cc27a1e104ac
f44894634d03d23d25f2e5fed919c6240b0d2b1bba1266143a4b8414ee2c3bc914b747dbee5fbc2133b101afea2019bdcfc65de0680c07215a17d0c61e19dd47
00d721f4d1da59d5039ce82ae2e1d8c426df05fc24e214c72272b5e0398c102386214a24de8de42c48104e0fab28c326a921d0159cbfab0e1ab7ec311ed6eb07
10e099f14b0a073157060616ec5024dde4c3e20def64fceed2eb46fe23fdae0a9d015ffedb52281f210deb0a02443f07a22bc2c3330740f8e62732c7f6f9d4ae
ce02cfc4cccaba21c70b0965f330ee251a22ee269a9dbc1eef33d4bbe0e6aa1aa543f1ac13fff3fdd940093f0f19084ee8f034ae0b2dfddc15f82a6706bba541
329f4c3bd8063938cdefd9e7e2beb0fbfd19c4fce148ffcb379609eae5d7542963c802279c99b1e1d04c4719ef134223cfd36336cd9e0306a448d858fb25c8f7
0ac0444c1efef00638e8f240ef0cc702fd42ddf357aedd3bdff4c80729ff758caaf1ffa5c947fdacad410d16430a320d3def38495304fe064058a6ea921e040d
5afb43c91affbcc99332cdbed8a6c22620c246450a78df8fcc07594441fe2bcac329c4ef14f6032bd625dbf396f440c1184719b843066850f23a25552dbe340e
a6ffd30ee0efea1809b4e40cd1f21c3605eb5f3d364217fe124d1cd1f7b7d7231b68badb63101a98040bfd03fcffb8b2f730f5e05bdb6215bd343cd9fe2ffa1b
40debba6f854447591462503d7fe4bd6c5f24df4c003e612f3572545d5e1b012d6e2cdea56cbc6bee8e345baca55e20d15ef051f35db2dc9f9aef5d4b55df8b0
450ee704f9ef06353706b1320102c5ed78c502e49afea7f6bcbab5422ce845ce568943491ad429d070b60c21f0284ee261480a17dfe739e5080cc62021c220fd
226d61f56dd21c6e150ad6ca141fd0c46e0fb20a0809dd8a4c45eb15d463e60dc7a141faf41e28a4d63e98ea2eb2400a03a8acf3cc2e024ef13b40fdd63f29e4
cfd1ffd9542024f3b84532bd2e3aeb544118438a55e2dee11ed3cc1668e0bcd83ce4f273d6024356381c9ffe16f81bd5c55795f304c0ea1af19b1040cf283bfd
02f8fa0404943dfaeecc100cd7d7210c042721f407b530f5145b063efe24dbca4203fd0004e497d83225cbc3a4e0540cf14bb7ebb956f031f50abce4f81a26f7
612bd3eef94514640a550be3cc09101c742bd6d8b7e31b5139eeeac1d75e3f1335e8c71f09032d6932db16210665d4ecbf3b1ccd1f41a9d50a46373b8fc79405
1af9e59ff64cebc1b8f1dd131e7a0257d9f55a504c030470efa0efe3d3b62df01d054bfae81afe27da20b8b60121e31c4fe8c1e804e6f2f1c0127a1638133cd7
920b9d2a3948e4bb1bd7ccce15c64bf602f518db2cd6cffed9c6b8ee27100262eb2fddd31edc4bfd345a85c7d314c20ce0380421a2dececb77a21003be0715e9
01fbe3a624593e40e63a23e509d8120f47161fd8189b434555fc0df132474006bbf3e51fc9e3af1421ecd02cd60cfaf8f92372080f19bff796d302dae8230b0d
71baa9cc17d3f50fc630512d3a0d32fe0fc1c6d9b7da04b4d8bd4d16c6abed97a720def6f01fb5436c23d9aa1340a4b4e24ee71c3c4b98f33ce4af0cbcf15b4a
4444aeabe41cd3e413173404f0f9292a473d302df9eddb3912200fe51ef7f6ef432f02f6d6ad0ae6c940ef11ee1cd6da0405282bb52dd5f2bb56c9515c2afdc9
09cdd3f653070d0bdbd9450d1393cf0343b36a09f033eab3eff4da150cfbfcfe551a15343d192ef8a5d4c8bedf0c31c4d23f3cef8cf9e9f1150a435ff0d5c1d4
2099e4fa1d2e10911817be1530df0d545bfafdb736242533ee19b40dd91e9e3d0c6cdc1948062560f90825b99727affe3e4a12a653e0f8da04310727d002dba9
6c4b54f6f2491fb6382704e2ac09ce2aa5054442d8bfd9ebe10d230a4021d5b7ebf40e4e610a5b4e61dd06bc48f315f23ae5b511dae00e2d57fcfe99eb35f5f6
43cefee8ae0ef907400a22ba63eb0711183d095224fb2ac9bc67a403d6c9200cb6e7f7339327dbf512c43216d83a31af1e09fa09d96339c3db39da132d20c539
9cebe21c3c6afb30ea459c2eb6151fdc5db156e50120c4a81f985de10601f527cc34d7d02ef216c73ec3632cbc15020ce52b9ce2eff7f9620cbaf4200219fb09
dcbad00608c5a24f2d2eb0c649a2d6763fe959e1f90ee2fd34d00fe049e903286f0f30f10dddcdc41459ed113ddbecbe42dcef0d1317c3e3f031c7514bf1e207
2a07f32a5954f4c0e618c8fcd5f2fafbe63549f54c0702f7f7e050ebc0e20712fcf2e0c2ceebfac0babc0d56241bd23b19b7f4c4331090200510ff9e08216101
e92f21c918396be81d151bedeb1c97edec42e8583bc3fb3fcbb3e327deda4adeee0e5612012cfc4a2db43305eb1522dd6fffa5d1d739d0301bb200f1fefae51f
aef8ee604c181afd602331e8e31a02d9d5f21bf55fb12127d8511316deb7e1aedbe2ecc8c9eefdb71608b1ee44261ed530c029d9cd2c2dbf02cb09350f3218db
f7ebfc3ad8c3070afce2283fa12afb482aa81c4a01c347cac40ce2aa370cc800efac5e0439f4c5f441584402360e6984e9b6fd009c1bd5de629060f8c6d9dbef
3dfe400fe83a382d0765e00cf4b8f00d155cbf0f1a44536ef53eeb4d9f9a11ea49a614a3ae4509044243eab051cbfcb608d9d8cce3edfb2fecf50ab93513d50d
f7290dc74de8d532d2ffffd03528f1b3e11b83d627ca0c03dc2ffc0de10c1ae0dc101cbfeadeff06de6ae73c4d0be7ec4807132d5ec82ca24b6b1bfcabb1abc6
24f6f81535d9deeddcdcebc44930beeff22e341812ab3cd78bd1f02f01ee65ebdb0502ef5cfd1af0523b9a07b9f03faa0e61a5f1f9bb47f82eef2b0d43feb637
d8f0ba033fb5ac3e1427c36cf20b273afae2ef5408221233d3edbfd72e0cc4c1db0ee643101f3736ffe418f6d43ae60935e8f6c9e947f8bcaf1a062507cae423
0bec02ce17691eed511f25240a2c16c8234bf1efdfb305b4ff06aef33844eddac31322a43016fc0f6fbef3bcdfc43209b4f8390700e8d55ba6065e21aead4f45
1701e0e50adaef0edff20b0a2924129f13d9df2ffbc705ee0caaef17c2a21d12b1e9b1e50b47d8c6e666dc1160e4d43237b14f33dbfa46e6f7e02f1908e517e7
581165a4bef81df6010cffd0cc10e2271bb3b134d50554bf1b0e34944207419e5102b74714d5c101dc53070213c234e646b9f6f107a60536732af8eaefe2c6f7
0bcde9d9d6541bd1f4321a2317ecd0d2d7e30ee4561186e2d9071ec4e3f201191ab8e0faf0a9adef158ded2dce3c1b1216c03f3506d0de2ccc15297925b2b24f
ce37ca34c11f222225ff25a96dd820dce9d5b50fed955b0b21fbf6e3dd3d0707b7252cf63fa51f0ffdd4eb5cf1f7d243ba29faed1623c9590fef3fb0f1031c30
0fea14a6e109c6a3fdcaa900d0ab1817b20b06bb2cb40df9cffb96181d220f0e3ad6fef70a51fc0d0bb62912b5bb0444132bd607f7ed22ce54e8d201cf4a720b
9e02d61416e21c2a1597993014f889b44d1a38bbea411d924a9913f7093c1e219edca14516d00054c4dbc110e105edca0641f3d72a14d702a4f525cb04fb1a2d
4cf36521e02f0be90953efddd3bcb80ae4daf9370102f8f2d12dfbebabbaf4183f036325e706e8f616e4e1e01d62150cfa4df0cc621c4ad4c1f93a4b20f7e9d5
24f00ef851d90634103db47462f3f41727c7d705c54b9af30bf8fb253e351b12f32be4e2a9ef44f9f833e7f116d41297c3eae026881555862e4226e634070bab
04ae94dab10cb60fb802b2decf20c0f5fae339d732f9f5f236c24662f0b925060508ed07254bfdc1e8b90ddd5cf92294b33ad8ac09d414f91118e4e3ebc535f7
a7dd7507e402aacc16101d2a23de0fcce302fb33016a1cfe0c44ca2ec40316cde7032123111c014805d88ed35dd0b118b5afd1cf2e345b0614eecec64adafa46
346814edebc329f0da36baef0e28d49bc4efe4cc2e2e24019b13fc49f11ec9c6da4c22f61517edd91820250af248f2fb1034c3afee1522fef7f5aee63bab1017
4546e00d0ffc051d01aa40d61e622be59d04fd181df1f62da4bfbb3d04fc54fa97f4dbffde3f05edb3cb07da20e5a3e649c1a6ce332a9f1f0aa21b060567d003
edc5f61e5a4d0bd5f8a2e7885be3059c0b0410a4c8d03097ca1afa170e6debf5e02e51e4e8baccaef71ae516d9553bb8db0cae5a55e4befe13cec42aa826debb
b4ed0c42082906539cf824f1e3d73129377a2801c14526dd0cf8fff82a9c048dc20734a6f23f0be9400304ede2df1bbcdf3ff6b0ec5cb4c2b6ca0509f9dc3432
770c2a67962b14c8e132745c0218f4dee5d4e85a0ae056d64614e2ea13d5bced0acfb7be26aca5e6d3bfb8d9ed10aa1125f6b12af8d70255aebdfcb7cf1029c6
d235281c8b0808e25130e3401ae3021f3f5f351d8f0cccf30743ea18a7d51b02d0bbfd01e6df2f4ab00e17f1e228eb49f946fcd00d1b0f0e06fe37f73b90e01a
fb70ccc205e6e7582e711814183468d3ae3bc700b91690d7321baa181ef80d0699c3c9cc2724732665ae114eca1860a80c01b82c1226353852fdfe43ff6128bb
16c6e1d3a4d4f25f1df5fdebe5af259895fd2216cba8031cbae3e7f3efb5db7dbcc5fab4d112edfcc2fa184906086f0942522ec792119603a40bf13d68e5c6ce
feb0ff0fa04f03e6f9d087c5b11d52e92b93175314dd1d3124d61bf142efb31e3723f0dc21cbea0718f4fdcfed0a0605fb1098414684f40aa6be3d078fc8a01f
ece9375a3cede7b05debb9bb17062101eba1f5c50bfcfcb2de61280ccf1de7b98ee620685c0d181d97fd2fd1e4e9d42405b1cdd04d26b6243343732d3019efed
44db26550818df285dc631e9f564f06139ce0ae9df180f0737a606e0e03d2843abf7f0b6163f3952a9da59b201eed5391feec039d10fed24ebebb8eb25d0be53
ea59cb392242071ad4e928bafa0793e0d5cfffa0ff40244106db15479534a9aaf9c3c222a45642fd1402384670ebecff1a67c624d2c3fcc72336fa30342ac822
14d51ad195aa2c05b8213e1fa7bdf31c30d510ffc49a3365c3fbeb2c2af598ee2bbcc0eaef175539102163f005b31ddf1f2f4895c514b67fc14e24fa20ecf741
136be3a9cb17010f6bdd042a0b3ab8cded6534d924c0b4fd3366490c44b4413d2decc9c4121ec2e9266ceddb25920d2b9f5b3013c13929ef24f3e3b372a10ff1
f3f529bb62cdc407ea663eea2fb015b8140d0ddbea29db86d3feb367bacddf8dc6edfae5f004af0eee3cd4eaf4dae3b95d30d8412de1cabdd91112b900e50808
e447e0ea36caf0b531e97c299148ad0a304d47dd65ec152b0241c50462241f8839ce2c30408aadb0fe5edb472290c3c715f3fd11c2f63b143413d109ea1e56ff
2bcf052e3fdd09b2dd1347f201c0c83739f00d128e3870fd0bf5f9b92f14b60d5bde0abf1a11a64c515c5c23072c173f5c51ee12ca3c2c30fc21476705d41813
5231c444bc22163a6e0308ff17d83eff19da4204c0400597b3f845f265ed68e93e52f0bce2c1f4071504b42f57ffc2b5effb0617c00ad4e0b926e504e3a2f44f
e212c30d053c722f2150f78b65a0fc7821f82a37e3ec07440ff81a08387a0fec09c1fe0eeb5226d83d33f8cbeeefe9d00d29e3b8163ff347eff44ea617ec510b
c72abec3f535d213f1b0eb1e24a0245da40cfb4c9714c85411ff06bc4b201619e065e3f2d72ee915cdf8da22eb67f00db5baf40e23664c09bdc0ef363fdd4ef1
0e2e40ebdfc7ce03061228e1ec020c05f70e03fdcade0cc1b509d0fd0aa63504a828450ac9c31be81b374afaecf6c3b447eabaef304773e344611d163906dcd9
8ef733d4c9fd20123632a661e3cdf19810231fe3245c033948caf791a91ff9e249158a19fdf243120f46e3c9b759d1fa48d920d231e809ea1b1406203829033b
365094415d1da9fe169de30ee601f12bb008d8f02c09d6a116eb503bb79829f96b5176e3ed45faf6db4906fcf4eac854e222200509321f5115c2c992183aa4ed
120022aedbea420d8917a2a9e724d84bc841213b1f1133b213f3b365de678d2304eec2b8d425089cfbc9e9aa186047373e34a458190c28fd16fde5c4e333194e
3f3dea3bbe1874f42c44ff21ea3dff181bfbdc0a1e2d28ad5ac4ee52f9f5213de049dae4ff0511fe42abfdd4e9ecd20e311fcb8e2ddee9ad2ee9d5600dd9ee40
0b3f222414fbd8c3b06fcade10e8e8d218c90e2d66f1898d2c48ff04fed759f63de0632dce4cd837f33deea235fb60ff652ed331d8b3aa03c23ea643b8fe6704
030100efffea00abe849cee7ddfe17053efffa17faebfa1bdd5c0aa8eeea9d083e1141efb91735d0b9e3fd0225d5243f372bf11320fe376501241fc939fca920
dd370dfdf02f99e2f85912f6e00937f4e6fbf1fe0dd7eedfebfa1b2f86d2bbc7ce6810c404dd6ceedd270a450eac493616072b62ad37f2f20a5816de08fd1d13
f2caf7d2d207401fc00310202dc4b01bc3fd1bafa3023d003bd639c3e2def5f81cef5eb7b536dce8c06eede2ed020b4bd8e6ed07afeac5cfb5cade39d0f4193a
4c1b430dfb3e21062e10cc5dedda25f40ad0abf3ead35ddb08a7121fa6c4cf14acdb98d7e211cf219f0cc2bdd64f00cec63a16c032f30a6f58fb7eb86c03fd9b
e332b2ef21b00903b728b826d09d2ca11ce1cecf4c45fac7f76db9051f445c1904b1daf337251d39bdfffb15cb4fe80a1120fb54eb0fa42713ee300b06e6bff7
e43c26c4d32c14dce1f81deeebc233db5135bee9eeb417e632c22bbed2d99e4aa41c0701c54c600ad9ddc1dee33d0094c250670e440cf3281ac56c1b04fb6dc7
daf1e70d1caf1b24d6d7fac8a2331a2f182ff0f6e81af8e9021002d32446b71afba003fab3ff0fe4fb91aae14368fcfd07b1c32ce1eef1d0a6983d03d5601074
192411e8e824210506293af8e7c751a3450e08cb3049f29532d52b55fe0209c815ee32e4e00a5a2b2ea62f50e93f39f23dd4edcd58181d0489e9fee94728fb47
20252837325a1535020ad5ed0ae311df294b6001a0d131dc15bbe90ec0c50e0304a11adfe26decadd9cb2bbcb62f030e20e0b2e5580708993ccbc52f25076948
cadb50e135dcebeb174d0fdd25b852ad43a410fcfdd63916392adee77411c8fac9d63423434ed8b3ec36079cf2d01d344ef7c930e0fe0a61c70a1c1ddcf645e4
d4e52207e2fbefeb2ea90c39deff93a2ee11b7c7f55222f6f1d1e15ee73aaa6124fb1ce2d6be4211f54bab4435d9dd3c33bc2316bde70a3ff2bfdd91f55def36
490030b44a0b62fa463e10cc48f7c935533bf8dddbf643f0dc45f825d30cf5aece26ede23cc31e0fa350dbbc0a4fc8ff32a51e16d026204902faa7f3964893db
4042ded21ffbc31239f0e830143d391829b5f8518abfc12b3cf4665fe0cdea9756b811b508ebba01d9fd0cb93add02b5c65f2beada43071618d19a2ac4fb5813
27ce55e9c623391309a59bf1275071d5fa0d2f34520ec9d9f0c010505df204d603d9f65bf70e970ad340dad1f5d910a4361d98c22ccef6e82f07b343e6fdea06
b7a312024002ece0f722b3c84b2ebe13f50f26fdea5716b0ea13d4c5b5b11844162125581f0d07dc18e6470955e7ccbf192dfee21d5edaf6f1b8bf31e9961d1b
1057411601240ecd591ef445108ddeb1b4545b94f90c73124af6d546e4c9a2529dd6fcc910e90b2849c71a39e6fee6cc4916f2c610a513e11828de0ce555cef6
19ea1fdbc22ce7bdea3b25150ae152e372f1e7f9200228ba19f03d12f6d3223e21250df4d50bed4e24b8eef938112707e847b8ef59d2b9e6fff60f1bef33e8f1
f540040fcbf33a290dcde2f015f616f9720c0d64196a472f5d213467e2be174028dc27a0a228cf5bfccd2d13d0dfdc35eb56fffd2326e049c115fce246e7dcfd
42ec09ea3bdd153fcad9efbb1afea0e12cfcfaedc487e7de973716a3b91bae1006db7bad0c0cb200bfe4b0db400279ccf4036c5f1815174d130cfb05f91024b9
0f291abe2afbecee4003ae0b3d0201df3204e3ff1f6bfab1874dddc35827d802c1bda45f0de6e73926233cda2cc7360be4bad0cf16a60ef0bfc7d50d01f6b222
f3e828042cf4cc164f5e2bf340fed3f5c425f61a3d32353e134f08a7e5ce103efc10204d080b01e2c9e2061713f647511737e0cb95f60ea81f18a8cee930dffd
9b0def536a4626e8dd115f9f3165bbd40847cb17eb2503bdf760e8c9cb44e424b8c6d349d7dcf53cdbe8f832ae2437ef1d62e338f93506ea4c3e19b5fb419b2f
f6d35324fbd4c9b53e3010f70cd315fad2462dff3110e5fde059f9d4e095170841c3500c4b072f194e2f0c501e0edfec54fd2ae96af50109d273d70c051db01b
f038681912c1d9a76521b41ae2cae96aba422c030619a1fe2ccfd420d904da255fbfdfc31a70cf1dcc0e995d9e1dbb01a6121b1d6701d9d854bd73b0ff44eee4
18f71c1006d12cf64022eca6dce948f7e405df0ee60a100c5deb4f2b0f0bfcd70b4d130a5bb619f71cf858e1b7f0b6764514e6c431e219a3329a19461ddcd1b9
02def5c70a130118d7f5bf02abc0c803de6823bde205ea08f1ff1feabb4b231e0af0f32027b2f716a424be1d4d3406eabbfaf915f1d2c711f5bde5dbe7da422f
18d00a18fb0140cae406e645a0080e0a62be39d210e41705fa57bf3f23f30234d8ddbe9a643155ca0156b8a9ea220e21c83033001535e257d3d3090b391cf501
23ed1f28aacdfa41abd50bffec01ec68f33122f8e9070ca6b49deef2ffe902a0f5f0f8efd122bf3b441e2218b90ef63a733ace1a06ef31cc13ecae3675d4edef
1405f9b4e3ef7a0b20371d00c6201f3149c72fdae71830235fff0c10f1ff5d27bacfd1039eddf124a9b7ff51e5cfe205fa1cf2e6df50280e641c09b5f04d35a3
dc29fbffd627dda1340734711bc8a4c5bb3c4dfa0ae387070bd5c532e8502beb3ae5eef1eae6efdfbdf013872611e4e1242c9939da1f02f4ecf94faf50edf743
2e04e44cbfe39cbbad2ce905e0d60bd9eb0fc24a07daf6092a1dea10cd126c01dcdfb208499feff31aa3dc15d42f06f313ec4ce058b3be146e04b40e0918f3aa
e31a2608567dd1bf01fbcab91913f1b54c260bf2fe485237e6fff4303001e2cb380837d4cd07f4fde8a9ac252c99d511fde2f0faf48d0c23d4c3fc29d4e42025
cc5825251c59afcdfbf04420d3cfb1df0543e9aed4d339f3ecb635a1bf2af7b7ca36fb145895d58e0e1fd0da5b52c2d6d6dd3d0403ce1ef26f065eff93f7b047
2cdf1603012ee715c9572b1db607e11e5de03ceefb39f74b4bfbce32a6fc0bac09a31b38d420f3b7fc2f20cee9e119b52724fe0699f2502b6ffd041d3217f7c8
15d208defb66100b216d5ba6b519fffc1612e737322909e2143bb4d30516492409f1e2db22f3c922fc7ccede31452766f405f5060615e1da13ebea78f3eb2e2b
310facf9472a3c08ae53d6b24bb022a39a06d5f556d1250d36d4b3f9dcb5001df2bff7ad142fe8bf11aee22baf37ef1131f13b21cef10bcfc015181d224342b0
db36210d4807cb56447b130f37ac32f728f84bad0a1b07260cf826c819c360600a9d3ffc0e04fe1726d1f9fd14dd0122d101e804e59a4da2acb803d4f329de37
359811ecee2bd3d83c3402f3e124cfedacd905199950ced6fd1a161a0c34dfe9e62d0ffcbc39af082639f4eeb0d51857104d0df92915100107ec2052e3fc5833
63ec403b1b0d33a9203056f6d6b4e51f620916f4d5c2e04a6d13ffa22be5b2d5d25a0ace3803aad8a6e52db637e006ebd91e05dd9e1e2fa31808f7505f2c711b
22e1f4cef6e21443f3be13d938dfd310fef1b1b3a1941466321de2080f3622d8fc271ef1d0f9370752c34c300445d6405c54ead2abfe0e01fac50612155710e7
f5f5f243c603e202a3cab1d431fecefcfaeaebffe9dd22f5db14144fe59f2b3cf44e31ff1ea31ce7e90018eb1f1960f8bc89acdf40d60bffc8f406f6e35de796
102635c1f4c520004e1e93015ca4f7fe12fdfa5ae42f010ba72931e4ee322bd7e6b3b53b0db9e239f1e2b2dbf31adbfbfcad5eb0d603fa33ba87f820feaf2000
104037eca03511fd162d3704bebeb85129edc8dc4b09b6fd031222dfec00c9e910cbb10e1bb4423b2d223d72e9090efd6c2bef6e1b1ae1f4140c58ee4d64cc34
b1edba3dc7d5fa0216d2301207ffe936231542bf15366b42ed65ed16cf01fbf20a1901d9f12255de5ab2dabbca3d6c39f235f1f109ef08e1c7fbe6711d870dba
abc50efcd456c9c4e6880a170c3f2f38c00f1926a9c80615db42512ced13182c4a18fa35420403d6a002b1c514cdf49ce2c3e246986bdc301614f4ab00c24435
0bf4cace2e11e8031ff3b9fb8833b102f515003824aeb5efef0ba9c91cce50e1bdf8dad5cedb5a0202b71637b5fd03b4a5d8dbd11da6ffabb0b5eebbf7eb0536
c958e51a34fddb4c25c81547f846e80c3ef1dbbbf7130ae5cc2fb1e7941c2c1fd3230879f907cacf4ed410f986f0252cd1e109d3e9fdeab45cbf38e1c13307b9
5040e6f737ca23e9b2debbce52f9f70611f5ce2e08670719aecf02b8271334f1aefab4c3cfe9cc08f137c3efe7406623674da1420f0b3dbce05e056d0a0a0e0e
ee60f9e0fd5fe82cdd94f222df15cf11d52d09cf1afcc5ff34eebc1d01f0f6181a12e60e06d13d0d350f8ceacc07aa990ad0e7b5214a04fde3cbb4e026e1a43d
18ee15acee4c1f1506b9d705eee9b4f30c522939142bf0b32dff40f630c14b31fc02260f0400f213cb01d73dc2d7cee80beafcf2623eccada4dafe140ae5cccd
b04045c7e3ca17d2f2630c3ce42369adbffc01ed3bafcdde24260314fc1fe20a090158f3225e04d209b9d80f23f033df423ccf0b06ca0c0aebaae059221b16b1
ece79beead0e5306f4b7e83602c3f8fc3521271dd2ad44143326f2c9be152d403c091002fad1ca48f25d4243c804f35fd2b358e83217decfdcbffdc4423ae828
acff6fe3213c49c3f61b1cd431c7d042070fc98851efe61b052a02d0fcc0faf3422e1fdef815093c0219cd5cf8ce24daf88fbc43e20335d45515204d05be72dc
08fdb1074703b2bd51dd2d01379cf3dad82fe2d13d150b1c00fa1ec7e639de0f54d934a2b5dcecc6fdccf0dc643fc9bcbe3c9229bd2ed5580ae9040b61d1e4d6
a259a05f1e1b4004ef2c2cbf052f0335be52fca6df9bbd1c36e6202305d033f3d8110841c2fe6c10a4fb14fec202f01cfe3fd10255da2248d5f5f52cdedd10e4
2445b5bfeea1ce3542d30ebf30c5511626021a150c6fedb4fe62742b15eba0fef6fa420ac8c0f24ea7370b0101493cef062bfde8f1ef7174b13fe586c4f2c1a5
e85208d2d80c19efafdae526f506ff8db3bcb8410b53d5b8fb405a4b481fd6d7ee99f3f5e7932011cfe658f4adc7fbc227195ffc2eef1cdd104d0900cef4f21b
e80fe8345d151109614739b2d4a5f801ad9b185af178ea052600d7230a2e51091a446c4a35573db1eee415f7feec389ffbebd0b5168cc34944f1e123461d31a6
ff9fe2cc1535a374311a11b6210b122bccf0d9031cebdfbb0c091c1022356cf88b142db233df7add65bcb60d24d2da0ebc270ccf2f13466906deb5f21391e42a
ddc1f02fec2fbb5ee194d3efdaba0d19e9dbf0d007e809cb2addce6ec9d21a5738053e1fca6f84a516060e1e4505e2f246f36f4517aeb4fed9c450ff98190e33
34c1edeceed1b15ea6fbf4da3ed004ff0e24d6c60f0ddbfb34170127df34f3b12d3527f9ea13193f1cbc39ff8b1c95139746e4efe6bdf0d40c15be01083aa22f
f1c8baf2334c0927e64c17a1b00804bfb42f4efe12be24d088fef510080b163416ea32e53c9d22a609f6b3155a4f44acfb50c8ea3d6de7295efebb1ae2013f33
cf5db4e29cb0972e2853e7bceafcc80beb092877b5eb224043aad02362545147b3c0da58e98e67d9a6a530e9e0274cf8c23f3dcbf44e50b7111851e90e012d0d
cf4925df3acde0123f60fbd1b72c1c122f36de22fe02f43a0dd5eae9f5cafc172cd341cd0f2b6032968b1601cad2f72bb6d6e035302e43d51bea24d8c512eae7
32054ed209e93bbafdbb0d05de42d7f45a461c1021f2054e1bf6cefbc59562eafbee491c04e1fe04e87a28ace51b0a2205ef9606db19013bd41d18e1c2f40dce
ebdfb6e1e2ac01fa11531839eec3e91c0fc11703e1146023fb5e1666e74000efecf2aa65dd9d37bcd1f72fd5fd4df1ca18cd48e2ffc457ed67e5def64808440f
09c5ab7705be1ad4fa2bf9062b260634d6b671b3e705fb54ffc30def4da9d2ebe4f60fd5bc2b08f712f74abc560ffbcf67dd46f8e2270c21d3e5fd1b36a9edf2
abcd8eededfc60cc2fad433e243c580713b50cffdad4acf3e8e4cd9cb73ceef208daebf4c53adc54f22e10333c2e4d8f1d63591cb9a904e259da14ee14b02152
99e250a59f668bd74ad9f914d3ba1475f912e0e2a0dc3c19c4dac15fbb1930235ae31dac5f1b0231a8ff6cd729220383a44de36028fe157b4005c754c9f01e28
a0c0ac045dbaf06aeb160bed6301d5fb492637104013c78ce5adf0d8983de1cbd9cfe904906aaaf0bab4b42b1cb4b724f2fa483ef1d81ce018ed52030dbc42f0
06c428f41dc503e3c50a613cdee8e424100e543f03260cc4c962e16d99e4ad212c1bebffcbdc204dab07c3192b548ce8ba1907f6d1dd159c1df61fac64e04153
25d237cb094106866629ef2db7dc03f30b07120a5f270655e705dfd9715be7c4f54f6705146565d525dbf4e9eba14c1ecd07db53dfeb590b0f0c0a2507eb273a
1d09e46108c432139fe461e1fc19dbff22006a0b2d3abe2d35baedc839b4faecffc331c3ec2412f2ab50de2243f705e319a8b1e6eb059096081e25ee15d661e5
3844d90828e450d0f70e2657e8e6b020c3fc1bad8edc58b8c7030ef5d6baa3f7a310e145a1f9cf1ed8f9cc75c302bbf102e8d32d15c25454dadde687f5f42455
f0e44026634e5304e00533e915dc72fae0f1d8e334fce7fef9f0631e0ec1fecd22a1cad8305fed9605f7df3afb0de11bb92fdbe952322ce44fd32d2eedd9204e
dafdc1c72f0dee23352054e36a79f591f7c72f3cba23db02f50dab081e2a1f36e76ae11230fa1834e725f902def5d7d4270d2738db692da40114cd6efedc0c09
ccb7cdfb11d2b9d70804f93522e2675f00f200de2bfec61dd42fe5db1f3bff3e77f62e01b4d746f2ffc3ff5009d264ec2e5539d417e5c8e72be832d5d7020ffb
2e0015206ccfab05230f06dff20b6d0ce7e60f18360a08f9e50a9f051cb091cf33013cc86bd71f09f046a5416dd4a06ac61062c4b9092819ead1fed741044bdd
d815050b143e14d7022712fd3d55d8164ff3c65948d5d9b4fa089cab4cffceebd31026295ea2d41f1acbd7f0db0023f511dbfa02c5e0f40ecbb68b1ad8fbfbcd
03fda55bb4a4d2f0afb20d304ffeb7f324b717fde0f13b8d3ce001f5d333d19b04facb3b160548362e5e532bd434f44d404549c22bca3b58230d0105ea0bf33f
b50308fe41f21f1c8fe9cac01d2a0f0ae60c2213c22a4e099b05371d0ccd201e9f061414af0ba703c727f10925c67e5dee6c0566086c25db12dd1ff448116a15
17bfdee3bd9f0a0a56ba46b53ebc5af90104f3cdc81fd2be321f1dc809e7bc53f539e53713e415b4d7180be12511654c425bac0e2a9b79d4a75c47f51fee0903
fdfb2d02353a2ad9085bfbd70004133c5db00c1ecb071c3cdee53ed12f310fd83302c1d18d0d2bb406e41afc7212141a20ce54ca5f50f337a50fe7001717e6b9
d31a0605644cd513b6ee4d46cba101a7da2d55f4e25b2301c2ee03fb75040c11d8aa27d468ff2e256e34b5bcc312f002fb2c1eb1591297dcb2e442a717bd07a3
0e0d5dc2f8faec0f0eff5a4706263d16eee7e503062b35904ab4112651e3dde963380c8adcd39ded6b14eb1ba207a6448ffdc7031416d8de39f7e35327b2de31
53f120989c1ded4412db1cf4d3e83816e1dd0e30be99abfcc2d81cb915d26cf3e30bb3083fe35b2f38ea5cf7cd22c3b6ece743f3f3a1d1bd4a382268370cda02
0319f81610e4ebc73727442aed165f6cf1191224c0cf270feff1269e9605e9e7e51d06070ce0d2fb0e96ab390aa5ca9ef3edd60deeff08d70bec23fb904cee56
e71bd0cc472d19cdcade301df2cd1f1d5cd6d86172ef390c50072832e43ca69b17fb08fc01b15de342e50bd94b031b01fdff30f23441eff737bff749922a0deb
08f24801aacddade06fce62e47e11d015511cdbd9d65f4a3f7f3210d06fb4f946bff10560509eeeaaeac1806271906a0fa235dc6f0cebc0c1d1f465a0e0527ba
b81d310d17f00bb6dfe508684c0e9b03f970ce122f12e3eaea35160eb49df838fe0bf6aa07f642184be7cd084afb0c061cedf90edc3ccdd2751b191707b40f2d
3852b2c9fe59b61016d1dd2201df34e74052349bcad8f62dea48fbbd200bfbe3a0f2193412d2c1c82e5b3e25eea2e6e43d16d7ca0bfd150ab1490c3b9f07db46
3ac104ccb6332f1ca925386938f79c0a0a15f7d44acf06ac9c661a422e2e0ad3ae0c0250c78a09e3d52c471a19b822c60a34eed32dc8386ce37a32092b04ac59
d0cde6f8aa243608562aa602998dbf8de21cd0fd2b3c42f9623f3aea04a06234fafe0138199a7418ee77ae0931c8fffffaaefd10f5f651c1e70ef4c4b7a3a6fd
2a2a1dc86ceed213a123435347eba8cbd0fcfc43fc2023e6ea210e8539ad2cf613dfbe4bb498b4da0ff8ddce42372335ec2a14f6139e12171af21c14c7cd1d0e
68bc4cd824e1992b01c8fbf7d1d5111d24f4e40dd5ae1eb84d213c014cfc1eb6eefc3cedd0c5f16bde9bf2c7291fe719035330c04a59f7fde7f5db372cd601b5
b7e3124d43e02c2424d396f5b0309b04c8d40933fcc20ec8f114e5ad9f132c341fbf6ee164eb4db813e1ae111534e15a43182dfd57edcb15ecbcaa0eda5b13d9
f3111bc1cbcc080ae9692fddfb9d340edd4927ede0da1bdaeb61eff4033b0e2925c92a288fe0af57fe249520d4e71dde5aed27e6ebc7ed3fe51c342a9062fe17
ed24f1efebfc27e4e1b64929fd29dc4726043f2b9cd4d0f73106eb071c0623021b4f0c95f8e3522232cec5d51805f8b74d053b0dc22fd14f49c8f9cfd6ebcae2
d597d63528bd29f295ef2646c038dbba28ddd3fcd703a011e7226b2561dfc81a52eb21ac2b41e1cf605b4bfbdfe7fd10296be222d31bfd39d5e51ce13bee5b45
f2ee1b303e79e2ebd8ef4eee29d62cb2ea9ddfc4ef4d1eef2135fcd3e04f032901949e27c829fd15e43032b59eecbae7c445c9d3135d16e2bd10300aedb21011
f2d4084a6c340f12a7944d21f0a7fde2eed4fa0c210dd31dc60c30e81308f84a2630ae32cb25384a8bd15bc50ceb3ae9ec2ff5691731b10fb20dfe04f5031a78
dfc3f7dbf2e7c6581f1932ebc218999ec561f51f9f273a270f4011a82e0d2a4c1236d966e363f498050ced0ef6c40bccee06b962111be1cade55660da4dedf3c
6699c8c62b14ff44dc19cc31ed190a9df0dc1230ba22cb08e3eef4c94bfeffc4b7dda11ceb256feb3bffc1a5edd61541197eaed6202036eb0cce092dcaf40ff7
cce502cbdc3e2cd04d2ff933cfb33904240da138b660d238f9344a3734f062d73505c669d72926d509deb944e6f91a2d0b5fad0f17fb68d3410c0e0236e892ea
e52e41e8d22e1a21cef4432634246dca51e92230f853c1d3e203f7e1dc36ea450643c5ed9ecfa2dfcad1f909b9649e2bbfd2fb15cf02d6220717cbcaa1360dd4
ff48d107c535ba15460c142fecf0321bc344fec727fd1cf8f9cdbf0dd64cbc390ff95a14c0141115d412dae5276e2a0590531af2eec7a98b171e1bbab2704a6c
43db23f2eee10ee6ca5d15ad3e3ebf18e729cbd3d6f0fa3d3848a5e617dd641f2c1a3bbe4aa5be0ad0b8f1e5238adcbbb091fc5357f28c01b5c89d43dcaedc19
de1525a4955210d30f19d0e85934fca8d608c1c0efdbcb3d2611d1eee5250dee211f45040f38a6de0e3267cccb11cfc54434d0d5f742f0ff0ce3c25a44aa0734
aa122037d91dcfe9f9114f031c3f4819de37b82e321c236523921c7ae5c544e20602f2c7fea1d73a3a05d4981a196414f2e521ddb9fa43e72c482cdcf052c7cc
e80ae22fd5fe9123f80b3507000438145122b4a3b0b311d0efd9eee74846bdfed435c6a404f0e6a84e3be009a203a661c4f0c8b1061df40cff38eac6cd1707cc
2f39521de103dea7e8ca11abf11af5a902b902d24203bc2dca285ce7d239ccca6210fe4947a6e844f8d1d33dfaf00debf10fe510dae170fdf9d802d70ff0c5e8
d9c6f35b5cec1ffdec1a1c1710e70dcb35c5faef3037381e39525acb881b0504c032eb16f758e7f031fded4ab8032adfd5d8ccca50c6ea1069284d3dfb5908e5
ea12f8df0606de4af5e50929ebd51ad15558a0ce152b47dfb6b14dcb14ddd0ff4e0acfef2ffd26b10317ec0b349f3e06dcc3e8bd0e213bc9c7722116060b0f06
ecd3052d3d25d62854cf1e159755e24b38030311d9f9180fecee23bc0daa26e2b8d6f3efa2f715483d2f15dc6657dc0623ff2ee3b4f8fd10ca0506d84ef1fa47
3dfa0bb89bff0022c3d7bd5f1130e5531f66018b51c423f60d1714113dda313241d1f0b91b2adefcabda0be52b23def813300651c1adc8f144c21559070bda18
1643fa8e0638f3310739330e0ad2e5d9089fe6300a2a272ff0b7661e0caad6e625ba050df51016d2da4b41cdc0d8aea8284404f3e60a38ba503e1ed76efaa0ce
ce13d1123fc306dbcbe8d521d1ebf940ecdcdb2cb6fac9f5dfa007d691a51137f73539921f63904ca4af22c4dfcf05eee3e248d8042913c82598eeb9eb903c17
e512f11fa1e3f12bb8e3b8073939e12c503f6131d21d0a4821d5ade24a3b01c3f4b34526e1f64f4a38070736298f022eafb70cf9e8451ed86006ea0bc32e30d9
1309b41c05204de9f203042d180b613faaf2b637d5332f0e02ac41f9363cb6b9eda613c3a1ffde14ea19102a1344c4f5f9054d48df2cf1e1e50cf8bc221dfaf9
0cabb0eabbbed8d7ed0b3d27043e6713ea9706f9e748ed3166470616ab470d3531492ee13041e7bc16fae32b115b260bc5e629a956bafef2b82ed7d943e414fc
f2be2da1bb09e6191ae9e9d1b70ba84bebc7f606f988d114f62a4c145f20c4eadecd190392b4f231ed6510f4eafddee40d46db63e5f30438140ac4e300e8b003
2eff9b74581e65f6c42672db1d0afa22eb58735cce221508f6d061260b08cc2faf2f29f4f8e80cf11d002af111b8e7044fba1ca6eb403cfdc0d1e5546415e40d
1a49ed0d561bef1409f0372510956010fb18ce25091ea63305f6285f351722050842ccdd1b43d4e5ec44e11d113e93f9c1af9fe7cce2f3db1ae0a3dded040a96
d8c6cd1cafff163cde972fdecf30bce9fae9fb3714a15d2c02a23cd36c970da355d413ffb42c3ccf472c0117961b06b17401fc1dccceb61c3e043c3c23874abe
2f46171c76c412460096f468b0156a382f3715c4f9c2b413a0009a18affe6c37d22423ee1405b01f0d172b38ea13d40c0033fd339fbd46d9df2b131ede1124ad
600bf4cdc2a5f7ba5fbff117fe2cbcd4ffb454aee7f4fccc296fe79fd606fef3264e02cb1225fd6922d14222a653e0d6b1cb37e0cff624eff353bc041bf80445
51d83a1b01ffb12518b9f0f6264eb11843404a37f9ba305e35f142f396e736f93505a20cb232d263c30a35f79d76e2f6c204f9994d9c160103d42dfdac2df4a4
1a56d56ae7b14a322dd902e70db3040237b7430259d725172a2cc8cd9e4a10e231400d51f204dcdcf17ccd9d06c1b54cfa924c2ad7e92b2b0420ff05eec1c1c7
0de1e002052c2cea491cfd31ab0141ef34babba310e0e54ace32df203620cbb7fbb9dbb55351e42d11b4d0d3cb1b5bc0213722ca07ce09cd7d3803fa1bf2f729
14df46959b1b15fe482ed8daf9e2ac9b44b83b0414c144e029dfc809020cf1c20dfe05cae8c438d1329d1459fa0ffc2e380fec0bbfc207d4563dfd59dfdd2603
db14f9d64228ea88fb0312cd17f0c2ee0fcb57f078d74a1513410c1a24e59cc64835462740bee241d60e02e317ae9a68c308e61108dbeb01e4eec6efca54f650
45b78ee330cf17d7be0448f81f31b218f7fa3d241525f7052e9c0fc4eb275d22f93c4f0b2608603de92bd416eecef9b3035be64a92f6d7bc4edce7dd550b05ce
e00ffcebd605233ea5eddcea2a55a02ff6c0040324c5fd4bdb31cca95134e1fce4feca2fa8fe9f54e314ccba65e31ce7a7d6bec132ec0717dd98b63cb93bc2c0
be0965dbea79de17f122c9c84b4909f2d0f1bb476ca5e3320600321aededeab81eb0eff1bcd133140ed7fe0e389c08f4245a49f2e8170bd9ccd260454ff305dc
ea09f5fbffe8103f26a015fff6ffc255233c8f396e47cbef43fdf2f7b937b234ff04270fd921effdd402f831d5dcf2aa1f22a9531dffa0d69e1111ff1ee9b3c3
73bfe36bf8100f553e40e8fe3c4d360af6f0e3cfd61fee2b0e28575fea36d235182cb839d51df62e5fda0d349654c95edaf5623dcf2fffd4560739feecf0dff0
536e1fc5f80533db12e9112825ec0ae22bd9fba785993a0ebd3d32332aeede4358ae21ac06d0cdfefd15f9f3d2bafae709e7c253566b1cec194f64fccca906db
a50e9a53fdc72b63a96bf31cd321abe0920f1edac7234ed60427030174c7ea343d1620e3ffe22710ed3012122b2e44f552100ed1970b03dee316e8ef959ebef2
11b1a52348a00e1412f1ef25fb43cb25fde2135da50a233075d4ec6110c3fe275d10fa9b2520fbf228ee4f251b5ce42552d0e42923b0481921adf0abf8cf01d9
03d143881b112f19fdf01933dbf194223cebbbe6c0ab586fbaf0646fabf60b0b5fed14bcfc2f21eaca2cf5d9cbb5f7dbe92b3de195ee69f70d1f4ad1f9d215b2
db2c10e8e12edb14a35e32f83e03b449ca08e23bf1ee41333a2ab6d335a3d32a2e3d2c047a9ffed20abbd14e37efa7ef0ce50709c1e90c334d7eede139f6c2e6
0cf1fee4b66306ed1fbab419e8c8e4f3b002d2ce46ef0219fc28183edaea284b3addfb07b0b3f05607e7fe38d51f3d1a4c4df9d12e4204a5d44ce2195f288b5d
f2febb5af2ffc712ef49191f3f4ae2b9ef4c45ea5ad1e4e7052e1ef8fe1153e5deff265df009ffb83c381d3ad1e66d050ed0cf511fdcdd210730dee84b1feffe
edb43eb1cf144d2b402e0bd6da2dde2db72b24ac6253fd36dd21ab130feec0a81e0be02cf8f60c8b09da340547dd130c8b51b13d3bcce4bbf3f04359f2030c34
53b4b7d8461fc00aa165098fc426aeb23d49a9d0e04d2edaaad3c60709ea01460c3aea641120fd5afeff4e17e0f12e3e1a21f0f7e3e8e8be09c11c2f5be343d5
5811fdf9b3db2d170936f5b8e322bbb1d015f2e128170509dd9ad208fa051d04c2fd43165dd83cd7edf0e5ad19192eefd10a64d8d31c17b3323948d2fa3ab7d4
f56743f41218b90437d5ede1f6a7a7c4da1ab5a94fc5ed14f240d352f0a6de32cef77145f60e0fef0834e7f163eefcf173dd03a94bcc19f6401d2d2cd4cd11dc
d906fbfabb9f0543e4aefca0e93b300a3fc5fe5c59bebfd0fcca3217bea5fde24c34a6fed902ea0bf7212508dbc5e8ac25c84311a1dbc4e9f01729c0d6f15d00
ff57e0f412bfb11dbb499f6915fbe815341e2562fb13f432ec1cfd35ff650e34b7de2f13c44029128ecc8ffac85bf11bf437fd700f16ba0bd10a9e0043e9ae03
8bc5ad264b04151401cfd9efde60fbedf1189824fdde07475815f6f00ce854c54b298c40b110d739119def3abcd111ed034843c84f1dc1b8c42bd1021c1c2beb
5a3fbff70c29b0861b0ec5e72faf271e10feddcd30d9d7641dc805fc06e6edf8c3475603115b165229072430f3ddf406d70502e9f34915fc0ba80730aa5c1b99
41d0df0f0bbbd7b8cf03d8c2e801b81eadc5f9d39154f415e207d4fa4bdc43db133e71ea18eea6f1c5f228aee80c046b882ea4031732e3282a61d10408c99a04
b9d1e5fe03f70ac9e11ca04cfe8e32e626d434a7261fadd9999f229d04fb0d342315efff12f2ffea14afe52ef7f5628618bd57d4179ba8bc02c30b003de8573f
0acdb8b909cfedc856339cf209fd4df1e33c6dd403ac18de610626b7efe7121eceedbfe1c2f6fc62fc0fe8cbd81b0701edf425c304f304d2069943fd8f08f9b9
c8db37decfff12efcafaee042dd2de221efd28d10c3d19b21bf7ace932921ce4bd3413e2279bc3f604e3b2bed115d421f23afedfd3acfb42baf0e8c6dd9ab705
1900ae4c08add64e1894ea4d432118c3cdf1abb343c23f1eff11ed38cfeb3052cf842bd0e93828ebe82eb0ec141301e4f1e3d6dafc4db2cf16116223a3363422
d3a4bc2710a2100662a436f01dfb20e0174ec72b2bc71427d70b91ef17bc90d9d3cdfec6f6efe63015e405ec9202d9bce30a06253697d9f8377bd1252c164d24
2cb95a2e2e9a3f469311fa9c06ed3b2fd53af443e511d0baea0aea1f1c562940ebc8db7a3978f43baee00ee6a50fd3cae9e5b524e60cc38ae8ee4a1eecf3163e
38b817f8045d3ec6febdf12b62002cf0d69f4429d503fc54ba28a739677bf4fe162404eeb41349c0380e120ea3fb46e220deac0324d857b4e4f0aea0fca53349
9ed214fbf72a34e25c39a709204da791c6c73cfd1092dcbdc1f8d71a5b97e9de25c5f900febfe2d8f6fd19b4f5044ec40f05d995a8e22cfeb1d3b39927da14fa
e8360e9e25b701ad1bfbe9dd30fca1ef04adcad7ee0be4c82872ebb8974f2420fbb805dee5fbc006bad9cf62e124eef0395fe6a9ec50f9fed7182010021b052c
fcfc12243a9ac7b52e0a7617e8edca56d0ec0cbe29281b252c9ddd3b4d2adcf03ab4eedff9fcb508dda75833a005a62940e5f8dedb243141cd14def02b2c35c4
2ab803f23cd9f4d2883a99d21b5dad1c20f8ee1013ed9de61bde2fcb4c9815d8f8e42bf5f62c444e241f1fb041ed1403a6af2ecace082cb90016519eba08cdf5
5101a964d9080ef0c62159a7fef53a5005df51f72d06781722030ae8d607cbb93df218263b41ffe8bfcc9bfb33f8333b45df163b19e403df1ce5cd2501f7ddae
b605a54c0403da090e070b551838ec055ec702701c270d4e482116cd77e19fac31fa0736b3b43acdc0213fd3e39e9c4f32d937f0dbe904a1ebcab7122b0a3699
c4d7db00eb4a0157d84db03d32e2dad0f7a63f570e15e7c1435aa45311ca0610d6d336c6e2d82ef7a5e637f9d42e184054e36bd93b0841e5111f543a6269dae8
fe16d61bd8fe3bfc44b77302b3ee2fbce7ce29022a2c35cdbef8f6cded5eff22390e220d0f50dcb8ebacf3e93370ab021c2631436723f4c6e7f235e923daf0fe
fea8be12cbd73c1d1eeb42093526442509efed1602fdf14c325a491bb8c5d5cf465af244cb08f122abd73ea7152838ffee3e2b4934c830ff11c739d9442912e8
cde8fa4251e7172fd2741328e8f0f71b0d6308da0ca00ce900b82fecfefcfe3f8f4c0c06524af130b0e01e1c24dbedf6e1a9edd1421bccd2db4512df10f114d3
aeb3d0be14fa6a2c0c17a78f5b2f4bef9d034155cff6f1b75f1909d3a23c2a1e2cdeb7fd42a03f4cffbebc2b4b13ab190c21a7a6cb52bbd30ba8e3a831f3e007
d835f8e8e0cf16f5ffe81630b4b8ef0b370d16f2311f15e9f326fd691e2eed1ade19458bc85236d01fbdf16e9e57c1922406600fec08dc2aa9a6cb1532a8cb2a
29cd3ce4f6492321d9fa2ff9ede6cac3ceb0b258e9ce1ad3441be573abdb90da694c5e3ecabf03471915bfcac2961424d8723ae1638aefcdd10ee4bc2c1d022b
7e4206033e26e56822e2faa12add08cdedb598f34307fee7c1f5031eff1301016900f0f7ee9b333f32ab63d8a96622cc3d12fdb02db81418d2fcc9f6f8ae9c39
042bd5db29e807f804dd3255ca360c0010fddfc6d84710122c9dffefd90d07371c0223f109f805fa0831fd1c954345251ce8d9e6d7dcf9dde92fce40d17bd701
d1d3d008f4952a5aec520004f8e6c6fd18f4d1c9b908e9b4355a5a3918f1aad86c0ea3f1cbcbec14bd1029cfe928d8b7e2faf5f9aee536bab85618d3df135dbb
eeed0812d33250922ae1a1f609b9124fb932cae13afabdffd202c2c7b8d70dd8f8cfd8f7080c353acc0af604a11f3cfbdd49cab727c8f8099e22d7e94ceee901
3936e115e52ff54422cee4bd21ba9ae6d5c356d361f12ea6d7a8abebabfe1ce80e7cee15ede044f7b5656d3d30b81f0001c5dfcbb2b2280c18108b3dfdfa51af
4f1bc3e506c61fc53ec8e4cdcb10ee1bba3444bb49d50a190517c7e4f35021f709042bca5d05c93be005bd0128bf013911928c4df6cb452f5f321df161e6bd2f
353c5009512304dfbeac92f9e7eeee2c06a29523f2314ce3052cb20ffe391025f150b7150eaf440ce9a12959e1fbf6c628cceaf0f390d9a7d348d8dc1c081700
13fb2accdee6f21103b31c161d94de0f34c36cddbdc3c5aef41e1dc92a8bf31b063ec432fcd0bf12deeef32de10a0d13ef13cf0c3dcb1df80b40df10c9c5e2f8
0c2bf109c3c5189dacf3a5e3f5fcedc71ae0f1d53219cfccdd23b1b41824029a064d49c0094601e9dd0838e4bfe258e3e15b4305df0d354e02d0c94af5495f11
06c83844c41edd0e0ac0c05c1caaaa27efc82dc3e32f072effe717a7b4f4a230222fd133aa582a49b7a638c716e508eb15b9186db2feb60b593dcb44131010a2
db62062f1066d7000db35cb306d71721b254f4f4b501ec34600491fb11a5fe4d0b433025ef3405d2ff352ce993b0da3401015f2236334794f218ec2af21db407
04f6ad10e5c5f31037f4f89db3c8ef2728513bc532d81c230b12dfc210c3313fffd5f2323509f5dceab217436e06d8a05852c3be2308efda0bddf4ddabdfdade
95b5f72c2927fe12ed15f1bcccb11001d3ce3ef275debb184cfb09512ae7e3f3df0903b9391cbe03ec0a4b6309169f15f29939f49b96b539c6edd0360912fb71
a57c1759593ec7f4fcf61b5c30b4d6f2c1d5d14f343a0a19f6eeeed6ddf03b2c3461975e1a19450fe103e3d50ae1c818ed01cbf21260411451d113d5a913ea0a
d9e0574835e4f9242ca6124c0c4870d1c80108ca0827fe03e9fd37e2e90741cba811d2141e07ee083635a2d7ffbd274cc104a6b434de0e2e2208053bf1cf85cb
e1e7389afa25b60dd30eda99f51cef25d2fabe8fe070e48e3d25bb1fd72cd202cb51e60e2f32602f2d19aab72ac5cb08080ce7eddc1de7b5ed532240fd220927
873add28f015cd07316ea8db0d1f73c619fae7b340fe0fd9b908041817090def52880c08dd15aac537dbefe565534defc24ca0bffc17fd0831af0612a03ef837
b5264124da0bf24bbee024d554ef2b1d2bcb6312f432c2d55a1bf525b9e6fafd1c06c823f7bcde0cf0f169c3054645e8fa9ec0ce35d26d0d1e1278f70ecddabd
e0d6aac523e5fdff9e1611e014c8bec9f3dbecb007d5a1f1e8e4eb19e9c6b0f314b91be113492c1820f0fc339234cd14d6c432d3293dda2df8451bfd1db40b30
12f5003dad2a89f5ca1c3f474e01d8f4261eeeb8bd385202e948edd0011f465f00accbb3ef040df3e92db405d9a912d53938040010e8f00ff42458423405a1ce
a6d09203c22111b9a5d0b1c1e1fedaf1ef390edf0319b11319d2b7e2211efe02141e09d56f02271cff1c11372d3efece4bf3a5fff32ead5be5f829f225dfe3b6
01bd0d24033857fd084926b308a744aab6c2f1e7291af6270c76d6e81440e0e0dbfaf239b2fec6da2031f50a320306649802cd0f24230f1501e354374cab3c1f
f0449401bb32f21de2342e6be8fea6fd342f0c03a0ce0ebfd83101230e9cd0e505d3bc0af70f59b2225702191fad19cd1837d2d64c0f0e2b0e1c13fccdd508b5
04ea250ed706fefa28b1b135f1d57205e0ec6ff1ebef24f239f4b3ff9cfd090620d6ec9315db6159172610212ce0d4c52dd2c2a02ee60506e04ecb01ffc1f408
4109d4f0f8a7ae1103430159cb3f3bd219eecb4daef501e6fb08ff11345f03a430722c0c2cc222cd2acd9a0cf34e3528fe0a64e353e63900a8c5ff13fbeaf7c8
b65918131b82cd42e0dc060c290c0d02de355ea12ae63704fceb2ab11f48272fd6171ae41c04f6e9b4571e4a2d1b40c11dd4dddfa4a7effcc0fa36f7f44fd52d
b43b111453e269fcfe1ee6a9af4bcd2316b6fa47fcee93efe1dafe330d1b2bbf16fafeb30f03eac4210bfcd1a432455795e1ff7294fdd3eff154dcb23035ed5f
3f4fb9ed56fb31d7592451e7be6709f11bca646ce72b10bcf70f0354a44c001c280b130bd8c8ecf1953bf3730dfbed3b1c232f02b8a4f2df5955e3ebeacafd0c
045afe3804bfead3144028ec2404090006d9eca1f22bd8fef912c7cb1e2910b8a1c7fff4f762ee0fde356bf6abeee2f6f11b2f42a7a62ccd0c52a462aafad3e8
43580cf540b805e5131bceddb52111bc44df1cc8c8c2f604a0a0f2fce80a20d40c2478fc6d8bb711380ea1daed161e1ad1f84acd5d4f15bf121cf3ddfede539d
dfdded0c33ff1db6c322a9e0cfd22afacc24cec55409e3daa841f7a3cc13b7ea3af5c762b8e71dd54241b604f70f4a2938e0fa27290de25460fe432f2516e2ff
a2fdef48f6f6cfbff332d66621de6a070b2b52ffe9d94a4c19151525ae0b351b16f7c0ff9a45900a01e715e997a42cf511e432f12154390a35a7a416330504dd
c4d5d9cf151a341bcea30c0334492901100118d9d8fe2159d81d1ea974f0d02ef9dacc2b2d1e1047afdf2d453bb206052b42d0adcf4f42953acadb4efe373824
f5e7f4d90448fbc3ec2b135c1810e5ce02f131ed1d1cc19c114435ff171aed1ff4abff2dea00061af8c521f235fa4be1f1c1fd41b6d5f3c00529a3ba01d3111e
b1d0d22a05c9f3cc00441afd102027093709c14ae50cdf2c1d35ceb9c238ff280f21ea51c4721831952c10c0dd11043f14d3b1f9e4eefacf0eb1e41ecbeee9a6
1afb2d1415ebeb0f37c608ffda9fc70cb81a4ba32109faa9b011a52febd2b6243128e039bcedee2c410439d6ece913e9162ee603c2eef11a17b70119fdf3f32e
c3050026131cdf113e125855ca4bfb07b0bef44e60182aa2fedb0a17c3ae011fc301e3cd253d0d263839c61434e30de84dcbfa26e4e917b694b32f182828d91d
f9ddcd2312bb21e8b107b94bf9e412849d41ded7eb69e2e24613143e30171ad1f1f8be36f5049aef33f7e734d0a605374ef82a574a59b3200b192871e6d44850
ad2310eda2aff94b350e46ade237c6485eda2f174bfb9533db3630fbd49fe6ecc83b260c4764ee2e20f904f32605dcdbd6e9bbd901ac4825330231f916b1ed0e
cdd9c0c724d9e905ce8f3b0258f0de1a15221b19ec083d27b30cd55009a426c229bec1a7df3d3ae114181e200e3f0a4c0ea6cab00d27aa0ec11d2702a7f32cce
1f27d0fead060e49ceefdd0a0305163d4ef430b80d04f441c1ea194da702f7dc1a5dd6b0051d1a373913d41e35b1bcbb2139b92cc410b7ee0f14c9f935592ad9
1b0d5a033d1cb216b5043bd50319c7cffd3aab5270ec2eb451f627bd1b38eb01b8683526d6cde912a62125cfddf02256160d1a101046584c27160be3fc500d25
2caf1919312a3514d4e2dff2fe98acd9fcfde6d3f077331431d7f3c42b22e30d7ce2e219577815edc3e6f8d8cdeac3badfc6f0f6b5ab29e3e730003b58e8fac2
96e2bf20f31eccf953f3d92427502a453e3bb38ff3fdc5320cee05f802d8aa05eae6a709fb05cf9b0b42f624a3aa3d0c1445f9071450b41c1bc01e10c904f9e8
cec236086f431120e5f237f1ee5107c43ef05c6f5db75b02523491f8090116d3d5990d08455b48f6de405a069b07ac080be8445d15af1be8fc0d233b36e2d3c2
41fc3ef22e06f1edd95e3906c2af5dacfef563e440051141f00610190bbfd710275461fa97631822cfd3c1f10cf2b3fa34f2b402d4d6d41109132303f235c930
6e281015540704e21915000b3653e24b35ab679c31a7e40eb12ae5e60034e9ba0806fbe0290200a9dbe4650ff34f38d5d0255b0d3e0dfe9e6ce54e1cf0fef9ff
d3c80af6eba6b8b7ed03bddfaf0ddb3a2d0cff0e5ce411cc3bf7f5f0d6ecd201a31e29d564e0ac463faa0faa3a11f5caaa1c0dfd43790351ec322ed32213ca34
ef2dfe0558f9fb082f69fa0301ef3a1dfee02605f823f31b064eae53fe0539a653f4c63b0204d94827f2d1f50e104f20cf9bd341cbd7d9a3cb2cd1a9fdd20e3f
db3ddc2de6be04ccb4141bd1463231f9fdc3e639e8a4534e160b5ff1260e12ae00086866454bef169fcb321af127c6e7d6304fd1f4f0db180eed2253fd315fe0
04f858d64ee2b92fbdd013710f1494d454d2ac26dbe7ec2bc9e4dd28fc32df032fb6b1f24103fd2e7523ac41f83ad44f61ef14c2f3da4cd514e53a09b1e00aaf
b76fcb79bfebedb50f980a13e4260c018acddc0f88f6c5e2c1da1168e5e1c5f19501f1a346e159ad4e999f355bb3c934492e2b47cbdd4e1c171fffc5b3470a25
ce155a65d2d64df0b824cdae021c2d0a21fd1ce0a51841b2303cda11c120239b11f367e71c399cf8bae755cb4a2309f2f5cee202e34404efd51fff670dde7103
c40cf6c9913c23c1f0265e27c7c815190c3501f1b4d0d9d8b0153156f1011ab593a2264b2404df44fc07890f10c69d843df3f763660c0cdd8e463ceccb02f857
02cbea17c4f85ee9380a3ef8d1bf522acf1b4d56959b0cac59b3455eef4ce4fe0ee3e8e1a90baeff05d1189331c65cd24bd0a61e32e89be917c7f9245304da11
cf2f190f90cb9cd9f71ac0eabe0a1442f3ddd31439a7fc0327fade39f1070eb1a592ecb8e6eee73ac060e44ccb09e50bea263601252972060b0ee1fe06ce4a08
283a7ad31615b3211bb0fd06f44a2be03df7f5cf22f1e12592fabbfbe8f7f1e925dc38d3d4bbc78cef281ce89bfaac92b70187ffc4c80397c7f9d91d3920c046
17e049c72007f2e1252efa49c4c60228df3402e9ccd3c3fcfebb0b1debafc80112290223e606f643390dea0e359f99fec5ba0ccb45001d10270536550f0b4fee
68441ebfe7c80c33ad1ec2efc2ebad46f1505dfb2763c7b014b5cab51cf8e8f8d5fff398c633b0ba2b243bbe2e0b26ffad2c34ffee1a4607b7228a0722db0f07
1649b6b8fb76515ab618c72dfe62faeaa30727b3e09cc227fcdbbdfecdee22e60624c8d6e025db012ef7fbef28dc20fcc7f51f19d71544cccdc50959364f38da
d0514703fb9689f74ea92a39f4da27db1607581b103702d5263bff980a0b0d26bd146f1d25fd70ec10a9c407e01e321ff263d3eb4414d2cf13f30f0f0e106159
f257e503dc04ecb82f2af5351044d4e2191d9a61dd08d7bef6f9f6d209d30f0d41aacb6329d04f5c0120caf1f9400af9e5b30bb7affced58c3ebf0caf5085fbd
dcc0e0e41c01113bf21551e5d0fca32603391724dc0e42ee04c6045b3d671e55f26ad3d913d7a1074cf2192f0bdf0633deafd020e6e6f8d4c6b0e9164cd4eee4
69af5323def2bec2665634b6db141d11cedb22132717ea78c0c858ebec02e6ddd6b669bf1cc810f2cfff1d184f1ab826d4ea0ad23afe37b4efd5272a3420d256
d639001e3afeecdbe8c8e2152d95b94e19e9be3974fc53d6edb20113662bdf6834f8f1d74502f9ecd1c6e3c5ca2a3b5eea01a0cbd48dc611fbafb619f327ddcd
eb5343c0bf23a78ee90f27382d52b9ead04249bff49c4827dcfacf94e0e82fefe36c27d74431b7040f083823faacbed5151a174bda451c14bdd212285c39f638
3fed1f174205c5edeb03d40ec23df01416bac61527e53b411d77dafba2bb27e0652329fec0db2be1ba5323fcdef8e848fafd5bb7e108cd07522207cefb4f1e93
a7df3e600bc9f441d99b2bf3b0e4dec6de4208f4ea6cfe20c6ea124910291428ed1ee0f8e4f4bd48d0e508e2f72d1aca9a2439361bb9129cb729d1a8cbbecb24
c3d5df1b1a30362873f1cd76131bb9de45b41addf0f62c5d06c9e1eb14f2640b1947be2a511fe649c4ee06e805f7b84f443401e5b4e010a7b969d160b1dad12f
14b6edfb37e6d3430ae1122a3116eaf84637c2b30cc98e1de9f6f0a9caddbbd896e3a200d002e92f0307c9f3a2a09feed059f5cccd0feade1d02fdfe0f0cd7b0
6daaeeed3e5dc3f6dcd005c12124f120ded7d33d4b1eca18f6fef1d12c21f6fe16b041fef621b62cae1a1cc50e2cbf3f1bcc56d8a303e302da66fe41e5101b51
cabe1ad2192ee4d5dbd5ee18f5d2a721e6deaf04c6369c104db152b1f1cae3101a0315671fecf84662be27c9d2309476cdcc0ad5a3e5e9dee206b73b70c47c62
0225f529fe562b31a9dcd409debbb5d751ddc304031df60808f3ead036e940a71647673bf447309416ec0e99e55e5021dd45a8f1e5c8c72bf5e60216b93ed8df
adcac5f7f124de670a3110f3f1e6fea32fd9dfe8cb03400352a620eeff291a0dfdff59f0101b51d8d2b8da9bf2fd113f0cb97163f14a93e0b5fe03b5d527ebdb
da1bfb655edfef34cb16b80af6eb4a373f2837bf231b9fb6cfed14762a85ddea99be40079ebeb2def7e2bec619a84acc3332e1fbd5f01cfee7c752adfeab051e
a9eef4e43f13d40bc4e2e9f426ec9ec5200b4c4950ecc4d5210b11f2f5ebb8a9195038b30068e9dc2beb28200ed701d77f59043060c2e949e04e0beafecb49c6
fec1e259f9191302911d4b2607d6a316f3e3fc60324446074f24c215f0e6d830c10ac30debd4bf9507b93bf811db2df4795e9afac6514e05ccd76008d69c7179
5b08ef3c561a2bf30a241807945af71c1ad9282025fced33440f153116114220a2021ac8d13cb5d70044d1ba110e3ef00729cfde05dc0e37f43b00feebd31649
05e8dbb90240d8fe1918a928d7271730f360a9012dd6505ce71814d0e902eb49362f3d3d1e4adb573118a5c4feed1af415ece14c2824017b07e84f491ca20756
b827daef0b01d3e3141340edc3fa22ddd5f1d1f3170dc5f9fd090b4cf864361cd963a711bad7d8c2c63726ddd3ea5cf2a6d00844225b260a21eb1e0b07c824a3
ddf75ad7cbbef1ccf90d4d69f20b33b04ba301ac16d9fa02c078c6acc9df5039fd19a855eea8215f191a1aec37ef5196cf0233b2f6ca3a084d192be411fcf510
ad31e321063b0cdaed11e44aeac51d5b1e40212af80db415ee32d9e88f50fd05a206a9ad172ba7ee43cf3ddd3e33be16c9e308d602091305abdeb4001a37c54b
04fcfbce3b28d748d5cfe1dce709efeac0f6373be5051809c5dfdef92ce20b2c401d344992f947e3011d3ab6e527ebf740b4b474b179bf4d2065ebe81ae0d43a
d52bb90a5341a67016bdd4e3a41fdc3635ebee07b9e5e12719120e3654e101edfec4f2ff08b6b4c1c2de19352b0ddb6008f445c30a392b06b50207c432550cda
f4b662d6ee09c319b7bac80ab122cfe81e150853cd20d91bd90bdcd1ad54e9b90fd90f46321ac4a5ca120a2709053d18fd07e1ef1f403448fb2c44bd40170408
d202c7f3fb3b3dd15e2c24e4c192e8bad5665326f96678f33b01eff9fc1adfeef8d5015cdafc07ea003bfddb50f01092269785d3d815dbb710c9135004b4142a
0751fb31e1a943ee2549bbf303fe60071b9d2500f5f4d9eca9d61ae7dd39216155ed15d0ee74f0d80306c5c078acf5eb14e6fe072c2d093ec466e80e4609e504
1e1c1cdc32166f0fe1a760e108f4480b9fcf3f3fecfaf1eb0e1739ccd31116e341f9fc37cff12306e7a6c613d11fd811fe34e4ffab1428dd24f8e208efd33d04
d4e0f912ed750ef650fe07c6d2d904ec3edfc1d2d5e6e273b10f19e8fe60e5a30c3ac2fc6257a0ecbc3e6c2c3c95e9eacbe8c759f3ba0c10f41b2735d5e14f1a
3736fa22e206f32b140c394f49cefa5505e93c22fd1809bb29393864104e3eed4512173cf8c6df5c5ed626a21f2e1041592f3ce6dc4f62f622b8fc2c0a3b92e4
55d0b9cf3307c8af0bfcfafe16ec36f5257365e4079bc1acd734d0012bdb4a66adc5deadfad00d18fcaad5fe0c0f0433e1d1fef5c9ca240ffa6dd00af754e8fd
0c6fc1923947ba1add73ecc5e72ffd5f2edf040ec53331bcf44460d65a07f518fc2be7e61b31f6e9faff1f21131b4048ee8c1f9c01470d0fc9f7263af0da2a3f
5c60beabcf461b3d18bde1ccf9f65dece015034eed49e4ae1dc2f5deb8a3ee0de5f03403eed012ce38245fba065c21b64408211824ecd401141339cc3bb57bf1
d1d02f05dbe8c8d81e092835c0fdca07e8edcb5ecddffe30f6cd280a0e03d7eae025d3f5e0bde45d4d1e169ae314b2f344b13c330426d4700a02c210f716012b
703a180746ee08ede45a39b22b203daf134f9a2c3fd001f4cd27f02b0ce447bdeeed1085f0d8590211b79ddab4060fd8aaee69dfedf8c3f20f07f738ec1a19b6
ec9d14ab4c5540effaf9d81a2ae1d0d43bc9b00b256017acbadbedac3fc618cef2a11ea2a91191f7e3cb1a48163d1e169a450fc6dddcbe4cdbf408044c40c320
122f09d2b2d8fee1f4ec1cec0d431648394812f9c84f02f8f8d4488bed152b3da3c65e434b2f0b44abdd235226d42a0b28fc21aeea3d091b1adb259bde0fb553
f19af1071d701dfb200f1ae35f1989f4fadf308d21e9f7c5da0eb6144c2fce1015b4f8ffe84ffb23b3cdd22ae1bcda3cd6fc480b0bcdeed723f017313baffa98
240b36dbe5edec0e3816f83cd1dedcc81622bc63e18bebd622cbc92819dbebb0f50bf7ed31bd49d2adf63701fe18abee115cbff10beaf6eedfdc0bfaf02c2400
f42b362fcf0fcc113f0ba9b51ea1cc0ebb13c604fe2904c8fa190115c42c1399102ff02b30c6c85108cb444cc326c5034c06e4e709d7d302fc47b7ef2e0ce7ed
24eb16ded8ce00228a0b1509d3ba090e61fcbce6adc8f50e13c24998eaa1fcef2e36e80b1d63ec4d22b422dfdbebfac72b1badc5102942ceb9d210e50aeebc39
e023f685b4470c2213e81ddc9de5c730e641b9c11e510fe67a07f5c33e3afc3716ddfdb4f1fe53fac62fdc31efff3f5102b6b498b062f90eedffebd61b3b59e6
e63415e915fdc6140a9ddb0ff4e234300a560c25e9c74814e3df9341259d2896eb9de447fedb254c1caea51cac244d074b43f71ab113c122e7143e1667174411
22bbd09a39cbe2290312400c06e64746af43dfe4053812eed4a8fa38f15f3bdebdfd06e5f9d6d71631db166de8081c45d19bc7a4277277fc9de6bac0f7ce300a
9e113fcfbcd01af0071f16da2fb2c2f3090c18e331bcda07d9f31dfeab69be1fbdc5e35639b14e2d0948ed1f484cd23bca08e3f6dfd135e7f7531829f9053f2a
500af3a110f5121d6d1be766d91537e9eafbb63ae606dc041dfc4c092833f5eddef72eecdbf9bcff425100e05be36cc067bd0df2b4ec190c2e14b8af1be29bff
3ac906c9eb9b2815d619fb2fab221bdb1e9baaa5ee6443e33614341dd4d7e93b39e85124f4f79c20d02b281114be322207f5eeeeae1bda30f2dad5c4e6daefda
6be560af04038a1a8ec95daafafe0c2f033fa9dfdd68ab134460dc030bf079100df9eec10246dcb5c2db33f42409b7adf7d930c61719e61449180b8f1247f4fc
3ee7d832f6fede160b6740ae27b3c3624aecfd9f1214a71b253d2b33efb4093eade8242ee431fffd1a30c8eb7bd9d6281330510aaffa024e10490803e0e06858
f927664434051eadcef78a3df7f71bff103ca825d11b43cddc55550316f494f14d1abb34f01a2418fd08140abdc750d54653f4f1b820199a3716dbe201280fc0
b6f411282bc9d51615540b010cd0393cfde3d93b14e8f904dd1be6d1f5b53242adec0ae41729060103c406110e412d13f6f94ad68b48278d1611a2c53a5d39eb
141f086a63e52efea9f1d8af082cbecb911fe6de0c24dcccc83c22e8af0e050ee1fbcc0fcdf89bfa295e41bac018e767b1bba1b7fa1bf85eb7ece21d504c4908
26f6223abcbfc8bf330e4c3ceb0fdb9c0a0cb7d2f6b4da274b2bf9dfc314af1552fe9132bd093035c507f616bb09ca2dba38e97256462d09ec59ec1ca40115fe
3b1bf4eddd3cbd26dd31cf11b5cddb35b3a93c23ae2bb3db4fb70bc12a2d8f0c0635320d0b4740ee0333469b26e34b2c1b6509e206571dc61756cdf0e810e6e1
405b4404f0f20404d2de5dd7c0c3a449031aedcddb11ee2bd8b6e4eaf0ef6e06ac5213edc3f0111ddfd168214121db281b0443e5132c26e23222524ecb2a53f1
e445f8ae24e55827e0afbeb453e4d1fa9ca1af432ef6e59ca892053af04dde1f3320650c28c3432aee85a138adb74bececc3f71dbe01101a5f5efd4cdb255da2
ea37151e0c86eed02f44dc0222b60bd52a0dd5ca91f726f80af5abec1fa309e9fc40c0c898f3190737270a415a15ac28e7fd43d0bb06cab01cadff59d1e806c8
c2c424ffdf8dd018394033a50710d798ea1c00e548cc5f2c2607047087eeb25e36f1ee5ae612b9b7ec4504290651fe5525e2242fb88acff028141b31344aa349
5115bf02511ffde5abf904bd2c225fc6fc12f0dafd55441ecf31d516400b06d1eef5c8e333200e15b8d6271753d52c014c4f05491926403b99f9ba130d09fcf2
305e1a33d21db141da10a2f59cc8e90ee2d23c9cfaced845a8235b104bcdeb0d4e12c58bd469ef3953ecc0f7ad06f2e14bdc0af6e7ca0cb7dcc4ffe5346239c5
b43b410813ac44eee650f0985409f1360b2dd7eeeecb1fedb5b2e0e0e642002c052a33f809553920cac5301722a41eddc41bdd09d4f04b95d7beecaafe50fecd
e9cc1b27bd03c51519d9d901bc13061e25d3f63bf8d2d93b0c01ebd8a4f408b707fe1c1cf1eefe2d3dbbf156a1d920b20fc7f1f408d9f69810cbf8c0c602001f
23012506ded4bd4a30c6b4139ca4d62dae1c5620fc3afc06d1ab0533e2d45e0dd8cbbb1861f4ddb1f70f09e722900a52640d07e8c52f25e1d7c60b1ce4c1cbf8
110112564f470e262406f8bf1a66219dda1911d057a6be2f3aca0b0f0774fd35483662ebbd9ffb273c299b612e0ffa241902c906d6f41c9bad2d0df3c0ec0c06
a9bcedd41e3009360d9da7f4f003e2df18c6d1bfaf15fc08485dcf223ec472fb02eedfb731ff5a01ecd591d21bc9fe00f42effa2c630b5c633dd2f4ee827c0d3
5e1ccee4ef05df0fdc0f15f2f313e53addd1de680ff7fe9ac30ddf1c6b5130d103f9fc6796d0fe40e4fac4105e2bdd5534dd0fb7c2a853f5020de5242df838d9
b343eeeb694d248b4b9fba99a3ed27b102dcd8051ff3024a0a03910ab09cd4e7ff1ceafb4d2eda9de3f30cccd4a2f743522bee093d98ca10b52f0dd019c426f1
efe3e9eb20f90113bbdfbdf0bc2af036bcf63b2660324efd01badfeef4f2f2f201ec5d14d7313762c5a0a90fdbfc120338155446b23fd18ce196ce0db5fa59f7
e5c7e44ff3dbcf15ebce3d126603af9a0517bfdc3d1700fea7f4d4ec19f71f6353f5b94a00d9fef6d7c140ca11d91d1ee002d1ef5421413a35ebf22c0b3819c6
dea2e7d8f63a2dfbbcf7fb371adfc3eb2f020c15461cc307aede40a4012228173a6929f9ebf50df037fdf5b4f16cd1bc4f01d427a10740edb3f91c2815211e18
0ab6661dfb1b0d0bd0e4fa16ae0c0c01b6fd59f3e2f30003ae0744dfe61cc3110e3fb766d2add427870bf4d43344013af756b3f2ecb36ff06824062bf2912bc2
122d20e80ff4ecdc1c4ece2d295505dfb1163055d23c6721f5931155070cd455dda7a2490b402d020efdd6520bc9a73114ebb7f410ebfa0db0b45cfb07d3f6d1
cc2ae046f6173f04a5cd5cf70850e12b41fc1ec24b37e6e95de3f002700463130dbaa5fc0a5d40dce1cbdcda6e26bedfffa70fdc199ce6b9c21d1d0502d199e5
4fb144d405f1e3fdd7f8faca0b15beebae03e4e4f5f7605ab9eff8dbd5bb3448f61e1836ef3723a08ed42267414ed232efdceaf6e4bb346b962e01ca0745df3a
52f02198d6eb328b0209e7f3b01d49ffd010e01757dffcd52c48fc43f7f30ff9393aaa0bd3f848bf4645e59a4ee7b40fd5e318e326aeb79cdd071e0dc70cc314
e9ddbb57cb0f430be817fe16d20beb20ecdfd3138cb244e0f128a2940f21fd11dbe6e6ec3b5840e706fb350251e7371f2f4de8defd290314ab21deb818e994f2
ed3ea71d43f6d445e13af7faf0343cb0e9180f0daf307c019917ec693e08cee329afc31916c9df9c3fec23e8060338dbf94803dbaa13e7c50df60d973af789f4
1908402c0dfb6122015c440393eaffd72c233316191a58ec44fa19cdf1565dda42dd2cb0fdc8e1ffc4d903acea5a9a4fb7f7b0ef1bd493fd4d4b1a0c0966ba2a
edddf649f8bc9d1fee07df110205e449320def26e737345309e6b7aa699ce95c2402faed400ce1c4fccffcf950d0f12c23625cc5fde9c91e2c24100f1b1afbba
e0fae3f302c330fddeeadb5ab3eeed0808122c030dfbc516cf0fa4a53f2bd517f5ddf04679dd37cd7301fbed6211db9df4f9acaa5013302b1cf428599638e027
f23936fbcca923dde63f1f0ece1805110a1c5c3e182825d81912e60531b1dcb4c68edabd344a21d022aaa14209031c12e8fb2316d3daf22af5162019f1ec03d7
3fc1df44043ae63455052cda5052ba11f9f04314321d4d542729240f4247e6480f3bc2133c0d08d5fa4b10e20cd6d01413c73ef83aefb28e3ed4ef5c3396252c
1cf11be84013a7dbbb056f1c1c1fc539e3beb603f30957e6ff01e15778ae0be9adcebfde9711d1d5ef1dbb25cacf03e1eb1863601a36aec534090337d0230c25
3d9b386cb8dd2e46fcd79acafdc3162d2cf207be2cffef200aeac2cbd3fb2f53f2afd22aa0b81a0f3fb71e18eb5611fa76f933c2b4da41d8f207a1d9f50514d5
57f7d1411547ee2590d72925a29ac92244344d2e370ca948d5e25510195ad5bdaf77bac8d555d814062fcb36f518c7ffd6b2b23b5c50facfd40e9ec22e1867b6
dc430109a20a0223de06bde7db0d114c4109265da80bcd841007df07f4553d190dd02a3c36659917fed2d217d621befc272aad51e1e6c90ae3d91baf0dcee9f5
14fd0b2ab10831db0534cbb1f257fde4f331f00338fb0628031bc5af2fa3ddf4075e0fdc050b5ce560aabcf4f6e152b1719526fbece5f21be1f12b2cb6d62051
faf030c22340e6b3b6550a32efe8d8cba93fc90f06a4d2cdda5928620ee7a845da1538bbda43ceed48c7969791b32af3fbbc0fe743a25150a1d6053bd8f30f13
9f90031626a3ea134d3435ae035fe7ced51e3b86fcf5430a1b190fef124e1cede4e9171090098a67a04156cfe5d59936e49c13aa09172467a23ef4b024d604bd
3f2c01ae59d4f3fa51f4f1bee13e6ecd11d11ad8fc1a03ee030f8d49dcc5f5c83325dca0aaf7f23b3131fe95e2cbbb5c04d9a2edaba2e2efeef60e13a0f46ec1
f2485d3336054ea001d8b22a2aaee4b81f2314c7d715094a2105d2fc18d32217bef66c04c026031719ebf24446b3eb6606a49f0917bc1c38131f142fece932c0
e5dc17184b1307c1d8d74c2628da17fba3a808ff0de2073de0bdce11f9f226503c10c2fa34eaff651387dd3da0980a15f117a9e6220a4a3513fd073760a7b0ed
fe973c2736f48e0927090ca8f92ebfd93628a129dc1cbc44e9df0c03035fe961ca69fbf2ccd93cd9d511430d87f4a4b8ece9c2dd4b22b9282485e21bf8afd3cf
5cf2f3a912bb555b912e3746eef60fb5ba431311af04f9c61e89096efeb5f26575e2d1cc1015f506019a34d0f863ffa40fb92ed858e2ebf3f418fefcc5f842f3
e40b3bff31fcea15288d14fe0dde0cd0bcf1e13761afdaaa2a8e233ad5c077e5b0332633abdd46d5162ceed4e6a81933efc7c6132cb0c90a052cf50ecea06810
a3d720caff11f9d8a30fa2e6f2fc9a0e34113d4115626427a735070cfef292db000cfce1c72db112341ff8ffb734450428f9db1f24ff1c1cc844b20cbebb3288
0f065ed4e7bdddd4150eb7c5a093e9ddeca1432b3f1fb4d50f730467a7f03a2f3dd81b1a3aedfa170e0dc5bbcd290b1cf34415db0b101651ef5320de34552829
a419e602e710ee44fdecff6dfa1f30fcf40687fdab0aa4cb2a4c2714b2fb0d41c503e50b5432ad0116470b4a49112d10c1e52015f62a34c6dced20b8a3b4533b
2317fe410e19bb31e513389f07d1b90bdb11f7e14a0b1e2d1012d1372ff196134c240814ef0abfe63abc44ecc8050bc037b0e40afca42b4cacb29c95fb24fa64
c9c0aaa05ea5ead10802c70c36240201ca4ded35abeee913f648d2fc3f0dc9d9da1af130d6fbedcdadcbdf29e3e6d61216c7f1fac721c598eb412137ea9dea58
dae6b01bef3e05eaf55954cffd8f151dcb19e80b44d9b9e8f4498ddb41e78dde9132f4daff54c73677ca07c403e402bbd21c45f740082205c8d765e2f8983b68
50f2d38ef81c15e8f3e817cadae4dc040ae4170f3e2d3923f0f6ce0cf49efef0e65655d3e0da02cd0aeb01f14404cc499f12fd2326caca5d4f9c3eeef4abe93d
dcc022cd21010f530524ef345201cb5312ffffdeb8586a215d1264110d3ccb132508e1d4b71a2dade1ffd508260b4bdb132752e3b513ee11c84918d3ba190fe0
cfd3df27f554e02972da2fe8383c0cdac710d14da2eb2d99a538d9f30efb47fc00ef6f67cf983435d50ad46b27d6f5e9dae055d316e8f81efd2709253508b22b
d73af8f40b1e37893d2fca521603744dbf8edf718c17f22f1f0b32f84d3ed1c412fcc6c1e14a31e7d6d9143bcac9feb56449ed55cdcd22ebf603e83a1d173315
f83d0e6009e70d8a150ce82de4462b0dfc2c3dd3fee42618fb52c813cbb945f9a503bfc4bc6db269c302fcd349dffb1fc803de200d1a54e2931d450d124a12cf
11f341ddeb44f5ebd0f140c827d7354516f7200a401446cedcc9d7b5b9f5aceeeaa5e22c580e3a8a28062e3ae8ecfacbbd47dcdc280940020ff80e01dc08e7df
27e4e721fda563ded4da291d0a02e705f05808bbf93505ff1a1ac2e4c923eff726eed4f6e61fefc1141148b1d350260fec40211fb342acc9d94cbcb2f44d1ff0
702606ef080b1302de25db980d09eb8fd9cafe2f1522a6bc0d130419e3fc23ee29ed2313d41e420c39f627fdf2078cd05a8c3fbc53df0b350fffe3fad24b4d45
5adb11b452b392e52cb42e28b8074736f52fee05b7f8259e0822db9df01df04d253406d0e4043af3a9f41866621fe7e5e3243438cedf20db931242391e0fc024
08d6203ce8fafaffe09d430b154fed5a01436c11684ef19eee2fe329f6b91104290a1732dfc61ad6abe43701ec3617b92634fdc64c75331639d7e0a3c7cf27ed
3e40c7f1f5fdb0e70395a2f832d6f2a8dc193810f1e7452fcde8de8e0868e092280b230534ac23910bd79dbdfafbcefe01da2df1fd10faf8bd02da31abe34413
d4e711480f1e90f902ef29ddb31007ec20e5e2d3c5ceea0b44e4cb5e06fecb192cfe440bfde166f710f12e42c8e0fa9e0b1ea309175bf5f5e6253e1debce53ee
fe414bfc1546d0b030aaffdfffea5bd07f3ef5e145f4f793152700dc0310ad4301d6d9fe17a4c4a0303b0e0abe04d1c60ddde71d961a25f6a2df225717fb2c4b
b7150ff217f33cdc39106543dd2ef0f0b822e019a8c025efcb72e34352daf83d3c092ff5db3db0ebfcf911e2ea06e31fd7aee0f45a320a31b020c7e2a4e608df
d2bbd4fcddd42e1c242120cb34362cc60d324bfdd824331cff0f59153dd8deaf08051bc82e22dfb4e2235cfd3926b8200723183f0a17ce4004a6edc6293832fd
a7fff622cedadb1b03a1e5bccfc327702c9446f0fd4d25bd051604cc085212df01e01a06f132fa18100836f432e9ebde2f283b235155f278e50ddc08f036cdf4
ef0d3d97d9cf1e8ee002050a1ad7f54dffdcda7d0e3cfcdc3a72f2fcc1b80bffc651daa0d6b4121919d6f863cd0507fe3bf9f80fe0d82b23ffe3dd27d0f832f5
533badcb274016dcf8032decb3c5e6173deff71232161d281da2feddd43a4ad43d0fbabbab01ea28681ad5df7b4eb69cce1e37eef4185238b9116af458fb1319
fbd8babd3bcaa71a92c5433b31de107a285a7b1fb4291fddef26d9212dfe2f23590d2406fbdf7ae602d3ca60291fa5f9539c01cfa2993dd9359dd53ef9cdd815
05bb04c2efd7c5e546be0bf811a3ca5ccec960cfc044f069e50dca1ce1459d634009d1faf80933fd12b8aedee81ec798e631eb180d1531e94364b829fd501f77
f6ecc4522d41096d09fae51be7602ee1d3f0cf3fd450b4e7691dceca5a022198fd41343fb3e6fcc219e62eeaa511922af635fdda4001ed0c12101f38081f4ff8
99eeeba04143b3b844e4bddbc329e72038e3ccc7f3543b94342dfefa38363fb79fa5bde3d2fdfcb91c9de026284e03594d30eea2cb0dc151241f0ae9f2180c03
cbc21cd5673ef0d3f521d3dd1138be183e647022e7ebe6e9400b3d0602e9bdf9ab0019ddf540310d2723f7e02524daafc13bbc2f00ef0547240e07cc280746ac
ffb04621a717161ce4bdd6a839cc70ff2fec3acaf74d87e2952f60f4cddd95ae17e55afe03d9043c08d7f1d45518d4cde135ead9cc2437cd2f36e4d64e752ff5
9cfaf89e111cc2bdb621e3e5e7492338ce38d7ed18fe6142fb092df41a04d55472daf9eafe2b6f3726161ff8f9e3f5325ce83c0462a9fd2e0a0f2a052c03d611
e6f2dd06d1011bd2ce09b8dbf7c7f30fe3c71b9cd7ab41d52521dcf310ec522310d839bdfb49462d36442c3509fb2b113ac206c0ed5d36d0c31fee0a48df0edf
ab9a0318f6143aba66465d697724f4d83e02d90d2632e304d3d545e8f55d18f6f571170f5efa9ebdd8c6f2e13210cff71b2957995bf4b4ddec36f5d9ecde97fc
f5c5e360b4d460df0a0bb2cf143dd7b2d7b6c7a5f256abf92613af1c300c00b0e818ee31f45738272fe006db1a6407d6ce0405f2a5f8c74934ca40f71fba46e1
39f7d1d6e95950c20025eda1e7ffc737eaf9c204d56206c21005d407eefdf39edfea53e0dcceecd0ea08234231cfdff4f40426da1d540cd2f9e7350797efd801
31602ba7fc2bf61e5bcf0db3e5441d1125d6e6040a1c19d872950bd4141f14e3360310a4d9edf72ef6df2102360721e02e2235eff70f1a9ddcabb3c406d70df4
c723e334b21b5db7e3d0fa5833235deacb3a18e52726fe4daadf2620cfd050a7d2981ccc49fd3e13f42a00bfa445fb2d21223840f5a7b9fc39daf6256d2c15ab
003de6f2b63ab412645bc92cbb29e4471504e9e513f6d2532c1672c3ff206b6cebea01eae61aa40220c8f35952a5000cfcbf142affd0c026bae8f5dad60a03d1
3f02e7becd3fc9e1190f0839fb6935fd50d73768194f00ec07c9320410cab93e993a0badc1e104ea1236389df708e4d8c113f701f20cf6d59f972c66f711c8cf
0374ed2221d138e93bb95ebd32f8e7013a5b10e412bbbc6ecfe307f3a11396150a15091309a911de0ef43155230d3b4fddad64ef090c6ef7202a01d1502ef4cb
36e3221145f25156ad15b129fbb51bebe6368c25b7ec23e5f6c6f1b8fbf1fd0a0452d73d595add8b2142c206d9b0a304b81bebccf1e0efbddc31b5cbcf369b16
da23a739efe8ddd5e25837133ed4d309ff38f0ca2b62e6a13527ef8cfc155ab4ea294839f1d5aab236c1117d353511bdcc2123e8d2bdeee5e8d73c2aaa5ed30c
9195eb000351c5420137e007eb36ac0c1125711d380d26fc0cefff054ee500004fca63b6010aa2e5fd37371b12491ffbaf1f3ce4e18d02b71cf721cb05c95221
24fa23a3d391c2f9c63bfcbaec29d958c12dca19683d0bc94556b5ecbf50ef4d0d21f7eaa7e8e509ec71412eb80b523f0b05e8e5c7f23fa8161701d744a53ed6
ea3216b6e15c201d0a324ec21dfec128ef39091f381deea843345f1af3304ae4ec32d8120925390a1454020ba36dc504c626450ef22c0728f22dd0084a5243e4
dcf4fb9ba9569320cdbdc23b2a0de20c55095e0c38cd1ce0261e5d9a1a94bebc03d1e243510d1a4f54efcc42fc273f32e01d4b30cec145eefd422627dcf63625
aa4c1f4e404f89c63bfee91106b1b5aeb5f729353312a6d8442de01118d701e100e41726a425ced503ff070cf6fbb712e64098dc42fdfb2aea1fe829dfe3330e
e036cf162de52a2a0adbb399e0aff30162f613f70108ad3145251792b3e4d825e3a202e8e8ec99f3cb361616ded72e423e29dd3612c73fe0cc3ba702b5c93dbb
cec1f7d720d3b54af6a73dffea482bb9461be0c02d3e0446c354c7d131fd121708f6f3ccea14d166ebf90c16330f12ebe19e15464de4b4f0091338e3320200fa
e9292d1e036eaf5247f9e99959b8fccdf7f429faf10a6cbf2c501c2d40c1bf102db3c3f30641d6541de120eb0fdcbf65e9452bd2fae7d4e7baf498112ad39b3a
1ff6d727490de8a8f00316d1bcaf4fe00fe4450bb0fe1bd4191443518cb41afe27fd4aebd44de50d38636d5dcfe26ee713e35628fdfe1c54a3f50e48d59f1c0d
5c112732e5d3a5efc3faa0e8150bef2132ce0c122f09194aefc83242d384bde1c020f1c260f0ebf2c51ae2bdd82e58ec543024142204571c31065b1520010d4b
d1f5680a0903a50024dbc8ee08950b10a78f27934af504bca93220f1c9000146d8f232dbe2fad2cee5fc0d1a0818c301e26841a3dae4ed2eab070cea2face8cf
05f19ecae7254294615c0ee30e343f38434a6c10d2e4e6e438f70606f51eb4cc5132ed0d3214265c4fe561224904d54513ea3fc87604ab012d2d0fd348df15ed
c347d21b9b1149faecb50b38e529f1dbfd1df3b6061b3717f328f6a0d9b6b9f2d9dd3c42dd28afcca1499c263b1fbbc822f32f0bc9ead5e3b4acc4e5d84426d9
45eb431dcbd4544bd5ffcd53af0a021742a74596a4d1aeccdc01bfe02bd305d6f545280265032cefb6d555bb3ffb0e0d03074c31f914ffe52ffd65ad3c464f52
56e4bd181ad12231c53a9ecd10e0fcde230aabe54d071bdc84fe647ac9edde202e36abe2d41a6d0bf8f8e7d9e7c26eeeded311fc092646cae7c3bbc1e03ac510
0b281104f7f920a4dca5adcddff3092826d6206456f178b4fb57dffe15cac7280f431d0c5b3eb1dadfde53c528b7d6b7f50beeae25a9f392a0f901473a481f20
a8e0cc1d132667c96340064e4519fdaafa26f2f4fa54f3a70ef836e7173eeabc32e7f8f510f606e63020e97efabc31f4df3c043ae142ec23ff0afa2b023a230b
e912f0f54ccf2c02c1de0217d5e8ad2e09d60af9e7c4f0160ccfedf6df3fb9bcef4c1d58172752763fe1410a00fed44b9bb0e1b3e6d2fb47db10fb1129082ebc
25419f041f90152512abac280d0e0649d8f9f25d003d1aade2f3f2620bf50626fd0ed50cdb35d42fcea3032ae0c8c62133e5c43040c91f0fac0c3007cc042cd7
42c748fbde1a3afbd9151dde2c482adb410aef1bd6ebfc4432fc02c89701d5dcf714ff03cf161cf215301caa61b51d48aba7c1566e6749a4f5e6056deef92af9
c7770c1dc80bb8ddf296b88decaeea210c443cc8531010fd21c3e5d1fa1be2d173d705fe36594ad548b90f31f517f7d6240c3ce842c2bce361b5a30906ee1310
cb1a303626f0354e4cc019cad2faf83101d00328f30c3bae68ede4b7072ce6aade3ffe1ff0143d9eb3fb192c020e16f9fc170bfc3d0dfd1818ff0abb061731bd
07f647461c29cf9f4db816ed420fb3bed51231f86352ece636dafcec3c94472de2e1232625f7ab152eee1f342d47ccaf10285f71050f0c01e926091e36eb2cf9
f5122eff1f1c01d2994039205a05dab315cd542561fab8090d0e21ff8d91ded8e2c5ecccbee2f770f60224b22edcebfddbf4dd10db0d0901f0eddc0ffe26c96c
e60f9edbf41149e29bc711bc1ddb38ea03d2b0078a03372cb877360d0feb1cc4a0a2b30f703fefad26f1632e7c2d95efcf0cf2ae0701f3cdf7e5c5a829471013
fbf9f5a4d3530726d611ef47d4231996aad01bc6c0ea2307d61033550bf3e921e84547632e31fb3fbb420bee01effe5fd1f752c609e7fcd0e00aee3963e7e809
51edefee161a01af6b2ddceed4bf6799f5d7d8f80ba31fca2abfd1ddc1cacc09b6e94319e7f7180760be49ffe91bee012ef7a2e3eac8c1cacbf148f2642f67ef
fa05beed1ac4090a3c22fcf7a90f1ff3741d3390cfcb229be0d4e4f1af32a8e249a3a0c80effe747becf0c28164201dd23def504b4c1d4d111d32d9fa562edb7
a6193f4ec00de62b31f02cc9ea1ff6a0010c1521ebeeea160b2c1bb1b4e434b02fe3ee0d94d0eb453beee858b05930faf0bbece0c314cd4f4c0cee34bd1aee1c
ca260d28f73ca9131d211d42380616fee7cead023e23ffc64cdec502a71632303b2418ff98fcdc45b693ee0cc34908d6e8352bbb2b32f9be33efc2dddeb0eec0
ad05c0d21b2df942df3ed838e52e3300f5bc5bf75ce9bed6f70112d2e5d717a0a6d41c2aefe7e6962414deb5f7312b34d0c476e8e6ee251ed828e0ea0115c331
03f9c60f15d642fbe23fec09eeeec2150532375a0af8f65a0ca20bf9ad2133010a151ffd230a28bcff6129ce65c9fbfac10ff2edc3f84609fe0232db1410c89e
289df9f9cb054408fd01fe0c3db13dcc0cbee848300fbc972b0ee932c436fa160c33573aefdfa2dab98d4a3ae711e7ebf949b6d037d0ff49f6ec00a2002de936
bb040bdf15e52db1d8dbd6cac9ae88cf731e0a67f2b5b6b7f16fed1cdef63d48625054f60ee1423e06d9c5441c5608f42bc745d6b67210233b110cfb4dc25509
d7d09ede581902eaeb16f0d83a5efd9b2ee316003b42ffec22f702bfe546f8612a575004e8211aacb5e00e06fb54cfdd02eae722c6e3d71008e63ad2b725b236
ffd803c4dd574aa3def1d5961f8dc8eee110390b12fbd805d645f621e4f493361fe7d6e80a01570c0f49ad12e9a9e13aff4d45ae2bbffb24bafa0cd81efd45d8
1dabb6d6d6a1f61eecadfdbaa6070116d5fd0b3cce0bf404eb37d9dca0c0fc14ffa7e9d441fdd027fc8e46122816363fb371eab5fad4a7f217e44e2410d413b9
4716f8fe50f659e5ac4b9612461ce618e9f6ea0c623163aece5a33c636daaac26cf0065efb0e0d4e045819cd023cc6e8a2302197a9073a0ae822e1bbf021c03c
943c2be457fbf90220d4facee2e8bcb6386207f42b295526d532f39ecae4e748e827e52fd70eed0b9fa518c9fed9f63f5cefb4ed5c11abd32d1ab97213dbdfd4
03652e071af6561231d1f0f1c6bfa43eebc0d44d180ed1fafa9cc31cca30c68fef241e3dc69c3d19ded2fdbe0df5341fc72eedb5674aa658fea29ae7ff850029
9d07d5481b00fc14b89df1f2e4ed09f9c7c5dfd638a6b2d9e57072cbcb3b1dcded330bcbf54591d5f65b171d47faae11361f07d011c70253f2a8b8cc05341408
3a1a5ffe1138cb2ae10238180dda07270ff7180398b534d2dc23a1feeafee4b89df120f4c4221c2fbbf8ee3cab19ef10f423fa40ef07191ffe16d8921189af14
4e9ac71b57040536eee3e70ed452e3bffaff433211e83fed36ff23d3c64e5737cef1cac81dc95d1723f6eaf3ae1f70b42aedffa6efeba64e313bede3e7c9ea07
1f10e6130c63a739edf8e920ddbb4fcd0944bf5c02aa6bde0daeffe21b9befbe18e2cfd8adc3ebfb0da23c036ffcb6e29f116bf74205d1e8ea16b8f1b4dc3ebe
244a1109e8feee480921dd1bb4c3cd1432f421bea3c550f94022973e06f2f944d0b6f838dac0f4d1ea43401d18fa4ac19c5702cccf4fe6fad6511ea74f0e1ed6
4d614a192926ed55df27503f2df2fafaf7c2f2bd41c7ca54c905d2deed001823bbd18ecfb8224cca15c8ff02d8c5e72d9235acf2deac2d998e2fa366c29d3a12
f7d01b02ddc1c5c0dd05bc28d6a8be43fd16d71819f62bb6fdcb50dbc4d4bedfef22c4190fcafbde6c1ad6adafbb171edd2a2de817643c8bff41260bc8c3d628
132ca3066cf5475f0c40111b061f3d3be11ef9a61a4a46e1f6e5c431222ef39e194317411e430c4b04e361eb711d34eee74835455202c8af21ebff18fde0f6b0
a9b6cb1a1ae654ba1cfbcc0112f3280ddf2b01aedf3129f9bb2d8c116f479feff2dafd233349352a690cebcc420fe6c060b7d72dd6ce50cd192bec1513e7eb3e
e78e1ea6dcd13144159628ee2bd1f42ab3b20c16df4b0b1209cd0c173aca070bfba3b51bb99f0029e63b0e0e19ef27fedc6501fbf0f9fd0fe00a2d0c3d07e3d4
c711107340f81a29008def993406cf6af431cf23fa2b21e73c51db0b2c36f6fffb0af2daef400a02e1a6c9a3daedc1c22afc26fbc70529aad2fef84bf00f0646
563cf1e0090cfdff03ebc7b61ae339d5f44201dbae1cc1c8bf1d5705ced66166f158c0d2e54deff3779fd537a701481731e74f0a32f7524703ebe432c27a33b0
1449d5d3b122e0a0e20e2117200f5702bbbc418a0b1b2e3e9af820bae2c6389d5f0f9c29e91e29f4f2ff1c270259efac9ac9edd49ecdddf016d31df6fe050bb5
f9e829593cf3f03565112b3827f131cc1efeea09bc92e01823be1ec9125f0514231bcae451f4b054eaad22d7d1c5451e150ecaf521d3d1eff7b0181ef1efe5dd
4544ed67d4c2d05cec3f58b4d7f040300b28460dfe0831f3fa13fe64fd0cdaf1e05f22cfd3b73a1ab1e962de1dc12025dac0b5134466efcefec1a24c2ecc6ac3
22dbf426d72dc0ade8c93b4a0fb6d789dbd058191e04e9a54187911bfef366a40598b61b415044f7f5089cf7e33008ad042a0dfcecbba59f031ae7102751dcd8
99f1465ddf7329866af389eb47fddeacf02540a6030de6291f27ed6606cdfa3be31cef4c30ff18cff9e863fca4f5fbf2cbe4eeeabbe14b3aac1797f309514305
1a48c8ea41b51aea48c21e319d5b4be0150b03d827b6d4440b1fd70816e8cd10e81f1c56e4410b1602dfc3331c97edc8b61c37cfd11f1ce506c4f6d627ccd1ac
72082e2e2cda2817b5fcb8cafe91d955b6714ff449ecd4d8234cdbcc1f55d595e7ceb8a5ed440237fe47dfe09caeb4124a06e1c92ada3b29f95205c3ca101460
036408e71e43d4cf54e02a23bf0ebefbf3e0c7e51212424fd6acdff0cdfda6cb0ed001db9e3d380142ba08191a32e3230a66a6e200dd0a643bed11b4b8e8c740
182fe32c34e012e9edf4f8d72bcb0b202507c53b3d0d0350f90314d3f0913d0860e90a341658139e53df2231bd17442cd0114903e5ede6fe01c3e4c7ba163de5
303537150d172121fd9f4039b3ece8fd2ec5dfc90e02d6074b1d4958a91d2ae9cb0fd70b13d21bf8e35e69130a22aaef3f5409dbb302f16c22da213fedeed238
e567e2b22ffa1f3ad3f3fee0defeb6f56df121e4b8b730310365e11bdab5b30235b217d3f3b98cfa0eef2be81b0ec1eff0e646f7cc1f2ac30f16453ab425f8d6
d6aae0d1e0e2eac265e3b2d8082eeac74801dffc508dee32622ed04a0019c449f9e5570dace13b70ceabeb2df5ebd131c6b2ffe23e09e622b317fa0a01199af8
fe1c24ecde90a0e8310ef4f6cf20a436cec9168a24c81ab4fbcbf2f4dcd625e19ce2c6cf720f4d106153101eee34c2b5422f33e4d4c912e140f8c37a1ef6b291
f9153e12d71efd074bb944232ffbf6ce380ce4f7028fe6250bd0dd38180422ab08e8209704dc042bfa300241d10a4dfdcd8c77f7d2e6af4948975fd09cf0dc24
07f4450d0d7364f914cad7fef26be570100d32080c14f6fc2230e3dde840ce0115bb3411f809af5e47dec84518f3fff024e2df4116ca64f7300ad5d52cb994d2
ae1efa19f535a21d15dbacce32e99831ffb4f00fce159568ed177a54b2a99408d3e723b9d648025e3419bf461912d608abb90e330b0908dde5f442bfe7daa918
3d1c68e0d4004a3409bb1e37bc4cdd400728a2012febcfdfc402dd0454ed01f605dbac6831e1b354ede8d54facf045bee4fe732456e4fc03f0d9e6d741e0fc73
22c4fdd65548ce232c3819bc5edcc4a827ed093af413c6cf2bf35151dd94f11e2cb82172e70143ee1206ff08a02914e7f5343dfcf517cc3340332bb7f8fa0ce8
27f7ff2d08f471ad170dd9e5022ad914bcce10f80def4456f9fdcb1258f83b43d940eda3fa2d1600f3ea0ebf90e819f1eeccea05040349135149c5080aea15d6
190c13201320463cf6dd9a16aa31d966b2ebdb07cce8ca5548f326e41de2053217f8bd2109c91bf3ac03d51e5ffbcc0214e9ef9e5813b7af59c4f813df0317bf
dc25450c14ea55bb37b8a942a00c2e1c684a261311ce5fc4e5e0dc9c083d06fcc5234848c0170c4e26e44c48f1e3d8fa131e424843fd320a4ef13c5130c5f7fc
f9e6a6c3577bf4e21b3415ba620e5d46e3c52e12fc2b890c2900d434fed81647c335d41927f8184c1fb1efba4f8cca2d631846c21d4566c68f015d1c1497ec60
0036199dc218ddf3a3feeafbdf1d45bcdbfe6908bedd18e4564e30171be7ffeac1314747f10c56a65ee6d4bcb94db5ee0841e858431ee20f41eacf1548251b35
4c1b342f25e0f2498dcebc53ee1d340b4ba550114b1e3cc7f0c528ecb32219bad868ff9a6d2d34cdaf06f3e7dd2ad8f72510d72dbde43f3e21f0e31698360b3d
39eb06d9224cd4515303f4fd141ef6f3e2acc3c0dbd80dea21ed44fec7de24d6f54bc3ff76fc5702df24af2dfb040300b13cf05cfe1126fdc3f70cb5f70fb112
2102fb1cbd1a1434c64c35eea1f9a7a532cccdfceb0ec4362f0db636ed26d3d443e30f2a25c64edd5ed659ff03fac1e3ac6127f8fa1f4b3ae8f7fa2b13172cdb
ec5cab1556203dec9dadf8bafcdd03c2bf6325062ccba3a2d9ed9e9f04efec353d510fd4f919d02fdec5b503261eac06453872d70948d73cd62374e63becdbfb
cb16f64c89fb4f3edeffae7506f306dd644fd023d7345331d445f9c3fd3eebfd12efb9e3dde14ac9a5a9fd4abacc150b6aaf14b3d6dff21fed16a2b7efebf903
c046ea013a2b33bcfff827d15df6d4f01359d04207f425e43c0353d856260a4916f2360d1bf19ab109e65d0b4d485efb5cc5c9bcc5e198bfc0bff91b6823b4bd
f4f9d88feb650482cddaed1003efc1f739f9cdd9160bd024eab0e9c2072d4cf8ed243a2a9711ed3db623b6ebfa29cafbe5f8e9de18e72acbe40d7726b3ec1d07
d946d372c9b40d19f8092b710d322df676332d05080b9ea6f6dcb6223222f655ee08cf26f1ed01ff1fd76af61a2bcfeed91bd3d91d3a5f20c906c4fddc0dda4b
b40010b923fde5e8f3871d02f6e4a92ab73f5e14ff2eac2225d8e8389123fb4ed942f73225e34ce3ff1efdda1b99ed1cc7c2dc5910b311d3e2f7e20711c30edd
f60610412ef0daf806b5f01105ff30df06e170d209cedd5bfbf2e60cc8a21e3ebdf5eef7fb1b6df70f0c08f416d4f400ca04443f67bf3d0ea3d6bfd40a5059e9
26094d16254e48d1381f55c1754ec32d5b13b1f52be217b3fc422a53e5d318d5a016fce3711cdb07f8c8a74af32bf421535617ea5850e960f66310f5292a054b
10da26b4f739bbfad5bfc8ab3955e10d673f1d6132f91c27a2fd1c359a0b3d3367bcf724c0c2151e39d233d213f50dd82909322736944789af09321013cc6806
592d47aa03b0f1cf14f0f847b3155338f6414410f35507c905c4d6e9ea62efa4e5fe02e328ffd0f7d8bd4f91e345290df00902f7052f571ff54e16c407bea918
b8f9d82b28dde6f51fd2a5274e98e8fcdc305d2215b9271f2808d12ec92e9a13d84103df57f61115d6981e2812151bdbf81f2992e5ae3b92f754c94d51072948
2a6cde2a4c521f03030fd21138b8e9244150f00d6dd0c3d2beb7c8220a45e80308de1efc1368f0a00be6b953ef1721dd030a8dd30bcfd2e453f95404050fbbfe
f2477234f6fa2b013a49b5070ae0f7baf31bf502e44ef16032a066e318ba1e2725e9252333b22ee7f3311eedf6a63d0bfeda45fa8ccc1f1575a9d40de919da26
04c61e354fab03950ffb1ced0606cc0bb2fcf50b5eec1dbddd25df3539e042c650c0f705e711f2f0ea133caaebfb483530e01de255c8de407208e4d906ebf3c7
07204e32dffdb9c9de2feaf0f7d51f09fc363715edf158489759fafd12ea98f72ef1690306f9dfa4d2219f18f8243bd50ff51a86f502af124403f316c4133a4d
b1cfe0015a15d0ce18ffffe52688322c0c0feb97fa6ef6074abb5a2a2335760b562820423abd1762d9f8b6bad5e6f7ddb8ce6156cb125337e8351505415304e5
2f9fd229d2254e19d2c1e319b1f56434ecfaa448e1f0010ee4b202d11b4ee7d424355c0c38d51e25a4181edbd52ffc3f1e256b3eb4d132ef12e1d8c9fad9da93
0ede20f864bb09f3ff05121dd6deb05303f4ceb8f31cc4eb12384362beaac2e2ee2ff215d1d9eeff19d9c997b7eab622cd5220eb1febc4dd746001b8e4a51fe5
b41a31260aa8f5ccc821a966be1c73dd4c12ff90f13f2122f618a558faf33eebfe36f1f9fffe0ca7fe0cb5d82d5eb21d0e184ae61dea51d7a4d9f7d5c14c95a6
e01513f118edc91f21ba1056a9edc3c308eccbf623d4cbe1b9ccfdf53daffdfb933ff3ff0edfe4c90e2c29bcf21e05e6d36610883223ef062ed51776ac1540cd
50e5e2d0d948bf04e9e8c92d911a30f755fee9adf845668dde164df1ef0a16f11a4311302084c4f4dcccc622fb542500dc05190315ee41e2f8c12c4bd41a2e07
d8fa4a0afaeaecdcdd1ac1cd1b4a28f0f12318efeed7ff9f0e2008c001f5b546df286d0ece9e38ccd209d827f7e40aa725ea06fe4c2fe6d5cc2505d31acce911
dc10fb5f16c2efe0bcded8eee51cc251112bc419c6be14e83be7dcd6f54d20ce63dc1933ff53f04cee27bccac9074725550fdb0b6fee22e2daba02c63827c206
eee3b8f4a3df2c26fa17c8c11c2a37c6925ae7c5e20326dfd511e7c7f7c3e010f122e2a8d915e9450c1fe15af7a61c151a4425c4d9e057ca5e470210b506fc02
fe1d06e92e4ed69702bdea141c5fbef79bd9bdabedc1164c3b162a05eddb23c706cc19192e17cb4035f309b1d7dd1fc6c0dbea1d19b9261a18f8d6e7f365f923
08f720bfdd8843cd093af2f602532806a2e81ff262f7eeae9ee147ed41e9fffa2b0901203f391ab7ebb73512be310b09b747ffe7ede5cd315cf14542d44bc4d4
4f4b34432048542db42ff4ccdfffecddf7f5bdde153556ed3f1e28e1f0ffcdbe5131dd367a2e4dd6fe2ddd2a134baa64e2ebe22c595eee11744ad73cfae5db25
e8eff027b138de17fe4755d4ece8eb511355074bef06f21ba4023ec23bc6d4ed45d6fca065d41923f50ee02d06f1261242d4f1ce25c8e9e52ab00b4c54dcb70b
f132d5cc0ccde5f83a2e0309fc05f25cc10e24fbc7e12faf1cdc30e2c0c132490d6c0e08f5ba19c80d14cfd4f700b2ac36f7c00d12fbec1154a7bbc0f34c4845
3cd9b0edcdfa22d249031c1c252de1a2a69c82d1c7df17c751fa2d4c0b971eba3b3bf8b5b81fea1b592509276ef5fe91faf94e8f015ad8b7c1e407c9caece2e2
01dabbf54466032720fe38eee6f1a32c0b3fc513c026afc4ba0b1de54abc12f21e399406e1edcb3a26f310afb118c7e31ddc02356ced07572db1cbdcd76a2318
41f7e81ea23d65cf5e271136e9b2ba01e4e72ad1ef23420eeacdf53e24e1ccdfbcdc2ff62ab007e317fee9bd0e42da35dd9421259049122aea120f000e314215
1ed20255d0bcffe6b3c1b9ff2817bb503cb4ed6437e8eeb536e025b10165b5c99c11cc06c760fa50c1e403bb2cd42afd3c53c61603dae9f6d22662fb25fe72cc
c71d34b1c8323802abee0b40de2abae7f325d7f9e50017fe46120a51103a6374b5d737122049d5b4de12cddfeeb4d5d83b66cd61845ac30c1cd361fc3b499a18
36ebe6cc09872d6d239f0956cc143af231d937dc291546d4f4012024f103c3b52ffaf6ebeb5d44d960fde2dd0735fcd2cf54eb130ca0f41201b3a1e658242d4a
b5f7b9c9db48f6d125f51d01cd0faf32b65eb3c21b5740f900c20abd2e41dee3b7c220be2adef1fb402bcccfcb4d6a0b6b79fdffd6f64e2f6446229edc511c2b
9d16cd5003c4474f132f2208663ce4f2f20fcae83af1f39831f64a973b1602d23ff2a804dfd1e128f120cfcc20fe2b26ed12c9d52bbd4f3ca3d901f2e8d7f2fe
0b6cb41444c2b3382ce838910943dadb031d4f0dd7d808f35abafc0c3ff2edbb5ebbbd1165a06545f7bbea5edc06131e124012be7918c5e2fd97f2bc24eb65bf
aeb3d7c7fd061ffd2ebb42b5ee14dde722c736f90c8ef8b1a841eee127eec75022fcefd80a5a06cc47a5d255f9e19c4a23e6cf28bfd3f9df1308c7df463860e3
2bf6ed1ffdd4f0d7b9ec48a889d1c2e0dfdd5ce21c4bdf01fe31e4f70d54e7f5cdea43d3e220d412ef0449eb3e3f4b2a222407062307b733f103d91115eb5afe
d215db3de02dc9bc1af01eee24b15121f8a1a3cc0cff1283dac9a849fe3947b5071ddc19f3ac09272251ee40f126234e3114ea172ed73fccf7cf10222f1e31fd
cf11de0b33091e1cef1e0903f2aed9b573aeed02e16acc5be6a8b1d0e90d085827d82415ffd7e91901fad4c305bbfd270598248f2b3f5fbf994696201de13b5a
c3d20de2c566c209c8f36644074d2af4b9faf5552841d9decbc31e195f20e433b4d901d31b080a166413356611d1f26c3545092f103338f8cf130f46605ce476
254e26f54843f0e22af1bf64bb0bb23207ced9adf3cae9d39c470600cd080ec07cb569112e2ed6bb3913f4f01d03fb16ebeedd13fea50ae23d244621be002bf9
030922fd19c2ec31f6ca0746f053e41c6bec05b66cf7b9021fdeec2d31e50eeaf6480655f714e6c3f91b0d06ac0ad82f33f2ce12e0d31aeaf0b2df56dbb527c5
35a81d03efff0beaed33e820d675eb013b0c428cd9fda9c7b3f61be51ec118a23415ffd1c1244de3ee0ef0c63204424cd4fff9a83436ec112fbf16e62030ec32
5ce6d2fdd1243bef1d941d1a32d34e251bf2dcf77ffa1e0a67db51c410533ff1ae61b9c27009cde235dd5f4a11b703f10318e0eed9e4a902342056aa5bd80bfa
fbf944b82122f2db120e13fe384a4ae5f4fcf7f41c562f2ea1bb057107ccb310e04b0b1bb7ec0d0f0eed3cc531caf9000c1ed8bcd6ea08d8d61c0c4d993352d5
ebc8df3911d554fd08be1ced0057e9e31b0ed1e438398dfcf9391d1725c614ef2143ceed6e21d214030e9ce13bd3d50bee249c59f8b61814395331c2fb00f64b
5be3a3080c46b3d05dc661fe37d5e9c9b8d2e1f42c082d0bdaffb2f2fde516f61ea2f41da53310379e02fc26a847250dd86d79f8f63ae3f41b0540e71993f73f
1a27c9200a4bd1950543d0b7cab4ef37df030ce6f02332471ea83dc2dc06e7d8d0d6fdf1feb3685626cde239cce656e635a3d305132421d9dfd5deb936590bf9
3a63343d5504ed13a8dfb5221526f4520b1d2aeebbbde8fbfaf244e7b2f435a2580cce21c4d7461cff06ddda0c01bb3978da562e3c25271ac21356ea25e34acd
47bf40ef6cf309f49621fe19216e5c32440ccadfd1dac5ec152dd54b1ce707e923f9f2dafbcbd5dbb6f8b934e1eb994751d82c44eddb3c3c10a45814e09b4f2d
bb490d3eed424303263e18421dd315efebd50d5100280268dadcbb11e82c02f5cc95ad24edd3fe20e25c09543742f8ced730998b02b1f99ab21559f1cb1cbeee
b5c619f4e7f018d0143eceddeaeff5fd24ddf82efd32b2383f2d30c1fefeb89019e41e34221a09d2ccf9442de9bebddf111b50e921f0070c02120dd7dfd412f5
d01de70b02f0e7cce63011b1ffc4edffd1184de8d55c76eab1940cab10e3de05260c273defe74003fa1bd083eefeba0eb60dfe9e4424e6e90de0371ee4fa0bd0
cb582e11473253a1d00ea922ed1b376ef8acfc0ea901e1e756e10af2f3b63c4d14eafbbb8c19d1f7e3cf0ae50d5b43fafcbae7f90727203a4c27d0f403b8f698
0bf249bae8d9b80b350bf409f34ee201a874b7efe700af321b002dbd08fc3f1e37d9fa9e1455f2fbdbf819e3adbfc81afe0a374cbfe0332ed5e6ed49ac33cac1
0d2ee503dcea2d1e05cda6d13814fccbf200b15313bb62eecb0655b627cfb2f0373e136c543b142ba7ca83136cc5f52039d15942d69fea1b01f6bad20da0c948
0d015e15f107e308dc00884112d5bd0e320820e14119a1023dc9ee8e58f4bccc6206c115f20438a777e718c5c724bb231c5814a8eac5e1bdf1c1cbb1d1c4f4ee
bcaedabee1edd3a908c6f5f91e2ba848b00b16debeb7b2e3febcd43ca90bac31fd0aa6e6364d08b4159857fcd3fe6a4241ee769ed91b47ecf4f2dff1e4290dc9
eeb7c4e5ae02bef391e228554e6f92faf413cfd90ed4a347ef5a3010d4da1fdbe3dde41ae110f815f4fe111408404fefd7b0e8d428e5e1a108c8d3939c2738bf
64f529c22f21cc442c2c3deee420ac22f3da3310db0f0c0aa9172c3c2103dae327f9d4dcf6b40ec40fa1cff0fddb04f2fafb3a016edd3a0e424a14f0a81ad963
faf014fbd328cc0638f2ea38ebd1664204f0a853e5c04de741db165fc6f5e407d1a1f618aef71689b8c22ce936cad8258f4ed233ee75c587fad68ded3753f528
04e8cf5a21fec2182ef6da35c305cf44c60e4bccdef017f1f903f64a19aed8de3b4f61e4f83c324bfde73ff2380cab254b144140f7abd6fa1801f9372310348e
332d4d24f12801161df4b3edcc862e1617975af6c69c458e4e12ec181bfce8e29117ee33fd19f3111b3d9f32a4cb26c7180fbdf228f129391c282f3098340333
c6301c32ff1796d0da48ef1207def835b4f9b441df016825b84e9618eb9eb80fe410d3e50670b8c3f6484b4405fe6c320e1817fca81b975f1cf9151cfbe0394e
151f53f5b8c704c525d002d353ccc592bbe70aede5f450184f4e0af93025dd912f0044dfc8b2ddbb0601dd1310e3f2431bf0e0e91613d80c4c4cd0f601084eeb
12de49f403f9f6c8e512f234d0ee31da4826aadd14e04125ccd6f300f261adf322c033a9deb8253054c7af075f1a175bd0a0e28dcebb11c43fd65c25ecd11ce6
eccff0123820476458b23620f42439bdd1570deb07e534d7f3f6fcdc642cb919253a09e129030a0299b0199fd8ce5c5829040509f554ec9c0108e81be94050da
473d030e0a5e3d10b7f8298aec2e25b61b04fe3506d0ed3b17cb0d076bff5ee5334673faf5042a333e061bca65499d9745ae35d51d1eccc73de6e337461bb50a
51bbf310c0319d0ae01590ed11cb24e32205133603dadd3b6154cb2d5df53faeeeb9b82fca62e3e4609e0eefebd7da8abfca1018f010d6d395c8e549cbef49f8
212f0ef293b20d1509f95cd5329fd8fdb2c6f8cbe326f11133d651e61fcc11b2170e31c5b25a9e266c4a1c9c580122c0e81b4f3110d2228cd3eb5b12eac429f2
e9a62c08effcfc05208dae17d6f311af08660fb6047b195504faf896a9f73ff5ebc29dd3e4c217efea5cfa57f6f934a528f1a9d7d34dcb2b9de19611e0fadff2
edd0de4807c7b201bdd65bf5ae15e14f6935e918113af44eff4bcb3d27d893b54cf0ec186956f5f9842fd952f52fd72cc9f95026c0ed08db24f71505a718daf7
df0aef873d1339e3375ae2d32308c915309f7dc2150ddd47d1bab8ced212cff3fc3bd2be343df4c0cad10c0437bee5adff5551dc92dada9f8fc52de627eff041
d0f60adb162ec6e3e6534649e9150fe302e614b3edf800b56714ad4e24110ab650130bb99921fc1afcec2039de0226ad16d4b0b20ae3382055fcbed5e00ce910
36f1d2db2b06de5d3bfd4868118bb933f6c1bec6dd5113e5cbd30a17270ce51e1a34d3142229271dfc04df30e21ef99a0907e6ad2b1c55b3c9609b339f13dfec
1b0ce32c31464c65c10e7841691a49d503e552ba44a1172eda09b62b13d20600debc494b504cf21504fabb060a340b6328721fd209f51eee3bf84fc8f7ecca8e
fa2e224b3ea6d317cbacecde4ce2d140d639fd269c751540b203eac79fc2f7d6e2af30cc25dc0f31ddacf725ddc6f2dd60b0bed45eed0bce14113b0f2e1163af
4bafd3d8bd453c1b07edd6461eb7fa74cde0433b0d22f6516421dfc5370b8c1697ead50c60e838b3e2beca56f90d0db018cec017dbb5fc1532f5ee04d5fde6ef
502bcc263ce5cb1c6d49e2224afe19fc9bff07e9c9cd162cebfd334c711208cfbc18e6f3090722de4b16e94ee1516918052c0cde481445b1495d02ecca080818
964cc1462374f56fb5f81212c2c80815a3d6d3d636f18b2301315019a3f5d921f4125216b3e7dd0ef9f758f8f6c47650d063d600d68e3de1b3d6c1ff9ca9cfe9
3ecfe92a26fa9e236367a01e46fdf1556be7214a4104cc3cf83010040ef51217b817b4a9121d402d371d382bea0ea43822efd333f8fbfd1a56b2a7011402da27
fad167bee90f4700c3a0b2e8232e6ce325be2976eb2cc043cb23bf31e5263c54ff1dce1cee23d11b07dfedbdd9a8ac34ef67ee3ef61168d6ea450cbbe2c240aa
fa1b170dd9e916201b32e243a81c0fecd9aa062ac42cc8e4b10bfaab3da9b92e18f50521cc6f01d1106504e525fb450e3956d5140b07f9d0f696d23417a73026
0ad221dfcc4a69dee200373c4fdd63743bce13cce7e650e59011cfbcfee7019d121ebcf1ac2c20d1e7ad06c534e63de940edca320df1eb04000934e714f9dbae
07d2196908daa919d221eaec02dd4518fcfd30def3012a01c4e4c2ddd1df19f7260375f3b7b820eca61afe02a42b252ddfdfc234f4d2ed07beee14ea4230414b
fb52e91d94b9f80a12c5499ed512175cba1db0ecfcda17f60e9e17431fdef5a2ded5cee41c4b1badf0207da72713f620f9c6c5fe1ae8fe2a1ee9dfbfed5512ef
ae20f2f5f2073daf37ddff2f4ea33edd11038f234b29b6b6f9e3294b035810ac251733580effd90f00c62d4c112941e9f5cf2ff2f404c5c43b09cb33c208ee3c
0bf01333ee2f22f0f320fc17be17e316cf190cf7554305250cdce53459cae319f4f03ec42b07594bdb4bf2391e2ebc1dd4e6ef5d9526c49811bc2adfa7e2171a
58fde1cd0c14bc18ea4b2904db2db6f0f3becf2413e0f9e4ffd7eda7f92110cef613abf43c2a311bc838e6d0cfd312efe97bb21313dadfcf090637330326cf34
e2cf3edb1068c841d6f3d838313e4cadfe63bc25bc04e13d17a6fe2e4c27d31b44e5f71dddd01d03d7d642e6edbc15ca0c2bd52dd52dd82999f91a50dbfccc0b
82d1cd52edeedc1e39975ad01f1ffdb127166e0c4a0009f1fa32660fb0dd37d9f70e4835e2c508e10f9fc5d1a309abd5cf3e4032cdb2bdd2a8ff0440b9330809
cdffc82ff3add94d1feed1d83618ca6e45f8e603078caca7fb3bdd1c4606281f012df3b9e80ec4de4defef0853332c58130ee0f6fb1bf8af19fce2ecb90fe2b5
b927d2cc27ea0bd5f1213ed01091f1c50ff314070d05206dfae80642ddd7a82d26f530f134331f2f2218e4f55af720c1fe46c152e35de4dfe018fdeda4b909de
02d241da0f281eacf1f308150f001dcf4dd9fdfa3f20e7ff2bf63d6a4de80465f924f02942eb0a42560829f5de3210ddfb660f1845e0859a0a0c3342c60639e8
f7f0e22c9908ebee5fad628fcf2c19392e09bfc11dde0036f7bc25eeb3e65320eedf572edbc608b3cdc9eeee1b1917a414000632d3db19e9a416bed9e623ef41
440332d41536d8ec1fb3ec05f1145ef53128c94addcdaa2922375de9ed06e511c769070d513ae448c70cef3f8cc56229b1fade72e2faf8bd45f7d839fbb845ac
e595ff55c4743010e896e3c2ee4217e78bd0e9ea9d123ee3eb041f26fce5c10c403cf645d3454c3309bac1215d5c20b1bbe1ee54f154dc11afb9df00edeb4cef
e41a06c5964d0330b5fc2b5311989f3806cd5507281ca9ef1fabf8eebe28440422f826decc16cb63e116c4f2d2020e4de9f70724e951de2c1f104558270fd3d3
aadecc13dbfbfda82f3330cea152ef03e08455debe2c16efd45edfe3e20fb07eb5dbe9211508a79927393ac618d52e1d46d93bc8162422620d6f6837232fbf1c
37f5e3e2ece9f4291ef100a3d630f4495717a5dcfc0eeb454dab3af766225809269619f8e015c728df1c671cc7feafc239c3d7bdfd03fba2fae80e1be527edc7
15f52fed111b94e9f50855070438e28bddfd44eed1dcafc05330580505cd3926310717332fbbe3f5ecedf70bf4c918eddf0132e8df16b02e11cac35ac62da228
426f632ac63658d10fa410d5b0d717401b06f1490415ed1814405df80306fa141426f881ba06001c09e6220e4848431aa0c12435bcf114f52f17e7c702e544f7
39f0fae9d8340bf60f27ab5116e74d3de4ccf9fa8d592d60aaf713ad5924f1fe38d2068790d3d743bdec08db0b0d39c05fffe7d3575b354205ae058efc19bd1e
154ec8f211ef00caf612c35ad9276aecf960f3061528e1bb593885283899d8daf6f9f6e645cb41d24b4161d12d10a16716fcd221a917b3252ca5fd10d0d01261
6a04cde2ca04ec39d9082c52492cf8c3f2a0f30f4dc6b1e5c34b44d711ef19f832e3f21826cdf401fa2043d5b2fdf50c00d71fc5c6af0af9ecc78a5a56f3a13f
20b41d3fe3d9f036d528103ec71de203a7d7dd01bf6e0fc404241b341e111ec6e228203d050def32f9d69dc313be249003cc0cfdd3f534f9d0ed0c144df31b07
4110b2c4072f944dffd92f2ae7c109f7fdeb95cd6a102f5466d915141ffaf6fb191315ebfce8f6b30f1bc8f022bf08710f27b710d802f2fcb2506f25c8a5f804
d34ccafb2ee050d01f045aa834f4e25036fee795bd0dcda0461006f7e06491c4dfff5bf5eaf2574e86449de764fb47372ad512be926b2d660afd7108c5a3270e
f954190dcd1d7727d6fd15c3159239faf37193b8490fee2c2926e21acead55115249f857ea3fb9d8e3e6171a0415f3e5dadbfbd94cf75fbded51d3042153ea32
20250e0d31eafacaca43e24344244e07c154e6e22cefdc2356b909d0dbc318113df925141e613a23420d1d42fe20e6ee41c0edbc4b1d131fe7ffeedfde4dd4cc
8f400e1cfe3ef4cfefc9021cd84470d2508d9a3bfe3c1cddfdf3f7ebe61c0ddac8e3f3d94489f0e7252a2c040222f1b791f9fbdaca2bfb1232e41036985622d8
c7e22b252ba0eb9901ecf0e4e5def8e301bbf215c7ddc463eaf1c3c80693faeaabb9dddc14e33514beddfcbbe25752f60f2045eec9fa1214081ca2fb1c42fbdf
eac6fb331ad503334a45e7b60cede0ebb011ca2cc3f052c7e71f01fd229d474d0c16f7e5054ddf58ca380eb03929d698e8f1f738f1151ee896eafaa1f7ef09c8
bad7281ab8e75220d5f8b1cbd7edf214ec6163070d03fb21d7218acdc0a7e7072aacde5bd644d01c02f6ff68eac3322e9032db3057cd5f053d1f16c353551f05
59fcf2045db9e519e0400326f7404cb21538694fc54afe0ee715d40eddc24675f00f581249dffc1b86202731dca39de530571933c9e3f2161717e79c0e2c23e3
323f1af605fc19e7f8e7ba116401902f221030bad85843e909dcc07605c6244fdf19fffc25c8efba07c32ae81eed031156de0fa91f28cb423cdb21d6024231dd
b92ce0f3d6b00a1c0005fae8a709cd46143fd612a538da507a2f21963bf4f3d95339b70124bc0fd429af38fc617506e775fa19132c0f15af1b2da811235576a7
17d83245f2f440ef16dc1bedc9174724561eeec76428f2f9acfd1c145ffacaf9f4c0ce0322185395af22083421fcd7f02aa1f885fce863f521f609aceabedef7
282f959d0cc238f0a70e741ba1a81427d32f0cc5505038e7b6fedd2c5606d2fff81af8dcd5f415e643f9ea3a061b47e7fd3e101f4826be2ab2be452824ecd957
b7fb2e35e9db00bbf50e1b1ff1ae101d45120c04f80f5cf62bd55106aaae17f28e274d25ee930999b2eef82018080e37d230180d261c2207090c1f35cfaa583c
db17e8139bfe20f33fd7fffa0c05d51fe4e05f4518facae909a82c46cff3f1da17d3c98fe227fa2944c0d218ab2b364d26c285070b27cb2248cdfa0ab62f0b14
600029fc24023be531d51ba7b8dfc006eb0eb2ff21f5db25dfc812c107c732f09ad1f3e1ca05170ed9c1212ac330de69d21b24d6d2cb5fd6060ac10259ee3d9f
25440063f5a3cd4b23f20afa8de50afced0134bf2661f10e62123108f3e2471322d2fa13f4f873e46c2c415632cfd5213609de1d36e0f8154fedf816ec3fde22
53f5f40d2415400936e4ca090106f8af2a0d1f1f4bea03be5117b26a2b3ec6f811500f6dbd6e9bdd3af3051b1d4328b2cc5bc5df25bdf9d8f3f4a1effffdf053
0954f22413d7b9c616c91211cacb0154e926f234d3c1360f3d2628ad104bffc5d65c174e99d3b15335dd01468ac241cffbff19d8f3d919e70a4a0a48f825f9ff
e6d0f16412dc9d5916d8fbc92cfd2804f38fe1042c5945c017de27ef1825dcc017f24824b17abbf844df705d50bbc6674a1cf026e803c971431c26492f4929e4
974a6bf5bce7fffb04fd1b24fbc50e1d3d49e6f2f81c373e4df7e36601d5f3c7741bd9b3294a08cdc2fde9371e1b03244fe5f1143957fddef3c4210a1ffad609
b5cdfbf7e4d41cf03ebedd160e0d3b03033deb1fd11e15029cd7c6feeed525c59d0c5a1ca8024031fbeddb131258141ece015fd4fa3f393304a4b999e3cffe35
02f6511fa5bee745e80834ed2d004bf8e7593e0b14bb91dfde13fdb722fca9009e013810ec27d92dcd8b073f0e088602e7f65edfd0331d16ef5b5b1afc08b60a
281cb722fbf3003ea61b48d9ea38d20d59eddafc32ecdaafeeb10c13f61dfe181466bcab6bbfed33fd16f72e1d12dafefc0745014251f6f48ff027f70ae425da
ab2db9e76dfdcf7027e210ddcea578c842cf2aebf2540fb130221567cd1655d22c19a90df130aed9dde0fed05add410ee3025a2655f418f53528c4fb4809ec54
272aad0d483508d1d63ac8a426ffe321eda502ff26bd96dcdf04ffdda445eabeccc905ea20dd12041ac160e546f1eadcbd25ecf544e1f8d9e57cfb50cf2e1317
e4231f070eaaa1d9b62f09c222e6c6e8e81d23104121f304eb91aef8d701ea40a5b60ea429f55147db1ed82fbbe1cba8fb8e100ed0e03236c131dbdfb2534034
b9c4ecff0795be1dcc2cf2f4e0cab5d86dc7d2490af2b10a9cb826fa9ff12f4ddc6d0e3cd12f6ce915411dbe4b3ea72ed4b0d725ac4f39a8ba5f0534385b23f3
be24eff9c89cf695bdeefd10562244f94b195553142b383a18ce61b5da401407cbead0eab11ea614c608b9d9021c341b9f07200424cf093772f098f730cc4af6
16f5e1d410f51ac97fdc17975f6ae80605f6e3fd1ce61ef0a1bdb945ee0b5e68f0e9d172cae41afc010b2af4e81dc3ace9c337debc2d25f818b8d91f34191a1c
4644e00f34c31eb8dd6ce80d011534b62ecdb009adf022cdc6ddebefb6e9bff70a1213692cdfb519c8c10a06451e541e03ba1ae8e52099f72ed3bf1fc30743ba
e0b7020bd92b24214d52f21c10181dc90a39d9356ebbe6cb4b5a14c6d8cafc6aa590c03e096234c73e1625fed530acd6054dfccdc6012de9ff02b9e9fe560edb
f742651d40d804e1050460f0e246294312c6dde12ce908f52b83acf223c31ff15c1deb5c0a17cde6f44255d3c7a220100409d4bfdaf85a1e53d8d0065a3b30d3
08b2e808fe2edc56c9e108b1d5f019e404d10febd8fb31e3020f25a9c2024ba05e2311c18c3cbef34f24363bbf1305f60ae8afe9a7f2340a3d4f2338fb411f3e
51b8cb0fe465ded0a60fe702dcbbb5fb109cfb2f533fc8d1fb456330eed9e55f1b5043b024b6b810ede03322156d9b042226a712f83217460f0c1b07da5819ec
30c0e4d23df863b4fe0812394212e4b24b2791efc3f7fe1e0c08bd09ddd6f8b3ed1876e0e6f5de326d38223e2b2ad25da8c7014c3dbe04f4abd1e3f0335f3a3c
12f1f1314d171f07e1150318f44845da2abf3c622a3c49c0ccf8f2063c171edb039fdf63f90169d922ed311c0a19de1bc656301308a056ff03e4c2b6aa9654e8
b142070a42e9f6fae7072253e13040f0279a2cf72a48e11345f7a501fefd02c75ce449eef03e1170e522abcc059ed6a6320ef321a81c302947ee27f4386bf313
511e02fb0a15af68b542ea371be337ac06fde02ed7aee2e0eeed2afff80dd9dc59511929eff4d9b2034c480ed1dcf1e8ffd4dac609c846f90d44644ebbe4c602
104c13a2642cd00e0efc308ce3b6551bfd3022eecaf0d0568f4d60f454c1f3c7ddc22ec90b18b36117f66e15c7b383fbc4b5bf1dd1ec18fe0549f8e5d5ed04d2
30b8e80ebd0bc4b7d03757f107f637ebee65ebecfb512508fbf5ed1411d3e9ef082dc3d2b3e8e0bc20e2371c06f22a47fa0ba600cb371ed748dccceea1c9d202
30f5062f3bd6e906b9f6ecddbf17d3060b661eede39cb2d538da17e82ae039efaddab8b55aeff1e0e2f498a52ca015160c1065efddf4cd22d318fec2265350fb
fa36ff362f34bcea31effffd7805f05365bf33ef17f7edab3761dcc9f2fa2a1eea0208b9c6be23cdddee2e464e10d5cc0ef6a2baa5d240e7fa5d180b13f5ba65
e46c1ef5cb9eccbf21db31ba1f358cb53b19042b0fc4d4bf0b37e6480b2c45acdf2fcae5f1d6f8e055413a2714f815eb3014dd18fe15fa149630c6c9d1c5efb7
a2ba2b1523dd51b1c4e301a8a8fd12bef7274bf4cd03f7ae34641ae6f52af1b5b8f7ea2f1c093dd614f0eba42f37b81f9f1b6bd8efc4bcccef5dc01dc725f6c4
06f4e7f1f3540bf14eda0119d8e401f03af55693e802330cec3ff021a51ade40f5dbf51525fb322702423c34fbe51426c113e1cabce1e710eec7254415fed8da
99d64b15d61277d7eaf0bbf231390fcd5dc71c644ddfac252cfcdc354cd3bbcceede040e0ee3d41407b040fbab366023262ccae6fc03ce00e1fdf2b309d127f7
2c26e2d1321ed492301005f1a33e18450de4081edee1d42e36e94044daec1b39f0b8f6f40fdddae84c4aecb50ed1023233faebf46d05ea3211433522f0a3f826
daa505d3d001305bc7d521f6c51335fdf93c10b34fff03e60a13db260153cffe43c653cb0f31e4ef6428dad465bcf6ba4647fcfa352bd51924e95d0d051bd512
3505c51d2a27ada8bbecf9e60632d5115504d6310653f9e1fdf2d14cfa1ed9174e18bf0144a225fee813ef3cfce69419e7d2dde40ac9e1673593ec4e51664cbd
d5deeafe19e7018baa5625e62dbcf0eefbee20d0c0d58f17e8baf6df87e3d6a436fc47b6c3c9e6bfc12e10bcbcefd41fc96629cce1fb0bd3e3e45a0fe4111426
fadaf230db4f41ca07c0e33b68e12af6b3b3245532cdd71e5bbc030ef203373c5967e8a09d0eb407aaf3d609fe3a549d2f3e1e390530dff5a7a031e418d2bb04
48b1c314fc1543bd48083722e7273b2e2cc7c75f03fa231104f9023b061c335ac0db48dfb13a0f281a55a7acac1033b4ead2abdce234f6b8c5f1c6d04f2f6627
030404de0f5b23a44ab7f32df9142e0f560a330684f644fe34b07138b5124860db2b2fdb4146f91a55266f19fa22d4f5112707d0d103335ef0ee02c44817b0df
17271453d6aed031aefceb032a22cc2f0951c1e3d2132ac6a9123f4534ed5bfaf2602e9f14e2b5f657bf29fbf642156ae81c1910b659d7e30b522461f6d849d3
fc15ec395a4c86eb1fa9cc0c0cfe56e826dfe30dea37c0b0d0a2b318f712caff258cd3dfe1e24ae2e20c14e521f1fde19d06c92459529e5526f843cb5efff62e
eb18d94b18b93dc6fa908fe738a85b1f02f59b0cf196040421e4b5f5de383e1751f853f73e0fcf20b9052f371051f6175123c49d6aa908e742f462f3c2ad394d
bdd708c5ccd62dd2099921fef1f53f402723f5ecf50cfedb0807cb090935e01d46054020c7fefb1add3dcdb990411f4005f42e18031a25f831e71affca9fef1f
1afdc7d91ccdba56f5fd980ce1ddfe0ce6f6f11ae818eb295636e20e05bca01597a057f04ee40e1bd4d913b5433ce2c511b4485abb21ccaa0a081132360256b6
f5f9afb5056c41420f05cf0b07c202a99d11162c3c16cb3c18f2cfcbaff80fca44c9f3432df5171704f12fe315f62c6441d2cad0f0e3011f0b1e46273742eff9
fc3b2754eb9bfff6a92a5501f720faf3fa4f1d596ae7f4c5d9f84d5e18dbc11435f90defd3234e36e42e05074cdac204c8cde1c129d317063b44e3abe4ad9fd3
1633b015d70fffc0f4283201c70ed44909589fc349f70fc038cd32fc331df524465ae8edbd5b0d740828ddf7d90e0ec853c4fccf0103040b6618f62c0cb60671
73d3f6f844b222d305ec2a5c1dc13d37f3fcc806f3193c22da341be2f502b52bed9bf21eb013d00540311312eff75cc5f99414e2f5e5e7c25bf69e00e02e90ca
29f426cd0be24bf1f51c634016b4d7a10210da2c07bc01c9dd211abaf2c9570cd111cdb2a2da4a9c33023e31de11eceb3c4cdcedf735b339434dc4ef3d5717ea
b4ad001ca6e40d3e1b4290f211091b1fe02e17ce9eebc92e1870d012ec9f1f53edd9a134f9f99b43ce4c1df2d729f238d5eee41754e31851470003ba37463ae5
ffd21e0018b9f39b45bf0bfb6e150ff3c70acb5b4cd86ef70bebccd40b9e7006ce01e31019e92d1f0b275a45cdeb9e5a02de213c3ecbd9eb28d6bb553611072b
24d0a0bca2bb2dc9f5bb95053a9512f42e93ecbb27d0f5acf7192f4afad93be0d904eeae0764e5a0ded64a32fcf9ea17eaeaae33c103c5ad761d49b356eb245a
e9d024f2f7e3b78b0d8918aeae289bb807e1dc2ebd035301d774ae009839d95d3937d2305a1c08571f301a3553a00abee2d3ec04b9aee1f3e613f71bb9534af5
0bee04f70d2b2eea2c07d7f2fc411c21f344b54950e398f6e32c12f7e20120fbf99ddf8ee12c2451eff030cbaba3db0a9a23d7c424fdb9c34adcb420dd2430fd
17e0f9d41bfee4c00a46e7320b28d30bbea8e6e3f3e910a539bb364a2a2d59ddddc7ea1a9404c53461fa2ceded0b0c06ef6ebff4e7e20c9249c65ee5e1ee4d1f
ff05f22f11f6e5bec2dc25cfe11be9f3fe47f0cb04ab1df6d10ede071893d72bcde126b3cc043873e20ee8169bbafce4eaa2c22b4f520ab81a5de1bbf73bfe03
d3f5580e241686bd4a1924b91721605eb3324e41b5c8e32731750ee419ad7506e6a0d91eb117cdfab8250a3f43d4e434d9eea8fe0401faa0eb00f42d9547a8ac
014ef9b2f8fa2ae5e1d9115b170802bedd59abd73767d50346c7e7ec14a03bfe04f03bc61d551b3fd750063c61a14519fe2a65eafdf0fd3045e864984b85e3d3
3be7fadf2629fc770ed6d304f54bf16a26d105f42114d4d102c103fc0f0a1c4c300b28e2016301fabb1cd39709f6374af2d4270e1aeefe79d1c502071f950b15
f112ee28dcd7d4be2815c447b044cef1c9d24fe64cb238299f0cd90ad5ece8d01fa2caf22201d7c7781812d6b5c84ad2c9cc3504d39dfeff1233ef4015fb083e
a3fb2df40308469ef3e2fe25c43040ed11e6e396512a2e3d4f04172b10f215066357ed25bb13ce8b0ba36c44bf2714d2090dfd18ab2e4dc6e75c07123e0dc557
f817c6bae6e50dc50cc82d6403c80934ed211523cf4e3baa33c11ae8d828de4656eb5ac7dba4d7c3e4212cbdd1078e5de6d8e6aa27e24828b3d3e9fc6c4a004a
5ed1a812b62f3025fdacf9d2e7d94e2c1b71d6d3014c1d92d7f310eb1de80fef1839fe17d698f12455b514fcc3df1c520bcf9df1dd5ed015fa33520db58d33f0
fa07f5d9030d21d00bd914bcfcb5bc1be71f35097910ffae55d2cadf5755b43b43704e0107e7c335f2accaf81f4104ecf52af40c580e231f16af2d01ac403993
abea0960f6ce0db5facd15621de885d9e4b54cae39fea33e5ae034c11f5d32f500c635de1ef5fa1c02aec125ed162a3d8cd404cd0237ce0e57ff09fe15bc3adf
d5c2ab29cd48e9f904c0bff6b3d2d32a39f96b06fc19081ff7c924345b4e5a431fe73209cf04bf1ae62d252e420f4cddc72521de2ce06825b00991f0d5e243e0
ebfd0248010dabf4c323c90ffa0244eafc01caee04c619561858e02e0fa30fed0e52f1fcb8165d4104d4f54d4a2cdcefd4d32f022b1d33eded2321bcda07f7ef
db675eef012db971e1aa2f2ad5ddb5f3a032aeee0615cdd2f5d69cd6ca0f06dc1dcf1ac808df441e0d510a0e220df1e3e008e8cdc153d5e81133fd0441cbfdc6
26e01271ba9830191fa7d01f27483be949172c30219bf9e62a4af0b5e3d3b15abeefe141ee57fe2f74bbfffb07d558749edc19fe0a708bb5cd7aa148a4e304a6
9d8a05c95c0ce340190c5eea17c808a852c7f7f0f4a3d6dc24db36f8fb37e1e1d2f017b0f403c306111ecefd1cbf17a142ba2591edb6e5f6df284daf0954d30c
c3c4c76016260f521a4c2e2635f935df1d681001f90128f87c590d61bffdd616b3fc2d5532030ac4bbe64020a8befa04bf41c94af30251c012293fd44b19c408
e5bbf7ffde0a1bd508bb6d41350a68feb6dba211170ae2b311ce4fdcbe4bb973d5f3d1ddcec14d352effb5ea26201701f75fcc0aa908372d4916d71734eccc39
e7a0f1c413c905e9fec30843ef57ed45edd94a372f934ac113faeac0c924080ecffc2f1862eddd1dece1f7162114fc206d2618f3652515fc16f5e90402071cd3
a2bfd0ecbba5eaf4d01e502d78286bfe010420da43ec240a06bbe0050e19125e4be4f11c0f5697ae712669f7dc1f104c3cd4f10efcb6194ecc1af9d1f73cf31e
b2a49427faf02d2dab3131f3083feceeb6ec4756fa3ea518ef1d464b43ff34ba27f1d30302dfc005e60db55704ad6c0028d4e23cf2c7fe46fe4319afae19460c
511f09c6bf2b9551c26b23a7aa1db456da4bb95cb80ae5ac2e0e0eeedcb4bfdbe2ba10f6fe293fd3f4b39a41c91bdd9d1cd8aaceab0124e908fa612fec13eb35
17feb8860ccf9d0ef8bda71d25cc0836c695281af5f61d73311214d7e8d5d500e60c680ff9da24e6cc460eb3cbc12d9cdb072d5e20052a3b031c091621b006fb
0b05f7df650fa002eb5d404513e7cdc9aaec404135f33139ca445d9ced12f6ad746c2010e0ab86ec0e37fbe54fd2e90f16eb094a4ac4ba091b25471ffd2cdf0e
53eadd112d01f941f1500841e7680dcd47defd30fb03cde2de63c2df2ac2f6101acfd732058cebe7f0dbb2f4f5befc2bfdcd0bf98c2fbc0afd08eafae23e1116
abd098e9bc38b804d517ba1c26cb36a096ade40f263fb80d32b017d1df1a98d21a18b3cee50cf410354ed9002314aecd36cbe44ca978e31d3dcbd1fd6420511d
c1c1130e59f8eb09dfd134ce19e1a52a004e100033c5376cf3a29510198fffd40abbeec73bdfe7a6a919dbd012c8acb4e9e8fcbf67e135c692d0b94dccc2dc12
49080937cbb18a0656cdce48094ab6c5c628bbf1fbee0fe9edca4a33f34fbad336104835faff0b47cc8dd799b4c8f16928a2ed10283e030fd045e517cfae53f2
9f2ef003bde0d104fe372b1b10a48df32195bd5a21fc26bbba66d8fdb4e2c11c2db0bc9c0cf2e6ab03fa1221cde733e456fe2bff16da2b0db5eaf6fdf250d90a
6a1b0eeee1ff6496e41ab617d20c2afd1be439fd12b73046e0ecc0bec3b00feb0dbb4ffdfd1bc9f0c4a639f601a5f527f733194362bfe71d0e12a5d7bbe31c36
cc09f016eff3aa524f071f3d0299d3bc2106d5ef1dbc171534c1d8351be01c21e700d8533adf54d037d821c02a4ffaac2f120c0f943db908d1e707f3d6a592ff
29419fb549f0eeea269042ef434d31a31bee2d02d5d1a15b7b1a14eff9f8c20eb0bee20efd480013f51328a99a60d8b90b100efeb61cffc1ba205b4bcf591fd4
122de7080d06260dca2e0df50560ee4699f1e70818ec4a624dec10f4b043d5be46eef0bdc6fdb3dce80849e799b423bd229fc43afff6050fe4d224d306d3e233
4245f03e55f5cb41f7f5041ff203d4d98b106916d2c6f1061ffea1352e13083f3249bdb848e9cc131107d0b05bdf0d03ac01e8b2a91b1ec35dd77eb11f02d2a5
d4e1460a146801d91bb8ebf8ecec47d104dd17b231253190fe18c3c3abddf42b71b6d42b0bf0e3f904c9f2cc454bc5d004e72133550c201632111425dbff3ebe
0036ffe863dede0104f72953030f9ed475370e285cd48520d713140642c1c608bc04042d383d332f4ab51e5f18369ebb2a1cfb1006c9339347b833cf0616a304
f80c2d1d31f5d221dc906be203f92f0cc4b10425d5f4d7100f0801ddd25bd70a60a002d9c60b0635c2e7f12f8934f6dedddb1c0ef823dc16bb31ce39e9af0fd3
3f00dc01bb17e34822d9f81bee5bb6ceb5bdc60f0c3030c3ba2dea250f68ce92a61d2469dac31e20bd0ca3a67a0fc8433f2aeb05d5fe28b411c7bbe73332080e
1527e0ca12f9e5ed1b65a000e83a0ed715034f115b1ebc0d22d5c4c4e9192ed4eecfe020f3420c033e1e042df7ad43e3efa301b07259ac08f4d1fe4beee8fa48
e2f857e128bfe5c91aecbffbdce7bd20c5b3d5bd99235ffe1c56078c10ee3514321ef0874cedf8361bc68b355eed49cf383100d7c1fb6044ecebf41601214bc8
39de00cba2b8ca56ecd1bf0a0b1f019be5c1e8cc53e2143cf0c1184ad8e017fdc94fdadc73b72f2f5a29e18807736e1335061a99feecb1aefc90e839fdb91dc9
79ddb7ba25f1b32d23cd0e10f70512c324fde306a523c7eff608c1e7b927f20a022a2c38cb22285098f833c2dd3c24f72115cce5112deec70a040ccf09082106
f51007f11da9bd0951d8494f54e8fdc67e4bdc1a078e020dbdad16170223d4f31317fcc8b5e76fc414cbb41412e7171f236d17e717bee3e04664f9feb12ffee3
2cc050d2b5d911c766bafb66bb15d41d1a08c4dc08a34025525a76f837332ec00ec221e2f3e23c3e2ec7da44452319ddf25c431c21d620e9b22aec4821e0cfad
fc235c221a04aa3e21e3ef37c108ee1cc3e4d646fc095c1fa82502db162e08f2c31b33981ce0bdb11ad226ecd02f1523d4c2e7e201c302c4082d1c2332e7e921
ba06f859da17f76fdc130bf4f230edae1529a63316e06decf624141bb7fef8477c035040c32f0d6aa2ef09024b03e5e55b60ffa8063a06059a16f23ddad63cb5
d3ba2c1bcbbb13b8f505c4111051d541b2da1e3b7b2d2726de6b0af10b08e919e6b46b52d8fa02b9c621f13c32df161bc224adf70add41660a03cec1d076dd15
23274c14272628c62add6b17fd02024ad745f7251026fbc91109bf7aebf9ecd206fe28b80aed141cdb2f110855d6b2ecb3b8ebe1f4d73a0d9db9f01114390df3
30d7052e26d225f2521a961fdf4fe751123ccfab03de7b3802a11b2e111fedb4bb12c1b112f5ef526518ff1b37b80739cb45adec0ce0f1aae3e6e2e529f90f26
340ad311d302cbd93a582dde16b317e6f11f53f95022f3ab67a53b281113aa0f331dedb725203110dae221669ed3ddb1f6f73bc1fb42d654ccb2da162db538d2
ba3e31f544145ce012a7e6e2268f8b2ac5b7fdcdd0e517bae1abb4cb022056caff15cb0ed68d0bda1ed324de05d2c418e0f32a39554ade0f48cbd8a86f37a5f2
22ebee33a2aae64fc4ec1fddf76ca2e9fde2aa36e90ff943938db5020407b7c744edcaf1d3370698ce33d7ba21d3a3cd0dcb98095603ae1b3bc41503fad1f3f0
fe35502420c60434330f1523373aae0099cb5f0cc2fef5efe6f138d9e1e1f64dd3f52c2b21281f2c275bfebc1a0d2b2f1912e7365407562668adf1bfaaee0770
55cbfaab3c7034daa9b6d0cdd426afea0fe5331cf1be09f0352740c74224ece6fec5163118ce05e5c1360e2dbe10f8e1eb1cca06193bfde4e51dd755f63257d8
08281d0af5ad2f58c7bfcb474475e5ac46451ddfa2c644b897e83f35fb47d349f6e7eaecfdd83a050d03a3a1127245facb561da5eeb9c9da3a379c1acfe25c3a
38b6d1e6aaf016c6cc28eb56bbd23bd6392e5117cfdd0e0ac2074713d827f7e7991ca2f9f55a1fb14dd906122ad90b03e6b8d62dda1ef53cf50b4c595526d035
c10a1a2ab2271906b8f62afcb906cfe911c92bcd240b31299919be26f9f1da2ac043fab04aabcbe61ed5ceb1d2bdf328a4c520ff69fecb3a0b0d091c1ebb0cbd
25228ee0ce13f40d03e75be928c0e316eaf4c8be3bb725adfd7593724e0b01f727d6094467be083ab6aed63b1d3202f8c4480943d4e3591fcd14db07ef38a1ed
c7372cc6cf120c0cbe1a2a554bc3f02209362ba7c90ef90eb8e6c6d1be100423640b1adbd514de2c901402483eca21ab03c6183038ba25fc209cdd011ee8faee
d5d303cee0972c401837e0e6fc120fb9f11ba62c19eef6f7b4bc094ab2e7dad438e7f465e716289144f3f3fa9e4726563bfbe950a6f5ea903edfbb4950e814e6
eb24fc42d4a7ca65e8e9fec4b1fafddcb0d1e5dbbce62dce9ae097dde09712d242fb07bfe3cb34d5e1f3a8f451dd16d757c4d4bc00f69fe6fbbcdc2c31c732c9
5418a9ce5920d6d32eeb432032c707c4aecf940360c6a9350abb353f342b161327ef20270398db51f394b4a83e2712111510c3f50ba791c2f8e903d4d439856b
33e7455821bdaab81226ab1703155312d30df31302add83b3bbafc9be3c1df0a48420a211ad3a31ee641b728f8b62d1cdff066d60e09c837fe05b8d52ff8bef2
dde11bfe10433c0df62cac4328e1163029b6b3fad3bc167ce11c3b34dcf40817a94102504826df603f1edf1e3a219725e41aedf4cf25e7182d0d223b92ee0e28
b645d8121154e63ab1d00ee903d2dfc4be043414da6958cf11ef35ce316b47f4f6c7f4ce5fe244001f651f3ccdea48c15015ddeee207f7a41c248a5efe290425
0809dc260dec36edf678030655ae26de50bfef20dbd90be6c4b3ba061a3669b3e01acbf614dcd1f1476eb8fce463d21a9fea9b570d1b4dcadb9932cb52b8e1ba
cbefe02bea16cc1ae731fbf1f6b9f949c3d0f10b034c19c2f51652f02bf821c065090afcd455f00644f01b3fbcd444eed2f019c8d4fc3e530d41f4fc541b171c
9714cf402251ffe79e3424efa4d9df34165ccb4bfaccc49d2df5087bfbedb4c40efeb428b73ab707073f5214f5d7016efaeb083d12fde90402c8a5fc8d3107ff
1fca1ccdc70f1fedded80bc240382b8231ff452459ac1ff0e0c0e52e30fb54bfd81424fb42ee0ddfadfa2952b93622084920f9bf270344181804be1ff9e12d65
03186804da1416ef97fe11faaff967dc1befca002432cff4f89c8901ba6ac7cf020fbb4ebbdc45e42b05e41fbc10da4805fa0b5959f6031fd3e71162c409ad18
01c7f0ffc9d1e2f41c1fbeffbbd3f31f37a5eeed1f09bf04020668aa4be42a49190641f3fe72bda30812edaeb500c5a30305e9030503056ae62d3c084df248e1
2f2049d2c5cce4980cdc38e3f85435e6ba1cfe15b12a1d240cbeff4d2f0605ecfffd160fccddc0d2d336503d59da04551a975fe12e3d9dcff51f26fb2fa8fad3
19c3453305f81807d908deb12ddd3c53ff3b195814f3082d8a3bffeef60cfc1b1949deda6ad50c171c37ea28f3abf2ee3a171f5ced010fc6cf00e8bf31f8f927
e1f9023dfda50fd86218a5ae2463fb931343d04be6fb0b44232d1b1d4317f638b406490307d22857adee3bdca65fe363a9c9e8a20404e3730a603e0ef3a91514
b1caf9e0fae6fd4f14e03cf1c0f9dd0f20a0b9dbc8ce5a49f41bf9f3f7f1024a6a1d0bc338f5112a6f01c5ecb91bdc6a41cb351a6bf7f90401240e5a2ce9d047
58b931dd18d2bd03f1b913fc07311f0909555c24a961ff2fe6f63b2d583635f892a1bf0b91c8d101a54cfdca2d3f459e1062fbc805cb201cfb6605c7f7f7bbf8
af03f9e7f1f9de3eb4eeefbda9ddd5fffc5ecd071d1ecf1537ffbac1ef37d63af93119608ea2d4c7ca0ee3cf1de2e4bcd2eefa4091be2cb44d04f6cd3496f5bd
5b223ed124fc32563bdcd6bc8835c8e9f40c2b2deed3cdc21ca95ae20e1ec8e4b90236ca110d8425cb2903f8fca9c6e3c7ebf7f5c3ae37561d1d0d0b459b11f1
1d09e92e482f61553b150d23f0c904f12b8b4b211b1a13e7c4373703db0393e8d0dbb2cbcddb26a698a229dff6a10acd3b48bcff1b0cf4bf1517d4f73e1d4656
bb473154c921f101c9c10dc65437bdb44714c1b3f51205f18bbde92cfecffb3ff8d5d74ec4cf190f30f002181cf100b50ba6f2fa001fe1080facd6022bef012c
f9edc20b10e0358dbbbbfee12a0fbfea2cacae3406ba73b814f264e7511cdbf3045729b2c018ce2c13c9a220cff90eeca3f0eb15261decfddce909b64d24f1ec
51d1fdebccbf2a620f341c073303fb03e55de7ce00052ee8cce4cfecda5bfd544f3f081c02dceef70f08ce90d7fa10d90be0d5270bd03b440aa092f31ef62910
ef266244a8f5220c242a05e42b37e92d20b5d7b12ea24262c1be562122f318bba8f2e8b0ff08c13d232e89d20af810a455243725f7f7a7eca510caced5140026
1e3d33f02ae124c61b55e43622a3e8e6c5e3e607f6af2fe00d544b1fec0765e1ef1f0adc09a934400f0e1024c5b100f3331dd2e8d0eddb0918e5b0d3c5f00e0f
57170813c913e2092d1b254ede0b0b3430a5bb65c39ac8fb0b51db1af6f1eb34c02edc27343e3424b834184951c5543005c5c1fa42c7ddf4dc462522390a17ee
dff3f314e3e577b50932f8d5e4efe403221f0c18c1faa4d951a8ebfa0422b944c3ccbcd30a23ead26b2ef54c8d44ec6bf40e0e9f23a5fd56cce911d1644302e6
c51e18f3e7b3f512ec374de42fe2f6b022d7df5b0788b020f5ae0839ecd7017abef0dfd9db32310194605de445bdd948e02edbd5553bfbf41487d63910071f27
e8f051fd370efff6fdfb0745ccab2ed34a1dc839f123fafceafff8193027cf2fd427ec16051960bed225462801c1290e4809d1200828c91935cfd81bebae7336
1d2ad650f93fe35e0e5b280a01ecdfcb1022a5b23e11e836ef02b8f4632b98deecbe32ac2baee60e30f71ae4b91c1751fe13bfbf46ebdcf4e6ddce2c1748204c
0dfdf1dae141e8f1c5ccaac45ebaf43dbad6eace4edb0f09a40b2e359ffecd1e17a5afb3fee808d6272815df9424032559391c3b1210570703c01af444ff9dfd
13cc18df1b282ae13d9ce35f1f982f281d14fcb39f0a4da1bc1226f30a5008a9e8fe22e40c31da010a45dfd55ee2fa39f3f0a953101bd0013cab34e2d4a6417e
04304c0e162eb01bdde1a32fac0d0f2cdbc719ec1197a6cc37180a26d92fe9b9ad53c4eb2d0c38f806f034e0c8ec38eb24abfe2de52831a6530aeb0c0e3fe5b1
4cbeb562beffaab903f7a3e4f53fea0cbcffd3f1c1620f0dfcf521462921232d043a8dd1f92cd1ef261fd3e15bd9efa70af641f306444201172fed33bb8522c3
ca65e3dc5366f01cf4d6153ff296062feb4d330e440224fa5923d8060700524eecfbcf12eff79a2a1a2018d0f14509dcf3e5ed411be4c733fe272333e9f6ade2
4ffcfaa917d139140f9e171ce5444636013deead47d2c5f4df373a0cdbf3763d2112dc52ed0b4e22dc1f28ffe5f818ca35f7d9f949e5472e02e7111e120b06cf
5d9ba6c50d05f97139efd5cf163b1b16262cd8281e58b4c0a7263ac02f2210082a4c1bb4aff34bc0e89740f93455ef29a4d82428ca043ea2f21c4b0220b88c48
00a91aceeed25c1104add576dcf5fee123ec2e5901bcc7b892070f0cd9c7f9d7f1d9dd61e69a9e0fd210fb720ce44c25e9a8b2a70f2f06bf4dae1831b2453a07
0acfdedf37170306191e09071bf727170a1d581bf797da183f79daa4e0292c96e337222002b136d8cf0c05f60c3cb73624f8c607e73eff431233c00cd35422c3
4d75abc315ccebdb28b146a358f12f0642203dde024aed17311af72431d3d0fefe5d9fffb5cba3054ebd03d90719bb02e6240dbb2a39d71207e1e202232d112b
a0f1fe01ebf8d4ec4c5649070d89febf0fd6f1fee6a9ff361408e83402b4dcdf60f84b2de5f99add361dca2b061cf80aabe1de17254320bc086dd300e31e4fe9
fa0e900cd9f62b41f2c822da4f7850cde93af692a72e4708defc5004e645b7f7b53205b9a033d8df06f2d1443139e5b310d0c11126d87bbe1fb31a082364a7cb
3e1ed00fded6e4f2dd28db1420441d1bb9a020100ad647040df2c9310ddb144fcd1cc4fa064affb5ed0d010841c7eeea520e0abce3dd6015120ad613fef8d59f
dee7114d0901fafa351432056b091ee652280bfe4d241cd709c724bfc20a46c40751d9e4e199e549e6c2f597456163ce55daf4f7b149ed3723ccaccd1939efbe
07c9edda2bc196dbfe1c02b21eaed5df27290c3e4ded5d18442ae80b0a37123066f9f6fd0514310bc111afa4dd0119d014eff24cbc2f33fc4007d458fd2a61fa
cd1f9cba08eb35e23f40d8bbc9a04b0af0129ab610fe4e3545c9550c68ff2032dc6d29ed2829213e34f0bdc1faf0f8202ec836a108ceb0bfde4be22b1b0dc1f8
ea04e5cdd90d4613cde014590320f5e21922210164e4ffc36d09ddf4f93702fc14d8ec9b0fd01c91d4250dae09b519abdefa0ef1eff036c4ddc1e2fa0b2ffd2a
2fc6e53a0ee5362ae2fe42011feabc147508ca38e7a2131e2b17e7d4037045e2fbbd32fa163616e82cc5d6445c03abeb1c31ac3bd31a2153cdda0cb416d1e2fc
1c11d2c71d995af03af81d07cf2463bc6d09e273ecdf06d641a91cd0eaee237bac6c0c020f55cae828c4b228741625392f59c1dbc221d6f5d2b4e76546f2343f
b490b02115220a5a32faa8a4cfe8cfddad1115dd62b3462cb821ac510aaf0247defe612bb7d136af20026e4e14024f0c0f0b0ffac2e3db14f23bf05101d8e309
f742064735cb19c5551564ea422e0bf0c6a1692f07ce66a0f12a2b3a436d2620f6b61fd1c2e20c07edbb2cda70c8dbee1ae3de4c0365ceafb71b4fca1720f53d
5d0741581fae552a5850548d74f6c6a12537f11514451069400626b3bb364c6b4bcf064355dde5fa542f08dbaa05a6c92d36e1f1e632dbae2fe519f6e6e5c225
21731754120b4fb4bd0b3db1a8ecc00f3be88d23ee481068c006391f6ffa08ec0f24354324c2023f29e7021812f31001ee3d1b341a3c4f030634f416fe34ffe1
e8cc36d90d2b90eba644bcde3e02eeadfdbc2bfe5131e3f60cfd3ea23bd6cff6181ff1312eaaf81313f3feaaa9a9f84019c3cf199ffef80342f2b3f406331d64
8fe0f88d2206d72a14f0f42e04372404f90819de363948e9f3cd9e2d26adf927c3dbacf608ca16dc063e5b3e964cfb5aef252c47180bc2ef9a3040476b40cce7
e5c0f8c40d2537f81beb244110b7bb36ff0221ffbd3296faf0bef0db96bae1eed104019c0d1c17c6dcf538f1c61c5d746eebe6fdcb3111c64b506ebf08e70c36
a3355e6944540ec12ccdcd3f6742d501f0f6ee191c039bd8fa16110bb650041f1ccbb42f46efe2a3e0fcf8bf2a296b5f0808220681a8343fe516f35dacbd0e39
391c402fab2e3a64f015042ea304fa4a0150d3b877ca90f1c1f5cc2e2ecf1bc8e15efe3c34b0e4d32907f88fac0edd32da5b004735e8ba0719c8162b572f1a61
4a163fd7c1fde0cc1785eb265ff436c3b602161bf3fd032cddbbee482642b5225033f400482424d28eb72caa27eb08f6d7c9b9cb18dc48edf72edbc8060db032
08b5f907ec52b43cf610171dbc218a2acf0ee35ab002c508db43bceed869c5ea0704469733d2fdde190402f7510cbca81d34ba10043b049e24f43db60aecd9ea
562715b6daea5d1ed7c5540ff80d570e3ad9e514d9e6ef140106071bfe2532f93aafc0482c1ce601f4aa543220f9faa566f508f4fd1ce25ed4d842e41a43ff9b
40a12eae50d44533cff1b2cc201a6ebd3f0c0822b02ebfc87efbb517ad2361a6c104db3d0d27f8d614a3f0c262e8cede0cb2b0fbe2bfe22f2815e4ea0e4e03e3
424efbddfb2e081ceefafbed76bcadefda22442b20dc27da09fc10ae63bcb113f8adb9dd013f9c41dd151de51fc02adb4810b93adac89eeee5f6dcb9ecf10dd4
1abbf712e6f520bcf838a46a13d01bfb0df3edcbee1cf704cddeb6b2b43a09f20fc7083e6a264f56acee48573326ef041ad6d4b3d73b0b06ab1ef5c04b4ffa3b
f409104e08da99c1fa25b20e0d19972aadddd1ada310d0076fa23fce2a0c8e27ebfb211cd1d4e91a19fe2bb822e6bff314e1d1cfe2488d08bb01304ed15e2214
27f8b4fcb1e8eaf6dc95cba4a62b21eef72961e9fce7389a03020b5e12d1ef01f31dce2008103520d71dff38cbede45a1b03174462ed02f40515a25ee242c0ea
0a20173aed41efa9e7f717e7ed3e0e3f7643caa73abd2c3a458b131615f13b174ef7ee4cfbfe2e0bcddad741261e2f2d3121f8100025a710fa1020123f091ce1
f8e9e4d2136e1f180f600e11550cee15fda49b3ad501371ddbcba39c325154ff1d06882bfef8f71cdef3b832baf9f3be5e10f36fa43130f83bac2e1bb4d106f9
e2c3d2de346634edd92e31f926ecefbbdcee23e5ef4209992f130bafc1451257f9b7d1e6ee97295af696d5d9e4e63e12f1fae2d505bc02a0f120cc0be1fe4cd3
1b0206c313d04ffcd20403e31af418fcd10503f162ff2561e2abba1f971bfc512237b1e01802183058f42198e29558f7d91aad2f77b7122a4214fdba1f1da5a0
3035a3cfe54799cff2ef4e130839080e6314263b0d0375b5669d3145ed0ff1f1ffdb02709b20cf0342b2f3e2109bd4fc951bee3527e9cfaeeca450e06f15dcfe
473d0be84ac8ecb31430b758f040020e2bea06fcb4e604a4dff4ad36a93bc2b6d61c093bfb07e693efd05005e9c0f4f8f7044144fdaac9dfe605f4023ddae332
3cba88ecf4ef0823f25713c74e02a9c75ff0d8f4020d2110dcc316221fb7e15e0bce28284a01410ee7993822ddf0dc092331c004d352f363f51b39b651f7c921
df1dcf06e2074512b242d55217f9baf028e821f5283dbcb2eedeeef8f70323f2a7df3b78d2da080c3df82019923de9093d2b24e0083f2ee5cfe01311efa5ac25
213918f9e8f0f8124abcfb251dd156fd2a01bc0ff9f210f1fffee229d899a14c16f5f7fbf7e8dbe54cfb3b332a1c34b8ee563d2b62c21d07db10ccff2a124855
46fc1ce86c58bc9d0fca63b8e166d8e5063ce4a5d759edda19fdffe9c76e46ce426bee162234e90db4094ef1fcf13b3130d80b6208d20edb4339fd2c211012d3
56ef26f3cde8d93e12a740628935fe050aff2a47201ff3d633e1121ae3d403ecf5c8c3e6efe9ebdf0b0929cf63404908061bf627fb52c90c589b195ff9542909
dfe1f13bf24df33b25cd0f123541b3373c0be2aac12ad6f170fc2318b6edd0e0359f05b7aef741c003f6af2b8f06322bf2e82e00eeca044f0b4009a82551f4e9
e62c4d25efee0fdf4e62b425a51a0747b333ffd6964805f0cf209e2d62b3e8cfeb3002e909edff01d026054b2c32e80ff9a50f16534cf8df2abf41083767dd9e
08e933ecdd375e2f592d0e6ac8d32571dc05d716cd0951d8aad6f731f81f2625fdccd3e02a3244acaaf1bbfbfc1ab54239062304f34158c80f0be4ddd3bec470
18fb3291bc61f2012b1b36eee0ff0518d289dddae102ec1258e1ed11f2d3bafcfab6dbd94756503309892c9a43cc39c944165d3d3bc5cd2f823145ed57980d19
2f00fce6e5d9dc24ff4f0c4fdeda0b88e551fa46bc68293228cbeb061d4000c037fb370a0312ec26ad2ae002515515ebde232dbfada4273615f6cd00ebd71e05
c0d00cf542cbcd92b0d300f3cf5b623de94df9349ed8d60726c7d2c4fe6b9ff9330c351fe30ca42e485e38416dd7061f21fc3f3ecee7140efadb9e0acd2dd2d9
3c1307e3ddf0d71ec70efd3901a863de1cf725bb4ef3345bd9eaaea1ef065adeee0ef9e60cb30a59c6d3e4d9dda6a7e6f09f0716d2be1f0f5d68f8ce1f6cfda6
9b10e8f92aeb421a45f66ab207ea21fbb33ccf2c0fee31fe13f2170bebcdebf132ed58e7d113090337cacd3151f11af51d6dc54ecaa227fb36391113cc2e3dda
bae84a0364975ab30c2fa0bd0ff89c3926a73313d7ac1326dfedc2d5e5cf49d3ce1701f901bb0bdbe90f9e13c0110fccfc6e7ccd0ce00203c72be2eaf7cf200c
27fe0ccf94bb0212d5f8d81de95432c2024bb172b051b436a675e807ef50d035fed158c5182e112fea1b6929f125c1c258f7d8d0ff14041a23f4d9e12b3fdae2
4e06fe3ec32ab1f8d62ef1d65c08ba1f0f0b21c92eee1306f72a578f9220eaf0f1b0cb0def06aa9f40e0ce9819c3cbc3983c5ff13a08dc799226c8d527c921ea
f3ffee2ab4100b0cffee9e0216723c01b1cbe4b68f3aa9e3650a42cbfb133807efcd3b9afd3cef3b544122a9e44c0dde09ebfb19e9a7b0f0231ae3d60aa5e237
ba2303f4cf110b430f33f2e922ee5b53170ae9548ccd29da43b5204b100938cbf3ec2c01180447d347af0f6505b1162d5feec892cbfbbe4322b32e38fef6c21c
dd192644d00ed6d24fc2f0af5512d5d204ecd2e75ff94ddcdd64bd075410f03cc2fe2f57fe2563e3c0d2d490e8fd3824b639df1339a21ab4265edfb60e122f16
3b44f35be7d0bd10ae1643baa33bf899db182f44fd372b2cab1650e11140d7d8e678c803e719246d21dcff011d20a8dc5e01cfe9fdd806d60ba13d76d32df6c4
e65dd3ab9b1385fe2f06e64fe6da16f7e9c19e0714771742edd631200ef12fd53621b33ee31bd36369cbffabe8e140214fed420ae800bd184d2f0d09bd1a1baa
cce89afc0102bb584a0dd5fc56c1e3ef06ba3ccdc6def2f3cde62cebfee9e5501c244a053b150aeddc1bc8f3f65f1d24224064ff0d706db0434f1c6713090cdd
cc04fbfda75434feea2903193f1813126cf558a91d35a5d31cfe105cf9f6064adcd64b290ee8e7445ea663df3afc8852caeca85b0bf7f5030ef1ff1604a4b0f7
d533d92f0cee2ea8befd0359ee6d501cf85e42be25febf28e52e36a4a2feeea4010b3f12fc13c729e351eaf7ee4a0dbac25407d7a726f63034454a1a27200d27
2ab5652109c315edd8ef200a1440b75eadfc35d7fd44f8c3996518f804c305c6970297a7edfda8fd0b14e2dd2b35fa11e1f93b11b2038c10d99b2a1d24dd03cc
afdaefd3a2273aae05f5641fede50abd1ed6a0f638136664fea60f4cfe1fdcdd39f5dafef229fe1e0c22162a28c3511b01fa5441401204ae3bf6bcb6e4d8bf27
cbef44dc19f5e8231617f3befb2cedafcc51476f30ce2beec826f078db06fe424f1f2d1810db17b70799ad3357f1b03ccdd9cce5ccf030f30ecbd91cfe26202f
17210b2946150b900bfcf205c9a2f45fe549090dc73a0205c30be304f5bbfc1a029a41eaf413f7d8b42b40e6e3fddd93fb04c7fbeafbe69eeeccb9ffe509301b
130bef23a8f738023516e9fef9fc6106ccfb0e115cff04162c2828050d1f03354fa2d0ee0a09b7492b43360a032826dd6de3fa081dc737edc8a63eaaebf5ab22
ccfab7f5e3c1235fd5b8d845071804e91051e2ff0d2d9d010be6518a28c9daf9071b170e933d513b1dadff21e6e0d8fae9ff31dfbe48d93208f5d1a00912b46a
c6ddb858d22a08c4f31ab8072b12d039f5ea2b3eeade0e5eecf657c1b6fcfeee6614df0e3cd19ce9df08be48c2e0e65b083b32e11b00f20f1e43aea24dccfdbf
ecd0ffd92f9373011a0824b18ff72a150cd2d3992da7300fc7d1c4cf941219babbd0eafe126092fab81319c12ff4f3e7e8e850b6ad150cbeeb1fe81ef9f6dff0
0f0711f3d1afd957d4c5da340bdf490c16250927a15bfb0a343f334b2705abd2e166e417260ef6a410fc5e2d093b18d9fb451114ecf5e1172c0defc0d618fb37
106111f340f08a10104237674bcd4433d6bc57dc1207353d103b19e50f45a5ded80404f6d8143cc84f3f51e662013533fff03f1be6bc2ae9e8c9fdb01812e53c
1827d516c006322c235717ec1ffbb2e1d11e2db1fc56923cbb02892c4d1f1d4dd3d1349a03b420d0e8b3f5fc9636f2b4de3e118ae4cb0bc0e504f7a6e9daf022
e604f92d47ecf8c23ec61cf7a5e80cf499ad0c0eccf028bf41cf3a4d12c0d8fbf61025e5ec2026b8c6330bd209c6dbeddd40dff63609f836def50408cb07c936
1b27ebe6ca3215ae134431720a15162f4b48af15db23decf11c540d892d8071be9a10cfeca32ff2eb97013e75833fe0f1398446add2633e1df0131caef19c73e
0aebbfa63fe432b36f4fca48d1d7f98efa0f25f9ee56b5ce2043fee8c0e8dcec40fab00e643dfc1ae920afe9eaffd704ead73af6f2ece30f1aecec07f12a6368
77d5fff2dc0520a724fb07dcf7311a0d13fe012429f4d15874a40a11b35b12cb20a9bb0cf8b41e2659ea3dd8201fe7f605dd41280c12de2cf51bf5c2eadf230d
05f659ba52dee92334aad1235e661709214f30f8ca181f1b72d1b7f24c389ffbdabfdd20cf31a53b22f3f74dc19e24e5e6ab2b3adab60e38ff49fdc3fa0ac109
f9e16fcea6a0db28202d2eebdf1502fd32ef2cefc4fa4c1223e0f2ef2742510a3afd2baa34d4f50d2fe7d4a04830282016643ddfea224931feea08b5f0e9d2fd
1500fe2df7a94f99136909e0f39905d4f4ed06f8085fc24af19b0d210d0a59fb576fd218d5a94a11b94d763c6bf0f8ec640e350251432db1e420072ac8181cf0
4d3365b71bff24eb3ceaf90f052792e5621c6cbcdb24bf3d9fecd1500036e29e9a342faf692b6005154341caadd342ce0df2a526eb00fc4117d22deeb4177138
0818ce2f5ab9432b206003471ef861dfffe638441bf222265242f20811ea3d3ffcf92433f8e637e56c43f317c0ab03f34918d8fcd8120ac6af3e1b2322e8cb1f
57f509765ff3f513dd5010dd15e9e212ac01f6fbcbd5b92f49aa5318f2a6eea297dac0ffee9d1609f527f7f61c0a0728ca242ba8f5171cffd0d3eded06b5ead9
19173430b0a6ea1cf1621045171c33de63af0222f7b0e6f4cde343d511cb41d8cb536afff9fee9d91d0546d139225890e2d23ddf11be0102cc15d726e6c12706
24290116d4b497f3361c0e09cac33c06c11dca183fc631510303e415e7b5ebe704fd223e8738d41eab9026d62cd6231f1322cdc5b5632e8c3c0a014bb83432af
25160f06d3a449f83010ca4afad629f475de03f83322121fe1bfaff0fa65eee7e9df22e9054802f530f1aaeaec42bcd80ecb03e91e01100d0224ce262be73d17
93ee1636de42b735a8be520f540914f0620dd7c8d9f50cc3e9461b16fbfdec3637be30c5dbfacfc4d3f0a0531660380c9f0addd594af315a1dab99ee26992de2
11ad55adb2f1ed0fd15b082ae8f530db2af53b1d35e857ed2bbd0627330ef5e6e7e2f97cb26ee703dd12533c2e1b12e305cc10fed8d42bb9eac7fbd1203e4f13
aa043f3db1d5c3a751ff2ce116fdf50800081c364e1206290112fbfe500415bdfdfe1819e2fa0a02cd169af0b149dfe5f38d0bbc76f1c4611deceaf114bd0a32
f4fcbd9eceda20caeb22cac82fd135a420ffd60a300ac629e297bf123eb2dae8fed9ed51dfdfc7dacf4d09a8f62acdf8f1e7182d4a052b26d80e2ae354993106
ddab2821980c15a3cbe0090e07e0e7bf7131dc2204d7acbf06290b4b24f305fbf6d82ffeb5fa32f6cbf239e544b123da61fe20ffc70b372f3c051bf6daf5d62a
121db43ddde5bde1f2b15002cefe2b339b05b459bfd4a752f6fa16b8155a51e744083b25a7cb15b4a40a0ef92a17422351bc251dd244623a1868e7152c19e1f0
cca8dac84e0effdcb43cd439f349d1dcb4e1b5aa03fb2f073104d14d051493e840e40e3d2d16e4dc030707f8031be90441310b403bf210cf12b9e6db18ceffa2
078c9a111fb6df66979cda07fb1914010ac7ea3097c7505e150dcef50a1b39f7b1ef6dbf4507bd3de195e4a401b9ee14daceb9cbbd5a235569b12a2eeaf9e721
eae2eb15fb14298f1bb955613f30e3b51d45da35081413e82929fcc60b2efccfd630f150d522ca1eb50bcd01e435d126342e0a253ee109ea0828e40e9c2d53b8
dbe7f6dbdaefc80e11122d25fe529b44bae92288f0bced169b8bd8d6bee4aee5fef2cb3fc7e1eb58ea14bde3f6250befb1d74bce5f02fbf8015c60cf0a45b821
ec211df80d65adffefcabad6e050d1b9b50ac9de09d89914a2f55c3ff1a9550262e45b1ca806d1c5afbb061bdae7f7e8deeffb32e01deb12fac4ebc8ff8aa129
2ded293930201d96dd07382b1317ef9fb2f50cdb5d301294c6d605140407ac12f2c20301f470c7ae270dd9ed4cc0cd11e80ef30c4ab7ea08e155bbd445caf016
eb23423af5331cf3dc88f4f830fd09bbee40f4edfd63e0ffcd3826ac4529c428f05fff01bffa3fe7fe10ffe0d8d822f4d49f18cd1bc64d0b3fd3bc554e0f03eb
c40b1dbca8ee3cdf57f2b10b171266c3d2cf2b22c63699f92f1c0715fb1b03e9dc2b300a73f43ce5e65e4007bed62b2544f81c6c05c70b1a23ad90f95a3f405f
05193fa7fbf603f03d23e63a53f891ae8f24121df02ca03037d8e6d5c0eebe8450ecc71dbfc4b548dc0510ab60e51dc9f34f77f6cbe6dafdfd2a05c7ad148619
09020adbc76b3dac09de3ee9c51c5c210444fed522170fe3233e11e4fe30c6f94037bae5ebf65051db61ffb4ae9e0909cdde101fdf18f8e148e32709f5b814f5
441eac1944300f25d33392180951d4e4d9dbc3e20b133e2ac1fd640c06411825f49af225e20fbf2adc1daaf8e598a40bf2f664a834c63a76b855401744a3edff
37f348081cf9bd0cfd27050aed05ea3d3b34dfa4d0cecfef0fd0b1fd441ff1a50df9447079bd6b47435c130adefee615a456ce3beef9bcf8bd11c130433c4393
38e922d653e1e5f608ffead524170307713a0102e7099640f33110cf4a90e7e3f72cdeca0ebe18ebfc3bf1e31bfbc1c80ad939ff1c361ab3bb1ca6e24424aad8
cd10ecdc08b52a05291e68cf177420092f336b2b05575a32b5130a2bd322372f194a3bead2031710e259e7d5e9b5fda40b20e8e7b65652efe1edcff003372d3e
d5bd2652e9fa4b15cd331e9c8e0296641b012a0133f31ed3ec06c7d29c4b0c26d8d70b0ff3cc2151501bfd025047f9e93e0d2a1bfac8e91022c192c315260e07
e8ae5653064f3e4a133039c8fce0e5bd4677f13c32c60de34f2605383336c6ea1719edf2b5023f25d849dbffcbbd2de1f7eaa9ecfd2af82a0b8a552debb6250c
eded8416368f3eaba0bb13076030b0fae23c1ea31213dae1cd532e0f3251f8eaf638a920b529ee13470af509c3e1122299df58cdd6cacaf217cdb91be1da1ed4
19ef251cb121febc3922e43308f83dfc4dbf3e2d11a71d2e66db0cdad134923a4fece4dfd010fbfac826e0121bc2b22c22cec49d2db96009e9de31e9da1e0b04
c6d3392329cae9e5aedaf6d629fee0b0153ca317c024ed280111d2db55c90fb5c1e91ee5da270802d645c2b72537c9790f231536794313e9e43fdb130daa49d2
e8ebab5915172435fe2fd5edd305341f020e195fe1352c24f2f30344c83e1e66fb1dea2fbc48df21ea2e4310ef0aff1e030c4bd7d510dc161cdce39d13be6f69
1cdada2859dbed10caf4653456d015070118e5d3b85e0d290b4443f8e54eab7df15efb193207af26262b1c0af8edc2474823f6ee48fe220316f2d5d29f24fb1a
e0df092db41ac814a8fe0752357f24f31c04bd1c2b063103e5bccff75302d641052a1c514fe5cdbd16e5cff404cc0f449f21fae5d312c8344fe618e8caf50fe3
c7ea9de3a93659dd9806f5141c6ff051cefe8e13fa37f3416f14eff26ac720f5abf0e0c72feaaadf3966f9e01d27083b1b1811dd27f71dec2d99d1a3bff44ff3
f8f4fd02e9a5202bfef47348d35e6313fdefceafcad0d0d32519e740cca500fa4a3f041b1bcafbb4f4f3fc1ffadcba2532efe0e7fd2c28fbbbff02a4fc6e09d8
f0280e5ecede27d4a5fbeaf23011daf3014634458e72c2f7ac9d1b2c37fc52de045b48a4fe1bf81dce2dd31fec1f9509e70fa3ff22d10bc6f1c1ff421cbbc828
eee02f3be00756dbe624afdcecbcd02c8d23c7520f07a9ef581de7bfbcaacb1c2524a2e7f7061c1d1ef25573b8f8a26ee60bf96d4e40d710d8e54ef7f201e4ac
3cef531cbff9f208f0b439f8df124c21eb92d72bd2ee1009f9cff22124b4301ed6a40112da2bf222230f39e4a0e7b6f62e2ff8c31e26f549023e79ecd00fc51c
d1265ff4dcb733d0d7c832a1f73308e81cc4b6c8278d46c26ee46adffe03fd372c2317dc3f0f75bb9de13dc5c3631e38ebe2f10f9d125a50e61d1c00037411e3
388258d8189accc5eebacf1dd717fe0608e1cc57f62e3ae1fd1b6102bffd391ebf052ad6d3b6d8ea4b03c61b3e27dfef8cfb3b38e1fe29c7900e2945fa58f845
5cd22b671531031ce5b8ca190e1dd81103c2c5b316130b27113da7dead8f5867b3e321f5022e1497fc18be16382fc5cbde4204ea67fae3a498fea5342334f5fb
536bf521e23c12032712f3f1cfdcdeb525271143eee3dc1534b64aea2ad448e2dc22c4d150a8c91a9416c0100af4f9268ed8251ae4e0d50900e90c2407d5d0ab
0de813a141e9d3ef01d3af56f5e2290d06efb20ce9629211ea13b75aed299a150f0db0f01bb83fccecc4fc1b09f7d31fa01a1ed4cc01afeda24badf92cea3b15
34ea27c5d1c202c0f22d012a5d87f5fb1f2cde56c8672c0fe11cf5facaf71e3d45d349cbfa37a21d720635ecf70bf1eca70dfd3c3aca5a211f4bdcf00d20b110
fec52b59ccdd0d04f86c29d6a00214301a22570f01340a58181dd9e3a657001f41f9efcca99f213d1df2fdf9d1d90a06420e4f34f6beaffc656bdc66f1ec1f09
4c34fda5b4d41ed460021310713ed5e4ec15e1c8001ae4b3d4a9aaec29d8062123ae2410f948e5c21d36f2294854dfda1f99f6e91fcca5f9160a25e507f04f11
25d1e40f01290af237feda2c070bb61a5244320beedc064bd520d7ab05b63629cf42f7fbc435f984a4562afb1c1322c02b1949c2f7631be42f0504ceb3e24f58
0d3a78c456a73a6711c2f81ef03c31f843e3c2e8d35cc6fbadb56896a7afe62517ee05c2e4fabaad3ef73f27cc0aec0333e292b647f49a9808be589b68f8d9ba
faf72dfb9702b4f746e41ff3ca6b5eedc5b6f8341f2ccad00562eccde999ddebccece11c27eb1c21163600076e2efac0f0efee2a2eb96f2f4476f4e673361612
c62799270920f5424130430107995201e7cdd335c909e948c81045f4bb0fe62a13900c18f0b9e0d045fbe6f0d196c8e6a11c461dedec3b26464f93b83447c813
56bcf63cdef1992206c2521b43951c07f59eb9350b3efc4e4c33080be9f4e1401ab31b0516ebe0f4f14e6e29fb66c420f13b9fa8cda3f7bb2a13025fcdf8ed35
0317f0f4ed14e11cf8231316fdb80aefd8c288d8abe9d138ec23fbd603ad053eb4f3ed15a2d0911be6320f0f11c6b1d2a2dfe8bb3efab7f51de3c2bfe703a743
9857fe01bdc623b92dccab0ab3ca61e727ca193bd317e6b6ca203e00c326eb64c5929ef6fd65e0cfbfa5e4e967bb03f619c69eb437ecca192e310a55a3d46841
fef346d635050d31530a0ff90e181000b592eeb2fbddd1a2711cb1f4f9efffa9aec1210c08fa3927df1d0ade07dd01aefb6efcd3fc1207566a4f0e18232c2aea
faeab935ab4dea2673099b2a17d12216c7186fdf2d3518f90c5e2621e9fe067436f324d9f38ef85517deea2bfcd3e5c4acc1f8910002c00ac1153a27ec1d0405
5506331cfffa27261b6a08d1150d941793bb0a29c264cae702a0f4c71716e406c201fae6fb08d74a0f3e0d0016ab3aa127d02122eaa8a4ddebefd91b03e6211a
1dff0ed6d91812bc163b4fd606c71e1f36af2301b3073c1a02503160eede45f518e610d55803b818c6da310e05c3ace9b84f6a2ed105b426ca1af6e234ad2102
5fe40265a4ec3d16702ddd4acf1f9eeeb7e630124d091429081fe00630bba5f3c0ea322815be612537ece91367c70ce3f3a029bbdcf1c996bb2af949e019e64b
d50dd4b63fddbbe0a9d8281eda1bdc28eff8286adbf38c410414b0b2c7ffe6edc0e0fef8201c42ea06b9532ff8dc2b5760f52b1329370a1199ce0ff1fad62512
fc98ed093163202b61ef7c3f0954dead262ec2f7b7e8dee8f0c2af27e6e429de3a6438ff600ba6f6def9c4d1f44a936438368e2dc2bfbbda4a3917cbc7a9aa1b
35240aefa7eb0f5fb013f4f9bbe91a1ee6e7dbdff270ebd8e0d5cc1120c8f0edb3fb1804a6e6dcea285cf8e432422be6b4dffa15e9d3df26d7f70a8d86e924e0
cef7cfe7e8123710e306aae799ee93aab3f435ff6908422265efda3c25bc3e94dfbe15f30831da3d14aeeb04c7e8fe3febf7c6f4274ce5f44468f8428c1323af
54ebe162a0af18bd252735dfb5684aab3bf5f60ba102bd723b625f12cecc3df30da01eff0525e41ebcab09e8bb05050f20f50f094574f810e8abe41c08a328d8
73d317c0345d0909ce17f2cdb20037c51d21d8c7219ac34303f00f46cea7d2fddb4008b51e650eec49223dc556d44cb70b181d072f299735f120c951d4ff3afb
2530192e1b20f7be4ecefc8f14ef10a8390defa8a3193c5519fd28f23515c7fde10a0a1a36fa5ee6f11bd226fd42d53c05ba04151a8cc9d4c69ab72a61f2e3d8
da361a322abfb999c93923c43b1b5738f7de3cefff1a4efb10fd000dd7cb0bedede59170af41b7f320d42ab101e4430511da3c26fae82e2106dcde5006de055c
0cb7ce3e0f5501cef9401093fee3fb0649c9052c16e1ef4dbf10f21ce1fb61ecc8571efa64d02f0550fdc6deef0c2d0c1a51fe51c0e6d4e1ffe34d434ae9f4e5
451c2d41edf751a0fb0bd14555bd740526d0852fd642149a33e9e0d3a523e83492cc0213e6e503b60a4f35141f23c5f2e3ba4ee3c2f8e2b41c2d3a21a89c9f60
f7ed102b9be622d921df0b1c6f27003b19f30f14c7fb17107935474e23add1143dfd1594d4e9a5652a782a11c72f0c3e4e18f407f34efc1a3934ea1df306aa06
0aededfd12ce179f9e0e3e060eebedf00ad85313f5121829a1ff4c17c8c1f8681f08f90b2b203cefd70db3ee430713e3f514a49456f81456eb1c5434df1df9ed
c8892521e4dac99a291ef59214ea125cbf3c9bd6f735383b39d72fe6ed090b203baa1ccfb9bfb0f1d2f1e8bfbe9a51e8d7053a159bed0c60333dc00b1044de1f
500d3636671007261a14dd13fdce12c00063b6d00858ae1ae4bd2cf70ff40cddeb19f714452014405d640ab01f0fef47f308dfd4c50402c4255302a5ecdaccfc
6e02a1cefbf23f332401236c15fe2af4d5df3da3eb374d1de23b2569223520ab95291ae6fd39a0ea31d458abb916dd041cf7270f61c69804d0455773da42c036
491a22f3f127f703f0ca13c121ea015f0546c64d1e1233d1e048160feee9261d9d4dafe8c21207c7fc449653dd55aa3a584344e0ac11083f4f9be43a62d60d25
a51deefa0c2029330ceff1ecce17ff31b14b4fef280f1b084de233c228c335d14605464dff5b60ef32def0aca204edfcdeddeb683ef671c0cbf0c468cbca0454
11cd1d3fc3ba2e0ae3d5c4ada8f80af12403dc34f9a003e402fc04e7dcebcf3c130849380313eab311b31246681132d730dc73a543dafe973abebf0046db1c65
f2221d11ebd6024dfc10a959df0b8ef82e28d9540cd8ed1e2407b210e7eddbda2ff0ea50db1c00d13db597d6c106fb9e0e14153ffbf3f461d2053414f7404ffd
ba3da34f2217c9bec8e1e54344e127f0a4dd1023d31e90bdcf411717f119f90508abe914e9a43ad3fc6cc8cefbc1e513b9db51b25497cd2d02cb42130fcae93a
02dad8fe12f9fbb639009b22ee9a25f83e24ccf228cb14fa02258e1ec09040aeb8db312aa723a9265633539af9bfe25b2b1d2041074e1831ecfdc2f0ce024dc1
0cccf1e5acdada1eb134d506c8acdc072118b9380a08bc212fcb07be0f292dfde3e4ffe11aef2729f5e6191d0611d1c5d33fb2d3ecbceba5cafba2fc0a87abe0
11ec0d9e24c5bffaca2bcc19c315ed140ece12f387b812dddaf0341c7b50c00d17ba0ceb5ab64d0197f8eac51cb932d53499ebe819d94e6606e348cf183932a2
a11e0f1732aad94eb5ec625829f9faa2e7d9e61bb950ee3af3f70ae8dbf3f4fdcea8f9eadd3322c31727c25cd0edac3abd43c9db0afce8063233e662ecfcae0b
27f5feeaf0914e39b90a123bc6c028ffc72051402acdcadeb10e50dced18d5ebe1a203d3f0c659fb3203abd60629f4de9ff7bc241a38c9c90605e97743d8f2fb
e3d5c612fcfc201a071ee1cf1c5a33c3cef72538023314fff4f809f7f532941904142ed616b039d424ac20095157dc0710ea3b1b11df1efc376b49d74097c118
bb0af9c6cd6dff4916f2f32532a51c478cbea4cbfed1f3f1012bccd7d33eccf105c8f20be4df3c0bbcd1f9f109292b42c3c7c0ff14dbceacbf2f22f807e3f151
1adc3b324fe6dc420d352fe2185d59aaeefafbe625642c2dc54ecac2b99b43a73aa55b08bb262adabf3c37f245ecc70622d5181963f148b6c19b11c6fbafb80b
61feb853023b6357d8239410a3324803b5461d0501d4cbf25e00090b530b021f3fe09c69d71d0828adf12c0ba54ae406becd2dcadcbfbd261353a636fb5a4603
4fba02429204cc3042d3effaac14f3ebdcfc3e54c9ea95a6f0ba51655122eab6454735f751b0d9b4064523f749133e41c214e3e30a1641314efa64edefe6daf9
eed1fa1acd20e59a3a8ba8c9f70d9830c6120127c624fa334db912c45e49500664463e4ef028fffc52be62f605b4c016f5280135d8fe4efcf844dcfcc3422029
35c8b31315e5d43ff1ab0eae5342ceee09f91446ac28f00f7045e73b21fa9c3210353953d9d2e2f7f6453187660abcfba60be54ea6d02ebd1d31ee21e3f6a321
4c31ec072b2a18fdf7f7cd3419d550faf0d403ff20082a9104f6d9d707dd2d2c4ee19c321c2d6fd122dde3314425ebe6ca68131a52e8bfebe527db182418fe12
f3d91f2e125bcceffd4c15140143ede4dd92ddfaf5becf2f0fcd2535f52be447d47d5b580957ff600f1c18259710bc5320063bee1a434341cc0afae2ddbc0c03
f6d8390dffe342f31495eff3a2fb0ede331312ee6ee4a6b1ab3acbacfca52aed68bdddc1d9f5bcf9e52aa1c523b2d88ed11020cb0f31c615de0ffdc412b622b1
3b1f30d4a20d961b03c950a5051cb5b7f60b18b811adc2fb98eeec1a0607bdcff70fcf4d0d1c340dc518f492cb33ad330ee0d9dcbde6b8faea3bdf45d9e25635
f3ccb4150ef5061692d51e1103daee29fafd0107d804c10dc9ee290c601fce104c022e06c43637a63209effad722cb00ba1690472e2d29dfb33638160ee1ac01
f909daec42d5d95e22bbc94312bbdaf2051e061fd20ef9e2329b47ca22bcd72e5570f3dcf525110dfbf0ee3ac7b5c4b7d01ed5d625023706a90101bec85762d3
ed3e39ee4113c4dedcebf8fc1b25c1e6c0c9d4112d5b3ae3a9c1f830bbd049cbf618f83bdb55fb3e044fc6173c08550e3908e063f02330b0411f6c33ee0ff8f8
0bbba2e3fb10e4f10122c53b1610bc003815f92e135808a3cde6d95aeef30357bc4a30f8d622ac338b3f1988178dbf760b1f163fbf52832ed25a39a3d61407d4
bf0dd4ddaf10c93d0cf6d75725cbf904b2e7fba7ff3f54dbd80355560729fcf0395836bc40bcfd06d80e1039d2f907f8d62914d568d3bf0dca2eff1323fe6af4
140dc9dc6ee5e326170eb2edf487f42bd2df054a97c8a71cdfdaf42c43afb648673a41140ba6e22214fa18d3e8e0e3f38e2ec838e42c1edb1ed50bf9b1e636fb
a606c5cd7839b404623629b5a0fae89fc4211bd1592ed122f623cf4f02e4f24dfdfaa21c19c4e3f1fcd649aefa1fed0c02a01a4d1cb6f5324934362b02e9f3f4
3968e6120ce925c1dbbcbee1fbf541f4150403f435c0a4360844ebe20cee3daabe28b929f5aa61082cdff73ad625ddfe031406c708c9a5c79ccf13dddb4221ef
2b0eb5bff61efcf82dfb20bfc46c07184ad1f8cee6d1bde579f5f710e6cc09aef92d1a1621dfe373defcdcce5f3f95fbca0e174d88c2d0cff10ee5fdce3315fc
091f3c030522e20df3da0736d8cacb21c2f391b8aad3d71ef69bf121cbf128d936001691fc0a55266935732808ca3cd512fd14c85f0db80a0139b3ebf0400b1a
faa548bfc6fdba2af6e9e7980c05f295c4f9fefb1033ec0b9dd101e5aa6fd7bf130b76ed1942adb1cf3fe89a2315f6d0f647fe0ee9ae9303c039bf0a8f4d8ffd
3b1d2e18380a20a8c91d9f00640a2cd2b521d5eee6db1f241bcb18ff5c4b2709eb8c17a7a3a7e1024010c1d252ccec26fc1afd14833bddb0981012113b302e1c
fbccfeff1918530201e2d91c09f91113f72e4c4f3c58e14f07ed22b228d90111b439c30ad99ce3490c0555fa1d0ab7fdf93d2defffd129e45ce9669c7227b01d
c82ed6d83ca03e202a61c32ddd030d1e51cec5b01e1142d333ece210b6e997f1201d4502fffa08d5b933e1344b3dfe3df7fff2feebf4e6e98ba2316629c038b4
1b21c41dcf0f1de414eb298e2f69ca41f10e34e3c306ae341329c10936f438da111afdc81dc7d22051b9cf3c0824185123e047fe3c42d3eb4e4473d33cebcc0e
17fe44fd2fe0e401ecf055090a18ffe178e05013c40c95c80fd517c3eed342adff0334b4e9fbff615142eff7f59b053c2d23e22ddc2a034133b20a1d30ca3906
4525630df030a73dd0e1faca3fb8f7c833fda5c5feb1e4eb0a12c1d10d389b4ed6a517e7dfd9d3e799a9cbedd21023bc69f3adfe3e0a34db170f0554e9c1a2ee
d0c2f8ddc2885efbcbe03eccd2eb90aafd7091c4fbcbbbd7dd3ca824ea08e52716df0bbeb9e515341a682ea4e140010808c01321fb16f325e9d0ca0332c1cfd1
db19e706efcd4407e4f5d10edc20e84a4c151d523e2a1126e7471fdac9fa3332f14617040c0b10eb45011ad6083db0321b38d23a163800b8f2f7c6e227f841e6
5ecf112c028dd3293a2de8f0b6d9f433f1c8782d6de5f62b30180cf22203dfffa9f93f30f8ee68421d93ccfc11e3d5df0842fd9cd6fa9b74fe1bdde8b0d2de38
f93af28fe5c390acaf04f1dcf81123d51a96c71018d9efab3e15ea59e53c3feafd4d29d7eca4afdc100116b6fc3f37e8e5b4f00be60cd84e36964ac52223e511
0d274a0c262906cfe3f7e8560d14f1fd09cb509ac2d10f35dcdbf1fd0e07e68e2034f9e6c2eb494c6c1d0d21e32622e6f5d40c3bdd84524d210dd611dd340fd2
da21c72d12e4ec355ced1f2ae01a742dfce04f2ee6233d523de51113d3fbe4f472d8edfcf3eb2ea5d0af0ae113e8dc39d81605cfb5aed73cac095aca173325ba
dc2a3105fd3fb8d6dfeee2fb100b4e72eeb6530422f22daeebe5ec0b4a02e521753223460f04fc3cf3e9ddf6f13149b959b40d13f5b3225bfb31d150e0ff9720
0c410fb2ba9858de191aaeda0908ed0069cb13fc3bcf4def065407504fe30344e1d1a0c5a8ab54d9ff2af4101601b602c80e3cb10aead2fae7fbe2f065e1bdb0
f7cafbe01811a1f1b7c53b12bac6b43616fedeabfadfff730f0119c2ce4f50f2e1121426e0cd30b8d9e2d14706cb34ccf5f7d70d604840147cf9f4ddffb52a2f
3947ed1db9d6692037c3fafdd0eac7fe102cf7189fe8bc4ae3c03647023457e139b6b53d2103f6beb6b7ee03edeafa061643120f4d299ff90230fd0afd3665e7
d70afc200e1e290ec70a160f25e954aceb029235ff1b572e20113d0be84827d25047cae6f622b818fcdfbc22421a9545a6b52b22cfa001f90b57dce748dd33f6
0324dde32ad6f204a1f01ccd02cab11e43fb0eccf8d3ef1d22ba3fc3c3e9b71e51f6113641ae2c0b1699ff4342e7323cd7564dd6c61db4f6fe38f301480c481d
06a83dcbb0cc30a715e7331eca6eea62d5da5cf2c63531e3a745f60ca9c6601521114e04cfa361e9b84804b073a2e616fb0e2df442d40a18f9ff28bccd2bb41d
edf6e82ea748d123c404d9d3a6f7092319f789fbccfe1d648b0cdd0853c1f62fc0d7c61ae5d2b24dfb47de14e502e90f4d088626c75861d8431dd2b54af31757
f91cf0cff6b13f2413cb9b33c7f44cee44210f301ef8c2efd9db57164622c4ab0826fef03a2b1accb4214a0fe0f2ec5df13fc9b3361818e834de3d78da2d08fd
f53afa5a35e5e5040ca92f06b944dc4f1a3ccf2ea23c0421e5c5405342f002f126e5f3f7f7f6e7570bc53a1cce0edc3cbbf712d833273f3198efcefcfa58fb04
fd32f027fb23e472e4171d0827b817d06df31ecbdacfdd16134a3dc222adff23c4dcb8cd3df4af0d02c8aafed1b12b3cdc2021d65bb5ced35ae95c8f1601decb
3de65d2422daec73f90e114f07328a3417dab76c41ed320ea7dad010e2d3d31023c0ae03ba35ea23ef90f007f12cafddf7b6383aee3026bc91eb5d31a9aae238
070410edd0f2cf4fbefd0bd02ae634ec41f5dc114f41c0eaad03f3d2a3243a5df72ba70b0938d4b31fae1d30e6add7ff21d824d91cc1134013ebf0bb060cafef
5f250cfe0816f5f8c414faeac9aff836a3cdd40340ec9b1238eaf5dcb7ee300b260ea7fffb05b2273528d15f1916109048ab15dee9039dda2b7610b319fb5c2d
ffc2c8bfd1e8b6f8e2b4cd053f2c1724164b04f6cced34cbec93030869c964bf36fd01bcea412713f0ec1ccff7b46433ec25d1ef344ddf75cd2950102033cd28
daf3e00e0b1462fb1cff28e4ff1a10d1dd141b40e157deed48cc12f604c81c35a537490567f4c23601e71d205afa07bffafb2876cd0c4e3020f80f7101b7034e
bbfec726d7a64bd30b3c571e2d069d0c11d0ac4bca01d8f7b835f0d3f684035b36f6fc2057f8e01fd300023204521927ea656db830a99b0db3a62c4e4defb603
a0ed15491ff5d6ee0c29e7f0179cecf9f813fdfcd53a4042b0452326fe3716ee05dd382935e51b192be2ede300b30d10fdcda03e3f3a09d10afd37a2fccfe309
0d1198ffe04c0d0b17de0862590325522e0c0711d71754f326bbf723a2cbd230d5c6c80f2c3f43f2e0de992acc3f8e31a749b101faf0f9240a040997bf50b608
631a221f12dacf3c10de46fbe214b2e5d3446c055df8f1d0ced3e1cf2107f83629edd29cc8eaec1d5d3c20153728c20eadba06dedd54ff2a3858cbb7072370f7
f148360f164331dbd62d0f07f45d0e5befdc2755ec25a8cf016260be4f4f14bae502f56dee43571c5ef9e2d412c448f294c6e72b5523f2320e4528f0c0aa3ffd
c4c743f6fc19c5fa04c006dd3eccedfc1cac270eede8fe19f4f360b15e32d159f8fe15040df4b9b158d7dbcdb6f50c18f75501ae1923cce00327a6f1d64f070e
1fde15f3f441fd28aae8205a054eb8ae65d3e1cc2d57e72eb347ff9fc8100f27141522a0f8ece6e2fe1a0100ab2528daf43fdbf9d649234804e6091711c31f5c
2df470eceae353aaf16afbd9d05bd995c5663cd31a4900fb2d3ec116ce30a30aac07ea310de2d93b03df127709b4e111a753f6133a172bced60937e0131a34e3
0da2f7d30a0f07a61e0d2c01f51cf4e92ce4f8060bf3492a011c0b5416e2bec63601c740e6446527eeb9bf8502cf28505119ebf9fce452bec7fde320b347aff6
ced3ac392a0901b6f0f7deed1bed0ff449d91ae69bcbf808f70867f5f347180372cd1726c727671103b2f053fdb3c9f973dceee54f3c1bb72f3c31a21e1cf448
d61e1f13ffc442c5c511f13e318ba822f4c12c18ef1409d859e225a35ee008b5ae1c14e31fe0fbeed80c0ba43e145e122f12df6cfd3b65fc1b2af9c9c3e5f1b7
6f1102fccf2515fcdcac1f2fba1dc296e22438e9cdea9a36191aa7033c452c385dd7156406e8dce2484a37d911d1e8020de607a53de1252b2425f9c706b7e15f
bb906c159623e835e6e216c4cbc628510dd10c1a1726cc35c1f33c1dea11b862339cb2a81ec82f1f54d77a422bdc9299fcc3efb6fe51491f3fb7b4c5df0c42c1
49d55af2274d2c14fff556ebdef8e268c1b2fc1ae5fd9de1cc25cc05f8525902b722475302ee1540bf0df4ee5fcc460e0e21c9b774b9f1ae14f5d6daed0a17e7
2b12ff09f21252c0e34bd9e55bedf9bfcf4f27065b02fad6ef370bf5dd31e0dac039dab0e6f44b70152ad9ecd3f2d6ccfcf302052e222d21589c44433836fd51
3633f1cf3cbd215121e62f0a4fa79cfcaac3f7bc651ec04cf61b87e5f7182853cbe4a412274bf73840db28d5e817f72057a6ca31f109fb1ef33bfec3df57c132
da9b3d31a323094bf2266a0ba6fe2f0279edebdde89714f800e82a022bbd1baf470f30aff72f41bb404bf2ebc618ec4249e9e73e49b3f22c5617f205d82a67ee
b21a8f0850dbffd2d6200620e914dde798eefe36fcb13a2af1c6cfcccb0ccf07fed79215082006173d91edf91e15d8303156c0e20e9c2ed009dcfe3a34f6f743
bbe6472f08e337af4c1c71e1340df8ffe8122df662c9b5240f32ea55e1f9fa3cff1efb17f4fd0a5c53ead148ece8559cae13c59943332020045834b7ea18e8b5
d73deae0135c11e8d3e9b2c0bd13782fca09c904c23b50ac3449fc42fcae0eb2d660cc260cedb0a1c44017e42b0fea433c721cf5f24ad502e9eed019fbe2f98e
f968404712f723d74af5cee7f220c95aa22d3719eefbd5291007fc1aaba806f3e2eae0933146faaeddc32a69e46f1af3225cfaf719e8ecf1ff0556b9d769311c
ce3519ff104b16072a2a01f226f5b1041051fbc12f2319f83da030ed1ee60816fc5cb40dda01201e2a3a291c080ac22dfe26d92be120224241d5031efef7e5e4
0eec23f6db6328222c1f0d2f215c1a2b579d96dc5ff90231c81312dc114e152e44724dc7f23026b603cf3289e3fa08ee1f0c1bca36dae114b3cf3a005704fd0d
d7f199e629a4e812e14e2942500412cc3c99193fea5dd2f75319cee4abf595e908abae69e3d40edc0dd6323614f2cafd4a1b14d59e07e9b74feb003908fd1e0e
00e4c94cb6a6e9a91ae6280a550c15f510303d3a183a10febd0504665ff8b5054ab54e48deffebf2ef340ecdf87d38a1f406cbdd5416ed2be107b40e2ffff4e1
0d3e3b186ccbc0002ae5efd3d7a7ae48230753da6d26cbcbc83119e9301a064599e7f125c80fb6a60c0953f2f6fefa160e0814b928d5f5f64d392714faf6f14a
e2ece9b0a201d7f83df4f85b525b3be8d2b15ed3eec040f0eb2e1904d8d4e2fbfc1307155ee4550deb0c2bb2d036a62103401920f408e5c2065dd24d010bf7df
4235010a5539574245e5063febe8fc0e525a09ea0df1597b1ce45801f81de955e0042dfd0a3914bb57580cadb4c2fb78bcc737d9efebf60f31862aa61af719fc
a73163f43a01150cd61ef43bc1d00fd7a54174c934cb33f110400156c5e25b112b03ed9e51c934e9e50e4c1fda2bdad7def5f2183c421d06a22cc32a39a85d0b
d8dbeb13d3fc0b30bdbf09c87104581afcbda759f118fa3c15d20909ff71f4da3a9bf6683937ec243766f951eddb276fdcd3d39a6c2213dc0fa0c4bbf701c7e0
cb0fb42eeb07e7e8dd5513f6d63450c3dc09bd17cbeee606fcd3f5e9dec2ad52daef6338ab15195bc720d5dacc38c9f9372928f8b337e0f6f6c09f03f226c583
27e0292a081c0ce1e90307c1e51fdad4bb64bae6c104c1eeb6e411c2b164109625c6f6c01e010e53b8c9d6176d26c3354f2be13732a5390d26f60f4024099d9e
ec3f473c54cb47fbd9e5b653e5ffcdb3759dc29e1741b95915a7c2c8fedff1d67151c3a3e2ab40a8e602206110afa59ffe18b45a0300c70ff415dfed2ffb0607
f9aad239ff1a0e2edf5f2eb0c3b037f83f97914a4be12b1d112918ff137a60c014d904b219f12318cecac6e234e6db3e09cc51162bc940fb0ad233da16fceb0b
00ecb84e0de703b61deafeb7fff8b5c60560fcd5c4232f30e0fd274bdde04e1becc8fddad3d90a329eabfe1d59cd3fd0c0a02cc5242861fff7cc4d115ad0f7a5
aac2bb162b6491d9b20a1bce1832d6b3f666ccf1b219d027edfcffd208eb353ab904a91f54cf382d1dfa1deccf0f1623add94677c0fe24fc62dcf2000a27eef5
242811b6c9c7d442cadc0117fff394ce5214dfec4719025fd2bb1ee0243a62db451613c00ae01f36f0bf2f26f5f648e934ebf9e2d1c54ac8d62149ca061d3a40
5704bf07102a3bd94284ea8fdc1ce00534e62f8fcc362cec0808fc8f1ed491d22e91fdcbc4aa0f6af7000bd40fffa205a3a0fbcc07cc0fda34160ad104091535
f9370819234af0ecb511ff565356feda2521f3eeb1f3e7cbca061ae90a4c9c10032b4ef7f1fa8aaabeade838d1b92cf99be83a14deec3557e0f5e42df553fc5a
eefe23e94635e6ac4204d4f04e26ed1d3aced5f1d80c6ac61ee5f5e239f4fac616ef3f4f4c6d0a1051d42ff22bf1fffc9d02a148b3e2140fd6e5f7e7e41d3cfb
c4651efac817f83156e8ddc5f51352095940de101213c130fad31a29d351fff9d3e94c4f40decde1156bc836e601d92806c7bf576431100625faea1fcdd5b411
f116deea45d8cbc819c4db6ad7420b12e3bd0afc5c40ec1eaedf35c8d82a2351dcd817e464ced12a111a34340c8d33e6e53612370d40f4f508f836fce20a5f2c
26e4504fc2ec045ae8c942c3d7d2028c13f4dab607c141e211523901ecf8e26e5ec2c9f639e6e5bcd919cd0cee0fea0f9fa530490ffc27f7171c0aedcfc91c36
b01d3448cb7517cf323e60efccc71e04f6ac5eedb2d9d8ca234cf20fe41144031c58ecb8dcff3f592534ba01f7192e0fbcf6eb23a9b8e591efe031fc2f5ad8d0
cee9932c21f6c7cf34e64707cf11cf5f3adecd2710fd2a3527dafbf839e053f5f191101d3662d88fbbb6000b14bc5124c853b807235dd739040212e821b4100c
2c0ef2a91c59eceaddde0e70e5190e5a10f8495232ea1ecf02d7d9d146253829e34de0f35345f5482cac44b6ffae0fad2b4a1c07fbb1210de9d00e2a3dd4c235
ff9d35b9d4cc6223d04b1af086cec74eff9adfb4ea34ce23d81bbd10ec17cc033c080dc43407042e35cdf7d4e91f8de21fe7fdd33afab1ccf97135b2dbd42beb
10f854b4fdee2749151541261c26b2544405fe59f139f1da3608d6f6ea0dd87cf558222fc5fab4c930ceb60a06d2fd29043a234560013a41aaa25301abf2023c
24d523d2c16d3e5bff67fce4e94a2ad3e04ea79c0a5a1e1f051a2409dcb806fabf10e54fbee1e9380d0c121b8ef8f99b99eda401d5ea03fbfceabcd35bd646c2
482927bbf04f9f67012199354c07fd3324ab583cc4ae51e3e81629db3d468de4e8e10eb7119828d7d0b430ffd8e9cfa23242cff7dcc430041af841f2ef0dcd73
fb1566aac66ae220ed5320ffd2e760f9c6d15200b4c61f08960c8ccef089a82ffb2efd58340bf6d82855edf8ef5ae3f0d6234004f7fe450dd8c61ed8efe202be
d1b8fd0e0ec3181254dea8f090163d0fab0de1c620f548c13fe4e0134bb09e211f25e26babcad013efa51c21e9431a2a5beccc25fb6504e3ebc021d9eaf742d4
cac91b04e6c401faf8fa0afc074611e83cbe16efd20ab9b6d4dc010e5a201fe9dd10d1c4012201fc2ae24436d1d7d751f59b2ee7fa0be60fc1160f6ab5d00e08
3529d815e9ff21fa184024f14345ebd4e9fc036d07bd1c1035d126e6fff5ea15b939c5d5f4ad6c3cdb221ebc1dfa0e2fa419bf0917e712c9face49e707abf0e4
09041f1f48a8e58d04e226ddfc17f313582a1345fd4518291fab754436d454134a4cce83f9e58db42eb4c8f56747ea07dbec2a65b521ad18dd0eee26a5163eb5
fb3aefe643fa4d1f0dd7db3d47d9fc13e915f809d64974a5f7bc1ffeca0ffb42fef64c176af4942fe010fe42eb0a122effb6f2052af1a9c80f011114b2571bcf
d94734f740cfc1d1c2c0e42030a9c56ae3f3eb17eb43edf1d1dfc25e511f043fac391218d6d6c3d5ee2bd6f169fdd5e1dfe5d4f8e1c9d646ce3a54e1f81409ca
220fbfdd06e33a1cc6ee142d4dff44fbfeed54dc08402454f0c4a7e60411ef36150cecf8e74e2df146ee4b5d1a340eb237fc07ecedfcd6a4f111118aea05cdb7
ad232120b6e3bdec3d2d06d6ea44e020f89f07fbd0afbbe0d31937091318c7b3c114a4cb9af1a0facd1b030eddabff140fa9e94e100062fddf16fc0c042347bf
e4fa1acdee36d2d719dbb0d03af72626b8083df253230fc9ba12f434049444f4f3ebbbd198d70c3cf60ec6a4c347dced0344ddfd41ce2f5c1e541533ce105768
0bcfe93a0c9dfa2f4b0e44e4554e0229a406c1562fff46f9ef49219e1aea28182c38f64bc6bdd3c8d6086a22d766eba4530235023378582c04f10c0602e4bbd5
c9312da90f11b01fdfcfda2742cee7f1c1be1b41c728066607cea9e1d1f7c2ddcfeb21cd161f9efee503f8090ffc1e2362dd03c0efedac5b1f600cd72bd8e622
052ab0dc1fb521c701d697d21bd82795fe061e14b2051dcdc8619c51b85805ce72fa075415d5f7e417dff0f1de0cea64073b034a52e263e138b65ef30bcd9f27
081bbd48321fb0c0d83be0feb60f2429ae43e8467203522aeeda18b1281aef50cdfaac3ac9072123c01de5338bfba7aad85a1b1b49ba10001fb2fdf23a1f0054
4f05ea105336efefcde1071f0b5cf62138372f65822f5b09eb12738c97e821263dc9c62a21c9292b2603f8dbbfe81efe23ef16474c38ce241bec126466e4e7e4
06850db6e82dbafa0809cfc218abf626ad48d34e3f08eb3a1d381139f33cfd4b23bf08f30fe95257db07c7cfdf1c0a05f10604fe5cecfcddd2c9cde6c715c0e8
fb48dfff0f1de888d2be5a352ef5cf3dd0f2a846f7e5b0f82c3e51050e4a55f5b70930621d2f28d332fb11fdf8340cd364fce60a39e2b7e8c5f53e3db634c6c7
15c114080842ee1f43cc492211cd17bd3eb0a4bced51030e2c1d1a0514e42b441d0c56641afdc1fcf61f9af90dd1a10ae9b3520eefbce69ffdf422efd1b742fe
e73ef760d613f307b247688e99cb2e4b4904c043c4bd41f522dfdbf934a93c41b2e923061f16885925214b530922d4edb2d21dcd9628d7f4272c0a9c52055349
bb498f030801f2c4bc20ae100f01fc1aaf0ebcfd0b21a7300bfbad16c001f9bbd127f9a741d31a3174bb1ffcf93b1abc4f509624331b23fed5b3c6ede54a1436
a8eef8e9ba1e2c350903afd8d11a1a1d430e2fae9a4512bdb8d3baf12a2de9fdc90bf74c250ed409632407e4ef730029270bcb5281a1e01ff0512d01f161f2ae
fb295fc3cd14f2bb0cf535ea330d2d12f410b80802bccbdb1bd205e3ba289ac46f61c5c45c34fcafceebfde588fe06bcf2c046594cf603cc5063492227e1f80f
07cede0d16cbe7c9a5419cb7fd5b083ff8f1df1fd649d2052e0dc80eee47a80cd7a6ecb2255fcaf3ffcec9ef3b0312f1fcd747d9334e5db7e8f0de1a0ce76920
17ceccebedff2150999526220ff7ef05f7b9de3a4f0eff39ddf4093ada414321efb41199a639cf1f36d7c2060731d3c6423ae214a7cadef5509b352fb709b009
1f240041e74003af5fdb20e8e9fb0810ede2433abc5df94d11d71fefeadf1357f39bb4d7261b2c1b67c7f71917bca4dcd80ac5084afcee369a560e0347adb40d
ec443a05b506ed41f8ea336919d431fedcffff50df9ed8f7bb4044afe9d9aad84e37d3bf154f0613571501020947fc0459e3b1da08d7ebed27f6350fc0da2c55
281119cddf15f636d8139c0ce721dc1a0a0fd4ecf9cff7d922fe33ba0ee03fe6c013fa3fe8d3ff050334212078ea77d10a02b94440f3c8337417dc39d61f2543
6de062f5d4e015232ee294cea3093becf812dbdae10c29d9eb38c65e0fc620d946a359eb551147ecffdefdff8bf7fbeb28e863dae7090afa30d1e4eee402392c
0feb93a125fa16f2e50ebe06be212e2b06f8f2142f32e736eb391c13eb06f3e1441a15a122d3e050181a6119d4fc1643bc1b1b9ffad2aaf9bcec0c21cabdb225
4bfddbd9c5eedbe367fe3bd50e2ede4a231deaafe36062c79a0f53b508fddbfcb2f28b33e5c7090a4308e642d0a0e81c38b723b51e68fce3fdf69c04401aea10
9321d1af0b45e1b55095980bf2e9ffaad5bf30c813ff14f8136bd3f3c03b606ae71de43dde0377cbcb4b121bc1fc16cdd0391de4c72af9f2cf2d62d53dc68fea
16fd2a70f60812a930f1d608cfa26b2108f5fa8b0f9dc2d94e3e2c2467f79510b55dc421f834d1f3472bea98e445ee3bc10fd99c0e9f0503f03a13a6da2a21f6
1b270645fe4ef85b2f2a3f42db054adaec4bdbd2933b9fe5f4371f3fcd07d14d332618edeec721eafc37d0fbfca5ff0406e8f3d7d4f652283d3c39dc32b6a3bd
d7dbb9de4ce55db40bc911e4012321011727f80166ec45ff6105ee02200a8d263d9fab15ffe639450cb7cad41c4719ece838e6080701c8525643d69df5641bea
eff232cf3ccf9504cbe0f235fef330fc0fb3df10220664fd52d53acbe722e4dd5848c00de763aff61ce1e508201df50df63903b0fdd5f609f52440b81529fad7
5933f6bd0a28e649f933c0e1f4ffa0b6d0fa0c18fa9919242fe8ff47f3c9d644e1d6ebd1533ff9b7e21fe6f78f00f4131e92dd2b0727e4f237f7a7b2d8013811
feed0bead3b3c014f36bfd06f04da2fdbfeee620dcedd00545120b0004121121076ac7f6e9bd0c03bad7080b4339afcd34f3dce043d24a400103efec3ff4dbfb
da130cffb38e0829ec655b46d742ab1bb861edc6bf672d58d76afdcee22532d011a8301ee0f62222eee7f4c92d0ae7e0d11e01bc9fd13b171405f5f4fe48fca6
1b3715380144461e2cbedf07cfeca40b6e442bdc3d0c03e5025fb755ecdc20534d685b073b166018d8091ade2722d2dd133ac2fc0d061a1defee1d66f53b2037
d3bbd4d63d3707b22805e4f1edfb7050c406f44943b7bee0a6c3f3070d3dfd9b2c02fc2a150871f89da33e2cda1c40775b101ae239fc1ff51ee0f2492447cef0
f4ed9ee9f23a018b1eff31940fc62efdc608f21ab737cce8f9f3d3fd05b8fbd9eb34346910c3f228374a02fd11451d3d16d448e62f12caf1619ef30d2ef8e1b9
d801cefe50d5b721efe32b3bd2d639f55c470e08d1fb70b02ef6fd26b5101f642601d61cc0c1265804114c6212eadfd7bb44ce32470347abe0023039221c2abf
174102fb2031bab81cc0fddb0248cd2f1017f2fbe9acfbe2d1e1cf4a1ffb00b9ff0ce84bc906d80ed80911c61400f7f1d5ef283dfa00201bb70631e91a3404b3
0fefbb5a06dcfe0d091e62d5151005d03634d22f05f6f2261e0b3736f1f3e85df1d10612f0ebe896d0d6bd321f600523300d37cb6530ec2d652931ff240cced6
0b954ba65fe7fccfd5abc74df1390c21118bdbb9aebd3a1c2f533d56f2ae072a661631c2eb181e021feb39ffb6ee0e09abe0ed4ddedad7204112113ebdee9ced
cd863aeed250d00b3c09c11812dddb0b6149cae6de14c401e7ded4e9e1471613042bfcbd8bbd0f3f472bbfdbec7835cd4cf9b74fc848c6173a0e13d8fbfebb0e
48fc40ec07ba493a42f0e7b7eda5f4080def6628b81b59e7e46760544914103e254741303c0748dc16c500331c295734e707ff18f8c22a404360cedffc303358
6cd91e364031f91ff4a4caebc1a8bee4dec1ee0bce949938276c0a1fd6f7f00856d136dbb5e1ea4ba491e8076bedb727d6a544290449fe0741654843efbfdcfa
2162bdece7ca2c01ea314ef2092c13bc08ff89e70fbe40539cefca399c26c34034fec8a12abab34b9ac82d22d9ceea065e04e2d40dc0d8f13721d0e36706e3d4
c8fafc4c75e025371ed630052ccf0bbc12def14030e73ef22429efe6252f330c15f9cc1931d725c35d379ffc22e74300ae02bde6d4d4fb0101333be4e1d8bb0e
0d0ade11262cedf3d63279511eefd12baa30131cb22414cacfbdabc4c325e7dd094fdd3fe6f7e434190db31ac53423d564061e0af5bf33ab110b96b70cf19599
62fef8f0ed4f9bdf55b4d9f5f5ea3d2fe9c3c8f3eb3b2f57fefe4203bfb06ff4160215a629262e2f4534ba26abac236e203eb0e7164cfc1103daf1e9d7cab49e
655719d100e9dafdd20bee3c1f63f7c430a020f2ee09ddd7e516e9f3443bfb8c0af6f35aedce18300ff2fb359bfeb8f998bd59b524cf11270efda150fcc12522
f704fc20f51d09f1d364f8f8e64690223d2bbcefd6ff13b40a5d1412ebe4cd5307ee1a4a5402c7271730755fe7d9ca43bbc3ea0e12ff3b2bce0bb9fe05629921
e409a3dca302e539242e6146f530ddf9c6bd011de7db467ab7ee6415d2f2550a0af3f915e5d3f2e313f933f728183e6eaa04a9dfd00c22bb9ad1114196090fdb
f862d03c8bd3f2e9d3170dbc3ee43d0e4857ecdd26ba6a6dc0112befacb9e9d501d95afad716921a9fac0f4703d159159861c6b9ccce1359e51a2e99f9d11ff4
5fc7fcd32540ee1db22bebaabbd8d602da1f33b8f1e79b0151b3fa61262ef2e43f119fd622d3be3b0738fe2dd6fcbdfeded4f6da0e641605e2f31d9bd5e69263
f9f210a4059e971fb3b801b15117282591aeb3a71afe17d4cb5254f52fba411ee448c528c7a12e094c2b24e1b325e2d0b3d6681c18e91519b1d4341bfb95fc89
f5d30be73df5cde336c20c1d3cd2c1d8181e1440e9f367f562473f44de02c027fefdf55442e21f53bbed261a0527ff451efff5b044bb271207b9a603fa4c43ff
5fcfdb0d17295e3fb522480f2c3a170a2503b6efd8080cf73b24c5ccfbfa5bef233066c0c6d39baa1c68b7e1bb8cd7e362fed3e746d768f4dacaf9feb5253112
3939fbfde9c5f440cde80416dde4ddadf0162cfa384b92f6bc1ee3d7b3e714d5c73cf926a8060200b91e0fe516161fd3c75b2d46f6d0e0fbfce50ad2f0061f0f
eb9cc5d71217242d475bef6c210d24db2807ed0d04a64238609919f5ccde0a22fff4da27d844e7e0e337cde9ed3ae92af5dc3c09f30631fce9f40c9543c24fb1
09c103d112c51a19c9da164ffe4e1d4f2097ff1538dc2c3aae5e23e6a43ed5c4095c296717d2e69216a5fccff7d966f8a708b2300e2a0bc8b98b0a140afb6333
d212bff019eafed2e6441a2b3643373007d656dbccc6f1dff6b7ea3fe9e2222331cdb1c3d12031aa35d1aca0ee07405529dae5280dc91fd23c18d893d117b9c2
01eeee0128bad7cd8a5988fff00b1691eb10292148d5fd8dfe4122719b3116df4022140130f85b4eb9bdee2d6502eb4eeb02cef7e7ece0c6034cb8511f240bf0
dfb33a23071120da20c40a012934c9d7fdccf0d82a0dc7f768e6dafcfe1df3e52fc98d1411b9d3e1cb2746b9bca10228e4d8e5e1ccee2bbdccebc2ed88c50821
d968095758f2e9240917a82e2d9f4269e0fe2c2d1564b2b4c5145429bdeef84e18ebb1d2063699c8cf40e61f0ea202ae031300bea1a1f604eb04c5d4895639cb
0fdfd32d40b44fd22205061cb951e1d1f437251df5022ce8ba5d3734fc021d694863f3fb030d2bbcfb13fd38eb5bf72951d25d08213e0216b3c2d86a0fdbc309
234aecf6f4070af32fbae454f128f32d06e415dc2c2505cdbdf9af8919abf8e677db09cf1ecac7d9d1c1ea220b15284bf8a5b9171ce233fff1061205ed96fb36
ebff24c404e60c27d10715c557dc40fe4c68f00cef1b7913c62a673e2bf807fac80a4f91a4c2d851e4f2072c63bf0fe9f21a0ab7cf5694171244f722c3e8252a
19164f41293433f6bc2539c2cfd15cebf31901fc98ee46c8a010011c372bf2fcd0c64efe3d1feab112def20145af2b2f3a3c132d3232f032f53d01260f2d0dba
f21f1bd4d2f3dc06e2ac6f463f02b4f62b49ec30f64115e546f9a5e6d9e0fb4dcec214e74a3234d8de07c4e4f64e1af5e6e2e749e71df25313cb2cfd243c9a9c
a7b6f61ece3270f9c224db2e2fcc30e6cd30c0d511d531fc05b5130f334afee25bc301d5ea1f191c112423fa7cec603a07f107e8160608d50e6abb2f96e6bcba
13ef0a37e5e707dd08e56e0b203149fddce4de032deb01fd3d14fe4804bebb00ce08189a27090b38603509f90b23221efb652a15484d8d1cc2161d9bafc00823
c6d4ecb772ec481ccf69432111990965ba8de2f4bbc647d2b73622d9c9ce213f09e88db4fcf5efc0caa91d5f18b50cf34a8c30a7fb28dbb8ff2af439a2be38c4
52059e37242e6f04f101e4ed0ee90263f3f6930a23fbf81d5a0bc0110fe915d07c3e1bf2e90334e2e2124909bc061624fbb95128a8016215b0cecdeee3d4fe91
25dcf218f9ef2e90f9e31af76e291524fb1d02246b79714406352a340e2bbc0834ca01c33711fbede4e606e1b9cbd9ec6641efa9abc6e42de8271843eb0cf82b
3b3b1cc128dbe54b03513c329feafcdec6e3cc4da31cda5b5d1b46e5e9c46419070934e51440080d54a82043d7d402d418359ac8d620f5f7ba44990506affd0b
ab29319ced2da1f58165091c1008151908f204baafdaeb26fd9c2f0de0523e170a5718fb20e7270b0c310f30da1d23c0fb35bd193cc6df5388d179ff0277112f
5d2f0a392b2413573439e527f801c9f1da0621cdb834e41ec7f07dfaa914ff3f19c9e100fd0de2f06827c8e5fddaab153b4ff7e20f942893043f663d92c50ee9
ea39bdce37f325aff3e536cff7402d0fca1a6f7901cd2604f4345f5af9aae6c2d85545ec1e1645132bdedd263044090d59c7d4cbf390ed1be6efd0e9bf2e28bf
0cffc6fcff02321c05f28c08b0492057fee735fa33fad6faf6d6e78edb14e0baaaf9ee5026120ef81435d805f340d4d61910aadf124c13e29ecac4e0580d2b29
f3f35e65f713f70f14ffcde962371c231fc4d937e954b0bda010cc0618fc0eeef947fad9d695e7eddd71aacf031b2946b62525e0428b9fdde74dfeeddc0aeedf
5e0cebf1452722edba391c2f483b410efc6ad9115413ed03b01eefcae1e74fec27252ce20e4624ad0df0f724100e64c3e7f40723dbd90d070c86b0c519f6c1c6
a43049da3e514d99ea292ce917ba04f863d1b1a1cbf9b91deb1d4f03fcfde60decfd7701c63154cdc6e5e1234d4efc004e1c309dededf2fdfb5fc20ff749efd8
e7443cfc1c16e05ad92512fc0df3271ee72251c6cd44f9ef9eaaddb653dde8d4cafcb8feb938feedcfb413d2d1c202ed92bd67eae8d3c7351f140aa9d5545b9c
0fc80313980ac7a31efdeb09aafc8110427142f1610af92628f7e5c0df1ba2cfca0de713d3bf0d15f03227eefd2bece904e6daf01ebd2a209eedd9b322e30cfb
e1f258891ee90d30bbfc234136e96bd4bbd40a103f1e51460193131095c4e5f6f6019a55f9dae6b5d0034a12246a013c39fd1f1035053ac8f49a433aca2206c3
d4f9f9f4bbdb142601e0d20af117edd8f5c6f81f9b38ba0c54396d1138e9fd39459f081500c2ac0c9c99f742b414443bf3102e0c090505152d07f83f49cd1dea
d55b42fe0cd71f0cf01ec3e69a441f0c06e93638ecbb0c05da1b42f0e4dfa41ce43f38ccc7085bf0bc212efae3c00d9ef5cf8ceef878b9cadefcaaedb7be090f
03c51530423a280bc712453af332554d9d2b1b9bccf6fd2dc07514aaeec70011d9ecd5c4bcd7280bbcf30eb11beeeb2518600be3aa060e1f2441d9513ad611b5
03f5f41f3cdfbebe450cd6fb49b5202acb0de7863754b2b2d765363945f8fce8be0abe4f244e360bc3d1c7553269bd570a01fcc4e335070b06222dfb37dab901
f0f1ced6d6223256e173f3e9af24b51397b1c5ecdb1d172f07fa511fd3092a43ad2bd2a71d17d363dab6e2bfe0ba19a8ee2daef1194131d2d34b1811f833e52a
e8f8f60204f4291314abb29c07d4c3523407ffcf26d4b03ad0022cb34710d9b0101f13085cd7514943f6fdfeaa5ce2ef33db0c4893c0be36d91ea71cd2be2b22
1e1211ed15e9f1ee7310923c3dd2f8f9ad19f7130d2fd417e7c219e7f6fb06cc55010be1f3d738e0d7f81864fcfb07d9c643eadab2f93ef7bdcabe22d2f50de1
b608bafe3e5fe144d270e6128cd740f6ea131dfe2e2f0bef2601d5dcecb62b2de8dc204707050bf49741280cf72a1607d847dfd3b3de93fb2b06be234301cd2e
ab6b10fd31d9ec1b4a04331d602b21e3ebf0973633fe54f20714de3eb61b303d2522ccc20810c81e232736daca24e4fa3044d9ac2b1b1aac396529b60f1bd813
b361ceb2001f20c102fdd1c6e409f89602f393036b4e58d3cdfa4905632b0fc62f58fb68f79fe52cd8c637f9b91a6630603c27d1050d34cda2293b26955fdd28
f770f9670b3d41050adc19353df4fdb309af442807f38f11d508261f1edb304039fb2b214f060603b6fe3ff1ceaf2d13f3fb3bebabf4bd10e75a1120fdf9d22f
080f9cac5e4cf60de3be5f6d2ade9db2d5ea4aace91fc439c82b3c97d4e5fb9ef600e736fecf1612d2161c38fa3fdf480bafdb3859481624301018db02ecf20f
d2f9fffd48ab1935c4083204d815f4e0eedfd0abde071b25a921cf20b9132ae1db0e104429c9e505a29df0086f1ef89cc749cc09de01cdc8f62809a5b83fcca1
731a4d0c5b39e055c326d1aa0333b5ffe0326ffbef13253452252aa3cabbefc4460752d72705f215a7f8f34706af21c343c6efe23ad628c5e3fe03d5b4411146
db1112d44521a30947d6442dde160c1fc30705e7cd457b71300411dd43c10cb9f53ee552f40c10194ccbd802f63020d640b01fcb33ea9a2a12292502fa52f206
2b08f517dca92fe7b11fbf1ddc1452eaf330dbd5e5ebf702ffe4ce199968d14a025028d10d08f0e6fd59dbfd0ba01ff59806111a03d93416d7233b632ac0ca64
6799ed675da7b399183b453c60330bed1f15f91cf32b4bd1fc981e0522c347dada07f238e738b1cb131003ebebd6d3b6d338fae0ebf438b80223a8c7e91be720
0d99eecedce522c2e947fbcba4e7161319d932c3f90dc8b925d21550c2332718451e6329e92aeef9c5f6cbd110d918c70555e4271dee0df7f6f0f31486e313ba
01a0f3030239a0e8bd1a9617ba1d0e1208dee8acb9ffeaf50dffd73cdf4623ee0ed5fe3bea67e4a0c5dc3c6d4959bafb1122ded5bf56d52abba04af632f70737
9419f0f235aa02520e69cb195aa804bdcdc2dcdf5012b10e0669a402f5bc298cef335c0fee09242415f9b4f813ea0f00ad73ba0824c9721a278a941a4523deef
cedcfff713ebfefd1d3839c5f0bde69c43092a03d8c103702ebfb7310d09af07e08dffe6ed1e40e5eb0217fd290fcf881de428284afa18f2f3cdf0ac01d1a711
d8ea37205d52012320f3e7dc22ba06379203e42efb4fe19ff4d7af332ec0e743fa011b194004d7f2c36e1f2ae501ec59e2bcb000fd1eb04848cd55f4ff4509cf
ec0d36fce80a191aced9341c113b23f402e2f7f104e2d4a774ccfd12369f56b4796bfff661c5ede9c325f607ffef0fc22a37544a0fdc46060308fe0569e79fc7
da040afcce3de903e716b153dbeb1213eee8f5177747e7f2f4edc10a17c5fe0addff8a32462dadf810f361ec1f42f619ecabe24bef1b0c25d7d5c41c51e7bae1
c8ee0676cd0838fb2c1326084de73b5b00292dd414ef3116bb14ea72da091501163102bdb8390a4b40db0e0715cef6dfd2502f57efa8a8e2e5e1f0ac26bf5c95
083626302c170cc8b59a63d004ea9a1df314dada0818e1ff0f57f1d4b6edcb040ee84c273b06bddff2f7dff4f007ca1004f84aa74d490fd8cfa8f517e0b5fe17
f4101943acbff0db99fbdff6eb044e57ffefcf5ffefe1f2a682ec6ca08c2dce9332dee0d9adc042b0c348e0814196deff8ff173310a7f907d2a7b34aff55b734
53435bd8ec2a0e2de50efea85653d5adb518033e34361aed0fe9b59b3e1d170dbcf7de09055bd70d7949fd046ee1bf301ebebe2cecd8a35dd90f273a02313235
2adce944f6ae95a129e8f2eac31b0df557f7026f146606aa04b4e5c6c40ef3abfa2019febb2d0f2abae49509edf9b0f77cf9db3103fa3b403f023cf635ac3b19
4f1cf2de23f225e90a1f42bd0601e3b6e2261849a7d0a6d9e951a5b6fe2ac12af1b142d0e9c073640bf679e254e2c33ff9ebfc0cbcd803ec985d33f15cca1eb2
066f31fbcc18fbbcfa1ed10ed62f02579e19f02319ebec08e0e60838b7a21406ec3f1d1eec2e22a9fcf6a80898fc1bbad8403d4810f90ae3bd32e8d9f913fbd7
f9cc26f2233ee94bebffc6aa36140fe40a34deffc904f697b5f110f5266b002bcdbe20f8ef4a3204a7b3334b4e1f2830ca130ff30d260b1bbd173c3af2060af0
3423300ec60d5be14a55d20f42ba6a13f6aee6f92b10cf5d019833dcda53444fe4ddd2fd845644e219b3f94ae5a8fe07de0ee717581132d8e6f51d6beed9c2db
f8d0f5eb30e4d3b4f1eecab22f61e2e8053b5732f830e1f0e3f0cec3655decfcd05540580228e80945ddf925fb2427092dc2209dad02341731ee28dbf4ad4818
3ef5f8fed420ee5cf8d502d82049d94edc0e5c2dc64edce941fbc13a280e35acfde3280ba8b818011f411820ccb1e63512d0033438c9022752f6061ce2e89f3d
f31f1120e8cc130840ec2d0d43fdfbfff7f729ebfa0dfc18f7dea5a75551c22a52b45cb72ec301f664b034c623234fe0f5002bd66048f50f4a56ff04f6fdb6f1
0c513ddeb1ee48f8d9296a43fe1751fbcb9cfa18244bf213cd1fe80132591186f44419e204375931f4c68b0d4345d44552fccc45f3cd19f6c5c003f3087b6ddf
ae232d59ff624dd4d51bcfebfc136504090662f739fb3b34266a52f65ff20883172bbbf6d71bc70315ba174a2e522fcc2bf2e40e12133b122805e92601100029
14f947e52cc1e3c31e432d752020ca0d1fe3233dedf024b0e453762a210e4e28fdc0d40d15e7feaa166402361cc51e2d3f01ecc146e032a4abc3382b0f4147b0
5c8ac051212b26bf07d5c1d6f069ee15ec2bb12be2c633cbbed5fb35f33ef00bb506c056a0e6c0f653ba5b1a694a3335cb474c03904913eef9055d3db00ded04
13ddd4f317e224fce01c5554f2f7d3cefc64d620010ef79a249fc42a463e54a3d5c205a6041aafaaef0d170bec4fc01f1c4edede050e57423d018e96b4f51d1f
d9091c2aa93addc31f140bd0fb1d7617305d44bdddedf9d10cfbf5dc4360cbf7c80e28d5f305349519dddc23dae36136d6546cfa500c1ecc1819a2cb6dd2c104
ecdd2e2d363e930ee6c3e3139ee6dfcf6bc722aeddc953c85533bd0136b52ac2fc49fa37d8d5611ee4c3bb5c0208ac1c1604e945f8d32432efec1ff8a8fbc0a5
263cd80aceb3f825eeafc426d2f915a1d7ea1f0aff13f21fc94b4d63fbe607cf932050d7ee380d3927b34bde31dd1afbc1fe37f514b1dbe92ed1f2d9fb58a93c
c0e2e4b80cc20dde2bdf101d1f374b1eff44f705f0fce5f616fb540ce55bc33d07381e05f75900dbfcfcf91ebff7c7d7f8f113bcdd59dd133144fd1ee29fff41
b3ad32e61031262e19d521d9ecc06cbef2d81cb3f3e045eaf4e8e0e94e87bfd5148f0b12ef1867f2a7efcbb5c2f519e1d85114c1d2e6030a1fd4035a3d0df823
ef1d1934eb5354dadfeec12e93d61948f6c42824ddebac4b081e78d9c9e3c0d8c9eadbbb14eba2c202c71cf30246a624c21bf101e10b35ab1a171ca736eedf2a
c5fe47b80910c851c38dedc646ecba3bf13c0d4727b80505ef92d1ca1a9fd03daad2273d38f8ea3627fdfa3eb5456404e3dc4cd1a2941e079fe4c2f63ffc2053
1c0ed9cdb6aaaf27225f4132e303bbe1fa27aae805d619c85d35e60816b5f500d9fac0ab121d05083a1f62fef4cbffc2c6d5aa26ba14e39f3418e9101d19ffbc
1e1344c81e1b3491bbceec32903a72e6a442ff394b03d9544712e2220a13f112d3a7c5f20112a53ebe3d5332fecd182fce3b213df334fe1660250424ffd1ca14
aa04e9171b1becf7241f092caf049602c2aff72605bcead0fd2a3aeb29be33e70564f839c50b273b46fb91df26ffb73ce224a3c25a5eee18042e1d504a1c0f12
b9c6d20a3ed5233e2f17e93218540829da164334d2e30ddec2d01803f9d35814ca5a244d5261bde0290eed269eddbe39b1354a20e60c20ce4aca2b02de332b00
32f7cf0b10faf1652f335750b504ecdd350be13a70a6dc89e3cb5de4314a5ee121e649efcd9ad413f7eb1c60851fd08c5e65fafefbe01f34b60d5bbdba2da9f1
1f01dd05e03fd2c42501bbf64819f3e0d2ead2d1de0a0cf1e3f9d20731c73ef799fa589915ddf6a52aa3d387b4d317bdbc20c615e707f418c72ed515dec9ee14
6335e3d111c2e8aa57a3294ae2c64de3e6db4df6e9caedfec329e9a3cc9f5df2d527b4a1c12edee9fe9926bd333d2acd0b46e50a9aaf1738cf0bfa21b3032037
59cfc4b30c2c552ffaf4aa3232d2143c632e00ca0ad3f36c503a2207fbafba12d24891041b38095c1fc9d00f0df5f302ad29fe04453d8f0b12d4361a14571ff7
d0cf330b3e25edb9d4cabf74e91fe5f8ee451dfff7fda6d0fb09a4f1faf8aabcb0f5e23435c0e6c4192d91fe9bc8eff42f24eae3399ef304f1360ef9313641fd
c0112aee49fda71a00f223035cd10c57d4f8bc1c0ed741b30c2d1cec120cd51bef40e9de439adc0cf5f4d80f26210ac019c0f7edfa5651ba1bdfc03dc17b38ca
039ad60959fbe9ebcae6f5f2e1da6d39c2614da229573424e3facd03cc3410f401d7be8e233edfea06d1d3a430c6ddd0e2d866fa1615d6c79b122a43bb0f3b1f
111ef0f9dc1dc3f0e6d451f53cec0af2ca3de3151304bb09a730fbe231cd022741f003ddc04a0ddaed297aef29eefa276d1c38952b02b00ee748f90418f62fe8
33c6f5b920ea06281d0715f13df3e6f63d131464eaf11300bcc51cc7640cd10e0e51f6bf289005001fcced425d95274534235507b564d29c4a1c1d311886d8fd
207627ebdcd8571eabcdc859330a0fcb49148206f4ad265f5134fb040c9130fa2a2d29ff09c525b902ec2bb7d924ccd7df2933a721db0a536be262e0c7152bc7
2414a62d5201e4fd49b3f7f6e7f1e604cabf11e4e3092f40aca93de3dd2902f8cddcf93c50fdd3c5bee899f83244f68f0cd2e613def651441de09ac002f120ad
5c58ba2a1af3f82febbeb5b5ec42060d2532eacf37e9134c140f54fa04d0c62d4014d4beed290921b3e85f68fff73302e0244fb5ac0831db1cddab364c073143
21d1219bd45bc94d2220d81bf6dcb450d416abebc107d71347d2eaba421fb7aed335210bce08fa05150fae2a04aaf5f9b4c5c6e3bced0500b001a80f18081dd3
c2111df627fd1e3c20d22d11cab740c7e1bdc237690c125ad6f1bbba95124839161231fc61fb29b841c3b92bf2f3eae3f2f14b1ac311fc1c3df14c21fcdb1406
cbf7acf10eef1a1b2af0418cae1c2f10dbfbeb3e12b00ac411f808e1e647b4603915b3d6193ac11ee25a3623272a01380956bf2c19f1c040b6f7e45737052aed
21a4f2082636ba0ef3f2c277e4570df8eb1638f301082e5101162c3eeb2d65bc689fe439dc452764ec29f605e128eb993cd52e2e4de8d966d80fe6edf469f966
c51b30e4e7d01ccfb633d7f4cab8a4fadc8d4449a3ebe302af141a2926ece716d4d3ede05ad5b7a1d453b8e873e0b239b7ac08b84b0935673fc103441eb107c0
dcbeaac8d4cdab3ef5ebdf2323eb33e1243a35dd3ff9089fb9f2fed056d317ad531aed5df813c9e859061b1498c6d7f7bac0e12393d2cb914f1f9341b44fb934
f8b5e3f8cfe830e491dc768ee3559f210a120c3b13e2b5cd09b3abf200f104ee371fcf673b07c5f7f2b7114fda1d4a6908c9e212c8260eb8bbd9a3e63ef018c0
540437edcbfb04cb46130daa16d4254b090c2df2f9f769fa1ec8e7c844ef7735dac2d4302c194d6baac9d0244cf5f0e1b92ef6183b84a9cd29f5bbd5670554fb
c9d53ab8bcb1511f5f99ed61e9ec0b69e7fdb93f971015eea11cbbe3d1eff8f9414eb9391309eb524afaf5cc2bd306183fe82715e899d56c0efde4e61c27a44a
f051e2d31744a2f3d5efb325f522ebd0c10838bd39160afa145096c51aeb66e1430c1ff123aecf47d526c33ddd4d20611b10ebae423bd8dbb74e111a0e12c5ff
e796af6b04fd23b953e92ab793dd194503031339d9b0d607fdfc3dccc23869bd37a8fcdb020396e9370b0cdcf1d44cfdcf292fc1eae6cf0eaa131bb048ffdd03
73be17d625160fd6dc6604c7d636f6ba0e6c0d52519f06b3e0fd55bb013a0eff6f06982004343bf7e23f4707dec2de1bf0c5136602f3feef2b17e03ae6fb5431
40ecd2f40dfb36cccee6deb52cf7e1d6d12055ccdcd4e5d3980c094eaf000619eb356f193bdd46efcd11f5ca6a411146111605bac0fe1f413a310af708f9ab21
2f250050074dbffcec29e839520b3affc332c88f0df6296ef5ca260bbded44d0e4e6d4e31b02ab2eaebec7dc27efc4fd713216dfed254f405bb6f1f6fbe909fd
eb472df10f3311fe1e1c1ed3abe14a3590c2364d640cf8e40d0f1a0acdf4a1d4fb01ea0ef1d632e10bc50910e0fc62071e41e1ad2657d3374cc83853ce22bce8
040ff8b0122442f43bdde9ecbfec131aa5df2d1f62f7ff3605fb3bfe4feb0921cd14fec928e6d1123b1b14c92fd54af11c17fcd9f3c6d7b7e602d722a4c20eb2
56f7091fe62b1f72ca155ce5a439c2e6c2efb9d12a67ec25102d230de027f54e33fb3ff40d0d1628c5e3e6a42818992cc331ef34cb271a0d24e24b27181129da
111547e139cfe2bae9a111e403debdc93f142421b7ffe96a08aa0cd8b6f94dd1912e31eccafad0662dcde5f5105bdcf30732b62601be29d8eac23dccd7c716d1
fdd3d53322faf3b63df1909b53ac1060d4d3a6c40213eeae4f94f761dd5c23b90ff11f1f90b20ed2cae0f93de6d0871cf5621edbf8f44b29b90930c3d4ece2af
c3589a1ceb18abb111562baed5b335091141d91bc9b706f808ec770c2cfbb13ba7efc2fde534b89e0829fd19f2fc1a3e0a4fc419a3f161b6aeafe0da011f0a28
e4b8d40e01f32cac2f15d1ef4005d5380cdc1e630a3091d5ef9dade5ecd11526e0f9c1f1d0cff61ecacf28e6d5ea0ad4f032ebfa3b0547eaf5fdf260e302111c
0bcb2f4a2349e1ddc830dbfeece2ba2a0a140bd5d39766fe03f88843b10cf9c10839ff4434a0e33534531c16fedafaf4d310be0d1f18285fe805e30c67a9f9e3
3d3de053fae2f137efeddab8173ae0243f32f0fa36009938b33b90e3ead6c1da02fd03ce00a0f8ffc3098becbed60f42320410b80efdfcf6393f423b4c604dbd
fb2ffbbdf722074406ad1028111cdd60e7241f25f8c41553ea38d33dcc4152edcb25daced7b9b93cf5630536e60412df465ada6e25dbb264c906f4fc35eedfed
10060f0b4cd032e3c5f9131dd7eba2ebc109b928f9d39b351128f1bede02b9e7f40703ec24f00a78f1ea63e75303d2f829f7f12db1fe47aa07e5eddb091c572b
df532c200b0cf8f9189bb3dd40464003bc79e416e3d0dee4bcd24ad92c3ace313be1291da44e0d43ec19ffff0bf0f731d30e45ad0dd8b712edc7183b0829c301
12ee030edb0714e54ad864dadfbececfc3d5d6dd74111ee1f6a93d1e241bdf6af836752d2edfdb15e7eb5ddc1cf1e62455e2124d0f130e5235114d0ccabef5ef
4d14244cadd3f9b6f79e9e11dde4410923e2f11ce1d8c6dbd7f7c02c0725f0eee808be4502211bfa27d50542032c60464534f6f1e7eb2ad90cfcd5f3f3e66809
f4eb5426590bd0b0333d0212cd56f10ad9aa47fb9be294c617ce05e4f9d8f6ddea14d40dad3a36fdd1b058df252a70de370af82aedaff88c6ec3ebea5e460432
e9ed4b110907545fbca8e8bbd7035c311ba364b30324e5f6f241c4f6030928bb210b1902f6a0ec0bb1d3d6f11ff6d7fb6df423022421f407e2f0e309d3c040aa
daf63024e8cbc03330174cacea00f4b9f454ca17f8ce129edb26d3c6beade3e95c4ac95cda36a9d420efef1205e5510333feed28ef1bfd35f5c3c0fcd723c314
e540499a42ed4f3cd42e4ae703ed0ac20725c9132fe80c4fe9fb3728fad56209e21805cd28182916ff4cef4c08cec1e9efc3c0396fde7246209c5849fadf440a
b2c01eb8caccb0f02c0df6aa18443602fb47ce36060b0411dafb403c0f02e8d1275509f934a201c5eac351398d2c1b28d30fd1d51ced4c09d9d321fdc8135045
cfcd1c0be21425ebff0fa239102b20e919cecc01ac2240e121fd8555fffc982e5215c7e6c5e9e4f601532e67ba1a10ef94191f9f940f6acca9343be301f9e702
68be2cf4fcd2b8ec4461b1fa292613123f0bedd60b27a82420dbcb096154380c4a59fb765498f70ddf50b8544a232424b2c5fe9c513e551c2807c9dcc1b63916
b7cb0b3d2d3b3931295c18290d5fe722b60801a25efaecfb28f6fef3a92dbbd346f9eb9fde1eb0c414e28855c4db4245cc2610fe1945b7261529041137dc0205
1dc1d804e32cb415f7e89abc3508e7b43a100fcb362b2b4987c51d168e0eacd6f508e76e2007405c33d1cdd312ef875feec7d1f8eaf8d91f46e5caaa230b0e4e
f091eb185ef6d71713e1d93fdbd2459bf2cbc948cc4cf5afc41e1dbd90e2ebdd0e260a593aaef64cbd449def02e409cf29ddddbfbd042a00c8c938e8bf032b16
c25160c7e5feafe73c0818c95db5e30ef9f316342fd03b565fde0c3afafbce962aff15f7a6ccbb53694003bd271a90e108ee1eebf02ff6b4f86d1621522afd95
3dc2fa035520d6d9c7f5e565fd18110447d31700bc0c10a962694c01fc15f058d1a441da41a72ed324f702dc2a24efc2d6db05c912163749f74f0ee6dfa55a43
e4bc17a10b342b0718f2de92bf5bd72e0f0b08f6ba42544af32864460404023dae52eec243028814250fdb8845f3a91d13ec054f473e0f40bb31fcde17d0f8df
c64a13044ecdc9e8f7ca1a243115335136091f260c21091ec9f8c8d2e8f90b2be2410d1502a4b0914a0c2d052398edb5e505ffe63bde4dbc9ac2ba36154e14e1
fad512134a28e6a1f018339c2ce08d75fff533603032494704c9a00cd70a36030702f1b717f34a192351c9097e022155b4b51beac6d9e249c5c327350efe21c2
6a3dab13dd62b51c1d331c2a5547a8065fd6fa09cec1f43623351ef11af10b9f840d480429cdf414d44dec2b11031957ac4a21f550b5e53aee10512c31286b17
f0e1fc09ad06112718f4a10d975b32eca124ac05fd16034801b8d7f62f130aef3d363dbe52c0dccf753d712ef056113b089e51b1eff1e43e1125553573900c08
cd5d11e64d1259be18dae60cd4d81408033532b199665c27971c1e3ff2fa145bc49f0ada5932ebe2bf0ab409f71144f7aabdde5ccf7b3f1fc4eee3e014ea26d2
ffde52562713f2e89345fe582223f247e1434e1c29332e07e971e3cc16cdb9b338b811f710931201dfc8bac83ee50502ba0956bee6f4d04fe1f616df2d5e26f6
251b131f5210c0b726cad0db44e01020eef6cddb90d5f711f00c124147126d54f655061cb3d80e0fa2ad06d4fbd7dfe50554e51f32f9b9fdd3ff2df54211ce0b
39bd360b2f0212c04f1f240105c2fd49a1f978332b78b5191a01c7f6ad03bb9d67d41a68f1f6e2130eebd110d91dbf40e7c3dbfdb535abb5f0bb3e32310b313a
d26bef1f44c9c9f4f40e0107011f53ffd00a1c8bfc2c3b052fd11804c7bf142d03ec2507410d3de705fd0ae79a5fe9d4c61cde300ee9ee011fcc1101085224f5
a923f6f9f60ebef7f8f3054101f5b5eabe00ce47d206451602212c640203460c00422431bfc7f2b62ffc17bc1b0d10e70a4302ead5c82e0940050a2c10daed17
a643e6c1156216ea027a04daffed43f7dd20d9c3f42c3a1942ecc5041af70a13f9adf7ced5d72f24e9f8bd03c2140eeeff55c0ed112b18ea3b15d26ddac8e9f1
25cfbe49f9f5327303121197d4f8cef1bcbc0239d709aa4feaf45bc1c5020bcaf35152113207fd5ca9c9feae59c337ceeade1817dcf3a32959f01ac7fcb31211
2d3ade3e232d090f7b3c03dfd1a370a2008fd5fa182827fe6528e953e202c224482c0be3dfc5f322def1d10e27a3dfe84cea58cf4340d2ed05050be1d110d033
3bf9fdf9155eef48192f5a9d1dfbe315d4eed0e002bbeeb7c007e5e7ab512345ea352ddf1209f602491a3af8d9db26d201121b1d1a08f9b8f2fbc6a00eef02fd
c7ce3b2d074ee85ee9e466e1afc418426d9407510ee9ec050941ea4ce933ed05c54b3101020bd9b709cda2c512e02fe330e0f736c78d6513da01694aff42c31b
a60254cebe45c4043a11361ac4ea1fcf02f997932cdefdb8ff64e00bfff68f050bd3f0051b5a22f9423be0600503152439acb2f117e7af261c2de4fc2452ce05
6ae86b2dbd4f7797fa4316334ef851c4d6689de42f6bc6deb8d92b012bca6305f4ed9e33fcd5084c4afafd65e98e68e0fa070547ee1cc1c8082b123c1402c829
f4afeff7e5443204d127c5f6cef7b1136f114bf8f6066015e503a90a78401a0967b83f66c428d845fc268ccec31a9ffd4318f018cb1b0b40e62117e3b4e5a915
400338341a3bb20c091228121a39fef519f7abbb0fd9fb18b6c3d6454aaf41da42bee724baf4ab3cb02efb0c641f074d0cdb049c15dd1537120a04edc9c3c9a0
e8590e33d1da2a18e339653132ec634a1d0e130ff9ba15073cec55b21b2a43d6170531b5ed341309eafd01d0933d16dd1b3222c7353042049ba926042cea52cf
055439371ccee39b1b4903fc12181805a55325cf08102b1fdaedfd21ca943ed129f642c2ced93bb6181bad3c60243290f6158a135841c40dfd98e3e1d50e18c9
dae9be460c183ffc14fefd1906fa0c68db2a06e8bb2809c62cad34c361c2106338081abbe644ea0a113b23edf54d409cdbe9f72708be1cc6da27b70ac1523318
fdb7b620733ba23605d32ce0f2c2231b63e71205c4ca210de620f8fb3ed9b4409aa8ea9e3af4f009e1083018c9baefe43733124bce04d11fc42a021505ed3df4
2ac00303e89a126021881003bd1beb28c54a7a2766f5d0f1095bdef4d7041f3a000203b124ca39c6590ee7be35baa419f8d2b2e9dbfe2b8b0343e1469cf73313
d8dc0ec8c832cab027cd380669cb9425e73a2239c2d311b1f91c1de0aa0dc12701c4df0f3dd65cd4f697ecd20e1300f41ba3edeaaeab3ee9f8e7e6cabb28f7ea
40effef807223a08483658b8178d403fd3b8f5bb36cf143c1eb0cddcccdbc738c2ef6e47fef9351a4f86e61d3fa85666ccc435e9daf830e9e6f8632400b805e2
16e5d4a60defcaf80ff1992ad12fd6288be777cf1edd124a26f69a0c08020f3ca0eacde6b221d4d43b2c04a804fc21f30f210c18e5e322a105548d3cf6ff21e2
1c350c02e3d1040610202031e4345209101af80e1f4c1fbc54d0041e570551f6250a1de105f653c9d00c50fea136b81df5ebf243fba2e4ee2e2f6f1f13d604ca
0af9ef41d0101316a4db3970893031c943ea17b4d5fa499911e502d665a8fc08f3c633cef1c219a3a4c7164908f2dcfa20f2d22bebf624493c46992cd8cce2f9
4b19d92adbb5d850ce30e0e9fa4cdd16e4bf6aae1f15b6b116a634e4e1b8a4d430cfca090b252730c6c907dd051cde24c8ae3eb8dc6427c003edc23d5b252249
f40bef42e4d620c91caa0e01e7c3e536952755cd523107eb26fc681f020bf8f23f2025b3b2d25ef3074d12dece9ce51afb070c8ff8b4449cf341fb18422d905e
fe1fe753d2f90b2e1c53c6e06507db60ed243bfe026ffdc40a23fae81de13ae6fdd80e07d131f629d0e6360ceee1cfb311a71642eca58dfcdcf3f5f83f3ef4da
1a3a08a616f6f1e81db309a95467220b2fc6cbd522ecb27533c0e4cd31fb7035d0d6b7ffe9d22f4e18d822b9fa341b2fa8c8e1f219d609345acc2ca025c315f9
22a9cf30e05a6bf9041d651cb10c449552e2261ae3f6f5d6ec960fe63908de93fb9bf812273dc71c05fd0ae2e8ddf7e9de12011af02b49fc213defd1d5d524ff
cca8f9e09330cc36076a022c1f8b0557c2ac0e47203607d8de6228d4c8031e2fa0f9b72a50a3e70d19da0ebb6ff2dfe449dbdbfa0ea2f2f2acffce2ccfd2f2f4
4ce41324ed4504f6cef51a0dc7febc0e3230e340c0f60d1c281c0fe1c3eaffdabd49a5f5bab0ffbb49fb5e2eb1abb7f6e2c00f9c5872fa1ce6e2f1b828f3d126
5df2abcff54a06e93e5eeacddcc9aaa5f9ad17162d1f2bfa66f0210ac95741edf1f69e1be6922ce86c901f32e8d65d1130075ae6fdaddffb161d0e2bec35e321
db63ae00e82301240220e5249fe7b00c8f2235241aa773c60efad71b2d31f80fadc412273214e43efb2d13f2263ed82bc51db36632a83ce8eb4bb732ad0ce78a
3424fab6f99d31de68bbcd14e0da4e05f4d227cadad22505b54a42ce2ae5e2e1415df1eb2f1cfedb0897f0c33beae73b6d57a7e8c40f2fe9dd052e424ad90828
4c38689df2041f1cb0042a020b12a8334dbfc322081b065b1ddee6ae7407202a1b9a15b312be293a1c0329422a4d4e43ddb904b1e727fbd82cec31102406f2e8
172e1528ea24315d58414604e108f429caed184e18c7bff7e405fe003cc933de190ae02a862fe0f83a16b59ae2b0450fd9fb4bf10e40ca4eef26015151d0df37
24a9e9b1d6c7d3302c04a36a29d59bebbee4acf8dfab9fdb4d28075e074e5266380dfdb42aea15c107fb0eece751d88f2bbe53c0a04813e11a2ecaa0ee5815cc
f3dce26cceffd7531cdad4f40507fcc55773dff2bcd7e5da3bfd194704200a05dddb621ef1f8c134be0f022211da1f101fd941e633dc193277cec22826f46d03
f9ea182807f4e1e7c62f9216fd24035cadec5abdf4db153c03c0f1d6e71de1045c955ef1dd50c049a39b16003d2e9b9abdc9e611da1037d4171d15251a1654fe
e6ca37daf62cad1eb9ad52fcc6eefb8d33d402030a9aa9bfe6e13c0c149d35ae640f27d8fbaeaae14aff3d5c481f1d20012cd4c1b9492bbbf31e5eb4f6ee33b5
70abe0151255fee254e7c9e8b9dd909b1b6bb91db40b5beafff20d05445e1e37a92b3ad50623fbebf8d7768325dad90016143cac4c8bfa3d30f0eeb868f4f7fd
d2b0b606132e921bf4c8020406fadbb6e2fef527ec09e8fcce05f8f9442c1a3dc6180b44f7a532a29e3c11f5256a03ad18bfbf3b612fce490fd4022110021d67
62b101e5f03bda0e71d0e0f7c3025131feb4e41429ef1be3c0f7f74308d8f2d69eb6f8e21dc244fbec9071c5dc14ed0eae1d12f6db0f56c22af632e6d8015f1d
fcbf0ffd221ab8da962cd7b965a9033aba0024f33e1c354cbefbcbc2da17cff700d03a4ee6c61beac7e8a207d3abefcca86425ad229031ff1225a5c5dc9ea910
cdb8ebfb95e1dea5dfc1d73a1410d3d445befb3a0c0f2603f3f13f32e544d231fef4d9479ccad016ce10df3135d40544ff41dbd05f313450430328ff2a01cbac
c11c05e34e3b55fabfe3355415d50d29ee1712971831170f02e92aee3008e7b01626e626c1e111480a1ad8a3b1242606cc2becd40acdd248f2e14ce043243125
da15cced18fce7fdc2a60eda10ac0d17feed6b6c02dc0b1a50d61fb534d3c14f9f6dcc05a1c9fde91609d1c02ecdd22e10daeb63f361dccff3dc190e1711a6ff
a12b06b416da49f039f10e4662bdd2c51c07262edb10dcec3e32491bde07fc2395df3a091323d80ce2f7baefef1dc0e13e3e5e10ec4bbde5f7d3e5bb4722f6b0
c9a5e31813fc2c69eb8cafdfff713fbbf2343450a52cd20ed704e20e929264f2170bad87f8b20e8875f4bf26efeb5b193fe14b54e056f92add011290dfb1f92b
45beeef5131b03d50831febb22433047e13ef40b0df642f1e6f2cc21f61dc80c0d1a0ba0c047af070a1a49cec3aa37dd5a41381fb629c02c20d007f0cf3bdc61
f729a95338055a2a062c39de110807201df9c6312423eabc2421fef54089a6cf1738fe11eaef05d61bf81ce4183554289b109ec527fc26a80adccc41fb5bbcee
04ef2b74f4d4fcebc108beff1b0fd6e5e34bb813b82cc9e90cf50322c5c946fc5f5ee13a2738e13aec0f0c4411445409483e395a0b02be373c21ee5ae124ef05
144f25454f20eb40e60f1331fc250d9f95043df6e9e5dbd1bf031ad9b9b4e125ddf1faef2fea1404c1fc67d2e62565253042cdf608b73f15e12f3c78e5a85bf5
fe0df9d9a91c30401416f3af0ed7c8e4a4eaf9f849ebc4f7e7e7f302e7bbda1916d105d709ad4e9c4cf60ac5c3e7efd31b57bdde32bd1f23411eab481c24f93f
ca0aa45bb8dbaf1af0fa15c3d74b32f6c0c8af79c7c74a10e022d7e21462e4ec1fbc6b05f4e236e568c51c18f10c39b3e9140bb014180323fb20d0f8fb1c0139
08bcfcea9be26204f91423afc5d606f0522e112afaffd8a9df11441013ed263cd9d8103421063306de37db1cff0631f9e5fac3141bdfd7ea2a0241e51715a4bd
ef1ed1de11f5113ad966cc9e092866ac13d9d34ec3c71a31d8dad23db65c3aac3dd71fa2e1d1bf8f133315b9f2263058c92ae2f22cd5061a99a4032b17353ceb
4fc491e738c8dcdf9a3527ad200b15f69c3feebfb3d3f931d0c9a6dfb6421411cb120cbfe8ecfbacdce3a8381aedf08f042f1fdb5a341d0c320cc532055358f8
a1e8b79ae01f2770abe2ecdd094b2c05d62b2d42493b4c260e79ea9415d8ff0cfe2612f222ebc3bcfcf137cb6a110a9efbdeecb3d039dcc301b4543d4c1fc70e
f5eaeadc32240a6d0a1b25ab0aca0b041b14222ec04edc297754af3412fc3540420825b9fceb25ccf1c7ef49510a2a35cc2397fb4cd741d4f25d4bb6e4f7ee03
ced2c5bbd731f6e5334cd38b29f3ead4fbc8e441af0bdaf8082616b11853295cb9e0e414ca40c9d0a214140d1cfdfddba26204c7bc1f4dc82bd61027cde922c4
d5f9da55e1593dddde022ed60f170be1fccd471ef22c39fff9d13b4e26c632c5f96aa8fe09fb30fc29dac022f7090bf2d1432fd8f419c0352e18f9e8c001f09e
f6ff360d4433e1003abb310e9fbecfe6f41dd0e747dd24f41a0be1083ece382318473bb2d6cad2dbc4d36291f402ee0ce733ee4fedce4d00e3c6d7f0fd21de5c
51fbc515f542dc2eca5936d1234cd13bd718f53302d2c53a24b1152ad156afe32cce211d09b03664fad3f005bef0c80b3cfcac4ae932c3fb2d0ca92de9c54701
ad3cff0706fa040c9ae7a90b0ec3f8a34302e52e07eb4ff2ecfbc26ce0e746d8fa3cc8d4f1b7e6b0c9febed21517aa3a164a58b30c41e6d4f0ef2542fd154355
2904fae3e52448073b0c11ff0ad9a21fce160836b62209dd07cfe4d61b2dc944e41afcd6df2962c811f84c2003fb1dfa461733bb37cae656b6ad142b1613d6ef
f7e0cc0a4454c8bab62dddb14b1f0cf540f40c04f7f6f0190dc52a24350dde18f444cf11bcec030df4a40adf5e1120fadd52985a0c1c03e3263b523866001a91
d058c9fb02e5f52ddb42ee1e1ba2be3310263ac557094dd21ada01dc8b18e5b04d47d308b133074db5e1fe0c43f3a76e2f55a7494c099f08f2f1ceaba110be17
1c107cfaee0f9de6fdf536243e263625416bde3cf1e31822def94405ded3ffd51d08fbe604eaab3f1f1dc4230131eb0c1ecb5afd17011d214211533100b83502
39eeb0bda3180457f218d218abffcff44df35045531dc6b1c333af95d10cf1b9e4084432c2fdfde738ab17ee4f66e14ff536fdf9fce22ef9b8fafdb2bf0e23d7
a3ebb2b7d7cc0643e03bf416d58eae00d6ddee8e53b845adcfaf4b901761dc66f0fff7ca0bd7d2fad245b35c3a1803d11bee171ee6f2fde9fb26c74dd5cb5af2
00fe11dc2b5e0ecd50bc0be811bbe7db3a285e2c21fec0eef35c02fbf7f7fafee5e6071c0f1ac50f162c20ef4e21e0a7280fc4075d2d17cbe1f4a84b698b91fd
e6feabf83b3417004aa93f713922d367a58ff21112fe45f9983bf6d7c62317420d5d1d3c0147041c10ce0ea83400ef3bd3eb08333be5d4b6141113035a18b871
a409f15ce8ef0b5bf61afc0d45c5f2fd43e3140803bebcfee9bb0918d80cf4c8c816c1fac00e260d5adf37ca0a065ff0e730f51fee0cc5e087b6054950c35b58
c1d616d2fe44fc9e2658f4b101aaf147fc3524229dce09c1135203fd0ebeed23f5e5440ccbe64ebdb941abced0fa60d2e4d3f7fecd1c0eb8a0d5034cdca92be3
072701104a10c3e9ded91fc10c5100b73417da2cf8d81bdba2e475dbfcb6c7ace85a47233e3f27bba0380a04d0712c11dc90bb20351aa60137e20d3bee0cf937
cd1d6187d201f93fb702daaf2b52082fda4800395044f3011debe8bc6edc02ede30e4c08dd0720b816daf11104d0e9fef9023703ce09a7e0f90da5f433d5211a
ecdf2fc52c343eb82ed152fdda11344a071e40cdcbcf34174347142890d90df4e6d0f3b7e0d34b15280a1a03642ae71b41fe03d067164baf7c4af7d427f7992a
c4a935fb211beaee245d1c1d1d20bb280743bb19bf2fd8f464b01d051d4805e2d0b72bec290f404558fa023015a2960b2c1cb0b4ea11e8ff21e1114dd37c1920
3daa0c69b8b953f7686c2e27afcd0efb0602e6aa04be2a21204dd1ef2ad6b8d7dc2f4e2ff352e155e837b5f0fc59ace755a84027ea321ee79307c33de302090f
f9c3a5d6fbda1d3652371cc6ae21f92ddc4b4505beb4c6ee0c9bc734f2fcf231b9aaf9dd9b37c655b8067acad919ef3d28f9d314ea4eedd6c8f2491e4af743eb
d503fd204b444216d7ee0cf9f7ecfdfffdf9081cf5f510d9121d032ee8ef12cb23d1c708ae0159c30abcd044d054e1dbbb1ceb460cbbf5c9f7c0a04ab10b019a
f426f3cbf4f4eb391cf9a51efa3927a4f79c34cccb231ec6562b21e7050fc208efeff729f1a3c1ff6e933356c5a6de3f3d0c58b31911dcbc9eed0f5ec828dfd8
171b07c0fba949fc1d13092e1fc163e0201e51bdd8eff4e215102b0cdcc34ca0bf4532bfdb2501ae410a5c40edf32fced1e7d8ee1a08cbf134e3caf8b3076fe7
2d56ab41c5f613283d2026d30bfc1de95b186a01f7be4de80fd1ff1aa2e7fdbc0c0b7961050cf1b86f371efdfb0be656d1e6d12721f7efc78ce6e1b9d51fe2bf
dd4c382d1af8d620f4ecc3e3b932d846a345ac01cf0261cd2e3f07b4d31c0448df035629210d06e62bd005cabc0a220cf89329dc739f49e1181fed2cf0e407fa
fb41ec1eb8bbfdfb1ed0e53311c417682fea293bec10c51d0f8ad836ce57dbda23e5d7d91df70d9d0c2620ed36681df9b7dccad21205d4e8192bd37ac718f2f2
225525fb18de0bfbce1b5613e9b427f5e3f00d48f0966125f21ed34cf635f7163d2bebee4518a8ff4db8cda8634d23a7cc01c7ca7710e6f1eb44fd48460bacea
011e15eadfdb43252a048bda36c55956fcd3c8021ef2eaf74df3715bbe3e17ef3e3e051140affb3216fa41002c17f147c404ece2401a510c8b3c1023332f9df4
c33e2dc2a5e4c8d4da28aef8031a5a1357c2ddfee7d0be52e02f20412c546ae6d2ec465695ccdafe67b44ebeb3d9030f513c5c9de54ca2e625322e09b52176f9
d5e02fe449e117e6e525df224d284218e7e6f68aeb00b0c2e50b069cf8e2459e14485cc63740bfc81cc2ee36fa4403cb3fcaffb7f444ec2917e0d7e5bdb1d6ab
fa110f1518c9fc28f62105e519f1f8e59ca2b5e409b50f10d5a833fac64afc2f64ef44d28daf073d3453f525ee20bfe19870e2beafd23e111103ec1d232debfe
f6e7eb5310fe0cc71ff733110f0e1dde3a68591009c2d20a03324d0a223961ec19f03f0b17d6b7fa1af705dbee0813f6e503e22012c4e00103a6d8f7b808e51e
1d2b860128f73efb37534d291fa36cec2ea2c63337f570c430e66d13af4024341a8eb9f4f2d1d32af9d5fcc6ba3a20f4e4adbbd01fecaa11f92ad837e2e1e1f2
03ca3d34ef141aa01fef49da46dc55b720edb9bd0107e8f2e1f52718274a6eab3a3307c3d127e214e8bdb4d9e5e1e8fb2a01163549c04d21a3abd0e5cbc003e3
dfe4d71347d7e208bd2dcc0d3f29db06e9ee42e4501be4d22f07923850d42939d8c34e211cf1c62595f55e520a25e835d4fd58e02046c5d62aeaa131d7fec33c
0b75be100c39ff0a1c0f20f96718485917f0b0f417e0204bfacc0812051c3c1b25df29fd5f2fba1139f2b9f2ce5542033e8fdaf9e3fd1736f13cdcd79f9eccc7
d35f105934e3c93863e33d3011023f2feeed3fe0b347fde33e15cb2c114837a0fd6a28ddfb2c0d1de1ec122b1036323d6902f0fd0e0ce83527df5e0b27363c62
11362ec2f20dae310b139dc9451b3d48f0f852ddf34a13d5dabf27ec53481323b03de4cb06c0cfd0e8dd30cc93e941e223cef7c16dcabae81cc76adf3f13bbc6
8c450d072435df32df3f011fd8f1070ebddfde48f3fe2402f0dff03df61d69479c00f13ae0990f366049f40dabfb00bbfb1f61e6b1f01321fa3752c0bc5b501d
c43d04e31213a2fd23effbafa81d06e0ea9efc02b8fd18f90d1d110c0dccd40652580bae14d2f8473ac4860d162d2e04b60a17f205b61cc0ee28ed38ea53e0b3
21f2ad350150f8155bd8331a67bde4fcbc502632af1209eb233dab3ec7e423e9bbaa3da1d74d02c3f0b5c80ee20ce535d2b50cfdb3cb5658884220bb2c44df65
c6f50e2b566ff6c0fe3e1bfde71c1049ea951c30a51a15e012b9b6ffaf20d94242deef32e4fda84b4896f838cd182c383c00cc052df22a570e94e8cfcd0cccd8
182701ff04f9efefb05f5430ff042baafffac23601b4f51030d229f8029b2a164aa6d165f4f5421be530c56e0d310254ec2ae3ff4bca1d88225b17ecabf38a8f
fdb4f9d8622c9743383736b4d3ebea3cafa2df0a616809da1a32f8562aa9e7242bfd5bda30042244f10848a3d1e9c3e699e2a857ffeeb12ce7e5653201cec1c8
42f21ee73bdb1764d5e6c7ed8cf23a2d524a6c3943d9b1d0012611d6c54bd4a4d410583a12c8317d1ebd3797aa09b120cc192e1c7a4e28c0a704f71ad728eefc
e64e1f03f0f5260ce3234365fda71d731505ea1e1bb6cc0bf9ec37463b275ffe08f46431c5d99cfbf5d403dd1afd8bf519b12325acad4bcebb081a0a095f0005
e8582b8928bbbfc9fc3bfc58fd11ae2b3d13be105af44bbe17290edc0f254335e9ea0f2907b24390da02df30e60c1f2008c0d668f2ea4cfbecff2c4b9c39120a
1f8843448f20eb25230cd1286e1435e7afa3e3130bd98bf1f5dcfb27180ef04bf921207cc40bec670804fe01fad2841a0b11493092c0151735d1d3b4ea9f4a61
f1e1e64f071f1ada1dd3d8e6bcc7cbe8e1f9dc1bcdf6f29af75144d5241e5dccc7c5f70ca2c60efad50612d08500e2c8ed53f9f62df4f1a4e5d1ff1d06b3f758
ea0df1ea4a73e3e39c18d8e1d9bb12a40f411b26431165c011be5d44e5ca24c7ba0da7def5fc87cf1c2d5070c128e6fbef6b1215fa21daf7d012a90a19fccd48
05d5fb636c0fceca4f58c1d74566faf9c71bf2ebdde712694f0803b7c0671eaafe2af8e15c88b241e4b93a10f64cfbf2c512beef0c3e65eb4246f7db1b44161d
bfc94447de07f23f15c8d65ef2c30b59f1404311d2fa69daef13e330942c5105f113edebb2db5b04ce238c03dd6256e0ca1d73afdc89eb79193871152ee6bd18
35d7e61e3d23d725f8f2cefd5ebee434f7f576cca238012e9b2febf3dee5f1be6d0643fe03e5c3fd1bc22434c4ef2b0217f019e93049ece9bcbed1c8066b1115
572566b2182e3d01edc55746289bf7bf953c2df58bfae02ff9eb27190d09252114fa6137edd4fa29e4f52cdec99454dab2b25f3ae53b17752bde1ca938e7e929
3e082ae9f7d4fc5137f2d4e8b5bd4ace3bf91e16d7defbe0162f9d0ff5124cfda314690ce9ffe523f904e642bbdfacc9932231d70dd1fb23c5740a2e14d989f4
9f44d7730360d51eede0eed0c6d20a1420ce24e189f3505ec80a42082128e4d329c3bcdde603bad132d415229ad7fde9f340b2d3fbc4562dfcd8575ef816c625
58541ca3af61e8eb121e044cca2926b0f6b9b11a42dc5a1823ab24614721d112c155033f3113ddcfc9d40b25f21d45ad41fefbd30e374cef581abcd81ab70964
2e0a4c15b809b6031f5db30928dbefa7fbe5e4d027d5e6f2d8d1fad7f4e339e41f64ddafee02a8e08919e7e90d2c43210fe39eea2433d7af0009b8ee3934c9e5
102e93e20235efc1212b50a7eae05cffe214c62339f44ce2750ff24231a10ff231612f47dcda26fbc2e6cad7d09a910d3e0415e5910447bafe200420f4071d20
d1efbe9b267502f45dfff04b4216d228735313d21334191ef414f712fb5e4007d70106abeef0280e6e3620e10743f2d3af5724acabc5df23e3d333e300e04c17
eb1726c019eedd2bc3c1b8f841c99be9f327d27b0436392630b3b0cd4e1731d5da9d1e4c1f21f1cf61162d28e3b33854f2eb0201d5bb17a44023d819bd23f8db
dffb18eeccb1b33fddd32b23f534db2be5d5620abd1b35cbfe4e4506d05a0d5affb23bb3f0d0011f930aacc9b33b56d7bd072c4d0f071baefaf1fb0aba9bd165
2726ef053515082536b2e40252ebdb0b4b11a9d1091b2253202b1bd9d917f138e2f7e1b51414c5f21641dccdf349e12c31222a0d1d9714fd8ae81416deb13c49
f9e9ad1d6534143ed72e2924180d4941cbde248ccb0436e6627437280994f13bdfeb025b59bf1c379aee60ddec2e383dcae6050fcdde121208eb0c5314fbb0ae
e1b140afed0f070346041818f2eb00cc0639d246d2d6bd3ffcf454cb0bd379bd5d2e13ead1dc5e13f425e7ea3e26d2cfc6da34133da92554471017deaeed2a20
6c100707effedd960a28f6cc1eba3bbcd464f0f1cab7bc11142517fe01ecb864dff82df2acf0dc51c056a924e7b9fd4ed8e2ff10e3f5b5966ded0a3fe2f11fe7
534a12cad7511fdfc90eefdc400d29f1eed4a22814459ebcbf06f9da743c5ebd0640113b2ab010aef60c02f8ec122fc8df22ff01a73cffd60215bb1435f23361
de4bdc4936d3f6d9cb8bc09f141bde92a4335302ac03b967e44be12c3a63e110cc122b58cfb0d403d14bf3b5f0181cc43639e8c9d635d011d51e13fa61fce746
0fd36f86df0520ae3ffc41b1d3110855d1532dd9e10af80c4747c2fcd301ecfc0ecced3613b51517112e53c72ca5a16dc634ebf411daf81ec80db7e7241ab14f
0cfe0836ea70b3eaf3f2d4ae49b6f5de0611cff01ed2139b1ba91e3ff1e1d5d649f41df3033164f0f4b301e40120e4479d3afb00f9300ef0fcfe90f3cfc8f1e2
983fda0c2d3c6155e0eff5eef4ece5f994d419a1ddef2250cadfc943aee61b0af6a6afa4edc5e7b1127bfba1c81ae8b6afbae1cdec16f4f60a4e0adb62291c03
ab1e02ecfa0bb82c31f4c8da9d25fa1203c1031328149b258d6392283453fa495135dd9eb437effd1c99d80b58bcdfef2239dbf8e239f3ef0dfd37001648edf9
baf71b3f36dbb28bb7dae7df19553558fd85fd74cd5ad328e409ad17e4e00ecf082077ff38d5b8fd464d2f310acc6704f3f103100559bb18deb5cf02c005cd39
41fa1925ac9c1a31c1e705ce073a533ad0e97d1fd42405e1b703d6bce30304d19007613bd5a6cdd2d85e122d07450b90f0adf4c7fa2bbdfa1bd315ee0cf42d01
c9e2c230e8e9e0ad1c043b071a55a60db10b7ad46121c7e9c1ddb953aa2f2e530bfec5f0c6f307dbe5e3de28e53cd1592fd9f95c09f2e5f3c3213f9bde33fa38
e215a52624224905e9c8f9d1bae3f8f80898cfca9212eddb4aed0ef3cb01ee23bddcb6f5d237cb36bd30f64f11795c16a12935bd44c0fc5d09e524d70bec31da
0ac669def397f2f3062ae360e65438d1d8e1fbd7f3f9470f1569d61e0c2244f2b0259c2336c2ad1225a9f9c5c52be0cca758142ac1d7aec3d122fee40ccfb2f9
c135552230fbd932b0f9b612bfddc211b7dd3f23defbacd01d5c65a258d219bfded2d293321055a3e0e58d0156f4dcd03fabe8cefa0758fdb62d3b2fd92217d9
1ee93bf602efee2dfb18dd31e8ee2c5eb7c3ca2cccadec1432e447aa11e6f021d6f3e71cb8134affd4c349ebf31fb9050815282348f2e63754e142455d08d3ce
e15be724d2380cdcf9ddd349df37d31de21a1b39de560e4202fb0310df42f0c094033efe0ff3e2e8da19e7fbb9ad2df73902c947476d225fa8403bfebedaec2a
9d19044534230b8c192d2c2c2e042ffec94a0004aafec2cb2e49f5edf667bcfce2ddba0be36bd0225ae8fb0de901cae309d2ae4bdac506bd2afafadae92a2ed6
f6c5fd30482358225c9902c929d12748d7c39d249be5291f1bcfe3caff033a38be023de6dbfe16c38f5aceb1f5d9b6e7e1de1aedf40557c96becc9f11117c1d5
ae2ec4ca24f50cf2abff12adb6390e32b80fddeed0d3159bf5fcdd6a0fb43b38bcf55604ee0d1054d441f6abcd02e2c20cf420671f65cfc90444201e0b15660a
e604e10a2e4b25153299defbe1003809cb2738cf07d1e62a46b1f560fef604e9fc27c5f7e0e0653aedc446ae1ece2df3fbacf3e21cedf1913199c6b1d06702b4
d9c106f6ffef6e5731dd09d99bcbf8c042dfe3df5af5f5ebd3b9d319043eeae1fb9d73ddc5f915b4bba9b526a0c2435424da58ee1fe35019d50ce32c226bfa0f
e71af96030b9a8a9082d0d37fdedd8f7b4cef1e151b9f236361f6016c00415f84dc3c3dce44711e2ae01cdb001451743c70dd53ee3500b4a431b49abe1e704be
d42cbe2735ea5ad073c5c32c250f50001d17e32b081b549e3beb1e322c09f5431f6b3aded6e79810ba31a4d5f5175dbb0d34c8fe68fa16b45429d1f101e302a3
4af519cd00eb1de0fff8fe1419102bc116ebf13b47f1e9fa1925e6252fceda2fba2ce5b9940c0ded1b6b17193eeb23bbfff2176a09231304e8b020a24433cfd6
0d0e4b403e22ee105446ee9c93fe09040d17cf0a54f61c64010f0d062a22d9eb2dbee0dc461a2de112c97d1d240b10dd4f1229211ef0f8af5a4ae36e97b0a840
c900e7aefb1dc007461bfd48c4e22c2d59b905492be8d825f68fb9ade0b9c204fe3526e7423513d8e02df668f7e9905b06eb6402fb1c18beb085db500a15184f
c5c9161a231422db66e11a0a492bdebfe3cdf7c24de64bf550bdc927bf4dfdbccc0915ecfd43e738358a1e116653a214bff9d0f0c102faa3ff590711210b2af5
d428ba09eac39ba4614dc1f5d0e6b0a7b51faa04e152f6cb57eeb36df30bc18b45d6f705deef1d110710e0db21febff5fe27bd3b34c92af5cb260ccd16ce4be8
12cff722f02732fe593ff105ec41d41199ee435bf07446c711ec43cf6e22b0e4becc22f410a7a6d1d8a752233fbff11d1032182d37f014fb10e3ad4eea3c2016
a7c20238d612bfcaf1e711e1faf737ddf48bbc41a65af8900e250fdabaed01f2f40800c2049c581206ad860ef62b75cb1fe54705c0071989b0a6f93fd0c6f1ec
fe0ce0b53f0c5e13f7d395ce96030211f90c600dea2810052b1243ed13171fb2d65554c39ac800d407011d073bebee2f9eebb313ceb3f1112cf50224a4eac5d6
9842554a0ad011fee00138fb4924db21074427e90451c90f1f1d31dfe3ce218f39a763de3916075d3deaca1444fffcb8b6cc449d027aee37f61b25362b091214
a27206ce18dd65bbe1e0c434c496359bfcec154cfd14171b584d78f531d0c011c5e8d5f006e03534f19ce8c70cd3e744df32e3245dbf11d22c283352c3f332a1
c8ab172cdc55dad0cb2cf0253a55caff3de3446a9fd624e2bfe1d4deac5ff1c455523860b4f0133f1eecf6e411deeb158844425ff7ceeeb00d6e020fc19d3327
0b490acc96046eefe3fef3d74a3908ba30af69e8ae103f0e219b142d59edfc0d4c010febe9f4b91616f3f6ba46e1d2523d6845ff482251fbc4c0250708ef340e
4b35082bfc1c379b21512303ed2627eae8afd8bfe2f01a001ece2b414accf9bc0124b0370bf119f4edefeea226f3dce8cdc43fcc0c1c35151e9d8d66ac212fc8
0bdc310d26c02d2e15fc3b182b20014819ab17460b6fd0690c453146bcb4fee854ebd5ea3536b6c9420384c4b1e414d506f7037740351e52182ed5adcf2ff1f5
2445f0e20cef593708f23fce2d0b2c1620022edb1596d56606e11414ee332a1aca04303391f512c42e165006ca0cf604d80b0692c1c5b94c6c0b3156c28a1f6f
010740f2f93064fbd54e5ccf1e79da17e601fb76a0e102d6123ef0e8c2ecc7c438be0410accce420d9d221f03de2fbc3fd25c9403749fe55ffc76d07e0e85927
1bf83216c0e1ccf5f1d1d71a1a3b4debd43bc6c6bbed2715dd1b06fec612094ff61ede28b10d0917e704d8f71ec99abbf2f7eab41c1ff05b04ee10f526fe1fe1
fcd3d604ef080bf0250e57ed453728c7f84aa5de3813e8fde9dd0266c0a2d8ddd4c6f0a62554bd25c12b6a1f57dbdb60a31f05f5d8f1d1d31bf63e5f240d0c2d
d5cbc1ba339702c6b3f530dba64efcc1334135f637416af91d4c8f24d824132cda0840e7080192d2c3eed8fd251745edf5caf59fec31eac31bea079848eff0e6
434eda3c3d2e11e545aff1e5c7d9efb0f1dd01a4139b2543d8ccfea3f0cc9cac1911c2a6472db5e122512207245ba6e72020552e5ff8e3ef1037f24d27f9f3fd
e2e0f008eed0e71c4d36d85bc81023310cf2a21c11e8ec5fdcce3afc0b0ef7bd35f25f02df20f73331c00d4212cf04facf0cd86701363df4f9cf0d44e40440e7
24cfed060af1f11b41fb06e064050fc1c6ff07cdf04bbff102e5eec71ddb0aa9b3e04704d3a103ebdbc1f6dbe4ce155ccff804629030d55332e00defcdcf2892
12da130ddeb0b808ed27e699d60d2beaca01789fadbbfea0bfe615e25751bc0b15bbd4bc0add48dc00bea88406d6dae3c6f314edf8fdcd142f20d0f7b5011cf4
1dc4fdb82109e405dcc81129d0103804022811de0628638f0afd10d5fdf60852cd040dce022b254201e6ff33e3ede00f2acfeeabbcfbb6c092f82e1a2803eb0b
2905fbea2bd1f0310dfaddfb041d162302f7fd5d0646bf6fc73c09dc47ae279fe2f3f4c3ca31cbd322b358230b06c72cf229c63217d8ffb873de59dd264a1022
dbe81a5cabf5ee1f5ce422f012e942fff93dc8db1064d3e2a109250af3ca0da9f05f07f9e23d1921f2f909eb21f1e043ccd04ff4d5d71aac05e30204060be15e
b1523c30ef56cd13d1c216290db7a0463dee0b2da4e0f5003a581796c6f21f2e1024bfad59a9051a38ff1dd6d8f7384121a3e2524e9fe244472eead6f0de2320
4fea0ca383f7c829063bc0de3352d6fbeadc25f1cc0101fccf20629f6a12e83ede40a1edabf030e44ddf0b93a4aef7fc44c1f907f15633eb763316db2160a9c3
24381a10ecf44d1b0f34e4ef9fefc70bd55c5ee64df6fc2586b8f92f4060b376179bcaca0733131119180c0ee42ac52f4cd60153da2a881cd775ebbbee9fe6c0
12d2f8f50b550cf558e3adc5fb21d203983ddd390ae5dc5e4e0b3941b1c731f6bbeb342de6ce43006c99119803e637b4f0c4e0e66fbb04b0c15ef60cfb30a729
db19cafa0e2a5812d7f608ac0d2eb6033f3b0e05d4a13049e9d255cc6160f8459f92bdc3da581b060c034928f0da64c42e000136b4021f4d54aa301d15f3f0e6
16109433f16bf1e3c62215d7e270bb3b04f90f6e09410df41a043f552410cd58ce69d5bd5d1b6758caf6ecbe083616e3c4481dc1da549006f399ae4fe20eedd4
ff3009f3053c15cb54176d9a16b817cb20aee567c20f1bed310fceb40feb1d00f71a10ed44052a3e1a120154f5475e5bae0dfc144641cfc2de44a9f43097cceb
2f01181407f8519cf04e0e2e21a80bc0955411e8d8c7f5dbc629bbdceee5cecdec3cdcf5dd1538befebb11105a6ce713d7d3ddc819c3a5a7cdf43ffa00281f0e
c14bd33bb8fe9de8b748d8e9cb1e9a0417c2ea93c9f60101cad0a7b7fb5901ddd3f79616340bc714eedafd3a15439ea9f9c5fd09dc34bbb735d1e1a216732ec5
050f39f2c442caf9334cc5fd2ec7d0ff2de9eac5f639fa13f6100b12ca393d6932ef24d4f5389b8f14e802dca521010c0ff2f3f1e41dcc1bd548ae5409092ec2
fd14ebcd0137fcbecf1db2be1e2b53394de3b06ef84c071e8b1333063f36cd070a172501092b340302c6a5f5b34a0ef502aa2f97c71011dd9f07c129270f2a58
2b38fc17ff411c6bc1653dcb3cfaf03cf41c3fffea1bdcff25c7e24f94e92edc39def7f2c837b6d14fdb50e0d340b6bff8f0eff5600f21a13a284b185318fe22
22edcca9e4c4cf15ca04a3d65e90350624f3561390db211fafdfd42fd193fb38b2cc133164f9f30fe0e71dc003fe232dfb08520739ea17df4e135523d84cadd8
afb862b847944f31290a1238ffb9bb1a322a1ee9dd2332190a4beef3dee408f9fd5322981beaf2332c36c9ff0204f803f40f3550420a3b37fa3ae84316c2165d
3146fb010bab543cd4f13a3142143cf407be507028d39824bcf8710113c6cfc0df010c46c5ea2420b3ebf0fd4a2808addef6f5f53d7a130be7c84fefff69e5a0
5559d2eb2da6eae4cad810020b0ac21d9b0c1ca5a0c427e8391c3b36fa2841fea3e26cd217d903d630568b00dc41c76eec09d1c5fb4e21d6f85515c20c01c203
a90fb33f0e342ef0252e1307750b2dc79b1f08ebe9c8f332b8efd35302c4f6382914df52d30b172e51e03702dfe7345b2c2113c032aee6e345ae239de1f516d6
3672c2b1dedbfcffbdc42fd7b53070b405b439cfedf8090a095af3d6e21df3c2381a5db213c6f106f403f4212c31f2d609e7c5dcee4d102fff29d6c95d5db273
bdab063bdf59aed2ebbcf4c5fddccc1fe703a13fca44f1ffaccd0713fce441f7091503e5f3e4d6aeaaee15c90c2f3000025525da210af11429bec0a105e606c2
2df7e9b4f815030c8a19fe0e6936ec69f2056728162304ba05b14120f0e00a3440f1e25ac65f6af40e261a21dde9125344fdf6c9f6b061c9e1bcb4fcb60df229
f3aebd7002f9e5f340b07a284734c6e3640ba61f57d40432be183500c219c6d0194941373fd0215b14b2deba35f7ff11d24edc09e009403d2e3f1aa61986b278
26dc04f22621c82215eb2c2f37c92ef6d3ee26ee13da41d2f7c6431ff52d48770d35badba8af57a1f2f7c7063fd10d0c1bf45ec1fc1305065c1e0abb1234be1f
456b1a134ae71fb30ff71fd5e118e5e3071004acbced20452addb40924400dc9e9fc133930f8cbdce638ecec9fdcd4fef240db18d3c9deba7aff17b80957f6c8
480cb8bb08ce2efd281b2302ee3546d8096eedeb23d202ec471603c4dd99eefbddfede2e442e3a5b288cb1eb38649d49bd1b273c0717f4c2fc026706ec733d31
eae0942d0b3b17210ed5f4abdb49b9d028d7dcfe194ac9ad1007f68cecb81b02e8d11320e8064b32b82d0102cdff82ade43e11ff24f528b958f079ce2afefc37
d8c5e03ff825e4254c726d1d1edf270af2e629380c10f2c931e3e75ae2e957b0d343a83aac3dd618010309a0f0132449f08cb03f00c35ad6a4df193bbb2b30ec
90afaa1f2728d6472afde911dafe1c6fe6f407de6d138ea61bdd69c81e6818fc1df30ef8322afdb216d5cf24e9156c4949134456114d1ed4e4014553c3e8dddf
c3d0411d478e111054c7d1a79436dddc43de369e280c0cf9f14cec1066faf83e0aec0f28c7f331c9fa67e3d923df39da5ebbf4f214a1dd23383801c75810e2b4
b03eeefa3f13010fc70f5d5dafe9fdf82be4bdd7c55a09e600010af7f60457dbc434c60d0e6bde042312e61dfcee3611c8b60c1e0c1e7857bceb01d065ef30f1
eaeffc0bc3b4d7061c64dadbed09c94208f4c86befa92e1c0bc5630c8641ff8750ef3e51edb885afecffdc2c6d1033be084926f45011f62202234febdbeee22a
279fc21d36a9ebb10b0477f70322def9253023dd9ff80ab5ecc391f0123b31ddf8cc19da0e6719d41403ffef2b023452b4e21d28c78450c90f14fbd9f217b4db
4a13f52be724160213061abda5ec68fdd1fe1ff11e93d9dd57df340327ab1ec11c1944d32cb8b7e58d3b0f972a4eff2bf5fb156dfbaa9acb21c0c231322e4b66
f4d5f1c830c222b66e3ab728544e3ee9d3bdef622bc9fc099a5be9aa1fef071afa3c3de5be49ac923f10c6e342d116f1cb15c3bcf629d444158f0b52f4f14307
edd51f32d3b9f02dd7cf24dabcc5362639db3e30f5eb1f131be7645616ff1e26d9bd2dfa5ce0d50a971ea149acdaf2c4e1c8e7fff6cdf994380d060702021358
a217c5560a210419aa22f363c6f0f0d741fe0f52fad6fcb2f2f0a358f518efcee0406bdadf135e500e37135746fbfe0b13fc5d1d33b02ee46f28c2fdc3591aff
592c5dc9f72b243913b5b0342502dd3e4c46b64622c53e9e221e42f39fcd23071f36260f03f00dd6c558626d36db0af6d1dbbf2e170fecf544cdc7502c2df7d8
06f6f23d00031b67d2c7f1fd22bd0f000a9ed8f3fcf17babfe071110e200a9fe9d39d7e5f33f271c94ea1b45edf43c091f210eec2a39e5fff633e945af4e4266
9d233de2966957133bf235fc18f4f6b5edfaf7f3dcf7c3b63bf9e95629b41e2ad7d910f9eeded325faf84af40a25ddf7031bccefa812690494e4c3f1fc190739
ee2fb42f4efcf2d0086612dcdf210e9e23e7ebeafd0ffaa8d49ba33a08c4cd590b393fe5eb04f8275fd964e5280fbdaa2ae4e3dfe8156cfffcf49168fe4cbf06
b01c5df5de211100d298ef3e38efe535552146f9d1e8ab3dfa1419b8e3f12033da33b9f1164ff515b60ad00dc75409a9e6a4aba91adebb1199efb0b1c4e091ef
0acf541704e502122d1abf38fad2c4da13fa139e2b4caaaf1b0451cef649420adca1e51520282df8f7ed20ff022d34cb252cd0751820ebeef6454526121bff3b
16130d324ae4f932c7a0649e641ed0cb0153f440c2147039aa01e8d2eef1b8e8ea3a3b2338d6a0fd38e9b93b15f83faf126313dece1407a7db5fad3436e6da12
27aeeb49ded4245f421d0ee1d6fee2e5372c4a2ef5c823fc1b67e0b24617d8f33c635334e5263c200a1339c81e01ce53fc31fa1c5e0330db2ffc66c5fec72ff7
8fecf5c2d40dbe22cec3cef3d9e1daa712a0fbeffb126adeda0cf40d04f8e93a68adc6d656f0d61dc0fb5a9f2216d1c4c40cf3faf4431ada9efe3dba562af302
bebe13ecdc99c1b556def439cc08bb060bda2ad599ced630c5f5ae1ef2330e4a4075023eccf71741c3fdf3eff5fa2f9603145039f301dbe435e4d9bd24584bfc
2d03440642211e3d26e6933aa657aaf72e1f3a8bef38d3a11f2c1b27fecbfe2219af5ae8f712f3bf5718f92b03a635482614c72f4d9d2f2d0ee9b503de012554
fc3143f531c828161d4c56a903f8d5f0fef11e1edff6ccef98c822dbcb110f07b0c1110bcb992f269cbad20fa6c7f00b1cf2a3b4222031e1d5df6d4e19fc582e
35f3b6cac1e1ffb71f9a19d4f71e0419244da5bc06e4dded92c8dcbf64c568af12af0b26e6e4550e560e5fc30dd5e1a8d2c3c63817b8cca041ca046a140d37ea
d5ddf2e20bfe2df65329f7076923620e19ce3424540fbfede75e16a2f4d5e3a2e5101b07db0c6afcfb26efaf0adcd63ebdff42cb1bfbe6962dd84f10d948d3fb
abfaa408f64f06fbe853e6d3fa1d079aff2fb3bd05c7ec2cf7edfefa5b01abe8f5be0bfba720fff09310992b3ddbe6c9ba0cfd4e3bf907f0e4a5ac084df14f6f
151768511e06f339d9214120d6e221de3dfdce4899eb22090212c5c7cdace021eaaf1b43e9c2f0a3efc53ca50730c1ca8ef0c613c9d2e7d9ad960f2ef92088d9
0c6fb0080101f7b8cb0644ffe13802f6fbc3b4ed2305a9c0f51ee461ee05fe2f1f971ed2c9cf6fde38ec0bb1ecf3bf4fde32e1061a6fdbf82e2b131a10faff4f
effaec0f4b306018d056031f9c319acf01d1d714c4f9bc2307e11ef821c1a31e1dc5187fb2c62e3f27f0f0f3bdda68c9f46f0b270a09972f2bf80c19cc0ed515
b0400c585b54fb373236723fb64c06df1413205cd1b81f2ff714153623c0cec8aa504f07e7f6dd09fef7b918d645f41c479f01c6b021331862f505d3df4cd4a2
acf211ec2051c62ccec6093d0d06ad1c29e202640dfc0c1d62315a20c70edce1fb2b2c0abd1d10ac0507ed423dca21fad2595c370cbfa7ce4517fdff3cfff6d2
6d0305cc302a1ac208f4ee1c051e52dfee6c214b15d821f542d90b36cab1e630a429d8d12cf70474e406fe3ce9c1b6c5e60bff10ae491917f7b5f8315a46251c
b6b3e206e257f7504e64c43e0bbe16c2f7e915ccff682ff337da3c04292804f9e4d306f1540e35da31be0e1bbfc6e6ca510153161af8adf24221ca4bfbeeaad3
18ebbb9a0e0acde441328cca784e66c1ef0551ca9a24e6ade600e7e4d2e01d62556035f2fcdc24ab163b20986f451fccf23913ef4a99a84ac20dfae1c7c33123
5a45b38d1df7fcda113323d3d8ecacd315f9e706061f3eb84f0bde1cde14ed311eeb16b830e4fc25f926d303ecb608ad539c09c5d95e4f210af0c43d1fcf3519
09d6e0d510e5eb03ba08224dd7f8d20ec6ed0ddd88589f1af4e2d4a5a9a355a574183c032d3c4f9e731fcae4f01450d7f425cc44f81aeb2f1d322b2dccfc1706
761cfe32f44cfcd2ff0efeedc44147d012c90004f10d08cf0199da4605cc5966c05af7ea30cfe9b70239e032b3dac9b043023304f668eeca32289bdba4d82f3f
2123e8ad00185505e8bb27d43fe5efea09eeb423eec960fb41d41ae3dbbff203d91721da52b7fce8bc23b040981a2d091b4254b7f2f247e9fbf61e2c40286810
1db9d3cab504d4636ac4d52fd2eaf32009e9bc61e8e2101b366ced03eebbf3f305f71116ed58efc4033f03f3e906d20bb520321f7115d3dd90e395f5e9164d4e
1e6ae952b943ade41914e746c6fffeb845d6391b461035cdd5fa57e7b5fbfbf5351ec807874ddff36602450c14df1ff751faf5e3bab8ea35e4f0ed2415701de2
2cffc223e153bffacfb85eab0e2b041a13dcbcae3b6ffb4e85f805d4b64430f7dffa31fd4c9a16273321f0273c1dd1e7e9b226470dcdf6c8fa1e3a0bbafade17
3bc6e2a2e1ea1ee149963d35d8a313190de916abf1295bcfc847e0e034f6043a1829e2dbd01e17dcf22d371ac2fffce8fa1becd2cb74c18ec3dd2806ef1afb25
48cf18e0a2bec4ba2b0a0edfa3f8bd2cc0ea1937a2df4627f6db953f10142ecbd2b433aca7e4d30e01d734f7e3bef201d016fbd75702e30d26fafa47aaddbc1a
9702dbfba81001fd05d4fcfb226cbb4a900edb17480e0937285cb135cfec5dd632e90728f5021bdb10071bd8e460092e6002089a11383eff5f44eb083cff5e1b
e21f33154fd5f42231dd9ac7fbeed1492e4c0a6eff28530fe148342ccdcffff7e448dfb3e7edd93ee1911ce1f90d15a31f34f6b3a237188dff8ed51b0cf9bb49
f12b9df2e540db34cb0b48db3eb50b2d023f0ad471433c17c0dd01f6d8e2291e213e21d710eef0b4dd2e2467b5180d30034e932c26f2a80401ecc1d4563e1d17
47ff53fb43c254200dbcf88fbb491991f7d3eef639f907122bfa1ee612c008cc04e22c042efc27fa1cfc17e51b7cb0241f42dd600e54acca12512a0e10faf7e4
2850b9230d6452c6b92314237d3ed4ef1d40cdc056e72ba7c5ed0d0e465ecae3ea5b3245f6f5f904f047dc2abc522ddee204553c911be649d40ed17c1423fd37
2a0623db2a2ca5eaf317cc5dacebedca57aae323d40ce5dc2c34e11bb51de33c4ac306d3fff3aa72d092e91f6324b9b39efffb130fe93408ee5e131dec082d3e
ed292edb421319e4f69431ddda1470b6e038b403d0190a11e9fb05e34919caa3fe48a8b8e817bfd15eb354f127d42acf2a435130ebe117ee0842c8e5055ee70e
37b407f9eefc1e1821f4f9f9f7edd13aa73a2339b6564a1ec905d61112272702bd3a21d4e9f400df090c500a2216b2f01e3fab13edfd10202621f54321b1f797
1d11f72bec08c6f1dd4cf728a6b7ce4302e8163cec0447e648a825eca8d895e64ffec7050515bd40f7f5bdefa243271820d643ce03d1d5e1f0fccc4e0b3ce20d
ca2bf1cf6d2d0676ad32e7ec13354925d16e6ed7f31d1d3c2fb5c1e11511231fd91fc20b3fa32813ee4a17705e11024a7621d0ddf7354adef702ef25ed56e8d5
170a00cdaefaea05ef54f5e8e6fc380ce52314f1a4bb0d090ffd4c2e0458c836fee88f538f41e82d32e9ecf73b08c12706eb4e2c2ae80957bb279a480d0320fc
3d3f611cae2ff5f310fcc3eb2ac665afed113fde1107d1be946f122a123bf7d4b45919a8ee20cebd2d4e2901123ee408a81f16ed89d7edec040b69139b6e1a04
e6d10ebed8434edbfc45be240af8e1e6fc5e1b12c80711cff1d9c60189126807cf08ca95eb26145b2ca2e3e59531fdc42f2631a374f1cc0ad61ce317cefd223f
46223ea91b51cbe2fd103712bf3cafe3db283214293e39a2eb1625f8f9944bed0735d40bf14771a122c71a186f4735edb2a914f0e62d9acf2df7cefa44fae69b
cf50d9b533b3dad66b0cac9f08e92cfa01433aa8cbfa311bff9fc6f93bafc40d0f35e8d9dbf4fb4a0fe31a3ec7719618fdbec51025e499e1df203ab52856e020
ffe820ad5102f302b9e83e48fbbeda2be11afcde1bbe6cde65abf60fecf5fc0a38e029f0e546bffcb3dd166ec327771d08ed04cdefcfada623ccdd5a020705ff
f14fcaefd9bc2ef8f9f4ccf931ea09f64c43e747cf4dc12bb81a0ecfecf8e899faab00d4f0e6477c4dd49eb50d44f331062adfe017364545dd0e8dde122429f1
12480f2923d2dd2c41420ae0f00e54571b277b25efd01c271ee1a7f2070d331f19b44d5907c8e4b431f0dd259e17f809561d53e4d3dd405afedda832ee230b15
43f355ae073603c0a6c80b6e278dff62bb26cf49a315a268d50c1905e2feee0d4805fe419152ded11c5bc01eed1dd8d3f20709e5a6cfe3c51b0641c2e5f6f108
f4c8ed6524eee3d6ac30fffbd88bfbc654dd39ef0343fb2df832c327dad911df67d647da22d315eef40f041b9fe30bd504552d43c51132f2e03d6816e8ff3e37
d223301bcb03d2cf0543b301cd250cb0dee421e73e9c21d939dbfd4420e5e1fade31df441929894c2975e0fd3b1f1d9ced1d17b8b7f82dd73b28bc402ae4fa11
012704edff07e5f290aac7e393f5cf2c0fc0fdc9243f0d5764cf332169cb15e9d6c6efa82c08e43f48e4ccff84d90ae8e208d41913241602a0f2540f22f638f7
f09afed7cb07bf1edd29cd5de2f7fb99131dd8f90bf84df6339227ac366188e800122828d9bbf2a5ff146ef8b92dffd84a30c712ae1c0bdc05b09a3ea9ee0124
c107f304de1a0bd010d31ed448f7211ca7bf5726decc07bb1d29fc0320fd43b7f1094815f8ea25fc9cfaca32323e0afa030727ff0d061a19b0ec1cfb2bacbefe
ba234557c0f7fa46fc60d4b732ccfc0c0cfc5a15e6d923c540d737e2b7450354c99ac9400af434cceee50849bfe7caf3f5aabf0321700a08f8f708f3d4172d50
432e1ac9efb204e9c0f826c10bf4322a14d7be35c12944e4052bc6cbd5034940ddf2e522dc0bef438d18e2f7fed7adc950d6f4d253ceda263e6a614e0bbee20e
de22a8c05bd1c3c8fad6dabed24710deeac3280734e642a627182c200a0152f6136bb9d0e6e7aaf6e817c5dd3f6d5129c80ffc45020c4e08df65c10dbffd308b
12eed2d02cc506e4722e0559333c4704e45a0503e41f4d243708fa4aca152a15ce26d03c41eec849f906f711ebfe41ddf29326226cb658550acac6e52d5662bb
bf221b2569ab060bd629b5a1e303d8f9e1e6ca16092d2333af2695cc0d5a18a5fee2c55df5ead3f945f9ef1723d00205cf25ced705d62e3b24fb52a457bb6f02
e2439fd3671f353edbeec118f8b46244ee4fbb151fd9f559f2bc539ab6053b37aff6230bdc3ceec8fb9ecdd0031e8a190710d8f0e73e0008edbbe9df8e466adc
b41f2f2a4411d711c10ee01f363a221c1b31d907bccc0bef703a32c638f7ec38cf2f5218f8fa3d43031cf8a9bda6f5fe4ee20a01ef1601dae85a0ea2e74ff6ba
b8fb495565780cba0d0a1d20f7d6dec0da9e069d5713012deef9340d40230c04e5e009ffe12afa13d50c0f9f33ddafdaf2b9e65ecaddc2b22b0601962395ea32
3a0850590ed1a0c4f4ff449f02dcd6eef2010addea28410cfe3ef4e209c710e3fcd1d208eb2c4863eace18ccec2822f4dbe62eccc48f589d1b4445c362bdf2ba
2bf7e92c98380ce3e8c21b1a0291abe62f05bfe702f005a10afb142c3822d00dcc15fdb9c31df0b204dcd60df297b640443932ffe224eafa22f46ed0e663e6ea
07c1e40a92aeecd7f715aa965a13a71cdcbcd912f8d0a3eeecf323e30d1b09170c121b00e4ea68edd9fbb507f01432c8edf81bfa25ec6fd2f2f0da04e0e1ae1e
1ebffda4f033596efaecfe28d1d219533afa0dddf0d530d4effaec22ff232d25bf5906e62d3530630b0dcff7d3db31676cff34681c04ae1122d8121f3bf446a0
b877e55118488520200bf8d92a50eb4a1514dcd8d5a3dd5903bdd23a44345ffcdc9ecd0af646525a186bc6fa1ed84cb1c71d2647f9bd02eecbfcf306c50f0af2
31236c32e443285e2f21f7b7fd2e2d70ede6f2f1e83f348eb336dd12c3fdeedaca44e769255300bc03c9b6530f3cf9fa0248b6efb801b4e415f9d9180eebb866
f7ed3032febc96cfe150f80cededaf05cff0eee2dbf9179f18c5e82bdef772b5c2ffa916f5431325f2fb3d63c9f822c2c6e129e4fff65803ddca1c21bd5beb1e
d82540c6bcd66612a60b1de710f7253ad3ed033ffc0bd5c0fdbe1aa30d31e8f21323db1df566d9e3f53e2af605db06130e49efd3c732b8439c18cffc27dae23a
16e0e36c0a9808eeeb9bac8cc4355a4fb56cd1e0f30d1cb21ad9f47526dbe5ddf2c710cff60c97b000261e55d82bdc06ffaf1d0ff518fec4c899bde42aca370f
eb0a23b93610ff17337864c4ccbe1b0c40f4175d2c99a9da1def300ebdeb465b15d7ffc12a13f802f8e8d0ac0cef0aea2dd9d0d3f809d4d82313e7eb0b185902
37ae122710142814190ada07d4f6a019326302e558e73e1d25f4dac4130fcb5316eab4c508b0e1d0d2b941ff01c93ba52605deeae4ee101db42807e9f15f586e
35ee9121f755f3e6ebcfeef3dee5a431e0ac0822ce38d0e2c1f81121153925f13b6dbea814ad42ed10f0083217f44451d0c40ef41c3a7a9b0ba72ef6d5390ccf
922edae4fabef2f0e4f80aee250bfe349eb6e9b525f0dc2af315d4f31c54f04418ed35ebdafdc024933823d5f5c6cef705d41fd73e101379044ee5022a173dca
b1b034e1ecc00a2f17e8dcc350b81308ef0fbe48b7f1bb383b1d0a412b295a399dfc34ee136a13ba20184bcff612ed011513583015f0ea54e1a31fee40e9eff8
b9147501f4c3c6c1d5f5dcd7c5fa47421fa7f93fa6983d04e4435335f3059d2059fbc250ca39f1fe58301823e91f3540450926acd09e341d13071bf9f7d70e14
a859d1df16460b26bdf54c433b11fab5e90d10b4fc68bd9d13d90ec1ff02d80cb3c55312ee1cf96090c3cb354b07d908fe2102ffec0b1614f21fc9f3ee0daf27
309c03f607d0ec1ad0eceed62e222bfee250e914e19ebaee27483ac6f868e556d5c3bec5190e2541edcfc309fc32fc4fadbef7a2f700cc0cb7f2c3d83438f7e5
13d332d0eefa430837e9089f2454f706ecf7d2b316792909164d22090636f4251e2ff352550150d21e2242ec44bbf8cb32c32b48d18ffff91b22ed16c744eabd
cd3960e5f49f1d6ef42951cb06ef5d12d505c029992e04052ad0b695c019e20ce464fe15104ed54deebbad4c1bc937ee02db05ddd8b219b71551fed3df2e698e
b0e637f52a311b0c49360df6ea984dd7a6b9c9c5fc2d2bb7ded4185408d01b40fee312ec2110146d63ff9c9a2338d9e31dec1e6c29e252d15ac70ed7e9bfe86f
f5464806a445ecb79a04fc7a0aec0bdbf7e90b122ce7beb41aaca713ec1c0fd9c7fff30b57b7c2f7fcc9c9014269d9ddcfcacac33c4bf619cdd5f50ee6d03134
ae251ee22ce847ff29d6ff05cb091b353c178efeec164321f4a91aad090c212ebd494e1038bb232f65e31e3fd8eed6a26df578c503a9fbfae999aae6a544e6e3
f1c0ff1044106627c70bb23501ef04d9c1f6583c03dd3db6e41d6aadc2cf501cc666f4a701eeff062ee520ee12f7f8cad3ddceca6c46ae6017dfaae8132e27cf
15d03fd71c49e54f232bec13c456ff7d38bc0dbbc4f8b102bdeb6c2b353c4f13e5c73fa84e1dccfd46de17ddb8375fddf29f36d34a415f349ee65bdacc32e502
0100b3f8c04cf03dca2204f2372110acd0c10750fafea3c404724bdd92daa9370a0ab712c6f2f8511fa73a08401105a908372436092dc9e33150220efe107910
d2f6f9df3cedaac42bf741d95804cc23f51ef401f60ef84e77e5ebfaa401ac0f081920f4dbbac4095620edb8da53072de7e1aeff5422bd17f8d4ec2065393615
1cce2f0fee973543e6fb0bfd23c56decd92fe5162ebc8b442d151565fbe307bd9520034d14fbcbcc0eb9b62cf775c85c46f50649b500fe0c05b8c139cca456d9
fa34ddd6dc223264f8e501d82399e3fb180cec42ee233101fe29f52570bf4f08e8fccef8e806932f0d352b9854ddf63458ddc412b3bd4dd2022f2924ec320ab1
c43affed3ddd59cdf7152d33f26d0c42111bdedafcbeecc20ddf06380bf6d9db08b44a8cbd0ad0f2f4f0dc8e03423337f4d2f6110e1c04c330204c2053c7ce46
361ac614fed8e10b3b210a08180d2efbc8b5d0d3ffcdbad0bfbdc01214da3d210ed450fada0a26527ad51da248c32eba465c22217afb0eb6fd4d3ceb1b20cb59
db22e2192e05ffac13ad8ffb041e22dd060f2901d8579076333269f63d14be35e8ebfbe645d11dedff233c1df823e907d5faf6f437c15e3cfbda24fc102819f1
b121e8e008339cf82fd10d0906f36825ee02bee812c5a0ac0312eca64ee9c9ffecbaf707fd23bc08a4302d0f9e25cd1212191e3fea42e6e92818ab0617bfda3b
2109e1529ccdeb005dc818dddb1bf2f50fc7cd401cdc3a8c07834b0344ff4811960c09d8b14d38dacd8ce6b05ddcaca20fac168d0443d50c550b4ef9bf1b258a
19140d141d3916cc4f2dad1b58fdf5ea468bd30661184e180bf7f3d6dbf9302e1cfcd5124bf20ca7ab226537db02b2d52a8ad802bcf82af8130512c7baf521f1
0be622f8d7cf6024d813e118f520a3201dcaf11345cfb3a1f103fd31500ed1f2035257fbef3bad26edaca64f2a4f399b252b58ec22102ae71d4891e2dcd43385
f9c9cbe413bb15cef8173eda11a7c9cdc07315f401ffbad4bacc209707aec83802ffeb0cf8da20be30d73c1c0027efea11f22b51fd9ffbb5e1aae030a421fe16
3bdc2dec1034e5d6589b90e3259e091902f70bc2ac2ae5fa0510e826e7d8d8c5493ffc214df9fbaef3452d741c21a93a5fc30542f95d8f4f233d04fb3e9db11d
03b425091a681e140c0701fef1ff24f227d8e1bed317e021d5f55ef0c433cb1d231254a45a25d396bbe92539a2c1056f990901e21b0424f7a617f4fb622509f0
fcd3b9b736292b13e75514a7de2dbb46410b3032d609cdfd3652daa5fed96420f39c460134e8a1cceb11e746a643c61e440736ee0833fa3cc628142fe3434605
9c12bcf3efb5ed285843e8f825b01618fbf209f916ff49119d29fb2dd30e3c2802edf3c8320ccc064743f0275d58ead0bb0ecf65fabff2fd0ccd9a571337daf8
0abd16deeee1c2c41219080a3fe0fe37012c0e3d0520c25b41f7b6231f3a3741f957face38be0265b8aae0c00bf5eb0958d7ebfff653891f0904012613f33848
a3b9eb2dfbb33f153e1dddd80a5e04d1b260d4aee3b52a3c432c3a1058fe1fba0ceff0c7dff512cbc1490e49d1370eff3b1d13bd14c457fce82e370ba7191013
f4cce70cf4ee223cf4c94763e7d6b11bc8fd3146011a22e6e9682428ac4bd522f1100913ce200128cb050c3cf5531359478b0908ef6d19fe479f26bdb2c14f10
10b51cbbd8d50f10ece8f19feff53a25da3bc72f1b3d45d507d7ff0ead293f3bc1ce1dab11e9ff2008bc7a4dfa2e52cdf9175298f6214fb9d4f651cad30ef2e9
e5ace1f32ace27b21dfc4a3fea030eca262a1410e3a926ec13e9a5230d4ee5370e2ff649d4a9c6ef1dcafdfaa519e8d5b90ee253b7d0efece22df63d20e70c3c
e435ff48b3b31ff3d4e8df052a6c1bf34c22baec4e03061db053f4fbcdc0bfc4b004562832a9a0cb03f63b18df37bef4d1b6e91bbb5edf13e06f071103d00619
470ee6a8116932b9ffb2371423b3dbdc3717cee0f0b6a8c7d3d70196d5b5fc17b0f41bcedd2deefbcfced8ae181819e6c0e1292af9fedf0019a0fcd2e02cf50e
bdfe3fc607afb737ac7655afe8e103e0e3bf21edccfeeac8362bed18d42dbef71b2a2fdcef2503f9aedbecc5a6df19d950adbf110837d2d70a26bb42f6bb33eb
4a0bf0fcdcf7c8e720f300ed1f312df2fdfa55e41fbe1210f3e24e2668188d65f54517cfe5f11902e4d30842bd140f27ae04003add19da0e439ce1fef7e3f5b3
3956e3ea0d07f5e6d9e71b231807ec202ca35146d615ef212794b86b402e4fcee31e9a11ef722ee7e82c030a24e009dfa7ef3a1437d8fd210d21284e48fbe968
4b9cbdc52eddc29a1dc5e10b09a440b20a28351a55f82a121e33562d7eb8d9fbebeecec5ede9c1464449d22451edebf1f0b0dbc4e5240d0b081ee83b271fe1fc
16444818151d14073a0f31c56db023f5fbe607f3a469dae0c448d3c6dc081f74f606093b0bdae1674954f3b625a41d3007f608340b03ec9b12b5ebe8b1eda709
c30e3fc7d3eac232f4fd312df8f2bb2f19f0ea071a31d6b1e93e3ced5c4d6806b93a050fcaf38ac42c13f5b8e3e99dd1f70e491b0fe24e485e3727dfd6dfb6f2
f9e4e2e8a13c4ae535a905dc183cdeb3df440318f34130d2ed4e21e7095b11c99c58a12f2e152d4f04101fc6361bec0cf7d91a3e3a0e444f42cde3eb24111a92
1ca5af0fe54b015eb1d5e9c015141a28cefe0708c7f2a8cd14272af90436cc04b0ba24652712b5d4f91413161392ed51e0e139ee0de7f9085ba8f4dcf614da2b
1dfb2002ef5bd3f8100f06f5dde6d3c4423c1c2111c4410bedb0f7e41a6944d9a76539db3c0d9ef3f4d82a52d0e4cde6afbc774626cfebcd1d33feb5f10a10fa
a04a065aac4351cb14ede222f31263c65224bcf5c41f495859eb482eac71da453fc904f738e4c422f4e6d6fecd12fa380c0ef9dad5df2b2ab15701d2ac2a1014
e6fe21c418b73fc023c797b0f51404baeff3392a19f2e5d6a3ecf7ed01d91b01ffeebb44c5f21849cf681503e509f0ff661e224de7d1eae3be770a36dc1a01fc
0fac2954dd12d6f2dfc2b1a1e9d5ec4dd707250ce84ef2f93f050f04d8fca7eb0ed5f237bc0c0bf203b2d6c0fca3febf1afc201a3bf548da20dd116a5109d4ca
55c7aa221e3825d3a0b7c34e5e1599ee961d08d3af0a53d9cd2affd62c2a2651ef446efd2a6208fdcd5f0515cf3bd7ef4ef590e1f1bb3a2f13fa6d01b30230c5
d828ca371045ef54034e25003ec02391e7fd390508bbcd1e123b1bbd2ae917c9162b5d290e163edf2b0ef2024fd7d9493b1d9d29dc2536deadfd011462e5fdac
b7be5c322f0d15100df427b03f36b01d19a4073dd35fe90e85e9a636172b0815d6f10d23484af7c24827e72b0a75d42d3e9d27080af421f1ef60c15e2af11220
e922a0ca550253ab1f1e486d19bbfd25611dca0cd5fe03f0dff9fa9cadb301cddf9aa059d90effefe6340a07b9f1107260c22ddc0a60f8001b0fd2c84be204cd
e9236e19fbf84ac22f130c081f07ecffe5f4f9011807a5e4d452b3b21afbf4b119f6fdf0692e332d1d48cb41f51812034dfa47cf9bb1261fc5dffdb60ab8fff5
c8e4312129e0db046fb4340bf0eafebab70434a7e3ba143dde7291be092209e370431c301e3f08ebbdeaf13c2a16c5a4ba9d13094b1d092434eff843000307f5
ffe2fc9ff71c651f73ebaf3507caebfc131eb149d5c0405151d0221b2132019a03f8d91959cf024324d91715e22877134407c15dfe446df4bfa7d61f014fa31e
d34edf1edced9a12dca30f0fd8f617612dd8f4e535f8f9573c1e0403e70aa62acf3bf550f8303aeabf341ed72058daff43020be213c010df0f14d1b8aec6af44
2634f44d9bf41356f9f05895523dec99f65ffba8c3e61e20c8c6ede805ddadfcc813e6d422f615ce29464f4220f2fce6150aedfdcafaa36c0b1cc165f69ca2e0
33f9ebe1b216ee0a3ef5d00fd9feacb3da1f573302ef1be312c713151dabfab0c2e8260e03044651f2d9ce10110df0d00145d81e1df5ec9545dff32421c5c5ec
dbb435e90d06ee97ff2a2dded5ff5fdbeb0b600c2becffb4f2dceae1201c02441932bf010bafdefbb76ae68e12e63bfd55ced70a04f43514055dffe7eb061987
afe603cda8cfc21a6dccd50a6984e3fed2200cc0ef1909c61c076ed7c3635d17b99fe0ef0b6ee995ecf7e88d28412bf7391a0825a40b942dca480a42b4c1aef6
e9d6a9eec40203e213fdf70213bf04d02955e797421d09064b0048332db2d60a242512f1aaa72390bfdad5c456bcb3e2df1d0b3dcb63388a085996f44b05e6c7
fe4a04499e7244203fae0be446dd19bee509360392f401f72b18f447f7abdae5ebc5e1151ce1f1f70ec407a276b0bbcce626415d41dcf1c50d41270ed12fcc11
0ae119fcfba913e3193ee56c45d4f9e0f4e6c2e1436da3633f9d2b58013ef055da28e858bd3743e7dd05d190fbf7c6351812e80cd2ffe8fa2ba1ef4203f20be0
17000c3107dcb2ea9c413f2209455be2df2451e34833ae55ede92a15ca0a1b2d14d82f2b52d64927c809e2ec201b353823260ced56fd2cce4724032a02551f28
08ba0cf9cb5b44c040fff6fd28edfa20e55cd7df6f321f42f0269de098c2a24fd2170ff162e434cf2b5f0f5be667ef32ecedf4e7321d541adfaf30dd482f02b2
06d94cf02abc1760b2cb40cdc1d3bef0b54c1c39460f0c0643123ef7465411e132ab08fbf8253446fce7c6afbb20e01ffae4f0fd25f62f08c1d49e19dafbec4b
09e9b0a9de08d6bf58a24c71ecfd4e3a54c30df6e31d8b2a0cdcfbfdd6f3ff2268bbe19cacec27108cb6214a5be0b40211bd636a313d0e3ccba8f31cf4f3f4d3
d3375623d5e1eef231bf4ed203f9cc030e0ac0cae2d5c905eb1331a9d5f13c3143eeb712d851f814770ef8faeb042254040a051616e3f4e6590feb13e6ec4234
e3233d038b9dcea3c3fbfa0c260edd9808d3c3fbede60ec7513e072cef14cad1183908f3ecfa37c60e67cb55f80ce8b807ff332dba1f2ac3321b1be3ed93fb5c
f6863045eeb7eb1b11e00e0d94bb62682dce67ed92f45fd1f75feb30d84a10bdeafc43141fdba9cdf01fd9df3001661fecd6a320bf5605e6cb98f018f72e6ce0
a2fc4fcfe2ce052c2c0a05de11a50c94f91639f932beb299a9dfdb6830d51c12e8f3ee1df55413fcbd371b5aac06d129fdbe63e212d9370d68399a38c102daac
a50a20d44e1a3634bd3512e23cfdfad79d23cbcafbc0cc03dd551ea34b43b6e8fbb010f674bbf51cbc3cf72acd1031bf470f0c2eb5e0211c1ff1ac12a6290de3
ee3931863612e40610d83ee7f515f2f2355cb71f2436de3f3bce110210dd000a0bf306a5250ee40f1bee75f0bb6a215a0455ff7ed21206ed022adf1b2cf5d608
599c2d1ece9bcf20f52a35e64ecc3309c4281776dc11e82720a833cb0f255d1802262311fb2d3ada0320ba4334ff9edef0be2bede9c0a8a9f2e1effc180f1815
2847b6a0f76932fcf0f230b81e08caf6f11937e0f0ac7dd816d4cda52a05d736d7ceca08150a64470d5203a261fdd769c0fa51190b4d54d5c6f61167cb1622aa
1b00ec361f28c43a6630a3108802254abcaaa25a4c28ec071cd514d020db1b0534f7212fdabd0c2719dcd3d3683ff7ef100efbfb55465250b368fc06043745f9
39d917221afc416ad1489c338dc30f0b1eb9e937079d38e4b0c96108183de70b1ce641fca2fc07e130d6f306386ff2bbec08cfd31e9236f127f2330afcb72521
f0d2ba1d3003f4ec0c0afd492dcce4e423c0cefdb2d2ff0bffa1dbca02384e06be0a012e0fcc350dc2d60946122af3f49304e703584f1e3d0cc300622d0ad9d4
16f414b455ed4c15cb1ccc3059e0c4f72fc44413c40ace9837f0b3eeffb7239fc9a2e94359faf439e22eeb181505d54ae8fc4408010c5b1c4d043114c701e822
f3cae1e44c0127095bb85e36e11c00cca5fbb3f2b845e4b6e0d6f44987cd0e04d8f1c4d03e14d01759372240f0ddd73004def9bc3e04cd9e0b44d4eff3f8e6c8
03093234dcdfe323f0aa2defe05b2002fdaec05ebcd717a92013b512bac14ccc1808da0cf02e28241a021921f509e056ef0c295602570dfddc440df6fbf5c620
2d1d6055bce6e80b8be418e408cf40e7e792303ecc2d2b0e22ef26d053f60ff06e673457f49bf92f240b0f430e1fd5f8e0bed42f114cc7bab14b21182e443514
de06ddd10a94a915da27b912f8ef24f2e7b21e215222045df761233f3537e8fdd5c21b0709a9000ad0a8e3c558d7da0acc48f4dbf6493404a648eebd0efef6e5
e4fcf2ecde6128fc5a0b2848042a9fddebd1c010381440455c44fc4bdbddefeee24fe2d62f0be6f5103744372a28d43fd9224fdd21564a0e03cd2a310f14d01c
9dc2c9d317100919c0bc3930ee020c0c131d1a7305d9674cfb1d1f91471699f30bf03cdea7008dd4dfa2fd172028ce60125ed9bdd35930c0ed05eba33e04ee55
c0e197d0d1baf603cf2d07bd12f716d548392f21d237c33be3fc094127a22f23144732ecf18f4f30113d9fc502040dc8b300ed382fc22d3231ab2cd66fc9f53b
f8c1fcdd24c8580642ea6dd0c02a9e50e53411360415bffb5df8349af4a6edbb4fec0842d59b4cd5c2fc2befe41e6a23f916a259e34fabbb2af80e47d7cffe66
64fa2df73516202010c1ccf3ed36b0b122121c1fd3f9c4fa372c34a518091fb64e56f52829115df9dc1406c929202023cbd9d71d58e3a015c1fe14a35e5ff4bc
d9e2ddc41cecf931ba8bf9d8a0f1d107f91af01be23f027e20af2ac4ea1edfdefec1b2e726dcf31954da101b4f0524045a1f31dfd33810c3feea30b2cddec0fe
abeb12def6c403e5ea052555cfc5c1e63737f19c4e0bca035117c210df0f01b732f50ef84b8fe13863bfed3e22a11b24ff4f19d938cab323d00af9b9f3e24fa3
fcd5181b14d015cecaf3a20eeb0de2b7d307f9cb0b1e1b16064dd9feea13093060ea0307a6f3fbd93d962e0ca29527cd0034fb0541fffcff34712061c105fc02
e5df0f4fd5d325b0e12671ece260c70e46fa35c606f404e37544cff712edf738132219fbe3d628f4f93821fa38f916fceab5472f33363009eecbfd7b3900b70e
341338bc8665e5abbf5a3716aa1acd13b3d6a346d50be3d40d9ed0236e341f0b4fe4d5e9d58608eee2070854ff031a21fab846102809a6d7091ffcfa02ad3f45
0f11620e150990591070e0ba3e3f01fde4fd523cc1e6f74afc11ce0b271d7127b827510f66e2a8244e3dcea90130e14944d84d301cd3e11b6e1fdfc6ec703527
d80a551efa19f0eac7cd0c1ce1b61623063742a922f5ed33a40403413dcbd111a1daec07dfeffe434c90fa375128971ef6e69ea9ae29a1511ffec6c168b4351c
b51fd4f9a73440d0ff2325cf1bb213e8a822e7f75d94eb96a2339a1adf0ed2e9edfe24a51de708561a9807521597293fea3e6b139ea70147d9439f9bf146d412
9ab4f12a4aa6c08ed2c806f93d02bb023ff305ff169d2d2ebfeec32ff1cefc1f023b17ba27ddb27135dba4bf9f160d3bef0e0bd31d1cfcb2ccc914edfb17d5e5
161df96574f6ac374813c03547da1b332a05faf3fec68f201418205bea2c144214c73a0c9fef12316c5a2bceef1eefab5edfbd13511df134121091a41e49fdf2
a70fc56321610bc7ef3a0136f79bfb3a1c04f1e7e735281c31fe8f8df21609f7a63c2edc1dfb55fb20091f06fdb15226d3c6b82f022329343bbbd42a1d753fc2
cdd6344743043141fd40141d450fc60d04e90d41e1b2be668808bd00e231ffa3e3e517e8df37f7e80bccfe0f05e745f9035a302b66dc3a5e584c4f1df674dc0d
d0f7fa32e1fd9e1ca0a03cc20918f1be2b91500b0a08d71d240df3d89314f0ca2502bc053c22c2e917ee4cf01626042f30e933bc1634feefc039fb30434ef954
c602420e7c1a4c5eeebdeedc0de508ea063fdbd5e9fc254a37eb2f17d0d41365e425d6c20b2bf21dcbc4d9f81bffe3b6d90cffe3fa172440ea45421a13904852
d7ddedafdb3c9bde5fdc31ebba36360d3b1fefc7d094011a131c4857fffc231fe4ed3c1dff09f1effcd2164d39010cb70ded62e810556491c6e9089d5950edf2
3df5c0050bf854f92ae4eb343238e1ef0abc39f639f5fee004c8c1fbba551b29a3ae02013a0134053d10e1f906e7c5334a701fe2e40748ea4b0be2f6612af432
08b3db2ca2ed206f0171d11eca2fa11b1f3c4144e50cfae4e46acb18d95e2f224dc80fff0f51634c072757d57fc60af8e315ebe21c38501a02e1fe173053eddf
fd02ccab33c93dad1a1e0ec0e996d4edc927be6259b801f46ff975d31c233bf2160ef579abd44410f8aac8584bb023d9dd0627d1ef3ee43835543b555e52d0b9
caff85af1725c50e9809e51b1afe20280ee4ea2f3d1c0441f9eb09aa2af020d9d01fc2f827e9cbd2aa035b25db079816bdb608e3e7b51d262d45b6f4150552ab
032436badbfd0ef6f439130e596af7f8bd281717e693d0c93702f41e4824f51c2bd61e3ff5bd0b12ff41aaf93e151f9fef4a3deb08df2d5a18bbf7da0c98ebc0
222bf4f3e86fa7fe48be22113d3a5652fb32f4f7f7d60fc0121bbdb9bff23430f3a75519f0bed14121ee2fda263d011b0a600d23bc183527a27a30a0af16cbea
41e8e1cc31ef3ffaf0e13edbcb37224f1a732936ef9e21e962111ad839e24bd3d9e7774c30ee022a05ef01e019e2af02be0a4b0af40ffa12d59de02d471af0e7
a26a6d0718c2c7e93d22d42dec15f7c7a9060c29faf5dae6ed471de6232360041e9a2b94cff15ede11ceccc2b833b7fd0d01fdcc2eeeaad716ff0d6eedeff501
20d5eb15f3a19762c3b80a54dae10c0e1c1440fdf21ed82c1ef7b9fb2a51b7e035f3e605f7c33cad12c0dbd89a336732ff0b1b28182e100358c8ca464b4533e1
e2bd071690edd8d303eee3c002fcbae001b345e38dd651fe4b17e6bbb81eb4adba05fe6dc21df9e00f67ab5208ff0722d80c3fd6d15fe00af1ee660933263aed
77c12537b8ccd9e8e03204110cfcc867de33d0285dc4edcbf6c6caf9cff03df0cb3bc7b1ced6c8bd29dd28c2f5eed3531109c5cc0ef728ce0ae712bf2f449d23
141b123c3e075c1c0c501fde28efc2fc00fc0f38bce4f4e0529ece07220377cbc0f90dcfb1f737c1a51bc0a8d23ce1360af2edf451091810b31f321731d30121
ef2d1dcbefbecc2f6295079543151b11ac05f41b55a33fef3927f61e09d2482907f6c4d1120c560ff10ff830b220684bb8369b1301e358db25dbdfea890475dd
fdf30ffc402443436912df122a251f3554c20514d298b710f9d5ebbc8c42263711ffe8a501c015aa33fe41adf9c5f315ebb2572736fd1730df8cd7e6a2c82349
2c0751abe4f03e09c22701ed580221cb1310d8f4b5762eaa40b1cee910ff73172d04ed53eb81edc4e21f12eb2110af26241f3621671efd15ed32572e05c72306
20e440ccdf47bcc8e5b52a5133ed1d5db111df18330eaab6662a37e40d49f6b703e893d4dde33b41c91df84d26e5c23828f2df2c1e53f201260de4a91b02e5fa
c9c3f71dbff627674ac60bea6641d4012417bfe81bace5b1fdfc10e031dbe31a22673e073e0cf5080e10e8362256190a265f9fda53b75ad8cf01cdfc4a38f82f
12e2e65ff3c1f0f5ddcad91ec3640ff03ce4e101282930d8f4e3d89a9f07d7ad1429ef5e21402b5493da1438e94b30b4c9d7ca3313cae7e24005660608c965e7
e6122d1b5b3dfd35c714f3dc50c0432bf520a909c9edfd4c4209caddfc1604f807c32233e3294005d9baf0fefbc36f1f101da04406d60cf9bdd3fe39518bd837
184e040dbf0b4e43fd51c50403d4fabde746ee06220954bc1d28284d2e76aac44d0b0fc859992fedda132d58e9f064b3401ffaff12f6cca50220ba4816fbc2fd
cb511d0c355f4c14cc4c2a23791d21be180d28e0373894171a192de9d39145f6e80a570f0dbbd6ec41c241db30f3e559d5db560f17e12731d813f7f34c8eec1b
f31e2fe705300b7098ecd3d104010fbf320be44e06b40aded5cbf547e93504e90ce1ddcf4ae7350c30eb2dcf07d9eede77b7e948ded5fe245beed4ee36b92edf
582338cb4ebe062016d72201f1de0bf8c6bad4160ee2d9ce18de656ce42c0d1eb53f3d880727d41fcbd9d9d0f116ed06fe04f204c2041918d41f97f34c46c0cd
e2ebc50544fca021f0451d22f30bf9f9597651055fc910e9fa1ff64c31b22e95fc3cb6f208c4b59929e0a2e6eeb7e29c6ee1b7204efc3f43e9590d1bf7d72f0e
f5b3bfacea182b529af9f80ef73e1d344c2602ff540a0cbf49bb1b2d617deeb633edd05020c10bee1cc6dcf4cdd2efe4cf1f546d7cdf1bdf13dd6c07b3ee3145
139ce949450ff8f25fe516bae1df39111ae12c0ed3db165ddf134d2f17c84722d4f532bced5ed4ea17e84b92fc3ae301dfbf2908092f26ecd4ec27fd03d1fb27
140aeebed2690ad4d55ccbeeb81ae187e8e7f6ed52dbcfeeecd36346ec6ee6f21205cf04ca574fbb100b6aedfef4dea23f46f4041dc7bb5438e6f0e1a34defd9
bac3f5d48536f8d8f9d358bbf719047651e20824f5d7ae1db7cffef5f50f09bc14443a4f6efa492addf6e5d6bb3be0e6001d5248e301f112eaeac8fcac0d3032
6eb6c6031fde19e7e70b5a23c6c5d1412a0166e5c321ffe21768d1ff41590bac8c172ea009dfbdc2b5e8e3b512e0dfb14425190f1e337a35d2bf26ff2bf2ef9f
d4c29733f9efebfa04270e24e5cbfae08949f00f43a1c7cbafd5bdf5d50e3402e82bad484706332bbfd124b7fe64abfc1318e150e950d61ad4bca7f91ae84993
22f3e7fddee506ed0af7ebfc2efced0dc6192310292201bedcd6dfaac12438396b11da62edee01f80ccf5b40a4365c05f9372c0df132d71ef89cd6a837181d14
f43d19cb104ac50ef5e2bdfbc91b401eb3d20a383d422afe14222c33ea400115d1b10ed5254b8ffd96071f352275ee020cd7fd22c0fbec0dfb17b4322e5810e5
d043cfe24c32f911056b220ce9010d960d20c5c9e935c9f5f2d1ad1c15c51bd0b945da17f34197f7305210e21b22f5ee0e113e2af1dd5dcaff0902b51715d9e5
2217f12793f2e4e5b4e309f5fcaa1213d19ac4fd103207ef120194d813be051142bd19290f695c19f1a7e41ffabbf6aed6ce3297f8c006beb8423a2561fa2e54
edec229fe6f7f55c010e18e3f80b1ef9f00a21590beb16bf16efbc0ab0edcabf3d14c516f0e22914fefc1733c820c409d242ffc4161f029e20bef2ae570347eb
c8f6fcd4fcf5f413b70467e627eff3e1d741f15c9ebeb8eee9faf448ff13e4ecf12b66100cde15e997fcfa0c0410b1bd4cf4be84d111f9fb0b44dd04f5e6a005
10c7d01788c590ca06ebfae61ad306fdcbfc1ac52354332142fd3bcabe2197d3ddfd63f4d91ac7e9d653530ac8100a30038be50801e013c82eb07d45ca27fa25
b2f50405f620573af8bb3a5bfabcf417de575ec7dd05b61638ba33c0c9a8ddc5c19adcbeb9c1b875c320f3d3e62adc4edc940cca9c9b2622b70fc7f7d3ccdaf6
eadee1cf6266f82743b3fecd3054fbdc08ee9fbf2eb022c754ace5f7332c31b11506e71c0cfafc2e07cdc455cd6410cbc70637fc1307be2128254e2a08c7e9c8
d9efd4324eaf01d2378e134263bfde03661b18d8b2d62f471bf2e75a10201b36260f1e8d011829991a056315ceea374ef8f8a0fbcb295c0d1dafae0eff9cc852
0521b4af05dbb83bf7664251e50bd6fa0df3c85348ff2b2ef123401dedf0a7efbbea1a03c3f3cd97c773d60d290d32220b4bfc073e2cc6cd55472dea15e3fd31
d9dbcb5b77c2b3222543f844cb06ff06725d08bfc707fa9de71927edd222bad2204f23df213242a8d9460f45d9d6d90dfee9d2f50b9518251936fcf84ede1737
c8fbc724cdcf0eb3c4ec4fcde2e09ffaf008310b13cc2ff8b5eab8d606d31afba111e5315d051d2d2f0617fcb465db2be1b1dcad9aa196133be3f1bfddc1b3e1
eeb42ac2d1fbc6a2d5eafae9d5099c15f5a4e3ff3ffce733e6f836f9e93e0c24e402f42ee70d3d25d9e3cfeced470639cb484724dc24a92794c70a2944306221
cffdee1ac4ee08f2543003fd133bf5fe5a2f58242e5308f24e3ce120295f593ced04ed4302d9f3d929cf0eecc206d6054f11a639fce425bdfab9be132856f966
0856d83915e8c95bf71af4e663ec04baf8fc6a5f082b3ce4e5053a36f3eef9ff2a075bf4471ff4274f01b15adebd07b2f9c9650f2051f398bcb948281df208f0
0dd102da89e31cf9ebc62cffd5c55d22fc60e8a4ebd067210baa121c49a6c0f32b293e483acb0944372a37c10ff091035ae5abb5acf920fa0ad8ae33021c0dea
b2e5e5a444583efd4cb1efc1d81ae6260eca3056bb095bf8ecc9abe50efc4b0cac9eca2f465b71fbf4b22ebed8dd2ad634eadeec47fb1e23ebff20dd90aa25bc
d7a921d7b6fa5106fa102ac4791513c533fc4e0c0fc2e7f4dfd72e429f1e503ef5240514f0f2a799d012bb09cf01ccd60dd61a0a963b4e34e5e3fec937ccfccf
7c03c6d537fcdbd3afc3e001073dc82ff6966228ef12e371005020da471c1fe69e13d0dfdbcd269f2111446d2e59c9b61404ab521736fbee5975e81e2f92f236
e42cd7e64702d89eef271a3ce3bd33e8d549e2ddc427bc4a232d030c3a19ef26e6fd1622c9fcc202d415d70814acb2031f29fab103ebcd0b2ebdd1c9fb143355
e812fdc4d6134612bc63192fb8ef060b3121c25712a0e7121dbd9ae0f3232717d92615904707b742c4b129c76cf5313efac0419beabb680556f4e4c14f2de50b
e9fc3f0ad6241a99fbf422c4d92df7d2d614dc4d0bef2df532b74169bcf6d6c868f23870d32fe6fce9358c3b4ef8ccee231dc1cf4015f4084cf82a1c271526b4
4a165110c7c508f9d455f549fcdd0bb7f2610df75252e10eca0336c8f829e41cae2eb2d69534a0e8d639a84904ed50f419e228272408db110cccf7c65c0a4fa8
11d9f54a8f10dc562af61adcc504b30c0651272b13c4300a455f9dff780cf41dead08cf6bbe61627ebb05329f3105eecd24562df3bddf2e2ebca093b23e43bd6
a8c7b0f257bc5cdbf1412b2407af0f1b92f5ebaf22e14c0644f40beaea46201ebf54afbcc02dd83cc10524f7c13a1d024307000c3cdd0214089ac717f8d7dbf4
03cb26300807d8270cfddc0d4a751d79a896e414ed69e4f9446d385a5124ebb9d1d6260ed40019f9111eeccad61ae6f2e0f216d707fce1e4acf57af8cc08d045
065072f71413302ed54f2d41b2f6a6d50f67bd61e6ecd0d90fd0bbc60473d4184af9142313046f4be90fbb26cbecc0ff2fd4b24818f016fcd7f91f373058971a
3c17da2aefbe4605fdd224865e8af0b1efb8d7d6c0db100a3b303f3f392cae5703c207ebd84bf55b08f8ae1c24fb41a5248f1f380c0cd6ff0624eba3d92328fc
0b2f371cdf562dd51634476961141398b1ba25dd5ae7eae495d7eaacf323d2c7c9fc95e8f223c0f9f5174decf31c982815061ef0f2b2f1b3f1d8c9dbdfb3ae5b
dcee25d60c035618c0e5e5f461d197c2fa2a63ddc2fa8edb51f2d61b35e42efd29c50850e68a3011e03e231c193ecab427f3f6d907dc23e8ff59d028172ab00a
df02322eb788a008ed16b967b90b370d1eb5d30db4fc16d8eb42ed9aafcb3c2d3043d92cda1e38f926291e28debc08e3fa2922502b17c8dcd1c46c0fe6fdfc74
57f8fef1e1ff0d27b93d10584922fe76a826ea2f1c6a67640acf4c029c17dc3a3bf7299f17afade2f05d56eb08370d9ec0f819321b09e233d2f55e37fc011613
e2b1fa3bd4d93f164b2208b158bef19ceacb154740652355641710c9ec0d401df0f8dae0f7ffadf422d2ea56ade2370ff1b5c60e0b09dbebf7d706183ea2d408
083322ebe6ecd69a16011e3327dbcbf33121c207befcf403ce1af5f514c6fdd80e33291e1a90fdb10b4e2017f0efa9e85f1a165bf5ce2bd2cdf90303b13e49f2
04ffe753136dda2ec1559a025421ae08c3db152b1dfdfe03f7e9da9c704614900b0cb4142241d32fce64b8fd2dddcff7221fffdeb5d0ef41422ea2f801de03df
003c5dde041e9cee31caa4dbd313fb11d3cc4445c2e6f8fb35f2254ac609431bec40b7fb2762ae1ab105dfd5f3c8b448ee2c1efee717d5ed26f8c701ed48410b
f11533c7e5fa183307e3ec6245af5e1dd4c905432e3be604166fca03350dc29f26e2095c2c2a0b55a40bcf07fb15d70dcdff6ae5efeff7184803fb0a10f81ff6
25bd1b2008f5fc181137af340f5c450f0cf6e4e3f403fdc9fe01a15b2ddfd2a50740a1bdf6561fb1ff2e4cc01bd3a80d4efcc6be01cb5aff1fce1cf510f04405
221cdf675e0398d66d2a14ba10f8d4f616eef7e759320b55e2a761311107e3b5135834d82a4be0b4491df535ec3ee1f430ba1e381ab842e717ee0e12e4f5eb2a
7d50f10cf90bac4352ea12740ff3c5d72bf9496925db09c33f97f2e0ef17ba2bd1e0712ae63c05cb25250f3649d4f75708d6f24ee928769cfcddedeee9d87504
e0afd4612064e6fdac2a52e8f8d9172541dff4adcd1cf417f919051d05a72eb3d93d3a1d4aff29dc3aec692c1947f2f207d0ce9afec4f728dfd5b420cc4fc2ff
ac1bb8efb5012854c1c4e3fff5294b9428f60bec3cfdb63dde5bd64c4c0e013b87e15cd6ffa8da5338b51be9013c3116fe0ae544e5c46c4302ba0715db099336
1eb3cd315e122e2943614ce632f72305fc59abf0126728e835e2e4bb39f7d9df01eabd24040363f31535e1ec126fff4ecddb0d1c2b2a959e38469c5f5f0656f3
73cdc5fd2320c82ddfbeb66fffc33f3f5cecb7d5dd2bf506b1b8e9edf61b5250fafe70edf575b3335617b1aac9fe1bb7f7f9ad2c42ff1b0ab35644222f5f0c5b
1eb92e4a03dedd38c40fe3cefc160d21e90d5c4d1afe3c09f49dec1d5529dd5a52ff4ffffc03fe544fa46fc82d472b1f0ffded0714ac351b4ac702fd33d048de
051c0dc1a1ad0fe910c8b4f76a6746c374e613c41ac4efd90dddf4a94bc53ae9d8cf06fc09f7f30e182045fcd2043145692094fbeec234c3e12a15f2210b4f65
a004d62f3eab55d9a5e1f9c2b9f01ca0f507016f0dde37eae4060f13ab20c10d6024e8d426ce5adb6a99c20114ecdea6d7f3b0e009d32954d4fc882f024bf03c
ec3dfaeb6604d99803f0b3d9d3fb1ec9ccf547d0dbf74c29064b4aa0f85be127b6eb2d1da1d1244d972ee6d8b0c269c147e025ea36e3ef040fca0dcaa1bd56dd
1515cbedd6c33c8d6504f40702cb32e1012b2611cb076e46e02005d61de2faff0564233f06550af44c359af4ef2eeac540033645f112120e37d1f22ef4e245f2
d31cc59c05dff3a83201bbfeddedc2fae5d6043e202603c8f6d1f13937095d32011defd11abb2b081504da42231fcc040c87ce1a71cfe025ebf0df2325d80c12
a5cd292363eb3bac24be03136257babb0447313ef05e94332f05b4ee332929ed3a3eeb61f1c5c7fec004cf3105da1ba12ed0702ca2d05ce12af102400dce1a2d
14875efd0eff23ed1e045a6501eab03df4c0c9f5ca58cbe91e31d5cee1015493431483db2cbb05c6f2e734e8c2e70dcd34e725bb6fec09f51ae949f4e7e4ddf8
e24a02c3e7d623fed0ee86ecc9071e0e10e3061755c4c14e26e94ef16bfc1d012830cdaa13a2e35041dd3655d3ed28a3e23b57ed1d3dabd1d54ce8fbe732feee
6ee2b9e5e30cef3509b54afe3fc4100819c0d62bc316ffc5f81f160e9060e8e3b93dc608ff5648ace9151ffbdd1ef5defdcb2cc9a3320330579e130bec1abe0a
0ae90914eace3455d60250250326dd289713173ff420d707e6fe28d9d9984506e1addb53ccb127acff573d6f483705c950c42472e2da2bafba1cfc37efd610f0
d54518e3d048eddb180cea40f9d249e42bd537151ce1fbe1bcefc01020a4e8fccf3eb979d4f8dd34ee2bcb0936461820ad08b523eaee6415170569ecf3f15b14
fb06d00ecfed240129d13c015f51f5f2a5ea5ef9c9400bba0db32d43df280f30650fd7b9d50fd31524d0fc56bccceb1e39eef2104b27b1ac1d2beb055463f6fe
e8c00f43f22b3b0fcc37ca0feb03e2d0fffcd5f5fa333c22f9d91afdec0de7dddde20a01ebd44deded3322e11f292015aec64e75b7a73bd1becf5b11efb8f5cb
a69ef7741f7512dc250c6f070aaa18f23bd8ebf5d207272b2bd30dd40c1c4fd4ef143ff187f3f8569bb0d1cab7a8d8d9d0462312385405f4f6fdbce73ff145af
cf3903bbef01f6120de5e3fc3134efc933df3dfffca8e8e8c3d8296e0a7421ace5edbe1b3ced4010f4144615b406c6dde6ebf0053819daebfeabe00ae2f2a2bf
e146f0f2e937faf39b32ea2e3ca31c2cf0c8ec4cd626502ab0d1e8c05d9ff518bda9f235e8c02299eecd242ff65b002ea9d920e03a06cee63b2337bf191d1fcb
23c440c642cab59d19ec3efd990cd934e10e08cd5c0dc7c2c2d2f0c72c065bce4a04c26010dc3d531afd00fdce2910ab2ac418b7ae1799cb265dd9fcec4fa7d5
e118e1e50afda0fb2914206e6910ff2be9740fdc5a3ff4030107ca1ac6fec6d73a00e603ee0f19fb1824d125ac3202384de713f3d0de0100d6d375df30e5d6b3
da471fe24532db02bd28da2cde2607e7043e0f18ca1e53ad1ec3141cdb37390cef270be54c1dce00d412d4eff951db2d3d30221dcd211bddd7271258af59606e
d4f8be45ec1dc81c12f3580ae134cd0a1c02a2e6155100c0ffdd0697181b0c25bcce07ff5654f3ff3b66e1edc5daf63ae2bc210e4701ea01eac6c31ed69bdded
1733d41b0d0c55c9fb691ad1ade6204b272f220ae2d029a7ae0fdddd0100f8e32fe258490dccfeb303fc99b84f17b2b2f7e797f5bff61321b6f404a1b606b8d6
d1ee29f8fe9a1546dfb524ef1fe5d150162efd0318fc01b22f350ec9f148044cd707c2ced2ee02120f210bfae8324cddb3f7f711be3d75b2dad4e3e3f1dd51b5
023ceddb19b8d14138c7e817eb18440d3abf48e711c3e736dd4bcae405f953d6f0dcf82de8e9d50bdca62d1c39bd47ebef980e22e0ccf42aafa7e20b4bac54c6
3fa2e509bed91828f9fcbe16bb452be2ea140bb2535724cfc2dbb9c743cdcbc1e331dfaa20a434201fe54b5e15fe01fdc4212b3b04542b14fc2fe4eef9fce7fe
c52ce3e8966b0ef0a2124c9bbd04fd1b3606e6d923534bf62a13055808f22bf81776d9cfc9cbf4ddb8eedf2f184ec8cc021c2a012b1a022105d509e5f8fb0e21
d0cb218f0c9f0de3912493fc072cc2140b10061aa6070ff1f09c08cfd602fdf22c652cfe1cb7ca25c633b804c3fdaccb06fb1003a60e541eec2aaff5b05a0ada
cd05f4cb004e230b2009182c1cd1f2f324ec220450ecf10ad7154902de682124490417f51ff13f1e02f9329f2ae2bab5ff2319ec3f1f224f584da6e40dddc964
1000fa0fd20100f12212e91ee617f0aa520346f4c6d7f151c8f3dba5d21b6ada4a065dff414c1a5ac1e93c04b0e90bbfca3f19d5b1ff4ef7f5ddaeacfefde461
0a3636bf38022a0ec30156ecf7e1f5990378f334ec4017c3af91d0e103d9f0b34f4fb3240929fe0502d2788fe3d358ef2e132c3fe0f1fb1bf51610ec0e431d1a
f0a82c302007a9b6f120b111e9f8d0a90d2660b9ac244cf3d1f2aacd41ee59fdb5edefefd3296f37b15f37a9f4fef3f02ae56a57fe38193deb041344e217e3a0
1ee9fb1a561e0871138ae6ebf925ebe0f903ddf8d739d548df8e18e4e132ef5313e0d7c94ca7fde38821ef5ae6223ee63e97e6f54f13f507a341f5b5c15234bf
2c346008be37b7a6ccdfea61e606fbeb31feec36ba2538f52ee4f1d82deff2073cca9aeff5024adb2399f20311a2b5f025e017b85431e42a06ef9adc1c43d0f9
3fbb324484dbc50729a0136b32cb170416b4e95319fcf2a71419f61f0807f36557d873a320c719edc34dbc4724ae980e206b3fd31b00479f0420ea2dcf1accd5
e50e23d412290deaf519f4c5455007970fdfb21e45a94fe4c90bf48e44a5b20ecdf7d6d21af20eefdff410dacefbdfda3df60bbd151f40dc2807e516c3ea1fb9
c2f5f7dbfb181a68dee0f390c115154db9615a4af91e14cd2d4eed9f1598fc4f4aaea62aea46e9fd1195f71428030c509e34f648e8f8a726ece9a3cb444ebe9e
583a45ed16fec916f591fee919d30a33ac3ea205bbcbedc2caf94228d8beff06c5ad14ccc01dba120e9c0a12414809abe92814d21fdb49daab71420fb769f63a
00e4ff07f10c2faffce92606450622e6a7fac3f34ea3ea35c9182035b80a2a49f1f0e4cb0c214ddf4113381a5dc03031f86065bc9b26bdfbb641c32321f93ddc
e21bdebbf0c296ff60f3f8de1c419a9b02dd1bd027f816f1dc36f9facfd41f095d6edfdc1cdcf0a22006cdf497c33322f69c156c9ee0ddd809d2ff24f9c2f949
92f9d503db020e0dd30113163d45d4060f97a5b9040db1e3ac17bf5ac10131e5c33902c7eccde210d10861f114a611d9df4e46ff55a2d12062c62fc0db27150d
16319709fca0db1b12cdaed412ac3563ccbe169ad4179dc3bcbe2106af00072e63ca5e9f011aabadd475d70c08be4805c6bdec081a542538e7ed701c04d92dfd
fdcdd9d5e5e411c2d2a34b4d022ede96b2a6fa05cedaef4200f51dd4fda6293f45c83d6eecbc1de4774e4f1f0b38085be6b55c5442192009c01eaef126d01ff2
f2d84a491cda0c401ae65bf7dac96eb40e0747dce5dec50ef9525b06455d0f4e52110bfcb1fd0ad1c1194b00f8c540bb2c1b2a1c39e9030a5d2108ff45dcd1f3
f0f7c3ecbbdad1dec8c015b93bfbfdf250e22022fbd309f3eef92de9fbf4dc4de850d06531f8edf4bd07a318a3c058160a6351ce21ff8e5b08a46749c819cc01
f12519e4d0a19dfe15ddf628ee23dde4eff116c230c8e6e61b0afa020afba11dd62d1cc650f5bec429c9c4862103be38e1155b0617fdc41db315bfceba4fc059
8f23a7fa500817f996480ac632ea90baf2f00e280bfede3ae9d35bfd010191c6dae0cb081058eafe47757146d133f8ecd5ca6fc8530dfeceddeffc12effd2fa4
ed3a21c6f5ff0626c9e92a23d84ddd470ecdf6376ae4a33203f5e80b88dffcebe20d20dcbedfd0c8771f1d0fd31cf8d79c341da4501b4767b0879610480951e4
5bbcda02f60c0754f7351354efd7029f1e9757b8c188d951c3a20f38053c3eb60ffef3140e2754c31ce0f9571922ae94b8b05e3fbc424e31444f4a0f27ecf436
6ae91c4206274f1330632806f931e607bfa62720fa5ca60327fc3cb8cde91e0b09e850ea3d4258c31c1320b7e2d6b5962fbc5dfd3f0df7c009200ce4ff33150e
e9c518cd9639c9d53128172fd421fef9df1ee7119f13bdd65b26deec02e5d3f4023bd4f2c6ea1dd7c9e22498b5b2211ca5332b41f40a0c53091ce71225e22017
8e0dc62153010a0b4e1fa13be2f2ca043253aa38455cd9f5cac7afb6c615f90ff03d2d3df70234e3bf2238d632503d08eb012110fb57e7fcc40cc1490ef629fb
9161e79eac13eb02e149073cfece24b401453a343365f91c3109b9552d2520c721e269fdf65da344cebb0ffcba2bd5b3e81cffd5fcc41ef2e4d0cd4c1bc45fb3
53cd33e1195e3758f43969da54f741160a37df1133a1e608cb15ead7b001da0fc60f370ebe1ad9e0940f08d6c6ab500e64dacc221f015f451bc1f9343b4228fb
45acef2e9b0be6dfe442d9b2df99630ea419950437fe2b23090af6ceb01d44fa16020f3114c905fbd5e3b1330ded33fcd7622f2b93f924efc6c148efe411cd09
dbdc050edf1c0a17c42dea01ef06dcc4d7efb5c419480656b3e4389ffe331109f5e74ac4c133dcfaeee4b0cae9eac0b0334d56b147551d3a2542d7e03ec7dd17
bdffe4ee163df32a0c912fe70d2ed9b077fd45f5faf82b51d20669ffbdbcd3533713c3e69d65c90ee42cb714f91e972c2818f00b0667f267d3ebc441cf40bf06
cbe7ea0af7ec87fbe707c31b20a9db5603cd0905f88b2d30f1dbca0daffbcd10da06fb29b3fb45abf5ca0ed9bbcf08bf4f15ebebb9e313cff14ef7ff013b1e4e
dbe7eed432b0b4a82edee603caedb6d5490ae9d4f95bb62de0c2ce2c5d16d1375e42be1516c715d53367d0f6bed8fd451810e34463680ec2c3f4ccd128b32f20
d9fadae7eb5f0ac1030b79da1510cad5bb1f3125fe0624d6f5c12a1075b5490b0a5647aa91db1a91f0c402f0aa6112efb5160bd53ae3d7d61719859d3ffd52f2
314c0ec6d21b30feccc6955dfd3ee800c223e20bc13822539dfb9ece1ef306f2df2e4300aa352cee144c29d6f6f415b0ce74c6a1bcca72b74f1131be26030813
1ec904e547281fabdbe264062de74db8f50dedb312d628041943cfa364f4c02cc606d3defc23ec2e19350aa6f3dcf4b4f6d4b5022ae9b511eaf80636382cdc44
14d5fa39fb69291aa7f1259a3015b04031e8669211ec53f60f04ecabfc661862fa182a57152c3d41c7b01009fb01040713984503cb101caf3fc5f1bd3e612016
c8434699350a68d021ecf2b429e9beed4e9a1d04a30efe2027f823d44ec11412341ed2c40d1705d92740e8eb32f8fbc83fa940ede6d456e2d3ece168dac9381a
2bece1b834d377a805f0e170c81e05281da0bc18a9e6d2fed9034e1497d63b3e0aaad6ffbca317ce2c32012144ca0c1bba0b40cb33ede3fcdad5f51130f836fe
46d53bfa3d0914bb96240ec2caf6d80fc1dcace201395e03cad1fdbfed09f8b838061329c497e63ff40510b7600cc0d203f10852ccc5fbfeb63a35b3df213e27
ec26d3032de21dd7df2d4dec376716bea957bf1224dd2ad16eb70ffc19e4c227f11a4523b53bd8222ce3e0e62b1f96f6a3eeda044f6502c917bcc609ef05e50a
57ec1320f65e41ffc8d0ff1438013cf43e150c03a7e9420dc0c860d9b9bdf735e0ea22041b0ef31d1f9f280fcba44ee128bf8a02b5b0dde89e2dbd054df7ead7
44c71c2f0bb0f7df2d2cfbd5e76b0d621eefdb40e520d0c32bfbc9a227f4155eea534cb6fe43b6f004c3362dedba05d8eedcd905711eae0102bff8c148f40492
664f10cb5ff01117f82605e6ba0ff1ceb623117a0446071adc2f25050434fc1edf4e8a38f710e70331cf9462ea532cf6024146d4aa31f2460cbdf601e18ee9f2
2da7295616ed114dd2a0ef376016cd56fef3ad9625c304d9d3de1ff02504ff49eeb6bb10cd8e51cbf102ed0e1431df5312f638d457290300d93ca52c38bcce01
5623463bd3b8d333f918d3f4013df4d6336035f50b429dbe1e86311911cb3cb1d8179872fe3d25dde1f49deaf595f704a6cd14f8fc17e11515f9321204dc1405
0ce9df0be43d256f2a19f9f22373d248dfa4f2015090e7ead80338eebf5cdfdefd4adf9ef79f9e9137e002b4e20ea92d1311bcdee93fac280edaf9f50bff4639
4bd000d4620c28f59ced9fb8fd52ccfbd19e086f4b1b5b265e39cbcc9af6ac0dfefd0d03f42107784d14b67701fb2cbcbc062e37105415abf80d3f3f0ef3fc48
36e4b5b2dcf90b07b42805eefe65f7f24518ba1db312d818dc251b030a6feacfc833b7d6f736cefbea45355a094ecbcf152e50b61034f623bca112b36228090f
d8b6e2d915f7e30acb22c1d2e35eed189d30b4a1600f22cbf2275c306d105f0bc46bebd1f34adb32cf72c8f334bef55344531cd1f9eef466342c09550f59dbee
2e3eec180523d22615c8e9626dd8d13517d3c418acb0d6850c0104374de1eae2442ddb97004795c5f8515b0ec6744df8ad33dfd304213848c612706dc75414e6
1212bff6f4cc25cdffed32541b11d9210222970f0df0df6f1ef7edebede3ecd916e3008ab6e7fcbdd98af39264d01dd7edd0c00ffe271613efff0eccae03f3fe
df4aea56f5e31acb17fefe9ff6ecf7f5320d2ecd3af33457c4d03d0bf1bb064bca1e4620f4321df6e1e2505cf48b09cfcfb9f9e0e833edfee7373ae0440dc7cc
32df1ebdd90bda3e45b1d7dc24e65340d24837d3e0fcd8c319f5b3ef35e737eef41bc0fee88850e13fcd16245a30d3ebccd2b034c2d6ff060dfd55f4303bd3aa
33e32c3727e14b021b78100967e91f52e48d1f0ccc8ae0d596b9f9142de0e70443290e282bc02b64202e3d38e2ecdadbe2c8f264b2ff42cc2baaa24410e3d2ee
0f29c4f9fa07c53b16fafe05351d90dfeb52231ee7bd212bde05dc06de5417be8f58cdb0c850044213766cba0bed39634350e81974db183ac4c4cf48eabf4325
badd3018dcfbe0c5f3fbe2a238bc2d4746ddce0ebae0c9db27444e344036b3d8c55d14bf0e39c5f5f11efae74ac72f155e35d40d283f272318f6d01a97f80c22
50fb2418b42e5f46cfd9ca1bbdc9381920da09555e0fd3daedbed20d49015405f2b6b84d19f0360ddcc720f82a1892541ff454e23a4025672812535125f120e2
c9f7fb19efbe5668f51afc19c23ec518c2ce12fdf70dd915d70adb2c372cddd1c0227001f50821471f2432138de2e148f526bb3e08f12208392cf1b7111b9bb0
4c6bdbd431f6c75053e4c9f50230ea01fc97f305f0d966312c353949fb08e0fbed4b2bf20ff5aa2f24b7310330ddbc28dbea532b230df9e308b6e5f6bd4bbc72
0532c8f007fa02a1aefb98e52b22f2573e2334f017c11c0fbc2812354124f3db39ccb7e16bcb0e48201df8e501273147f32d0eeafeea0d084eccaae4413eec2a
093012ecaa48a6123e3633f4ba1f5a141519e742d9f6170d19cacfdf24fbfcdf31dccc26ce06d91af175eefa12dac0a7231431293e1dc4eaffd3f914d867c394
302ed3e0c936edc9459edde3dc500fd0f621fdc830bb9fcbe0103c699b12060df2e1d71e1c2eec363c023e0e99c1e854da3dc9118c02e72b3818f402c834feee
101df2f0d062d335ddc8fcde5118e035fedff8b5cb0718f73deecb089601f6150f291ce4094d1e0356f2db0bd6c1bdde1f03eae8bd3ed205b176f5c720a5f20a
d02dfdbaf759a31316c82a1e1491d02440e2ebb3e707e5f8e441efbefe1be3afefe3aa1b500f232b13096a4c2a031cec6e1d07bc0bf204e51bff0308b4404529
c4b8c53fd72cb0ff10fbe936669fbca8feeb0307f6daf51f37f1d4aa363b39cc185c375be6db53a404fb935712fefe3106140dff030b60e6fe50501efb9df0d6
1118c6a815adf317120cbd562225ffc3ee2d9e12030447f82dda3319d608fbf5a7aec90ffb67f2628bc3e70dc609f9dfd7e7cea61efdc7101932ed2bc8ebdce5
3a0d9a3df72421f7eb4dd9e95fe6a90eefec433dab091cd93362fd2457f9f6f452cdfc0f3ef340f933c1ecc02e550f97255be82f40911af63a2b21f5fa8f4a3f
39dadb50f19e0bb6ee35e6071da6afc734076b190123051df50e13f554ee0df3304edbe4d20c2c2c154418e8471de3cbd60f5a2c132edfde2c0119d51de1bc9c
ea2517d221b708f231ecf195c5089cdaf51189efe42ea51515cc26bb5d32ce3d250cf400fd09b2b5d8afb71926f4e9bfe13ddf17bd481b53fe45eae38debe20a
143922d6f0a60ace20a992061145a7a53bf23ea41a0eeaf8033dc5190e20fc029a4d4bf85c09fd35fd100eeac05ddc45ba611d08f14708ce9ef1f4eb21d213e2
dd1ef90e01fbae402d34b1126dfed8422acbfa1b015fecffcfd5d2e12811da45152ef65a62abfb2e14fb37c00d0600ea0717d4bed4e9f3dbd6fb54c23b3f243b
1c2083103dd3efc1f6d548670dcb170bfc1d446b1de62524f83c21032aebe72bd61599c6ae4817670213919829a00ab403d75e0542b60c53d04821fed5fe2150
2eed034626443cede916fed0f4ac1decd0124e1a3df4e3d042141f0226d8c902ed44086903f3a7c8ffaae156041adf1fcb4ce0011a211e9d893c4a1ed61efef7
21e6e4c5dfceeabac5084e2521360dbc2114defb0cf2e1e7343bbdb202cb4a9d48a313cdb80ac8d0f423032413184b40f420ffb5016312e247cd2d063a549075
4137ff052fca531a09ae043cd00597241847d329ec23b841d0ec33f524160f96225d182fe147d0d60fc5fa911f3116e5e42b2cc80a06370bdc491ad0fac030ef
d0e9e4cae53e9cfee0e7c910ea0fc1ffc5ce29c042edbb261af400b5b09ecec81f6027cc2b18f3c8ed57fa43c112cadb33f29cff40e3b0e9a9e6e7e43200285a
3c84ba362a11efe48a15ea17edcfae08e42719dfe7261d345f16e54906f2ed60dde04ff7ece141d334244b1fd518cee60cf94f483dff1d8dd6d0271309fb0f2c
e74658ff021e1e2cb002222117b714480fee38d9e9ef3cbf2668afdfffb2e9d102fd709abd96db59ed0dae1423d5ff35b48d69251ab834d8c36b443b9bfc9766
d520ff042bae21ec0fb0d9cb16199fb400fb4817d331da33a6ddf0fe030313ee0cec31152df0bbdbfc021ba944c0f95f17114c1b9ec7ead8bef4c4501f0af4a7
01acb175023c0ab18fca17359a58ea02fe352becdae09638e2d11610731b0c190f500314c812f79f372435c73d42c985b6f24d2bffebf8e9eb1bd43cfdf29c22
1b54cd8bb9cf65264469de1623413de7e5dd2c3ce15ff5a9d3e5e9fdb78c05c518fc43e04c4f040bb2ddb45fdbe8b27926ca01bbddef4cdc04bb573a5e2ba1ce
4817e4d5a3ea262c392bf8401f2d0e1ee7c1c9b52219f21fda34e8bb43c6da240c5554bce1b4d6c91d52fdf513f4d1ccd0a0d92b02181b36ca01d6b18c01f402
aa0fd3320dfa17ed0f04f8334319c6cb292bb3d4d1fb6636db673a43f1122b61b6e0f3c02551ba0621b924a2fe894b23a9fe2b1a941151dd760b20efde1fe2cb
ae02e7ef47c4e913d113bd48e1dbaa62b0024060bed246be3d3f2fd41c9cd1271cb71798fc58f5ec585fc2d3fe401716593e57ce60ffb5e6ecc8095eabe3bed1
93df55f7e29e220701f4f9512e2ab2eb4d02270810034c33e848fcacd5965fb8f627c8dbb1223efbfd78520f0d051221f834d708fd07f6f0431d512761f1e31e
31335db0e0bee903682f041f19f6d9e56ceda62bc13a17f612b6e02603cdb4adc752bdb34fba0d09cea4bb583f1720ae4a3f129218ceebec0d26cf219b24e707
26f3fd101ecab527ea8e15380ede2606e2ba4132ff0ad807f987decd2f0a6524fde93e1fecc9f43f971dff1d4e215c6ff0cc1efe28095f2b0a31467119f91013
49dec63c07b23332e3a118a6ee3fee13f0076a103aebd504105dd95ef102dbc41eef96f4122fd7270c055b1dcb251f3231fbf5492f29b5a0b414392106594f4c
b8fc683769c72208617200f73ad0e9b5cdd35721f714ccf41aca28f1c0e4351bd70e3befd21e096cbd3efa4625223d114f30ed08ea2ff2aaae441f1da8dc051a
fb351d0cd602ee0c0e40f00fd0e43a4ddf8c1353b842ebfd61a9062dd745fd50f0d91ce1e7f022187e54a6cccfd26c1803ea9e11b44e670e28db0dfd36cee102
b2464e763546dae30d0b2729d4cb2db3b325b63cf66427f41c8b14254617e84bcdd7b91decea04c3e24d032ea4d4e0ee3ae91c34525eae104e0e12cded560319
f44db2c25e04df1df0dc2ae0ec44184c62d69522a6e4b736ed0e05fbbeae6197b760ac3bc6dd3216c2c151a226d83faf225cefc4c806b4defc562fdcb2f34c28
16f0acc202f9ec281c26b6dbffe5ad62072c33e3f2eac62302e5472049fd162c0d9fd4ceec1e9db38c47dcfd2ac0fce9c4e1e6531dca4df3fcaf3cbadbedeaeb
14abe5f93a5ec309570b213610f2130617b22803c85d3e36d13e30dffa1bfdfb11d458ee3bd627f539fd680d27d76ebe2c5f28e6cafd010dfde71809395cd941
ecdd16ef32392f1325c2efd8e5193db70b3a29a1133fd72830ca35ab6fa6c69e9f08cfe812f3cd0cbb16ce1708e80ed3102df0de3106cbdf2779ebc65dd8c414
34eda2fab6ef02bc8cf379f02292466f2ec4552ec816c83841b1d3492fc14524fe413501d6582868aef2cec6b2e8a3d31c9dcec3110310fb55b01bebefbd59c2
25fab9dad40a1ae40b18fc76391bd8d0b7c8c4692702e34d2cca3e5744041f25e7da4112198d441e144aea2c44185015db46184c03be3e27cf33dba3202fbab7
dc48ddf97244ea12ccba0371270b4e13a3fd33130df5c219de200932f0adf729bafea7b73439c64493c2e10ef002dee10aff28d8e014eae90dff194aef492959
9251fb275630b2bf2c9efde5383de843210b092e193b0954cf50f0009803cb3bcb00521793e8162041eb462222ff35303131dcd2b6b9070aa9349036fe052cf4
0934a1f0ecbbfed101c9dce9c631974af129e4dbc5d7bbb6fc306743bec44e17c4bd2f32203418961520ed22e9e41b2afce20cdddb15542220d2d7d8e11bdf56
3806dd5adc0ce9b2cfc3300df6af0adb4fc0df26e0b2c224872946645869ca5455ff2bac8dd3ec170ed9f1f9391024efc5d86ee33f0e7b15f1695abfd7ec230b
460ed0e204dd1a1351f4eb22d10e2836f9dcf30cf80cc2c4ba079325523cbafc162f2806e73fcc9af86cb6144b9e0b063afdca441601bb5101e45f494b20f53c
2840be5018f307b1fd506ce722012ac7fb18dae6c36cb8e8a6c4f22bed0db3625e190ed836b5b8e5c336ffd52327e4df8e2b3c2de292d8b80f1f0709bf21b91e
e5fbed1c09fded112a07fb41aeaff7af10fa05f2b4f4051840d2c830522321cda3d9fd4d2919e51c0b36e1c529a6e1c7d4b2c0d4d8ee19e716d11d1b16ee550c
e28ddea8dc9ed3a127b928c460bf093c56f6f9c8e8ed07ee08483cfd18fa0be734cce7e7421dee1a2b8d273eaa1a01e6e3215bfd1cb40059af1f52d4c01dc821
f7c65630043c5259ec16b1433efce6fc0d17bc741edcf628544f8ae9e50a6ff8bb2f31dbac316547ed1b25385e15c45119fd0c17f81aa0fd600bdceb141c2612
0fb98505f8b4a30d12300d56dc3715e3bce9f23e073425b80d2be9e1f54110f23b7b652678f208a6d9e527372c100f7a21c7e6fef004c8dac7dcda02371d0aee
2b4d0cfac0daba19da3834303beadecb561e0ffee446c001a6e9c5f1200fd483e7ef0094ad0f2de9f5fa9ffc3ab7f017316eafa11cf10cf845f5480db74543e7
102af66a3f20170df40b63f9fe1e39afd52d05e42c0bf32830c553e32d5036f55cb1cdc23e2600db05325a4213d43e9edc29cc2f4019e82b05d61bcd460ae66e
fac02c22e4c7db142452f6ebdee0e23616b70c2fe1e34bd34854ca5a03efbd3be8c7455a02d7bf0cca23c54c23c3f2e928e0ddfe35e4eaae4ac5b853a30b380b
5bf147ec3a12e4add3ea3aa101382a356f14084721545f37e15623afde00ea1134ec2d1c47fad6e2f3e5201a4822e9950bd332df08601c963312b033e8d5fd44
0f26fe5ee9ebc1ebe72b0328acd236231a1ae00c2bf062042dd5d00cd54af4d53b67cab4a42e0403cb431bd01c3cfc7303050abaebf4e4aef9eaaae9e70739bb
c7fbc12129b9ba0a45dc498a152836c7e5e8f35feeb3de5b2f030b2ff5ebf5fae73b5ddd99f8f3cbd932ac08402ddb0f343592cdfbefd34b23fab0ed344f390e
cfce2821e2f64e58dfb8ffdfd1f3dbf617d2aa17f30e3a9efb29d4a974369d03f2c311bd1ffc09dfffcfa4f0fedbe15c1c2bce184909f10401ef0ed7af25dfae
a657dd02e04df9d3ecd105d20b74e8224812503fd368ce9d1943584c301ff62eb21ad30015eae3fcfcb66fff600fcfc6f9ddeb18edd25f0f2f04ba9edd5d5440
bdd4c3e53d87ded3ec94452446ede4aee80c0bbb23d32ff5befd112bdaf2b433e3d92adf4d0998ea1cc1ab061bf62cfd0435e4bc0b33c8bee8e33bfb26e20fbb
10c52cc7a6b0f4011cf0e10658223e0f4e2bc934061e28e1d060d1cc19fb1440ee050a09e7bf32c9c15f1a226415fc3fec220ec9e8e75f88c9aab20de402f11e
37bb755240192ffcb32b37133d0bea07c4553ae810b2d8e5580accb1b378dae8f74a3fdaf120d4ed3921ef2f713fd5ddfe3c23e738e501291b33f136c4bbf5af
d9b3052ddeef1fbc5b771d09bba85ef51147e41805eb6d152b154b9b3df83ad2ab1ff5210d05af49ac181657ace3dd040a3321f6ede10a371a5d31162b1df143
a51cdce14807e101970d064bd0e11aff52cdcf04c416caefd146f23900be0cb3bf9d1857511bf2973460e4d964311cb82ae31a1de727d20c60c908fddc1216da
1f0b534c3feaee6dd4a10aea23f31328fd05462aaff2f61bffcfd608c4ece833ef1be50dce29e54f170649ab2209ecb6e5ec320a6c1fc325fc454544330745d3
58ba1e0e040c5705159dc8d51f9fc4b8daa2fa0cdb549fb8efda40fa0061d9dee7ffb9200b9bad40bc2bda3102ef9cade6200502bcf365ab32bd2dd1211023ac
27ebadcd0e3f2ddcfd05cb141bead9caee1b391bb010f7345209fe041c312616e02e44cf4d99e7e458bfabf2d80718b9015e41ca0c3ff43b8ea9153f573ff2c0
79eb30f5c0f0dfbed95fe8edc737f1e0c817b7fcfcda33674cc3c5dfe8210cf614da275622d4050fe73169b1a4fbe0140d21ead600c3d5d2d84395f757cdce10
c41294b1eb2ed6a0e3f64770132813f6e1fb11c3d84111c6ea05b50fbbe80d1ab5ae042fca0b48d02af4f8fe5333f9200cecf6e6e32625f51ea51b8f1fc42640
06252c29fb20e0d5b136cd205508aef05a0150dc2cd027fbd318e84928a812f756260ba369bfa91da153ffe52e60eeeb439ca850d0e8ab99d6bcb017dd0e0ca9
ebc29ff8d466e613f42a39d22dd3f1d5d9f9db6f0d3750d6e9c551e21414173f3cf7df1bbbe3ed50fb46d557d934df2148ffb0c3c4a62af0d6b1b117ed1228d8
641eb5fb160ac0614c0428b6fec98638f594bd420c19eed5fad5cc3d4a6eff010bc3074e03d94172aef32b2d12bbfe39f83cfebde2540f0a1f183dcb07061905
013ed04ce5031cabe72a0d3d2cc212f20960fbe04332f74104fded1a074a40d2d37150fdf4e6152f102edc4f579311cd57f101b30adacae336fdabc247f8a9a3
3bdc4026f56df93057c00b0327ca06530259094047d8aef82a26fd345569ba1758e40646fd1a1b5236baeecbfb64e7e4d62deeeb6f70b7eede9942533839fdfd
c452bacf5b9c021dbce4e0f2bd13fdfa32c0d6be39e771101bfc099cd8202c19c6fcf1ff013827cd15a9d00515e2ca2dbc0994c9c820d2252803bb211c1bfde4
f9f134d4370582c0cbd7fe15c4f4e6ca1bb32ffdbbfdd83ed1d9a7f9e366cfa49b4c41cae3f161662cad24010feeb13eb1ac412729e2b39ac98ce6ce57214018
45c1ebb6426a20caa9cdecb1400bbdb4e7240cdd562ee1e2eac227a927224fcb441cc7eb11d5e018f8113557f4067626e5e8a40c2e35b224e7b8204e0d2cca06
24c5fdf299dbf6d71c19dd37dcab0ac1a4d53b1ffd09e02205c4e6cbb7ecaee4ac19fde2c6d5073dff0b08f3f0461bfa01f81266d4521541fab5a117cfc59e03
f60828bb68dbe0cb1efdcb92ead8320ab9f0fd1636c41207f412f2aefff33f00d6024c214fe724a2de19f5feeff6d21e0e5a0c3ee832fd42011b0ab9b509b1d5
d3ccd1f5fb1f4b2b23ba3bb1b7231602fd2812e62fecd9606a316108fe062c19e0ba320af3f903cf3aae1290f6c5e7d51ebcefcce1e803cbaff93bdfc93af69f
cb110d33f00bedc2f140f8fc6c5ac967fff825cf3115c22ce1c4ae3a01ecf8f034b219d92245d619ea05a52914ffc1dafb42f9da1ef6eefaf7d8ef91a6e515df
11ab41f0062fbde5bc0dd4dd24e63a1101ded1022a063fdfb7d50df353d554b0444c11f3295bf3df1321c42bc5e97446e00f073135fadc711ed89211fefd44f7
f04918f955b9af2aea4b29161c1738da4bdc3f35941568080937f65e364414019fdbd355b54dcbbde9343f1cb72ae8ea5ed3d0008f04a3631ba89d49f89a9224
0147f5f7f72d26e21404bd27edcf13ff511018f701091cea18c3ee01f23049e739ef04357168e859bbed2c3f24a1411d361f11ac2c48558c570244ace1e46e1d
42ff5489faad16de4c7af9dba250d84f5bf8f219f7dd6f6da792ed3543181bd5e4d62cb5f7d5ea11b943cc93289ca6bf4223ffee12e8b625edfaba23e7494d42
c1072b33192505cf4ddef90fcf202efcd12e0827f8ea1ce6f41202e5aabef9d50b1fed29c61fc0402a0189253b330b346517323a121523e018ecf807a91146e6
c82ebbe51deed1cdd1fd289cfd27e0912611120ee5ee53f80d02643f38f8c407d60373992a0b44f50a2f063918f0e2cbd206eee1e614ad47f00b8e500e6c2120
dd39ad2ebaf49fefd317e32944d4c0ed1b1ddc651e1b7797e514f91563d6e9d627ffc423c727cd333a19f2e9fe2227166e27890a4d2a38e0c1b11aeeac070d41
d4a2e311f3bdeb041c9dd214475aeeb2f6d42bd613f6c04255b7f1b1b13f169a29c5c1bc8d4801ff8bdbe24cc20c15784340e2fdf0d6714acb1ed629cbd5edc3
47dab8bf912c989bb028dd1a0d1ec29f011bb2af1e05cce258e6fa9925c231085fbb2239e7a2f501e51111b353bd3a47dddd44da1a020e960e9e6017ec48a105
c7e31c1bcc200705f6b7bb94290c253f45f2dbf224f3bf354311724f10c6301dbb441945d82e57f61bfe18a6023394386a3fc4c0d8165ab9f286d4bc01080e03
07ae892530c1e963d427c9bc06f720c0bc1a6d4e2814ac89e6511316d6f92defb7ae5604f8fad33643c2eede09a9f61013ee250c00d1a1eef809e796094f073d
f001122f61f91fecaf0bb1580c07f7f88806e225a20b77fd47cbdcb9f7d73e3d99320cc80bc12b53bd233bfca1da4fc9a0185500e7f445c98d08fea3371da035
34d30d22c1e2f90dcb5b12c3c004903aef1ea9a987f4dac403f9b9310ff636dab6c79e29d50aece30bffffbfb51816f61ffc95aa39d45e08eeea2c8c3026c95a
27fd41c4dfc9bb23b928a71fe611bf1c72412deb0adf24d7e7a4f1c601091d211e4f04f93fdf1f0e4337e03590e90d1811b01305e9bbec0737d6b5e9f1d5b89f
e4d7d2b612fff8c3571811fd0725c603201f0bc938363b5619f10471c2900237992a41bb261fb1f0d2c506323dfb243cf4fbc43f2b18fe5a2b38ef2364c3a509
c346ffa124c30704a34f0844cbfd618c1ffb2330fa4daba00312d222cd0f15ecd2ecd05e0a411cf535f5e9df59b709c911bfff49dbd3ed6fd932b6530bd00a40
1244e1ea5db9260b5b0f492e5c300de123e39b02d0fc385e1439cb96f42b1c1dade7174137e0033b0108dbce473b699142f2fb3406103beadeebf8b1dd23e9ac
5304fdf23fd742f7e8fa10c336d7ef18ee0a15fd35cb57c304fa22e4d8f1ef01b501c06e0e1c36370eced24992f48f1e4556f1c2b3dd48c40bc711d4591d08aa
1fa3684b04eee244ef6dd3fe06a4e8caedafcb083ae4130efff0bef94ee235f606ee09c70206b3b5b7f2e9103806b0360afe06262f49d2361253093c0529f9d9
23014b06bffaba16e2f2a7f7e3b0d146ecbb169c3bf1083fef14a907391a914dd8e3fb03cfba3b12f7dfbc01e58ddf02e836ece3feda692520fe49f545e30f1c
045aa163f9cb36f61848fdebd0cc1bc9bf09c231e1494fef13ab6050b9d8133cf3e901d4364a10fd252717d46af506111ed1dbe40c61ab6d35dcf54df7083239
1be1d3b3c80749e5cdbefdf2bc55239702051255fc41ecef1915e8ca4cd5ec22d82537add3fcef41e0c99b4213f553391e220aac19ea9ce2f605055d1fe1a25b
0f0f36f7fe2df8ff27f846e5f7cfdcd73702ba41b506d42ac12bb3bbe73a46e0c10ebd1bf4f7d89d113d6f08f40ba3c8f8062207f6ba2c381c3766b2c8256af5
6dcc4037460262511ede44f9ec9feb09325ac8d9e508e6f50a0213e7f923bccbe79079456b453807e4cd1610e20b052f38957bdfff19fb39dbe4d04a19fcf218
4e3bd5ed2edef5b28cc02ff3efefbdf21e3109e6a243a63b425be21fcf1ffe1cd338cacc160e05ec42ae2164bb4cc02613e95712c4e5165fbd51c7ceba0d5f28
6a6436404c0561ffdf43b01cf0c1e72733ceda042c1c19ebe7c8dea715ebfa42a2410be7ed04b34b1443db16bdf1d1e6c3683dd10813c8433956ecf3b318f2a7
ac0e1004fbf74f20ef3be9ef3cbef840f0ed0f38310438fc4706fbe8fe05b209edea191a1c612ad54ce6d0c80527f708eaa800f1ccad32fcf5b0b500e1cb1f29
06c61c072b52c02df83c1415ad1f1ac232f20fd04de6020ef14f4d0ccce7e819cb0421080dd3200529103e4010c2c84e4204e7c543e4093125068c5e45306646
312601ccecff39ffc81d1814f83af10e0155b3ade31c00c0084325bbea7a01270c36eaeef8b0b7cef0da1a34b8fb60f518e6e2c58ddfcd31ffe2fd10f5013321
233c0ae808abafc016b1c0db9cdc2fd6d41c13fd0eb4ee0fcf5665e74e3517cd31e61ee5cfede4fd36a004bd2a511ebe12f817f8efd1d340013f010111f7f7d5
f42b14b21feae826faa65a311e44ae1c1f56e5fb1a0f30e25cee41e80caeb71eddf9e226f3331a47d6e76e4e7714b14ae1b424eff1a9e1e1900011bbf80e28f6
fdbf2037d2072df7333102e51dd51f14b72ecf24390953f7022b290e15e7b2f4dada060ceddf33081efcdc6a2811c8c3dcc763f8ca17581ad824b40e03d7bc40
12b6205c5b17245ee847f71f46fdea54111b3fe4fabd1621079bfd0b15b1fbcf9e164dbfe0bb12e73335b652d3167cdb2c3fb530f7063cd41a52fde64617d321
f9f855eb24330363107b5b3f765c4a027749b8dafbb7c0d9dbd11e0d18e4fe2b0c011bd0cbe1fe0506c9d722345adbd42562116b2ea1da4ed4fe12191720a80c
3804e40dfb1eeeb345fb560206e9d367c5d233a3f8ea43470a469f16ffe1fbe548f31c13e511cbb2245014f6ee0fe42ee5e01ff903a505fe28fa1a549f03112c
ac20fbb9c4d8dafb13ebf200eaf5cc13ebccccd5c8fc173ce842bc56275f0e440ca99a3310ef2dfd09a23e1004c5515ccf2b65a25eb5679a34233317e1e6d8fd
a29eb7bc57f21fb02821d4062aef41e6e3375318dc9c55baffe3ca37cea9efde4b6714015bbb13a4ec3baaf22e08efcb24481cfd9dadd10e255c4c3a0413c6f3
66f6e1e62f3a042bdc1fe81b48f0f91b1bc38b14ea5e04d732fa321ff9e733f434ba1ce2ec0e28b08f101d36c9e0c6650ef5fc02254138b1510610c8b4c632d2
f2eae3d0de50edf985f1deb44e015e0c6b1fda18510ce2ec05cde09b2ce1f7ead0b419daeec0a7cddd2628da32d39ae6ff24d73207eccee62ed42d27b89fdec8
203ae0e3d3e2aee4c6eaf2c843d708123c011be4300ce8455ba22cbb0d02f1ba25bfeec048dfe0f621e13e2eeac8b2be38f4c6fbf8adceeaeb090cdc8ff64e54
1ded35eb2dce45f8f4f0b5f7d9ffee66f3d1ec4ad3c7cffba7571252b6205d32ca08ed3b13313434adb3eccde9e42cfed8e5b4411cd4c409ab111f9a3ac9e30e
0a301b2923e1fe0222f51669413dcd0baa2443f4b3e6d904e1d65b020b2214aadf40e0fd642aec9062fceb3e463ce046dbb7f73038b23401ca123b45c54ebfff
b9209a18bcf2eee52752ddc90603f9fe95ee2f27d3ff0dcc8be91ae6ae9fa90401fd15edd0d6e53814a708179ce001a839f6dc20b144ed87f48cfff1f427002e
4004f729c15c56cdff2e04d0f21018c8ff1acfc4f087b75800b45028e4d7f5f92fb91219f9c2a3b244204f4ce01df9f021051b2a6c1c15641bf22494e815c8d3
37093c16c3c5624bfb2fbc0ccfb2fb98bddbe2e53552d1f70e0c05111f063fa0e4cb3e2d04d32ccefcd6a016d02d6723ea22cd10c6d826170538f7262d0fa656
1ecb4ffbc1e7760e054409ef363002f9000f1fb1f3cfca0cb4dcf33712b62e10ffcf070a304ba826364b085cd44fa71bfc145d257b311db2dad4271bc05afffe
546d26f2070fa139e110e1dccbd6d605dae1080dddf623a4e5e4f4af501f8d02340ad2ec44f01df84e1d4aaad8a65bf097ec33d72047c1ba0cb90deb25ea14ea
ffed3865ee11ea30d8fe03eb3e0ce605a304ef4b4841aace9314aa08ffcc302521070ed631fdf4131cf706fcc40847de9723bc183e69ac0e23f736ebe7f1cdcb
f43811cff10515c1eeaf3e165ced22b7dafe27bf2c170ee8c2082dd5dff0210434e6cdeff73e96ebf25ca9d60ab5b334b928ec17f73a56e0f30611f91bf8b203
d50c17352fb1273aa8d6ef299e31a19af84737bef6ddd9b4d6bd5aef1f51e8b6ef28a3e3c3f41a03435ec9c3d8fc3ff4bd1e5b36da2c04d10b90eeaaa654f116
04c80fbff9e6171ff1e5da0a033cbacbdfa0ea04e5de9bab22a901ef13ba0fee217434591e35e465ce320b005efecec0103a6fab2d2601e85fe72c2aff2a5fc9
3eb2b7e1c021ece74e242b7bd85344170bb8072e1328e9a8e9248cad5abf05a9e31fedf74a1c2d015dbc2ff32f3a47e32b246dba0b1e34530252cf3819fdc1ed
17fca4f1c697f0edfb100908925f4f151813d1e0464c523bf429aae5221c21be2330f051e02bfec2c96089d8421e20e63e4618e928f3d1f47b206bcaf8baf445
0e2dd8c6a65c2418b2cccd090f11a2430c15d0f3f3d139c8e54b1089d344200ac6e5d441fb26f4c5f50421016025c209ed213448fa110fc9e807ed10e114d7f7
321e42dfd82125fffdcefbc3054ad627ddeb1f7105f148deef49c228f458c055e02259ca6de3eec06c02a928c2a5ebe5ee022821c543dcf8cbc609f11beba523
8a0701e1bc2efa37b44abd11fad335101c40d63bee65f11f29dbf2acfadbda2bb0edc5de600aee5aa35606ce110a47f94828fdf6e155cc91caec1bc0d5bad631
c0ebe2c7091c890121e2bff9039edf10f5dbac5ca5e4fbfb22cb35e8c8eab9d707fe2e412732b6313de9b3b60dbfef50fe1b97d46bd6ec2feae0600ee249e6b0
2024fb0bc81a0ca83c2ad043d12ef4b729974f12e3a842c5a7791bb7fcfdf2e3ade8cf1ac9074a263f1fcfa4f8daedad1efd9f01ff2dd9e96337a2fed8d013eb
bceed7d524e2243f21032c04b73139c35f0afdc726f558d2f2b00b1f2340a5d4a866270ff924b75030d824150f0d034b493bf64df23a429b19233713f5f6d81e
08c65ec716e3184f13cde7f635075c5bf2f4cd437b5ac9fd4afd29ed5034f0e0981110d207cebfcafc97062fe02b38dbe1bf2825ca9f33a82c976be8c48cbf0b
ccc60c37c9424774ffa8b00b5dc1549301bdf15a4b1db851d23afd2eade74d0a099ff05726e0f1f2fbdfd35615ca0e4ab3f0c516daf423c93bf4f31f23ba01d2
0be4f21107a0eabdfcd5f214a6e5169e270f0c5dec43311015eb48f19fcb0222b9f023131c0bf727f0e7ede00fdde0cdd574f836e4d8f90397d14af29aa85146
0fa8f10abd7154fafef1efde3fffde3d16101f1367e1ee22b9dcd0e05cb98f30f1d3d005f6bcc3149215efcdd00b9e370c52db9e22072832025be1da2a044acf
0dcebe58240748201dc4693ae70a0910d5191ce4e2f6d7e320eea3d1ecafd0c88c20db22decba8dadad9a4b808bfda2b09acbfbeb71448b1eb28a053f7172fa1
efdd0cfd4a3237d1e4f95dd83bb4e750cf422bef14b3fc9ea5c2ec8912bed13ca7100ff109e2cde218e5a81e185dc301b6db95ec1ea9fbecbee9122fccecbfa7
49fd02bdd1bbd44dd15136d1e7cb8c21eddd492e5d4ad9162de65dec3d22e320cd5c090b6e0551e30c14d919c834f39fbbf96cfb2845c9bf90420e23e2d710c7
46221c252bbdd905a3062226efa5c93403afa318fdb2092d24e1ae1932e67be421fa0ac43c0e0046599727a3f3e04cea6c4f3339092f1e3ffb3b60683dd406ea
fd6b1ddbedd62342e3424f3b0c0ec850d8d0e0f451edcc06fa4a538607b60eedfce8fff137e52112492f0da53b010c42e0070b0703130b28cfb6ff4b02040a06
27db1510550e5eb9b4f659fd94f5e0c33e5f022f60d8f53eacd54f0c2dd206d0db59e9a25b4810f40aa52cee516740ded9b8f8f8f9363a11e773b4d25333a123
1156bad959180d36f2d34bf3a415966031264823c336241edb5ddcd9da1e46cadbd111d0c0f400046c54141f1029e3ab6db50a43ee19951c4dbc1b701dbfcdd1
cd3ece07d9591be2b8e75d1502054c24d4f3e51ff7cf9b00c020d3d6d51a670b55f7edf6032187271420f70933dbc4ec1df6d209a541d8c51eae29cb1d9b30ea
ec612a016301c72eca1b66d2183801cbd5fc35c45437b8203c27ddfe3b83e9f6d3ed30acdb20c12c0fc5ddb35e73bc4113a6fadefefa9b18279fe5f7e3f74032
d2e74fbf27f8dd0b46dbeae11f70d5ff283139eced55f3e7faedcba59746a022ce1312b6397517d89dcd542b1a24d7eb46c819e9e73ee509e0fbddcd991e34fa
dc115a59b9d20224ebd62fc3170a2e23faf02c0deac5e2e462c3f8bc1a1cdae8a812cd19bcfcff14d5dd21e029a04b9b980540dfd6feee4ac14703fb1017681e
31d12c94e908eff5ceda120ce731d61700013b9e0c1c50553312a51bc030f2fbb2cc1fcb11552dd5b5c902e0292d7109fa15fed929e43d09230be814153ffbdd
c816d2f12bdd184d2b54e01a27cc1df3f0fae0f603a9bcad193bee05f0e5d4efe72cd7331fbe67401159d90a4214063b5245f1a8df0d2dbbdd08f4f1d3f653e5
bfda240d0c08c00144cb034949c14c1bdcbaf566fc03b8ba33303be2ffd3f468193be51eb5faadb17c3a95e1aa3602404fe8be04cb2604f5284178bc782b1db9
fcd8e93ba36eb21238fcac0902d91f013f2325eb98e1ccff863cf1d4fb0c6a3108e56999ae6401deb1ab31a1e4cdfe0b2511cdd549e943f324e2dfe3aff5e541
da6e46e273f00d01c64297cc00a2df21f536f2d538083af00435fa0c2cfbc8e634bc3225f9d5f902c196f98e1af8086b1b0afbc0fffb2d0853202a45fa5828fb
c9aaf62409ceb60b941e76e5ffdabc10efee243f27f79596a4bacd02f58bde0d21c623f41065f0eb3711eafaae014bf2110ed4ba18130ca5019c3b18d91920f0
c5e500057776ef2bec9ed2fecfa7e24bd5f048fdce321116ff18ee152ef151e69eb1b0ffc13d253d5ae1e7490de70cf8b844d467f2c82e8707a9b631c6464a18
96a5f4df34e8ed1bc837511de8fed9dcfcdbddcadaa8c0ee482af73fdaed5e1f2fd300f4df1e33bb06cc2cfa22681bef3c061e3ef41af0d20a0bef69050f253c
63d3118bde44a1e3315e1a380beb098e2bb92ff2f0ddf1ffe9fa4af90b21000eb0ecf13be82304f0a2bcfd1d2e46bede1fdde2012d122b67eededf27beead25f
07f510c1d827f9b206ede127e12a2217cea51fd4fa62dd17ce22cb6899ebfb52f318b5bbed91c7b1acf2f42ad611a83572c6b846132c12193e0b231a0fe22aea
0b04475822e1ddfde844ab3e451c1ee75bd28843d22223a6c1652223c63331a3142fe26afbe3c965a3cf22dab9311da1f73822b1f8fcd7bb231131bfc9cbc35b
f431ef1fadc9abb1c034dce5a4c90164c72de4085613a2efe3ee61060fe85f32d2355a56fd3103e33ced192ebd0a024cebabe41d1108ee0aafde14a2d6d1c5f2
674d580f2622f2f60518f4375dd736fcfd4140d0b7a5c4f308240ac3f9f032e85bbcf41c131317e6beda5fc3a5ff15f19313e0da13b4e255ccd0471ee3fb924c
6a4119a6ad060195fa1407b5dfa14b31e6264516cd1d212056f9b9f04cc50ce939e7e80258c7b2b9cd530508ffb0f021e7d7065aa79e252728390464123dd59b
e2ebf4e8723b35ca29fbe030d9ce06d32dd515df542bd5da019fe12e6cbb08d41cc3d90bd53f2c88fd02e405f23cd5b112a9bdbdb5dc02c83bb324dcb037332b
fcc8109259d008f103fbbdf9044044a6fd050953dc88e1143f2db116e7e891cdc65faa1e24222a04a0e550f369320dffb5fb090bf5e2e6ac1fcdac174cd40cf5
fa244fb6bc23136abbdff6f1e5d83fdcf318536325dd1efb13f102ba40fe10efc8bef55a20cb46dedcd40148355dfa1c1ef833e73aa03ddb1101f2164a192922
e5facfb124f143f604374b12236b57f037ad2a2ec802eb0c17dfe7f9f017ea45081c72c6af070b2a22dcf84314c7094fa73a40165ffc09fbd49e0d42cd58a769
f8fdf7e42e5c1c15fad4ff4fed1e71b0e7da0425f1d148176be9990121c104da330fde0719aaa5201b3dead4e6f3b8eef107e2fe6d523218ea4d2546d127f673
415af8d8acd912bdc09020e41246bb09dfe4fa271ef803d9a8a9d0015020ec04201b390c694e4e14040f3cf9fcee088d4212f61601f2a25bda0665a6b4f70baf
5ef612e24bd1cc1222fc408d2d37f611146606e5282cc1c84ff8fee7dbb1c1f1081cf304133106ff1ea61c4a9d2c4f6148cb1b30f4e9bb06649d9f93b6305c46
0303eed303f94d0626d8f9c1d84741ec335950e4640307d922133412647338de1f18f61305fd2422f74793d016c4d32579f3c1dc3542072dcc2e1ed5e7e7fb08
55dd12ce0b14f53b2b0f162ec805a8e12a38069b0d4eece51b0a27e0285ebdfc10312fbced12dc22224bcb4f0dcf0ee012df010e544f49b057f95725060e5be3
e6aeeefa24f6d6057a5ea01cc64229ffca68b83c20f61ed437dfbf78d4f8ff19cfba11c6eadc2dc2d5adbfe60f4549fd0af7b74621a62efdf3f3e0ba2f1dfda8
57ad3629eb45d893c2d917db53d2dab7dbccd2ca29184611edae063be5094c0cd1e3e586f734065224c72f44b81aa9dd23aa0b40e29642492295f8eaf6f44709
1337e73ac8eae4b62cdd1ebaca35f8fdc8faf1ebff10b8ebf207f878bdccfdda41f4c60af12573310242020106171bab4a052abf3c3ce8040db93009d2bcf703
3c4913c222e4f8119c0cc01f2cfd2b30c9f62a4d30fee410f04fb9d3d0d2c6c9e5ee22fcb1fa3f07a22717031401c635da25dab81915e8172cadb5979c1322ed
d69de5413de9b917c610090f12c924ab16018be3bff0e5eb55ee11c09e03f104f92bfa072dc66a1b27bc250d47f83cc90648011ed53836cf1631cbac1a8fb55e
cb1ffe2cd20ccde2473194dbb24209d501bfbce928da3453fdac012ebbe335d632b0189be630150b11432538db9b3223f717fcb5991bd256b209174a34315db7
3ead0ec7fda553acccec1f0ee4c4cc1f1d15320a0bdf040cbdcfacd252cdaacde5a82c29e82440d4f73af7f2415128996ebae798c8ee980f17b3e0f3d26ff861
43baedd79b2d1f450de72a0cb02622cddfe652bee413b5311eea37d52e363efc9e9b00eeb99205decdf42468ebe7fedf9444f4182d526847d62603c91fe855c3
3afd93d4fb4d0cd6b6decf46180607c419fb121f08e7ecf1d9afc4a2560f5ff6f92dc2daae520e1b3dc7339ae1659e03aafdbe32e195e51ef8cc17ce4631146f
e90040411f9e20a7cb40fe51fc1379d424e34316f2dbf32fc4a0f7e844e3e5ded8f3f52cf03f1e956ae5caf0f90da2d8dfe51ab0bd279e661e65c03c290eddfa
c9210bbcdfb91c0220373b0eedb40bef4b453c260b15caecf863fdb9bdeea434ea2e94c7559d77e2b9f6cdd0e70e61eef0dc430acd35f092c70419fefcccca4d
22a0c850fc4303de1d2e3e2c421531f81d38ca3601f4f3579ea0b5ead940ae0c202bf846c9ee21aa0f10f036e23c0d42d1e7bb2afb46b0f6d91a0bbf375c44f9
4eb457034b365c1f1e031f01a63d31f5270ea894cccca428e6392f070c0bdc08da14f608bde1180f33a7ef1bb24b05b8f0582831d2f6c9edeef7059aa0c7f308
cc288d9fe4531fa2d396ee1bbe2df533c4e52706f9d014e5cebe54e6d1e2b8a84dde091c118dc7e9ac0d32bfeabe39319e3a03d24e250fae329b1cdec7fbdd09
0cae72cc24f0f129ff472af7e761541fc2eeb74db3d1e53d02c9adeb21080ff043bb0c9fe2d913e5343fcc16ab99fb282159c3fc076e54a5179bd3c4f3f101fe
dc3f280335fb3b155abed8a1f2de4e400120204030bbe9ef9059412eb539bbbadeace5560a11fc06033b3450f34746bef049671bf3f3f520ffcb169ce308cfef
250dae1bfb3cb55a362d0d63c487acbc60d9fa0d1b961c1a491ce4139e0de4174037ef3f23ef25ec580fe9cfaca7ffe5948e39440a2366fff9c215b33f324053
e73ad7ecda1720c6f22ff5ece0f8480f21a8f3d2b41755181b38ea35131c0951bca2f8cad308cd13e55e4b50e64315e81f2af22ce4f7c9ae03c1bc3afae427c5
22b531e75e0f3554e6132009f5512aa58dfb4a2606b2fa3127301cdc8f1f24f5d40bf8ff36c532eafb8b8e46cad7f022b7d7ad4216161435b5731e3116ff1747
1a08f1e6f1b10f16c101381de78208e1430c6c2b64a332d527ad0b02ec172b270522fe460be12326ba4a3e5d532b284dc4f42ec5120e3c07fcec250cd12537da
0208a7d610f19ff7f0d6f04de537f65a03f6084adc171fe92800c3eb1203c00235310d243125161646dcafdc03fdb3d9f756fb13f70cbe0ed6592c2b61440c1b
2a071bdc30d734ab61e936c750b3efe2df451efa4ec02a090131aa25456062abfdd9d9182abf11faadebcaa53bbf381b37c6e2f5ea2b932ae90bf98f08ae320c
fa4546efc84734f2dc2c57bd11c52fbbefd109f2cbf00a06faf604b54ab901674209f9082350bb3ac44f1dfe1108eade08d8d0fd096b8f421b40080e055d3f21
e74f0dd1b8a6cbfd2ca0cd48e4d754bccde7ca9f390ea9303cc10f0add2e5f46db43384cece3f2cc182c7aff57edfe32fd1eeff8066df12ce905deea542b04e5
b46ac5e63ae7220a0523f065fe4edb0be6f1ba05ec353ef6110e8af39dcbe8403351ec625a55eb484449f5286dca30216434fded199cf037fb6900b54be13fd2
e5c6d3033ae00fe44448eca9c641e7e0e691d66a01f74213ee53032e22f44947d6da274b05ecf30b20e10f2feb01aed3d2f92b4954e1d608fbdfdb1f0923200a
f6d3e86604052fe30748d511540c0fc10ff3c00933fce401550843c3f198fe02b40408fb69db5963c3d342be0a08e9c9c9f68ddfe63b14e301d55ac635e6f84d
ef2de708de4122fefd29e744f925092eeff097880503050d48d8cb510ddbd21dd0152713d6c20dfdef39ba34e6d801df31f50324b727d99268fd1f2de271c9fc
41b0c127cfa003102ef23216cfdbfd4dd1f3db8e0406d7682cc1395b22ae0dbdd93649c2bd5cb8e7be796a1e05d5fef4e9d4f6ece309cc0b024385edc5e50368
b5224717f84a4112e9f030c6f6241f22033a6bb6ca083d2ab2ebb04de710c3bcd2f2e1f31bf852f039f10b76f0215b16fa3affd0298e542ea9f80f652445ea2e
02a5c0f533b953b4e01c67fdcae8eb480ef3dc30cfd6d21ab1e5bfc9a3f4f5ea10fdbc380a0bf21c449ffa57fad932d6ee9e4ce3dc9c5b38dac4c252ae1e17d8
c45eaf2340264ce06cf84cfbf4f902fc1ce236f2f3bddee27215d7bafff0c615b534015ff2aa1a2cbbe02ec73c71e80add48141bc5d0e34343f626fdf5f3cada
20c5eb9d21c009bfbcbc2cd251120d27e30259f94e6c1e4bd329d909a82b1d0a9f1259f6dacf140f3f41f307a209fceea5c2d2d630fc02fe05bf14f5bc15e4d7
deeefceed20911c520f12b485e4a03d2bf6c7d3a928c21f6e5425a9a440e3748092dc0d003d9f2311bfbce080716e23ffb6d15c717222a0496f8eaebfe13e914
f50d0c52e32218f70bb6ddc30e0f2e2c0b175d068ce302d3124acb5a084d06d91c1f06f32e6f0bc19a04e61d18f2ee04b506d2d4dadd15112698522af80dc2ba
e51d50c6d01f0f06f9f8cab0e9d9e8cce83ff003ee1d62e542fbdff8f2e0ed10f6a9ce3f1f52b2360e072ef4a2bace44c40301a2f6f90cc1eba438e6010f04f2
064115791038a7b8ba552149691b10db052fc8e902ef65ebef1007ece3ed1353beefc9a64e0604f9082d040acd1efeee9124eae7f3112a56d5fa1c1f01e7baa8
994ceedb1630ab664b12e93ad712d513010be638f7d70ae3e935e719cf54e414f66002bfcb9503c9e27100b81d3e0648dbf34c2becbde200bfdf36b4fb5136a0
b0d3d03bf3dfa05cece43e31b6433d1510fc492bf48ad177cce31873271e37b3cf09f552ef5cabeee256e0f5c801405d9be3030240d81d88051043e2ec051420
e9eb70471a2207fe0143c215d0a3570cf577c3a6c003091e030a1919e51e620ff4fe1718c618d8e84a33f4ec1a56051c140841f834c349a991081bfc5bf5ae49
dff7f8eb3d25a79fe645e210081411f445c7341c30a007ce53c310184a10b703ca12fe1ef13c0cfc3c4960da5899c5bf280b1d44e1b20226bd09bb0f02f7c10a
cce5303ad527030841e88f471260f9df11e5d038fae2fa3802e50b67f3d0e1be258402fe26cdfdedcb162deedb2bf66e0d1abc4bb9e5f0f0e53e4529a1affac2
0ed46f2fa8e7de9efd14b9c6cf19e651c6371d1640f7656a01e80af2c627482a1d57b40cea16364c0306331b1ecd3320bd0429a71e1142a6b4f5070e2b003a2d
4ef1bb4f62d62f0100f51c0b2244a6b0182ab0ee281a4749f2a24eab2a31090c2556f103b9e7ecde3638e60e1db18ee42904cdd60f2f14c9e5f96a221cb73409
e390e0521eca221b264cdd2593c1ff0cc5e962b7a908b1acd51d2223471c3f37120b150d99a73ea9e20cf8460dc0f0cec62dd4b44134d4aff31cf5fca4eacd91
eb223ba8ca3ffc0841b305e9f41f61183bf8ed102c9b0d5e984a32bffddea81deae2ec433e1ef3c30d03d227eb3a18556200e4f3b80cc6f5ef09ebe2145a06f1
f77751a121ce3bfa101dcd0e213bdaeec51bddf3df86d80c9708f0c99c0467c5e3f6aee15af92f41c1f2d7ecec61c4eef7fd4dcef0b7c0bfcbf63057eab4ddec
17e9fa460a29f916b7e53647ad313d0140f3f3fe20daf24b9059fdf145ad3f69060c05ccb936bd27ef3f020bf4fb2bdfb9f71fe9fff6f9fbd3b1ed8f13f0242b
ae16dfd8ea42c802a1cde5a8b3072cc1d8c30007e8192dc405e914592fee03ce68142dcc10961001e320dcfb1d0218141d5d28e9a73ed6c1fd0cb8e6e8d00eda
2051ab27b2551f8f3b5ecd26bfe6e008c233b942226a5e4304da4f4eeaeb01ab50375eea35481cbebfd029c73059d0b04d9805b3abcadcb50d5ba7ff19c6ca68
b405ec24c5e9fff2ecb943c39f051a06cd2201f4db05e01f1cfe05f554561f9e5e54fbe31a900cdbf5c22732ca3864c730444af4e3fae8f8b81d2cc7470e67e1
a752e1f00cb1eb5bffdc15f107edf00b29496e2a332fc1bf499d03e66b504c3dee230437f63ff111e73bd8b611d7159cb6082512fd8daef91dd6d32d1e9d19b9
17dff50f1da11bf202f7dd2225c9c500b6efb9139cfe62cff1b3f40b47023854e6f7d7a7d906eadafde9f3f8adc6cae6e95814db0210c542b33dc925011c0c51
2bebf87c581d54f6e707162bf965afb7a359ab123efc65a726374bfa0ae7a72b16d5c6011bf520fe1eafcf28c4b3e608e0ab0ed0a6caddc5c10738b34edbcba5
0bddf7d9dfbd331a352f47b8559332bd537a4eaae2a346e531ab6219ab4de17131de1c6019a522ebdeb2e8fe123e45e8d61a22e2f9b93ee3de9954fc5d2656d4
fd5d31150a36d4f0b3448714186648eb0f2cfbab0430ea039a29bbbe0fe679ccc608d11d03b05d635e31d86111fef724f726aefc284136ed5e74b9f932f6b40e
03d8f81354dfcab41b010a3157c63c0228e25a5f19214a34e70455defb422998b520de100de12b336128d8cab20302ef95def309341c2107fbfc6bdc6028fa29
061ff7ffaed2f0fb37f4d4fbf4a5e218032c0de93d5c17f3573915f10fa00afa02b33f05e828c71cd1ef36f59c3da46f07af54101635176108053d151f220d07
684d0504f4e6d50a42d96218dbf0bb28f705e2b300d61cbc406adc3214fef8b6fff0e7ecbd25e6b80d9fce051513b30c0be023f9230c0bfee8f30c48f5bfadfa
973f58d642ce34303225a80fd1c9f4db9b12f5dc8c19cf2b6ff86031422e33c907a1170f1a26cc07e6f8eaf2e4151e9c36b9f1ffed38c8482ee3c660e3cd1023
3e2ab355f2ea4621d9f1581b41ef464f4a0cda252d374c51b00efb79380be1e892069735320bf8126000f9fcb0314e039c3ab06d3fe16e0a2813039a8fd5de30
0370e81d1f6606dd69fccfffd506c3083b1516d3ca96df9a44e41ed10287ed2ef3f2682dd7f426012f3bbd96dcf5fb0dfce4ece2217c16c5bce5f23b4ce21131
440517d2020f3432adf00b43b51a7b1aaa0f574c2f09dfa4dd37173828b923e7fffd5551ef3dd10b3e1caff85a37321ffc27cec7d10f14eef6abebd0f6c5e81a
d46a1c92f48f2a5a20ad45bcee2946521c23dc223fd4b329fedc4119e4dcda0bd305c203fb44af36fcb97100a01df193c7f10be1470d0d6120f9dd9cbb420640
c26df634cdd61c07e61a03bc220209f7f2cc44eb0842ef3c0aac1510e1e847fb0cff48c126d7142cfbbe49f0f51b583cdab7c1de01d2754aeae8053daf02db23
e177f0c3c8d20cc8fd16060536031905bc081fda36b42e0cd8229c53e04a9f0225aeb609adadd91c230a2b95930c200ba49940dfe0cd4e0b58103abd0dbe3de2
b678fcfa4715d1ac640b1d3616f823ab13d540321b36e51a93ea02d8166121d7c12aa3aedebdef03edc134d810fa9f2ccb333669f12ed71502f2b4c3b956e2f4
f5faea0ac39509dfc6f5ffd8ededbf1611ceea5f02de0d262c28d5e9067b42b7d13ae7c0eabfde2e61d00af0546c10ce12e8e55b014f4716d8c3f505edbedcd5
ee46ef1e5dcd1fe520e536b0deda2ae955361c0ac904352215123af3c8f205da144061cd8715f6f40a691ee5d6e70160f3c44ea3f67be375ef2a6124f7531fe7
384dfc301e04549efbf81c11ffe4591814f4402b13f0f4f70afbbeef41fc24566700ee70e122e5da16acd211241c1f1214d822bdc5363e2b103fd70fe73d26f7
0b739df5e45f6a4220d3f3bf23effc4b1cb7f1fc6ebeca0ce7eed60958fbee1ee1d7c003bd302f8821fee6f4b20d0538123120c83fb8dd4cf818ce108db72ac5
da191fe0f332e89314115c623833accf3ba17df116060b28be0eea3bf2b60514253019ff11ca0f035beb1ce35b9824ec663adf23ca1fb503dd4ff8050351f5b3
32989b1f16111be9c4c32e45eb2eae11fbcb1fffd6d15d362725f2e2c916d92df8a6e2cc4dda3a39fca1fcda65f0dc28f821009fec5047cabcd512224709c1e4
b660042c4bf1faede835e328ed6c1bb055dddc46eee810accffaeb16a3e935dcd0dc1cb7350fbe753ddde0bccde6112747174841e9b609edb52d43190ffe1947
2144171140d712e1400b1508d01426affc0de39d2038d33d240825a20204f909d3d6d8290ca79c4eabfd08321c4057cefdc513eedcdbfb0f4c5eb0fc181a3aca
d9a01fe6eef162c8ff3bae0251f4e64f47cd2c64e50648521cc5efd723cd1748b3351e2cdf6500d818321103492df72ee4f02aece50033e20ee8b9af185ef501
3b9bf2aedfe116c69302193f0b46c40ff437a347fcc1359c2f16f4f1e01cbefff644bbe599abd3a701bd8d4607e314073005f9e92bb5f50800131c05b7bbe367
a4187664d8f0a32a16fde3f3d90f26c160630a1706180c360e5b27d03e26869a6009f9d0da20cdb7cb10b2d74671d110fbf411d44007faf45011dffde3f4ad43
36dee825ccfad32ceb823de109a8625209582500c5061a624cfe53ad5a02f337d4eb1dffadf5c001950c3d28e22b2405d1001e33e932ffda11581c04d31dd524
b91c1e1d5fe2d6232f882d04f301ecfe3d0a4b983223b8ccf6390da43424cb00c1041e66b2e2f436f5a330fb9318252825a3fed52dedd211791ddfc39527b9ff
d0205fc5c8f5e7bcd8d004f502c3e1df54172ef69f6b09fc0ea30fc857190635f70e6b2ec258ef721a95c5dcf8f90ed7f240ebf4bfdfcf1732e8fa33052cfc57
0ab912fbb366d5da162bddf01bfb6009f82708cb6da222fdf9dc0448f81d054d250de305f449c51008cbf8eec9eb0417ddea30afc447e72d08a513eb21371fef
2efe052ddee133f9feb0ef5c2c255f60aeeffdc25d2e0802146c286036d1f748bbcf5792bc2b3018e2fe0ef4e6ff34ad8ef4302f4cc53f4601d6214a18d3e2e6
d0fa27d60a0823d852e9f8e6fb99b1c2f5d2f69bfbd8253efe0dd746eca150c4ea0f10f137e1e75ade4493d90be4330c0c1735b21cfc2e439c3ee7db0d115aff
5da02b27062ffef81d5ee0eefd7bc843f8a5dac6fa120d9b2c9ae63f562b4a2bf15cc43cffdbd126b9dae6d6c2d0a2095127b2079bce131118e932941734fada
8c051235c3d9f017045d89323df2178ef6bd9805f652185014e5ac2e4af001b5c7dfe4d9f5f7e905b1db5308351517e2f5cf2599f702e51314f821eefa5f48c7
501ffe53af1d180f105f672b17d8d7e524feea04e03bf527e2aad8f9ffcf2948c8ddd3012c08fd39e25bf81bc53c101cfef0d0d8e211ad41470e63df17dc5a05
eaabe9d0f43218482d4bfead0dacaf3a1a2e270dcde8324ddfdb02ee11f009d38fd1f6f1b993bbd11aa057c1a4f1190208532064e2feccef4e071fec04da49ad
edc00dfc38efde102c2e610e2569cd3f1ada9ea40a1e1bcc040d5b15f34ed82f1519ede621ef192e25cfb60615c5b8d5caff2b1600f1fbc9156cb3f2fa38f895
3b37c9c02ef3de0a48f2312713c04df3062c17d3bc60fd0d4456471d0efc3e9d5ca90520fd0e4f27343031174b16f0fedd1cc9ed0cac6e4536df2de4fa17d2f4
eac5dedaf9eb2df0c3dcfef9283be8cea537b1271704a60deaf9ee1fdd1976ec3b01f61cf56108f0e520cde8e1eafae1d33ad8eb4a4e0e3bc81f51e0e3ea301b
ebd2c53adb01e13c71e42bed0e2907baf45add8f0bcd06c8b29cf703e505dc184fdec72a244bdc1ffed3b0ff59f92534e1a3f6f0a658bb02f1c00897c7c44c1e
65d124486ce7fbee1b9cc5d7decc44c4050e9c0dd71422fbddd4eb040e35503bfce3e120274348e504aafdcb38e69c0b192efe12d2ebeadcff0a61f569eafa0f
0bf9c3215e3b55c84e0915a2150dfbacd8b2ce26232cb203dd14f719dd21c5face1139c34de734ebec1ae44962f2ecb6be12612fa40a020e5bdafeb7fdeaf62c
fcba28ec0da9d972a116f3e8f720e5d409beb1f1dbfa9cb41ac42808c6c6c8f2e67a624159e5386e29c4cf0bddef0ffa102d74eb15b70b01cc0afc153dfeedc1
131d2244e6d4974e6df3fdfb0314de0faf2e3bf3205bb450711a32bcfc10fafb15ba0906e4eb0d172c09ac2f08a491c5173c1bdc4edb1fecc22be92501c2d81c
4653fdd8a6221c12e033c5f90ff70ed4f23237dbf9d815d717d3041e1bfad0176636b30a1b60f8311ed43421d2be0d992dd1b99737d39fdd9636d7f3541746f6
e1301c3d1d472e3432e0c6f815285117ec9fe9e003210de8f1f47b1c344af6b510166bf71ac7d9bfbf1dd94bff0a56b6c3c1f4011b2cc51efb062beaf3012c34
d01a72513cf7f2e36bf1cbefb7a903c30c2be6f3dfd702d632ed10169a0a5c36d6c9bc4ead93a202a041da26dee4d5115be0172d30dffc28039129e50d11300e
0b10fbac5a5561060e24acdef226fb43d5b217f815b4e63b17f82ee724f7b634b42922101a07aa13182814cfc1b5e1e7642c5c2d12182e3630fc0d1ad3ffebc4
b3c7e079ce5d0824e7f70d41ecd80f13debde8ef07f7fb43161ecdbc20dcf3e8fdad26b5d72d17402561620f663a4b06fdc0d3f2f8fb27d0fe0cf52b22f29538
4feba6fdbc0ded0d792c1ef121f236f32e73e0cc260009d8eb1121b1e6c54c3ddc2120f164d43bc9621847dfe4c8d3b233fbebe00a08fe1ffcb0a46ad62cfe6f
0a444996ec25240034dc0f204aec3d71c516fd2dd1f204ed7684e534f50e01e633f905f3dacbb904f35843cb46ca13e1c92a21bbdc346217b9cbe9ed42188277
1c27013edc072b9f59c21cdb05d93bf029ddb62509e4d5e3134e1f383ac8dbd5f0e8f50af312442cd3246348b421f24a12b7f0c3d08ebf16380e9f1071b94e5d
145b49eb6141e8a4d6f2a9a72dfb0db6fa17d31feafd21a6340df7f237244f04e66313e15a1c08e82639d75419c60fc8372540ae1b399110fdd5c8a2bb04de39
61041dff9fcd2d1504d1588806f02d63de1e674637fb564ff1e6e3c44510b72de869e5e9f00966f09811f2ef98e634f31de60dfb12560310c76a071e13fc04fc
ecd93bf61ad90504d4e7713b1bf8f5493958daca3842e7d7f3c903a65becee65f193f4131dd44ed8e513f6a6d41e14040811deac7723b7471401dbe8b1cc44be
4de2df2421e93ef10c836c0ce4f0302a630f52ee1b145c0b0cd535f8cc8ecc4101ecdb09300c01074beecee7e17318c015e31aac07ca350d1d1540c3431bd1d5
1dd2ed5b35270d614f99460118f0cb0722d231ebfd3bdbea9eaca7e3e1e93847fc12fff6264f36c5222da80ed9e2f32dfd0717de1625f124b90cf118d51b0aa6
faaedceffefdb3aaff1a65bd1cff25eefd3a3802e4f6283bb6ea1a19266306f827e547e140109513316062b99bcd27f4bfdffb1228fcadc13aa51d2e756131a7
d56efdf9aa2406183f5a1dd252a3500de8e4dacfc11cff04dc61be4a195a949a16e10a4f41fa09e5a544bde73a3613056e033418e825d4570497ac2009b5fdd2
4706b91bc8d7caf7f227b6ac5e04b5e6b1b0f855410be6e44e382fdbcb0bf5ee1f53e551da2b2a5356a94524de5a1cfeeed313dfbabfdabee2d12e6c250cabfc
98ed6ebafd22a7f7c848e60ab3d221474cf2fae815efd8f4c8263994b70ca1f3631528091b07e5d61cb0c1d115e4f82564b2033fc74c893f2b083601b719400f
f508117302ccfac2fa07c72808f024e10a9be429e7d034a81e08b633c346033aab4b2cc916296b3319122bc5f8ed148c282e01fb795e1bd4be3e4b40d52f35ba
332b11092ccdbd374c0fa6bfec02ff01402bf6d021a3c91ade46fdf7b95f9c194127ee71dac12d3e639b5b500406de12eb1f3d1fe8efeff5f0d3a52aebb1f6e2
519817171d1565c4c4123732cbaf310767dc0ddb34eda99f0712fd8ac40201a2ece9f3b8ba638c4db22fe605e61305e3ee0becadf30fb61f2cef02adc1c22c30
1bf544dd66de1afb2ecfb3402528dc9f1e06c90ded154918d2f0e1c479e535485e03f82b620e172d0f5a23d33729fa1ad8a235c590f5f85804da47cc43eae4ee
f0ecf9331a42f3f7dbc828f3d7130209d711ab190c3deb013227b4f306b6d410c72532f8f539c6ee3634f0375714ce50dfbeedf7e3f20b02ee22de4f3944541e
2ad4cca4183a2bf81fe9b9d5f9f10f07c7f0d20d0bede407cce53d376710360a0fdf0614f721afd34244062c05d29d57ec414be0b7f60f5ad162b1c6ee032008
af1061b50ede0b6202f45902441e39d11b07e4641c4cf0271139413cd71e40fb3d02f22dce2ad11d68f71f0ef905c6bf03ed0ce2eda22648b9f5d90009fc0ce7
b403c2b8e459d43905e136f14dd9cbf0412d4add4153eaee06d33a7e3359515e31cedfd1355e21f3cefdac0309371b45d11dead6ece81f22f8dde44f24fa9545
ef0830fc0ef6035153c726b023cd0523aaf3063ef2106f9d3b1d15fcf6f30adeabb7f4bc19cffb44491ed63032caf1e70c294cc8f7062b0322c8d79facd7bb13
dbd012fb1ea9e529d4db50550cf1c1e503f02909222956e0d3e6b0ed45253a011827d0fbffbce0fddfeef6ab0f45ae08b90b2f2d726229c009d3da06e817c90e
5b37cc1419dc675b03beb1625f6ee41ae902ea4445e8fbfb0d080ecf210eb8c4fce5fa8f4b3eb8ab5feaf2f1f1bedbc2e6bf24455c102a69371b579a010f6ece
93e6459eefad31f6143bb6212b94a6061b1ef3473804d508d326f50117a3d72b4752e9f871e019f70e0707f43311f9c647eeaf12f4c730a922d6092a55381c3b
3054f820c237fe0619ffc621ebf03bc01a3852c642e010fab6c1e1f6b137a12e0dfef7be02290c1fe452c74837e2231203c2db160519fac1c72a0929eaea2522
99d2f561acf5edfefd060362d9012cce4b2b266223f2a133440fdfdb2d3c1a4bf52810672af05caafa9ed71124bf1b1c4c0806b6c02e3124fb1dfd53473cccef
ecd2531ececd120f0d5ccb1f3915f226ead1d24af0fcc8f50c5349272b691846cd350cbbd056abffe52bea0a29d464060144f1e420f763113754eefcd932255b
c6b1c0d1092b1e4056d59a231144f7d5ea2bd336c105d7c11065bceebdae4445c8f1d4efb934342cfdf4dabdfd52f72dd1ef11210fe2254616ccfc080d4e9213
2708e7f9e327d1f1940fe818f5eed1620d4016b7bfced1e15f6fde1de72801e535eebdf2e537b30a2eef5806c0eafcb23301eee713a6bee526dfe4611ab609eb
da0cece3dee8debb2411b0629a0fd0a7ed8f0916a03a649423c711a6b215ad11a80b01060a033701b1f54e1bcce5e43a340e22552527dd5df1f7339cf8c0fbe0
5ce49ed210c0f25bc8a8280af20498d3ef394a232b153a4c27164ce2f6ceb1002fc40e0e14e8fde5cce309dd1b20f0e914d351d7d01b13da4ddcee4be5e41c20
ee34e5f2fff1dee3580bb560b728c6e348d0efdf5af0742fc5cf0aceac3a1dfea650cffe380c32d6040ccb3b4a508b22b1eae705501c3d399ff22565a5e2dcda
f25b1227cbe5aa1532c7cb121473a4401158fdff01ee6c1104032bb90210fbca38120536da053a05e3b40fdfe2da1947dc39cb33e7d5182d55112b3c48ccd90f
1a5722e4e6fd0d1335cedcc422be3bf1429d714c2dfac445371a243a3a471b1271d49ce723db880a2910d11a3967fd46a1329edd2eda0ddeca40b45125e2caf1
0bd21d05d9382343051824cb0939d4f7529f03f6e5c16d1b544d1b101536e30714ec4cb4ddbf598fdaf6b4e929b6231600cfff3feeb7d24efed7e02a97ee0bf2
f9bd0890f311a556e5b6ff09fb07def9e7b73e1f23e7eccf1328d006c509ff1ad4fbf40902ec8fbeb9f5ac144537c35f2dffb5e703d0c613fff8d502ecd856bc
13cde22c1039eb8edb3133411f10faca4acf022b91f6ff2dd8dcadbe610426102a3e4ece4d45eecb4402e9d8efa83015597107a0dfd009b5cc613a0e6b4cdef1
122cbe1530cfe621d4ab2bfb44a28e3c5d3b3a0343f4bc3ccb09f25f2706f5c3395cfbb395aa3dadbfe4d24f3e07fed1dfd7200cf63439d0ab2e2e4ef7c5f2b3
f354c2bcfe38e8d971d80552f2ff019dc5283b10deb6f6c7dd2d3d22391d1cf5091c0de2d5090f5448aad732efd83ed3f1fb48c13330bb3307f8e26439fe094b
61890d4cd49f07b7b514b6c2fa405adec51926c7d8f813106d98dd26f72b29d864b6e01b77a342e7c0041feaa3960e4dbd2f70fc0b9430e9e24fdcb28eebdb32
c731fee617a5031ec62ef9cf34cd0b0205e7f70de74cfe31c2abba05982648640d48c826f8bdfd2a2eb04ad6cec9fff916e772bf251226f9f9b501a99ed217aa
d72808cee604b311f245fad1bdca201006aaff18c9d919ef3638be37229b9864eeb7c116cd42b0403c3c960867cd37380d363017c59122b4b2182f17fead45bc
7bcef5302a022f163ed737c54bce24f80eddd4c001ec0701bbbc2203fa43cee316194ef768cdf10117c2c219fe1d2942b0f239e9b0cc99321e0ba027fa07ec48
2b1c14d0b8d506a0aab43f5f0650c50fcf120631dbe8481bbfe1ca28d25cf84a3a466139f70cda15d337c523e118c1dee11af7c925b7ca2ec2d4efbdd5fb99e6
430f07be08a4e3c115ec1fb8a7ff33004503aa0f40d61af569d80730e00be1e5519344a534dfead10feabafbff51dd5ff8db25b6e1191b0c01e9136808abc928
f05fed28df99b1bb154cdd0910f625d18df191df2bc6132d40ee1e014a065f23a8feff3d03c821c8d1e9074ec839463112b0dc54c603d71adec9681713e51f4b
d92539f73fce42161be61919af16adca19d6232fe3f4ed0fabb0fb15f64dc84130f1d529ac0be74f2d0a0a35c69a2f16f598d55c2a70ccfb1eaee2e2370ff12f
48f9bda30dc9d621f62f4ad31744f53a983f140ee7ede8f2ff3d34191df49ccd4b1902d8343673b713dc05f12b5e11b0b3b537270d1b07c9f74bf4fa1c60f7ea
efccf60f0afa9af112decbdd111af344233ef901031418b7cf1b1807f6ea0eea13180c79090a1cdb165549eaf50c0d27e416282704e2fbec1135091bfff322a2
180600be2318cd2234ee8c5d051fdc08002af4003811b0bf1da3034db7f428b7bafdb95600348e0515f0f4030bb1a92ed5cade3dbe232462eae709b2414dfb20
a426f0b9e824386ba2dedcabed271cfeb239cd05fd24fcb73cc2bde13c20b0071990c822eee901d104aaed3f954eee051f55db41f9643acd4ba1d6dd22e22fcb
245d0abb6d2f061600670517bb48ff080934eeb348b734fe0eba6142e325ee26e5daf5f5f5c6f10aa73f181018f9f92d28379a24f1fbe84e5319a70d68c64ad7
e0cdd051fdeadef1c23309e653c4ccf12f27dd47b838f886e82d37e3fd9b300be42bc81997e7ff5e26f41072b9d69773e66a0106cdf2c5d9eacbdfc052e7c814
15100b07e2cf34fb0414f0b1dcd10ee1e6e628f603bf5d216019ce02bbdce6d60e2218ebe02fb82342113fc21971f1b5f6f2311ce5c6cf239b0ed7bd3b14c60a
0718e3f13315c0d310c00cc7b3410f73c601a9f4c2ffc0fa1606d84bf9c9d307dc4997f8b41ae5eda6530d38ed3d45412e6b1919252fd4eb9cb5dc7ce5edfaf4
2e2003e6c8270837e71b1a0ad9ea4044d4dee510189bf828dce8f247e2516223cef3dc08982a1ed0f7dcc1d005b7ff30260a12ef5bf8d40e1c1efb34fbcf37b2
dd41f35bfcc450f80ce402091720f9fefe0acfc70049f02eb30336038dc6ea153616efb6cacb0451c9e702f50e1e58cde44adf9fa4ed60b40cc19e0cf7b8dd43
b3c268069ef06b9a261cd5aa476e0be45fe3cbd99368edb7f52fbd10a61eee11fedf2e757409b362e80038cc47be1b0c12283cfb90172fe0e12af6d7470c0d12
e0d24e04f5063e3d39f8b3e42419181529ff443b1c41e4472edf371c0d162a41e4c3c9a542ce6914c4111b4a16ed20162fba104e04f20f21e6f311f8c838b365
0928fac0fd130c383d2bac16cdf40973f22ff22910ece9a72b5e231313c0d337430c1bbd04df19043b3e9a3ad1b61eb9f8230358a5e1b21cb805258ed8e23b0a
39f5015401e6fecb37ffcfed0211bcc7072dc860c6dce1c2f7febff90003ab2ef858be38ddc8ddf711b152a2f94154d4fb3208cd1c5dc71bc5ded50ce621f39a
b7ddc6ba165477642d36c123c2a3cfb8074fb00c25c301152e552d54062056dd45aef4d640dbb3450f2b89af202fd621050cfd3aee28185bd2c92f1ea8da36e0
081f06f825f12f9365ebe8120200941de6123aa3cf131b0e3719d1e7d0eefb0d2d2bccf213f646502024bd2d08e75763ebb20aaaf1f9302b2056ff44f749e9de
f734c50c9eed63f6f6f2edc00725a6f84a461c9be734cd9fcdaa09fbaff9bf1e2f195ec70948139c5f27150364cac81243aaeec7610ee5f90339dce6385dfff5
08285d4f19f6c2ee70cb55d2de3fd1bc1fb00a47052d4d5eb4fccb541c33c921031f19043a4743b8c29c14de170b1e0868d86741f3a601c9090e03e601d2b4e8
a1a4f211c1fde7478603a60501663012104ff40ec266f7a93b73ecfef89fd701a2b60fba2a01d2dc31f5c3d715f43104b6dd231fcb64d04b66031f6be4a82206
c20ed81f0a3c32aba932ebeae370be0b25e703f533bb54da385d041f79d5d9d7f01cee02dad0f0bbeda5e60263f0cbc8ccfd4324e42808d911082715e72e3ef0
2d90beb526311df1e99844d20ebd1b418d141cda4feb4243cae5f095b5ddcfb44d21204c0352ee404b021ce3fa09e540f82c3feed5c553f2d0e218d0c62724fd
d04e1e3603e113fddf742dfe7dd31507c71ff6d2219b02db36ef1534d3160214d53d281142055f4e6b16340ff326d62c4d5ee61bf1ac0afff366b53cfa4f1bd5
4e18b26fdfe14ad017e939e513c3398cdbdbf217d90822efd3fd081161b8d1043d71970b1c0b3ff30f90f231f5cef2c5d24689170cb0143bcf62dd49bd2edbe4
e2a9241923feb20239a8e918f4adaba2a3553a0fdeec2e4920f809481d05b808580405c80dd00fdbc5e41eeed31d429fdf1338d247f508c6de41fbd608ffd6f8
aa34edfe88000138f2f1411624e933d7d202352502fedfd68122444625cb944218f8d6fc1a276c4a3e87f59a41b3b5201a4fe4dd03f23afa1ce2f8e99cb91351
293a2211e914904efeb9f5c3e29ebeb316b8be5af3ed611b266ab72b2722fdb8e3c3e13a6f5e010ad2fae039dd34f7250abcfce114afea0bec65f80e0aee0b6e
1a0e3622326d153c3cc31f33e00f2e54e1c3f13112ed07d914ec0ec90cbe0e5a23ab07250499c7f5e0c80a30fbe4baf54619e0ae4aca68c545081d7b8f970f16
98eef23c4a51edea1499f939e6c827c6252bbe5555e749063d1cf053cdefdcd41ae232f5f3f22b021e04210955eded0714c7500609d722cfe3a4f8033c36f8fe
5ccaf3f8be2815d01d40d7edf93843ca4908bbb55aa80a861d292706f70ae41f21df49070853d11ef60be9dcbded32ff4848c1621255fad1f3e7dfc4e994ea1c
0246230103e3e02be9f0fc6af11fc5cb100fe6e8d6f713d92f2b47a8fb3cf3eef62ad742cfcfb41b9c5abab745d972ff0d131142f8c742a5b6f691f0afdfc104
ff11c7dd061f16f6fee1251aecec1c3dc7fbe9e0ecbc088a252954d1f14e52e345dfb049d7df8cec151fccfd4c5d0f0e59454929b142b125cb4dff369d0a0910
ccadf41b05fd1d05c9cbd6c5c947ee536b13bd11d7f02b540d1fec1f22679e99d3c8d75101c2f1f5245b1ce71210d9f70bdae3f5ec1fd83dcca236f5bbf21bb4
bccfded00304e154dcab21eeccba175841e3e54dd00b350f9e0d05bf5ad9eab8dce6f534fd7ad2541ed90b3d0565d3e8aefa1ad8cbd246ed0f0007ecef271fff
1569c3612adc440d30f70deef855180636035c101755cae623129542d6e40f27cbd0e6f61ffdb65c0ef3552176c7f610b0e0a311d75206d8acfc263fd4bd3b23
6bcd3bf9ff36f230bbc0b60380272b18fc2275b6bde4519c253b1312e4ffbf141a4d3fddcef94dfe12fed8b50ed7fff120f7b0facd3e079db712116420360b0b
4fe5084abf1bd626e21ddffa31f96935c2b8e1e2445d382c120164c0db11fc2aba05f4c71e34cf456b3ee02e022e14a2b8da9adb5bf0ae07d02cc024db8dcccb
ebf1cfc3c329aff34c29e6ef0a923b0bce381725e3f6322e0d199025320be866e2f9b961300bf2e8edd5fde6c00b5c1d09d534afd1fcef33fc1d3406bac25011
d34861d852459e14dd592b5cd932089d99dfe2232f4c13b12825f60502931ddd1d3f2d01912e334f949be4d56005eaea6ef1350d1de421200c252c2904042f20
e6f106051712d2272ec08c0e4a99e4cde4de0406c367123465ff470cc73af9311e4e9f3e9b0605a828cdb1e1d45c2316b54e04d83a54002ce22e512eb9c651ce
f6022b0cbdc02137a6193f51103f2cd10a2731520edd2b99e22753f52707dcf4dd2df5bdd358393f89b324cd0ca72fbfe958ac46d8db0e1912e7b8a8db68df24
fb8cd51be5f2dce82717175700c7d55d3aba1c1221f91f2b132af608f6eedd343cea9e0fc9a90803e4c3d6e603de15df02bebddd1b702fcbbff111020ad0f915
cd9c44e5f4c4168f151f94d6522d44b21dc3cae9f102a890373ce3c7e9b2080c3809f0eb094ffa3930f231dfe756313bf53a2f12ecd648ae2caafef9a8385e40
c0ac19bb0a2d0ce1c135a522e4a8e1c93cddf7b8efecf9e43bbb0e03f0f861f93adae42163bc18061204a1d1d40d24fac35efb3a2c3cfe4251111bc0efe534cb
bce62223082c5c0a5eb2c32ed558fef2231f65ec0731055c4bf242fbf6d50b2e512e071aa6cfacff10dfaf433313d431599acfee512e47dd2ec1d70fadc556e0
fcd79b1bd4f9d7c6d6e1115626089809fe2bf50ee926e2c24ffaecc2bee0c7eecee1150a61d0aae1d2080046d90a8f38ec01bbc70e53f50c09b038de562fb83e
db0a13f41fd5ed9fda416036154ad63acc14160f41f628759fc1f1014dd830d997f002148e02d3089e42b7389a2b90ec0dffe515e23bd968a2422c369e1e2223
48cccf212feaec16f34eab16e99224064c30190d991c2bcedb0bd6ffb730f552b2ff9d2b91d6fe2342ddf350e7f4dc669be3fc472b1f02fb0f324bd0cc0b4720
f3e92b08cff4fc94f1f9c3205803f81f362a3a1e329a04fa0cd004d69464f2c863bbfc5dec1edcfdb4ddc9e2d739334a095348ee0eb987c6b70f4b1c05d10dc0
53da1dd6d621a129e5c221dcee4db8ff20ca182021e1ef4016310bb8450938bd011915073ae19df219bfc5180ae305f3bfa44de5d90d05472233a0185856f111
0318f0ab185c26641ff9ed0075d70a1b35d34bc3e5308d726eecd303f905294b29594308dd1cb0e9d50eced41471c817f65f3d69bbb9ed3ccd032542f1cd4ea4
fc2a225f26953cea4ec6c30f1d73dbf3d404f3f5f8a4b00ef189fca5ee4c0d260f28fc45ee225bbefdee5cdee800ea54b2de0d320bd2f516c843f81ca0013fc2
ce22121bd3c90fe4aa0afbbdf00a03fbc8e8f09dfcdb06bbcb43d542fe1be0f656bd142a06262cc9bf47d936b7f4f4e1e40deee94926d04a69bd1be52604c2ef
540675fffcfede0e251defd1a7b798b6f8a41e1031db11e2cefa05f03a9a0e28d4c54d2cc846d11b3d72e50cfe9dabf809dea647eb3d8ef81d28d3272712610d
39c3b1d9cce1262361e43e1da5c804070aae6ec205314001fbdbb9cd0e21093defda300921f134fe1231209c0927cb1f6128c6b40104ef1ff6ac0820e303e1e5
e9ccad5222e5b9d90070bea5e8c2ddf5f6629ba4c3f31701f0f6ffdebbc4eae3ad222428b6fbf6feecf6e71579a9d909b8b41efef2fa283cc6f9d70fd4f92dd4
4d03f05f04c5dff7f93f340af70de19df15224a5d0332946e7f92adc5cedb4161fc1a4f82a20b7f3e5241e6f063046fdbd235febc6b00c0e18eaff93490be36b
2217fcde3fe630d968166408d2f9b9f0da262ca6e0390aaad5d442bc1215451b33e5131d13e31a4912eef6a0bc55f7368418c527af0c97c7e7d3b5df5e9006d2
0e180629f610da2939f32c39f5b9ecf06232e69e0931e95f9c42cc2bfa05b3abd406ac49ca110800e9bc4909f99c720cbd0f1017e0ecc9e02421d4fbf2e5c8c1
9d182a4b2443324f973adf1e1d0f5a98c8099ffa57330beaf4f60836e8d3bffbaefbc735f1861c3be330f10f39ddfb0efde9411c7166e8a441e3ffff030ccfd6
a62d0cb6d8143d30b334dedbda36c5d13fdce50c03242368ece217f6d81fb805227c03b54d3f9f0f3e1af28d07c804019feccfb608f9f2149ae208e9f9f8ea66
091641b95ad66e2430cc44a696738513ce4b2c1da550c25ffae89167c8084d17ec63ddf31af66301dc1bb42d55f80f170931240e3ab6e74e13880d4bf7bffd27
f40e07380f40fcbdc9def12011fc4613cce9e1225c11436b063a2b6d6f3dfbb93276231cc41ab0f10fa5a21dd437aee1e6fb2f2e0c0fce0dfcf19d2903e2b8fc
c2d5e8060e46e1e8ca4e173bdcffcffcedfbf2ffd9e5e1b719f0f9bcbf17ef1edb4ae440a8e74817ff1d6fd901315c20e137f7364eed0a97d2b410faec0cdaa7
2215e7e01fc902a3ee5077e9d63553d941301adf06d21c1a3e2123fc1544a5c99be026baf4f1115a74da0c0d6e6002b7f3f41095418632235fe0079e1dbcd7c0
23a9d6d9f65f68406eab02e90e12f417f3fe15ca9cee0c260242060a00d40706fd2dccdccd73a29d1dfa9513e9b96211c90c3ad3e01b071d36cbf30c2dddfb22
f8e52a0fc710dac4c9cc0dde5a1d4e424fb3fbfbcf403a2e0128192bfe13fa09dd04b80224cffe5044fae06dec3ffb6accfac1039833b439153939cbbfe3fb03
03e8d3f80ae65426cb3216e3c11941771f4121ed05fdf13de8c4caa80fdbf213b437b010e371aa1bc2ebfc58e3093aa810ebdd5660f9b213f2ec1854ea54ba01
160618f304cc5ecfd006231026f4fe232502e701123223bfe13e27efe6ff06ece9d3494a0aff43cacece120196de86f8e7bd2866b8d5ffd54a2c4d09339db74f
e8e305232c09f3c82be2f35be605d51008f90b2001d217d90df1e4e2df2b5e0aaafd5f61cffc0b05afca3095d925e93800ecd5489bee9939ed17e72afe0ec7cb
26208bca9cf89d26a2bf652327e4c101d4920b2eeedfd05120c1fab393182103f7a1fdc86bff36dd2dd64dc238f5d220111d29e5dee35a0be02998733af51cf2
0cbfe50304ce092871a4a2588df0aa2ec02e2943d21d4025e11ac0d3ece6381adb21cbb0e33bf8f3e64c5a36f0b0d6ba033a2704b948f00822d7e61dfca1604f
5e2838bb1cde04db00e2c361eae0b301eb26c36635941147b1d203c9e0fabccee4d00a47dad5034a4bf5d20d11dd2437b30bd3d72d182542eefcb9f3bdc72cc5
f2d7ac1003ebf8e5363c0ca437af28faf4f333e4a8fcc3eae12af4040fdaf01b326506fd33ebd2291948072101ce06ded2140b09181b1107c2de68ba6b5fc345
53bb31c21d159d9eaa080b6723c51c59fd210233c91a3935e24a5ff2f02408cae05a0d381b0d17e32c0501adb7ab02172efbe922f81d3f0d071e2e18e307fbec
bbb073ea4d6e07b2c964a597fdd507f301fdd8d4f0e3f9ee011ba32c1ed4fdff290955fdf6c9c1ede0fbfba6adabe8ac501ef999130720cc1be9ef162aeace9d
6a553110d8c569f6ef1420d4ebe016570dacd913150c1cf1cc2857c40ddaf0df0db4016d6db970f1e3f7eb3a0497b51b133bf5375e5017142afbc2e8660c19e3
2501d5cbf0f1f90e2ceedf4a533ac101a4fb293326d55df0094ba1edb2cd10e3cefbfa08f6dd4721e7e44c632ef634fca90ebde322c6db09459b0df1a2fa3cd4
f9efd3234fdfeee7c407b23cde14903ed8185e1ea2de3c62e73edab71412e69fd223362c26ddf2f77334d8d3c94003f8c8f13921232fc6af473bdaeb0c4b02e3
60ed20e4e904ba96b6b6ffa73cc71e3c14460de11212d93c9d162f3ffb1d13f4163ae845d8f763cd2534fff5ebebcf052fd7d15dba399416303d2d0a45f602a2
d1ca5621e5db06fb19ffff23e106feae1bb95735ebb6eaaf0c1a22db522b45b308a42468a42df1b31bf82144a3e604e70dbf316a38ddfaf31df137dec5d11739
040817e8b034c9e237eac4db97f8f4041d0ed8f3ed1af4a634f4240e031d10eaedccd706da0fb30a6d09204c2269ce0600beeeb0a8e260d90fe2076af025e2ff
e7a8bc8d0aff1249caf157172ff9bcad4c41621df3a3f22e32dc91f4df30a66fcb3e085666c689014f40da1657043013f7d53b68f9224e21fef30c682ed4ddf6
140928c2e957bd392da72fdcd3a799c21a531df604ee52db540d3152c215d33034b407f794fb11baddc824ff304a20ff29ff06ddd837c34f9520a8d04ae8e86d
caeb11389b20590805fffd41e6c1d1dc3c0cf0dbda590e0b49def9d825ef26fbe8f61b3d29f1ac2348f6c33908e4ec2d0f922cda25174c0746ffcbc738d1083b
d94608dd5a1d17e7f8df500ddc35af4b5edd07f2a0ccf5a4dddaf015f9eefbf4fb58e7073610fdf5a8b96d04df1d3407430acb4aace5e322e102e40eedfbf220
4fce12f4b401c613c6f71542f3dff4d20e0420e4f8fece3c9b12a3154402fffaffe93b32c1c3e7b8bc862c172c2fae2e96bed15d172fecaaa7a31b664d01c913
0543efe341fcf1c6e507d5fd38edf7df45dc29c90eeef6c64fed500e271225a7e4a64ebba8f0f8ba1d10b0c324ee0db230354f6706ce2b4ca99e22ed235b01ca
dd27fe0fd9e80d0ce6fc4bde227024e2e0600ff9c1282fee3b1156d60bb6a00ae0f69829bf2f18ed2532b8fc5049e748290bfb6406b5e4e01c0cdc31d5a6c122
27a8af1939f7f0d504eec0523b75126cb9e8e115e523b922150902e4f6b2f998f8d0effdb2e72151e84ba4f0f93135c71916995125c31ae1e2a221ca184bb7e6
e5ff1694f79d0de8fe070cf640219af8c045352e70c74aa702f2e7fcff189a1e0c6c2c21a221cbd61d0a063fb3afbdf9d5e4cbf414a9b75e42212904a4f05cf7
1d384931bb06f0bd03ecff40f9eb07df1bf40acd0527b110c4dc2739f5a3a856f020ad430df8e4012d0ddd2afb0d0b382808cb1e28f5153bf26c10f9dcdd3165
ddb42624fe49f52b0fa5e63003ebe20a2a66f10941193d46028c4b32f523f320c01448f4d3f7cb92eefafaa7f7c2291ed0e11f5319404a2b08ee05f6d6c1da08
3294ffb619086af9e4e0f82ef612f83962eed104f1a6d638ea19158d0d6112d3c303b2c03def0cfc00190ecf32d284220ff8110b2e4ac8f04101d1e5dc6adfbd
40e73dfa393b473d0a093ca710149ec15e5570ee36b51d3822c7c5efe5491f433ddb8bcc61b1ea21d29346ef202d9d3deb20eef901babc14b7ca8bf6114513c8
9beb3ab44dcaa594bab0ccbabe39f0a3a1d129c313ff2e75e8d5eafe08f037391b4f03242902d3d0fdb3bbcc5fe618ef24dcb757d9040ba909f9f115b6f5d93d
3142c818fa0cf6f7f73b0ccdb4ef681540ffc0f01504a93505e918d41bb30812e758dc0ae4d3db1233f325ac03b95ff91c33c2eb013228211ddb210d030d27eb
f003e028fbf4cf0c0410dd0bfb14cd7c57e9ee31bb6bc8c84feb211efb1a630de87120c72c3fa090899ceb16b5e1064dd6da3239ed2e33fdbd334a391addf357
dcfabb14eff71dc17db120affdf35811f37999361402d4b1ea07561dfcf5d5f6b240b169f43653c8d7152ee5f2feea519e02da07d8a4443a3cd8ed030d893634
e97fea1adeed07203201d40aabeecd09cc5db605332ce4e1ffc7f118302715913bca151c43dfa2135520d03a99980322b32ac01ce94d37d740f7f3aa1b07b335
a2dfe3faf1f338efde0f02edd664b5d348e404d44f2b893529cd0ecf4526c60beb55e5fd428e172511150301f4e7d4d31244b0504a0b4312d8ef371c32f8c5d2
b1a59f1025e89b18c001eeb21d1ffa29a5081142e5cbf0493cd4a51323ecae2f067002cc5ed6fa2541b41e2aee20bf12fdfaeeb63f0312571e19e03c3e6a379d
a227d8296a18e70a1b2ac130c7cb0c3e0612ded3f8ecd3eafaacdaeae72dd288dff37791e43a08024632da0268d8e968b0a8bd4ba90b1f4031f2e3e2d84b0b8e
f8ff00d410df503eef0816e84a0426d0491e31f0eefe4810fbc5cdbeccfb3b1ffaeedc9826d0323ecf4ff323219a37ecf5d6312dc41097f233fc1ef72b51a4ad
f88d1660bc04e50705a95ff026addb1124e8f413374ee32f18f941e5a948bc54dd2d1ae54ee959e9dd2939a2fb1411f561eae08d1dc4befae4da24433ff8c3da
31fff1c94425dcf6224536e54be5979e04295df516c3f6da0428fbcc164fc8076e4bc9c440eefcf7f3bdf62409ea12339ff4eecd31d1ff52f93842019108f440
570d04fd10f25235dbf50cd500d73cc3213123e6e11819474ff2df6e00fee90ff70dd40ae6c603a1f6aa3320f0eee1ea071e50efb24296d558d6f5e33d0dc817
07529d15c7e111a9e4e2142cc3ce9be11ae9fe0a1f1202ac013efa60f61fe7031b25ab02f2d804302a7bc7f503a1121fedd6e93709f7a10a1517c1baecb0de6b
dfeae8da08f4c8b3cf029923feefb4295c0968fa09b7ff38bf20450634a80ca0f867f70dd1e9b8b11212210c3c12274feb2507c6f1b11627e0080e0a72f0d0df
0cd0a432f6cde5062fd9f577ce1e1028ef2de0d71861e7101c1125dab6f2ba9ef5266c1216d66a9002242bf731a25f58c82808eff3ffe9c745e1f73e4a0a0ab8
d71ea4f4c09f6760eb0ef5e720edbff30de7cab2a0ade215102e910d05f40ff1f7c1d31d45b4e3c808e4d216f4d7110c2b3905542c8daf0a233bbe0899024f70
dd3f25cdccce09214e1e00fda749c86bef118eeb04f01bf130fca722f9feec27ca95b1c65ec840f249f3841249ef36f4f5e2352fd9ebefed2cc824f4363741da
0507bec34514fd910dfed858ff42cd34bc1bef485f2aabeb2eb41dc2f9c035fb49cde0d9290119f4fd140b26b33b30edff1929c51efb3021c4fa8a2532a0fcf0
05ef07e4031bf627e927f2051131c6de12ef5316dfe8253f111f13c1b1092bd4a9e0c346c73602121a5514a6a2a19b133bd68f0ecd5357272e32fc24265ac614
ee0c09f5374be715f604d7fac29caf02cac4fe07e54afe4ffbd93b10144d12a3ec306489fb21f6f22d51dd35e9981243da4003f8cfaa0fa49ddcd9f2bb3f158e
69464dd4b1baf39302db4ce425e347d7c44df1e6cb23c3f13ffedcfd4cdcc66291066aca09182a31f5f3e8e9d4422b0de09717fec4d60a4dc835d818e5cae005
13cd93a8f7411411151e2a58035b32b5b038fcebbeccd4011bd4ef6e210acdf0b5fe48ec1d1afd0acd0a010f93e40be0fb616351d0c1e5e41b023e023f102414
0eb5decd23ed88bee551371b42fe4d0cc9eccbbefcd9fab9c7ef0e26b7eafb6e4934d31be9dfb3f0fd05e042fec111c3b742ec2131d9e9af2fef1efbdcf1ef21
db5054fee4d640e4cf0acdb5fde5920a181fee591fffcb671602f03d6d2422133724cdd1edcc12194f12bfe608cbefbb50c63017fbc321c2ec11e41495fecf27
1803bad8c00b01152eaca9f723f289140bd2e4f1341b1c5ef6c5d1b8e21cae2cff70ad3f2c1f28251f19ef09003ce8cbd61df3ade4cccee64556e6323c0125fe
bccdecfd0d1e4a30d4f6c3d8dbfb1dd7d8d661d3f5f21b143c08de2b03c040d4fde29bb02f9fce2790b11b1a1c384dd7472d8dfc30ee140dc5e8c8efe6914b1e
0107fff421f619b445672abfda1cece04a185035083bfdc32be798e4b5ef18b6dc106cccece2f81ccb0e3e391d25da0424cea6b9b8d52ef93b11f4ce04be3241
d3b001f818cddf1c16648cdbf5e7080bf9f3533ea609aa3831bd2ae177584ce7f0b309f91bcab2fa253b1136af49dd9d27481aa6e1ef11ebe34cfddc2cf49a1b
40ac41ec502703cc5e2d224839e30f27164251bd3edccfce171fd025d0abc45254e0de03bcc84150f2ab07c36cebeedf1803f1f3f969c1ddf2f769bc4142de0c
2918fd2feec614afd73f0aead2a8d836f4ced7d3f426ecf91b38013f080c2e52e5e319eb15c90736f0f9bf0dcbfdedd204bf5ea1e4fd1dc824e8e40de84827e7
1cff25f2ebd82fd80fd6ca33de292afeebbf44eb293d29f810f2dd00291812b0e96f2441d0fddbca2ad31b37eabbdab2fe4a4e3392bdddd1f712da366bebfdb2
fa900e52c525c64d05ed091e15eca92dbe29e92d4beb02e1ff54da2cb60d462feceffe50210146d0c9fd1f2433ed3b29d14935041319fb0f44e41270070de7b7
efd016c631eefc5e4b01fa0fd23cdbf5e3d2933af9d1f0e72f6d49182616f32a47ccf01c6621a3eae929a8d70ef8e0da4504c6eb102001263002f51e2823e8f1
b3b4f20cbbc5e922edfbb0ddeb5bcbe57036e4ffeb42f14c1adc66ec96d31ff6c41cef112bba1f9ce534d80779b0d73815fee616f40923e93606c911112326b3
202ca437f232ed4231abe4c618f926a854ef14f1ec092b78bb6ca1fef63929274f5c40e0e3e32fd462ce213db508262af7d15d8e012de109493041bfd0fdfeee
000f8c27cbf13437580bcc5e3b44e2eded1405d94b07dc38dd200608e7f00b1a3a0bd2d2cbc926dbb90232409f19ff16ec9b26fbe205edfbd18b1ebb30060a1c
065026d819a6ac4a3a19d6b301ebeb13fadd8a1e0f1731caa8d32034041eddfd2debe15630cf12a2e9eed300ee688aa037e3e717fb4397b4ce1c65f0d10d989f
33eae3ecc37af8d95e0db5e4fac02cccadf6281a0a07f1519d0fec24b5ca1fe447bae4b706efc3ff2c091359f3b216ab4aeceec43dc3c70164d2b3a833d75e52
d9f3d5270cacddea2dbd39048dbe5cd61ec1eb653fffdb0340ce391aeeeb90d407191d39e509141dc61072e1ede53334720930e8fccaf7d811b3def3bf1b31bc
09320dd42e0eeed442dffb3cf9c61d0ee221081dc8713135c3c31a6fb40ac005390de634491145bff4bbe0cf123345c2ad064c9df5cdfbc9fc30cdf3178ebdbe
cb12da35c1f11dff1f1658a9ff66bd53b9071be1c4edd8e5f75c0a4602381bb834fdf21656c90248721dfb0de3273d33df0b200525f548d91bb53310c70c2954
2f0dda5fd54af639c6180b2918e8142a231f0ff90fd5fdced937aa9736b5b42058039906bae0120f3d1d1c08eef60eff56db5a02037f029e5838ee1b15b41a33
ccc910ab1028eec0d6ec1b1929ecb3d7042f4cf54e4418d1dfffefe8cdae1607c0ff3fdafc1950360305f3a8204b244712093039e0b140c72bca42da4e390d15
4bb429f1e2e921a9fa1453d64d142a390a8d07afde0a1cfc03bc01be2f05df1236eb09e962cbafc8ffb21324b307fde5ca1da9c1babbcbdae214d323960dd925
d43027f805e2ebd143245f23400bfff2e36bc418d5a1b7c623035cab2e13e2cbd56224efe66d2626c845de2143fd0922db242bb2f2f351143e0733de8c61e636
57a737d1e527854e54e55a3a2d7406ec12fde7c8c08443ff1811c6f4bdf3ad51fd202fecded7fc15290a17d6fae62d6ac1caae9d2fab543df025d54c30ea0cdf
f92ba5fd35db2a0aff52a01fc332e7cfcc08949ebb0a2320ecd0e2f12f05eda20c3ba412f8c826023aeffa0e5fd792fc252eaa0b19475f172b2212d6f5dcbded
33ded51bc6465aed2605fb1ccef4d808292de8a3c90b2ae11c14075f0d0a4c1e3143c65ae3e008b5cbb7e826f3f418ac16f531155637afe2c7ebd007dcf8e341
9ce2fc021b07051d4ce90c2c06ad8e4a2d41410bd6bcfe28d89de6a1282bf0defa062813e7fc18cfc92b27d7070152d5350cfe1e190c11291711e83ea3ddb519
abd9d43815e4f52afe47a57116311fda2655ed034ad81d328c14141ef61904d30cd9ac3cf2381454940e53faf40aed28181fb81ad701ff092a20121c2f0fb538
f5f5f72ed70c04dade564b7c29f8f5c3153d480634d9cdded80717fa420d459b54050d08533995be0506dae11bdcfdaac923bfb7fee2dd36379dd8c1c4e1f02b
bf0df6cc21f6a0313b1307f9043d32caa9e40515d243ab51ebf0a4b52b4aff0ed7c00660ee4326ee2ddf3dc507dae517e450f2d3094916364cab451514d63d4d
13568729220d4f1518db17b42f45fdb530574cf85047542bfeea499b0a183788f344bbf0d1c7901ed2ed3b6149af0d39500b2fff46e63536f6201ef8da701514
9febf047e4b301d90f52fe4ab8120ee52aff51f30c01bd62f408eff2d6c92d220123f4e3281f27a1e5e4601130b30713532614f2fe339af1f9fa9f2ef00dd398
b33d3501f9fe5bcd1accd507d533c600e79a30e5fd92e6d91808fdaf0fe51efde921c1041ec0f0ec0d5649374f270c47b1cd27c925d89bd2c114adf85271db06
8f03340f0d1a491013167247af2e34eb209d2e16d00d248a61d3b3b4f0105594bdf233c6d9dcdfea334409480b30050e2455af1705e45a2754d030ded550b9c0
3fe03025cbda042d9ef4d1a1640225356f04e5caeee016171bb1a6f7cfca4d4cb68fca0ddd1004e50505b18cc8ffa025a7b912b9bcc8b79c170d229eed03e105
4e9c382a95c2b661ab29cee11eaed6b4cd01174f70d4c2a5ef58fe415811f76508e32755b1df3047241e9f3f37fcbff83722a4cae00fda10d9d3310c9c53f0bd
40eae2ef07f1fc351f53f6342407eff0bf98c6a04963eae3f041dfc2322be50101100cb4e518f1dcc0fe9ef2052a28bb5af4eba53a5dfde0b20e3432a8f0c503
ef05364c5e294afeb29a30bef333f6d95c5619e65825fd902b0d31a6ebe0c621dcba34a4e22ad3fd11ebc1a95b5810fd38f2f2ee7647e7d3f8e713f6d6e5a26b
f7d8e6dce61ff0ea0f4c3211c7044a2df54225c801a330db2a0b21caadc6e7c2f118985e4606b46242dbef9ee803a51ae00efc47b0ef3b0fca069babe01deb33
fd03059c53a4452021ec4ac83c26dcd5e20b2236fcbacaeef638c403f01cf7c252100530c8324617fff80e05b30e32d0c0fee4fcbbedfde8ede02604adcb2d01
e0051220ace0d3680b2b59de62eae82847b2224ac64b0212df07fe0415fac9e41ef4984a6b0103120691e22f0d6e4fc94326f6b1dec3dc01111def03e72ffd29
98b5312fff363d2335f94f38f50c55cf09d6fdc42509c13a03ed9f0f7010d111cdf734febf46d4ff32f0d217ef20b034dc04decf35dd575527cdf21ae75134e7
ec5abeff170802ed1cf31c1f2742cff747f25ad70c21f009f6f79e9919d1d3a6f9fccaff369610afe2ee59e38ad7e53cc30bdf9fba06ad1954271bbef0c8bed8
ece4110c24ef011da1b80294dd1daf272969bc1dc614ca5a2f06e30e2fd4a23721d02dc560294ea9153ca5f2263445acecbbcbaeba24ebde20fa1a6b4cc7c709
306ff928d6f33292dd54dbfdc6052f0be2d897ffc014c00545eef324bad6614c1fd23d270f2637df25b5a9d8e3dfb568c013ff1d1553fa0fe79bcbd6f007a1c7
d1302835e00ffcf53cd2a8ea516916ea582dc701e6fbb6bef0c23cd2f61440dfc09f152c360e202a01d3c3a80c324e0e56e908120e5d58f3e0f9f517edcb2e03
32f1187327fccc48b10b1511d34b3f1f3cdedac048bd1c46c313b9a724690b13cc1c2ff5053e3c4d2ee2f8243af0d752f310c45c3b165bfdd9d3b6f4c3353ad0
1ffdf91e493301bcbc362ffdefb94344ea2539ad3acdf916e0b542ef618f105f1b0ceb0e99b70a034e42f5ae20be4445bce6d75c060f0616f4bb0af0b7eeeda5
c6d8dcf8284d110fdbe4a19ff2de25581c07fd422a0d3dd799df6dd61e0552d41e29514b4f67e84920af257047210663e2bf49e014e0280d15143d4644f743f9
9514aac20029eabc030211fcb8bf1eb915c9caf5303d33bf57bf1a28dd3a0306eeecb7d70c453f0609052fa7bc208710fac91e0df23ac0d13952bc18d8027a39
c726d0215b31f4d7aa6a46a153120c5a16d7f42b05bed12b722ea783fdb0c802d60bc409b1162a27fa5c1f5cdd6a05e250dd025d012013c5ca9fd0224fef47c3
27e1da5ce5f7ddc3b511a5d12fdf243d67bd37d3e659d21f0407e622952514fece33c91bacd3656f3be6ef25a7b9d9073d3e03f4baf1f1d70ae8cf1dc4b40df3
dbe1d1cd180ea5fa885ce9eb45ebcb04338e25c9ae279332cbed1afd32d9df409a05c0dc2de5161a1405d426f60562238719860eedc33850c509cfacc5f507d0
64e681d913955304010ba60b875dcd5947f7da03e1db280c2daa99290c3540b5d15817c624ddfcaec521e703ffb00f21dbdef5ecfbd1a70858190cf546be22e4
bbf4c4df2bf942e6f64141c4d6094ebd67087fc62bf130b9bdf31e232ca0212f9bf963ebeff74803d6fb5aed1a0a02e3caed060deede99f9fdfdf1bbb61e18d2
4f0312d5dbef53a70aed05ecc24fda4416df15f51613300629303dc5fe3301e65dbd2806b9f4522063ea0e29230838f02808cd01c31109f9f54eedb76834b41c
dba6c3aefb2730c544073ce820692afcce2bceb7eeeeeae4f5eedade1f25ea303c4121ce221331c1f624f7c8505801a3f82423c4e9f3041634fb99200d540d04
cba815602215191ee040d6d6960a98251deaab0b54f6e519dc0eede1ab1ad543f9d1ce2ba4d0474b9eb330c719e0e915fb162214f31ab767d8f628ab28f5c71c
13f55d2093e1d1182eebf45910e1fe3b1d33c510f768e63df1f0b7c1053b0bd90003f2e9190af9c91306b11110b4b7a055f722d559e6e313a0370df4db05ffec
ee2a009641246c1c0319fb17f92b1f291765c3d064f7be3ef0bd09061bfbf818fd0a28eae911b5472cecfdeb4195ddc62150d9c6f738e61a244751d6dc01b2ac
eefdbe2e53cf37e127d0ecd809e861c5ddd0bef5e8aae4aa1cec049c1cabfdc5451be8ffdb27bbfd1dfbb6d8c9fe9d2acf17cd1dd41eefd5d44f0ef68731f75e
e6f69974aa01e46d17f4dac720c0fdd23173de0a6e698eeadf1e151fac0fb3be53b6a300c20906531bb7f7c854e84d8a24d03d40efb14623c60dac3c0830e7ce
c2e52c19a930eb2bdfdbf6fc01ce92399f4511fd69324814070a3cf8d20afdf103fdf2ef152ad21714d0c708bcfd721e381c01cfe0dc4be10402132c0531502f
8ce51cf9562d9a1125c0d6f4e74ac60d16ff171be5db1d131f322cb803e3303f9ef7f3bca6f86e13ed5f089147a90666f3fdfbcc0dc2eecaf5f9ff3300ed9c08
c9dfa4ad0e04f1dede312f343d0d0ee418b01b6e98393964204f0c2ad6fa117a47e1f2c6242241561f541c5e513044576be6ef38e0a9a112e8110b01f5295fb7
eb19082bf20abfbca230df0dbed21d945b303bf0ec9eefe3e18e0f9802a442e11df31c02e9132901aa08b93603f361f1daffe73c2a4effd8dc08ef461904a433
fc70d00e3c10bd150bf0fc4612f7ea2dfdfe4e82fbfc03c815eb6021fcfc2dd20af151d53d12c4f0dfd7c3f8f5941302c9f617b50a02cdaab9fa783621cbbfd7
015132f1fb01ddcff1b1f831fa88844af8422218311d660ba4f3a42a20bf12fd324df41c1be8a7f51311feec14220a521bd332a5c82948626323d0c0445ac560
4d0068f5d138a0bbe9c3d8952c3324a1f86610edf2f8f83fe710ce18ac500dcb34121afa3b1698c32b33ac01dd2cf62de07112d3199a373f174c32f748e55d36
a7dffa1245a1c1e2fec41f4200bd533807f2569b5acab36ed4b01b15066af45d9fcafab35bd8e3fdea4120d42e0dc132afc5efe9f234da5a2520a8a221bf1177
2f0c24dff2120115f7d3ddfb10522a390ec23bf4d1f15c6e11dc76dae5bdddc8633be2abf9b12b5f22c61cd1a23b0f5ba4ec2f3c0e0131111b0c09b2c5fd2fd0
fad51a1a17a2fae9d4ddec1941fb01364f2045be36e9dfcb0012572739e962e9fe469d183374bbf9d01f62200de4e03b17f8d629b9f641ef1dfe2972e7ce01e8
a70c7cd6233999141b1ef881dc35d25bc8160300e91225f216aadd57cc2c2ccb0baac935fe2a050f030caae9fe224de5c540b7f73328b5303d6db8c2b805e935
2e3710e14d1610184a6d44270b2ff8bb1098e5d419368dde71a76253b0ffb55717f9e9cfdab44ac41c8b213803431a2bccc2f101635ae124d800cbce414aef9b
2cdbede4deefef38d151b4e804def24cfff80ae50ac40464fa0d5aede89cf4dfdf0a47a9bd31d645f81538d0f7ef2f0a40700123fe00baf3fa47d599a636f828
af21aa4aec8ffab20e2d20e615700b102ca5fbd0c615e3c7d6d219d30e8a0a14eed1a9e3fca9530833352ce22b4a33b50f4628bb40041dccf5f7d147bf1c2610
2fb366d901e125e22ceafac54e1615fff5d2ffdceab3b7adbafc3bcabc33148de3b1caef15e0110120f0fc0814090ac6072753aa5fd0fb31e365b2f8129fcd29
0bf1101015f12e16b43dde0ee62de3d4c1c7fd3bed3f15c911e1de33f9f92b09200a0a05be65e9de40f922f4681ff31b02e7bc3e462848d43db956283da2a0e9
0ff84d022ab30a09d1d7ef182db108f677eb3f52afcac65e1025d8c807fda2c8fae0dca81b100b51fba5fdd60cae0aeb153ec7ef145b122699308c5efbeff113
a0f3dea3369c1ae62cfa2e4fe41fdc3cf101e6fb04c4c0062fc91c11be39e02ffa4b02c7eaf81520d1eebea20439b9f3d5e83c40c9aa37b0121bfef865edb6cd
ab9506fa29a6cf8f483d79aa90c01bdddedcd85236da7fe2dc33c845a2bf6802e302f58bfe8a0851bd15a6d704de393b050c3500a8161a0628221c8bd7b000ca
42ff0cbc0e12b61712c83ce2e6a8d014124ed6229c16db16b71a0bffd64fff363c64f4e2c1d5c1e9acb1fb2df201080f051544f05bca6e18fa06761efb01131a
e9d442cc03e75010aa016818e900d3a0a9000d35fa01f9ef020cdfc139e6cacb3ee5d9e8efac65e7baf5f92645fad8a9140713d6aed3f443e853f620eff514c8
e52f2add0ef3b8105b53359d10f2b809a8f70208d74021f4e31a1c3cdee34f52036b8ce7cd12fdeaf44cfda12b28cb4697d76c02f35ef76dd74cdfc6d5ffd803
f634192afdd65815111cfed754c626365742aa4b363429d1e80817eda31ab5e7f2dd25d4cd01ce422914d4344dd5d1234015ec18ee1d05adfc5e5205b414fa02
3ea50b3df8edf0c9dd95b8c8f9e0f41563b73126014cbf0407d7e7050ef61ecbfcfac0ffd3f60f91ce0916ec2adfb028473716c7157b51ddb9fb0543a1d94b19
e1edecbe25942b5dde1eea3495ac2e11b4bc15e834ccee5e47e8d48762e0cdf4facecc40dbe69e72071f56cddfd35eb7ac03142c4b260710152c34d3bc4c634a
06540e0135334331debc00124fb82d2c08fe12c46aec1249ffe25ef709660dbdee1607fcb2a5f40530f4faeb23fa0498d0d85028b9a910fce163ff0df9ecbecf
1ca8f9023dfc4f0423c8dfc5c5100d85dc1c3bff1f01040903cef0093db79bfe254239023123d9e0300335e1db4cb3e20244be48c43a33d10bfbd8393bdebc57
4c13f9a74723fd2c2c37eaafedcc2d71f8fe26b4150425333dfb2b0a23c9b3eef9570e9ec516cb342cb6cbe5394eb93be309d94daf5d3ad4371056b0dc0228eb
eebccbc50f315549391221ef4cd528c2193e041ec210a3004f9f43304108c41b209a29ef4beeb0f0e9e0eff0f8ac6ab8ac0a211048e529e53442f4ea68e1c1df
fdc9bc104de1c325d8f2b8ee8c08c5e79f0af6a2d3dad56de5b3f70adbf7d88e592eff42b2fd96d51fd9ea8db630e3ffbcdb0b47f219eeecf056c40624d9469c
34c1d4babf4ef3f80ad29cc31c0beded262318b21bbbf6fe1bdafeeeec3dfb1d0837429027715e276318c712bbb5f50cc8bcee08c0a51dd1cceee2b63938bdc8
e1161711984e05a31102412802df49b7dae9e10206fae2b5c0cbe10f8a16a10b6f25f947f91d25cd2ebc08af6251cd5f33cbf468d77240540d1a37ce3d570bc0
4ea1c0252efc2dd8971cc9623d0d041efb6b1aef2d22a1c434d6f43ffd3dfdfecd0a07f02b39f9c9ceb22bea5eb8de260c153a0903143920b8f9f1fb9ee41cdf
24dbd36e8df250fd336d31e5269403b1ff592816430bf495f5e6320391fee96a10343914d8c2011a0506fed4420bd25edc8b0d44d81223fdf206ed26ba4800d8
e5e0ff2efd082c2406f4c824ff0bfffe2a6db6052299d35b11fde2c4d0f4daebf8c6fa725561201a3e15d0ebb5371dfb9ee942293b2c6051da30fbf8ede6c5f5
1d0e42f69dfe4adaee4a39d35100efe1059d030ee9d90a8d2078d8e1d0743bcb3158c4340234c5e865904cc554a406122ce4d607bd68d7d0281be47802ce1f04
fc0efbbecc1a16ce25dac7ceb8c305bbfda9ee3d0a36171cb320b7f5eaf8ecd7d65e42e0f402e0b9da0af7b005ce1ff907f1e6ddeaadfd37efb30b5f0bd16ec6
fcd7d45af5e657cbbf9507f9a747332ee52cfe390d02fef50637f76132d4f39514c9df20f3d93fdb29b7e152dff4139c0bbbfcfa5aec082a10feb0d4bfb11592
07f50deea7c0f71e0bb3f3d025e756f3051009b448d42ee008f6064cc0c42aed2f9fd5decce89b939267dbd72bedf00922db7bf6285043c6283b4901d411baf7
eef31bfce1a63bf09bf8fc2104e9055cb6553abb0a29f0d32204f915b2d9e0bf27fc4a111001492d11f3e3e619f7f11ce5f7e3df64df07ea48ed3daf781e0013
b7fd590efa86e2d5dfc7e41cfbe91113cc4ec01950d0f431051431dea3f99ed02e3091d219fc00414a2addfb30fbbc4106d04129e8c53dcc1f57ce2a40f172c1
fbbd5849f296459923bf732a3525fbb833a8e9c821111bf1b8654ed8fc0ff2a0bffa29e8e57a291deaf207ccfe9eb2ee2726ff54cd0643f45125f818d199f2ee
d3131adbfff648c6b7351cdffdf7b0e7c7ea3c3ff8d8e1114758c54ec22d99401bd43cb8e4fc24ed9f043f1ae615fbd44c29a7ed10c90051043eefda3da7cdbd
db3c9fc4b514660df0bf53e71b0b0b55fc50f02ad5d4182ad53102c9a7631c305a51eee819e8e9d8f3cee037e92a6d0eea9d34d70b0e1de1142117e4fd0423b3
c7f75fea4fb50520d2f99226f0fbebf8cc7d6119fa2537164c16f21cdae3146438038b309b33da0ce0061fd9fddce3ef0a2310b415afb3249826daf7c58c17db
baf6f12fdaa97b2c59e8d730e4b1b8fb0822f43ac4e2c32f0e28021965fef4bc00f717ba9a1c47338aede3e749eff9b862e5cd4001dc971f58a1d134b23d615a
3d1441234b1eee44f1f8032ff445da0fc942abfb1331dfccf7f019b822f351be8944b03ccffaaaebe0d5d60badeae24d16b3b8042b020c16e927d40796e6c7c9
bfd4f1d920032c4d57f90efee4e9fe6e3bf8591114f6f604b1d224ea0d04361fee0ff61ca6b7bf2d433a1c56c4f92ade0be9e82fec385eafcaf81febf30434f8
a3cd0805ecf9ca4b35df4eddf9d9210b4cb41ac85508d6fffce9cde5b502c23844e51d5699b3b9530e43f6bcd64ac7eb02262ce6ccebb1feb6d0a60dd428d4d3
29263fd7e68dfddf542740f111e1d3ebda05b0194549e1d6f1d61b1ed6ce177cf028d50806e3ddaf738e3f2de3e6a0a8c64ee312340dd513e33e272232f4f9d8
f9d313de0b081d3a670266ad3819370971161fb41ad93b2c34e9f3fcf0d7a50b52400b00f420400621cdfc16e4e2e108ec1814261abbd3f8cf3f4fd51d1d2dfa
b34716076524fdf309202d2b24fdcfec5cd00adaf81731098cf0a6f1e4dcd9e8e81e21fbec23b6d9e3124628b2afde14cc2d4f131d02faf52928d002cbc517a6
014962c2d7e1ece107c53119ce2feb0219405dfcd2c056f770c469d5fdced60bf205f41fd0cff036d1aecd0d97f5e00b4c4ccbcfdf63e3044f471fb9f6af18f0
4ef4f12d1ff0c922ea15da86c50110cde40ec8a1053f0117e9fbcdc3d60cf904362ca909253fd3d83d1cb0f3df6e17afdfd60fd5fc6c09fe58fb5ce8127704ee
2dffc7f58acec9eeb5b4ed3ef12ec737ffefccba199d744bf0b71eff0a0a015377291002df439e1645d73ce4bdb8cef4539f3018e2e21223fd164c0d865b45e8
e3c227ccb75e60f3ff2bec1d4935d3c218def21313b1c32950f0f49d2148fff0942abaf53f3a0ed6d644bfb1acd3e061f82d21bf0bdc3a3cbf1faa0421e4c939
d3011ab00d1dd9e10331555424ecfb5e191e0fe79f70cddbab36ead520042055c324122ef7f1fc3722e41bc4feb6cff0f036ef0df5e648dada4f26b3ed0bf3cc
d723b20dfe1a03fa52cf9f01f8f2b1fe1928f913e71f0a121bf1c1eb72f8c5461c8f1b2dcba406231c0d4c17d1d04214429a3ff310dcd4c4a75299fa479ed128
dc2e1a070d06e8cbda33040cbcf6ddb3ce235df506f5533fe5ffebbc2407e9a206e833ddb2c81cb73fe5c51b01e5a9aab7f327040bd31ad927dd593294c915f4
d714f00df149d90ddabaeb015ed2ea0006323db23d11a1dd076009ac0ac80b6529e611cf77df04f134ed1dda04c7bdb31c10084046db2ec715cc49f4011d20ea
21de02f98d4906f50fd80c46e1d64155b9c1a60c191adcfb08eb4be8782dbfed36f1bfd04fba0ccc4112be2afe2af8e7ff554335ffacedd91846d6edfd444422
34fe35f82197ede106cb06e8f147edfc3511f72eebdbf8deacb298076f9155535ce2d9e5202b101430f60868e50fbef60d2ad5ec4ec4403603574725f2dad14c
d4d70446e2b4fe69da2719ccf4253a0c3d1232473456dba811f70f3b41015aa14730d2a4e2fb08a0ff553e04b01441601d022527f1d90b12d6420fd729c7b036
213a6ea762233aae15a4cb58381beeb8cb5a5b16bddaf9f8d2ddd624982d070609a2a902209de028c7c6cad0fdc3c8eaf9fdcbebef371a06c6195106c7080995
41fce4156a4720092b3bf6d4ff0d28ce13c0fdb049dffe332ce957d310de0ac6b441bcd2d33f7302d709e3e3bd03f3f0cefaf0dd10053718b6ced21e0449470d
c4f518fe3e56fa0e03eaf3ffd931102ae39ffa9e3db0961d143c01fedcb65c9eddd4d1ece2fa10aa49643503bff895b05902dce6fe54174623c5b34dd8d36af7
cbe55a4db349ccc6100ce6d9c83ef1ec0229f712545e1ebffbfd2b1407fd38ee18270b19243fe1a9e3fc03422a404e1dfc30170eefc369f2d7115c2ee6f525de
0e21bc222b170216ae2739ea354bc15fb24ccdf7d7f8b8183a1ec402cf37559dd9ef9c8fbc2ef418fdf4d3efa7301f5d04f3afab0ef108132b0d202c0f2221a3
fc12a04d1aaaf2d4f51e1d265bdd52c302e32aef16e39ddc72d949d1d12336e5f107142cd708e8481bc3d8bbc1ceebdc06f2b935564ca5b58123bd3212c324f7
d44c0e12fdb7ede214b1a858a94b0117f5fb3e00fb34da4c21feb7e2cf1bb1b25f05fb4dfff3fd2fe960db69acce2d16e8ab602af0b1a31d06ebe2f23de548dc
13fffca4f1ff2d06e5cb571305dfe8df2e16abcee81290cee61bfe261cf6d5140afaec45e336623d29ea13511d21e11932f21a26b6cb05cd28cc4893ebf1ccc1
4d9cc2f0d49cf00a8deacba92fb754201e0354161915e11cc3c8222af11cd9d8def0fffde3f73a13dd39167d01dd4adacd5e1cff08379c0e90f2a6133be0c013
df62e0b0deb8d244241b5008932f0df0bab327d0a83009b9bc25f3def00ebdfdcbbc3fdce1fa9da1de10c049f30ff9df48e20715c8dbde25dc2b365d0224cf65
d900160d319e250543e111eaf13ce442e9d6eb3908d263edb4cc3ac6b5fe06d7ef243130f0f34bdff13248c9cbed1b04310885c1f24901cc30bf4b5415efc9d8
0f6a26002df3e6550431312c9413ccc0503fa7d1fccf0b4b16e8069bfae7e7fef31bfdb3d243defeb3a40ff8f62ef462edd4e50109a4281f133718fae746ce02
2f1dbf126701e614cf21b68e13451831e2f1fbcb1dfb10cf12aa423926d0d12a4217fa0a236604fca139aa1a37f9ead9d3fbe161022464ed32e0eacf184de7d0
4a292844f25b33a408d73d37d82b68962d440cc3d9fc33f833d90302fcfb19f31a2cfdc013c572346edc08280d016c0421083231ebde00ece1122e0b2ab8f1fc
3ea3ee1a0cc0160dfe41e3fa4a039956185ff5cf54f04e6917a30ee8011e47a9cf1a4fd88d3617144d0fc1f7e5ad4ad413e566e6babcee2417086504fe2a22d6
e5efd80efaeec6e112f68ce6f54315ecef695315e7e5cfead01ef65512f135ac3226362203b49a08df3a0624d7f2bc09cd0f427925e80cf65834f71c9c0307ee
5b9c1e100cd0f05d990a140a4be816c1d7459412c17ad230bdfa9b26621cee373866030a3d02340bac09eada059ea017f7e5d09022e9100af20a210c36c70b0f
e3b7ffde14540403c268ecadbfdd33104f5c37ebceaafcd4222ae2c4e03efbedc3bf32612cfe10e639d90707e732c7c9f03e30fdfb4740a843fb380caddd3265
f7bef10030d8fb00ea3fc0ede5fb5125d1cde2fa0fde1ce630c1e90d4e1634efe150a23a6416a31fca1ecd2ee03b3fbdc659212df89c23052bd5f74a181e3436
ccd5c652e5040524d20ae8e40cc0dce0d2cd06ed35f916e0e1ae690d98ccd4c9bf26f1a32e070c284aaadd5ee90a1e1c3642f4fcf20c0f6cf8fb2d42f3fd02e6
3c650f09fc5b050ee5181640e0454a3be54b0029340625f4e5c22811a9dc48eb0d4afa1d6b47ceee44e9a96ef5e5273ff7d2f2491ffd2421a5f875ffd797fb23
4a27f82e081b67d2024d43de58e0d90b6df2d997d6d53226a10cfcfecdd42dd14c5ce4fbbd24ece60933c00961cef99933ba1d07ea370efb0d9e21094d853d2f
31025c3c090b0412ecf1fa3907d02146163e23b882621f442df80eeafcb85e38203ef96140b4451c36164f0ab9e5d5b4be331bec2c342fc5c3f70ace3d1f6baf
f05cead34209036793d4fd0e3a1ab4df585fb5e1141128ef10f042311d2c2fc9ecf2d438c9dad838c302d0b4f7143101bcd405c5feeac61ac4fecff10f00ea0b
ea470629f90047fa08182be86529c709e5d8f911fb2fbf4b10cb45b730e22a1618eafe05fd03b6c235dbe7e4660de56a0c200bc4d1bdf7d01c3c02195478c829
f1d3efec19bbd22504f35eff33e1e993e008f15348e6a120f4ec220c16f8f6d2a95955a4c113b5f614da561ae3f6d99bf42cd9d725542bfd6969cff7e33dbcb2
77091bfaec2841b8a6a5370526f8f61aa40c09fe2905110d74c03709bbe7d4d02410f9b2f222570708c1233dc8cac0a1a3edebea59b3556234660ede16d15ae6
d54dce020f142717b50310170ee107a03de3f6fbb6cf4667cdfe143e0fad4e07c62556d8aaf8a9636c3d22e942f5c34df8db20cdebec35f72ec41c180915a7d4
262cf8fbfd6731ef05b729db14ed20f4efd3a2022adbeab3fa3c1002acf259d8eff3a51bb1f9d32922e82a0401be04a7e8f5b6baeec4b6fb1efdb3485328d631
1fa4253c3ad650c4af2f22c6b91824f4e6fdc012cd4a5ce7c70fe24aef01f0f8fff9d81c4e220cc8f6f9984549c3e32fc2d5fbda151915e83dfe1ed420290c55
9530f6196218185931a80d721d0b1b19aa094634e20bf6d112c2d62ff5ff20dce6f6ebdb95cef63218fc64324afb2cc330feca4225c2b51fa51eccd0cc143326
5e140b1bcbe5e6472b0a21fa1321fef8045637c447391a264fe05fda02f8c55c233ee8dc47f406b491fb63e916e4e25e061e29e9aed7b2ff0896bcfefb2d18ed
e2d309da31666dc5dd08e31e3bfe2c21c567df062ff2e3e047ccc70432edce533fd8e3ba0a1716fd4bbb67060e43d1e92059640afe035be03e1af51303eacce0
f252101909addcfeba0c6b0a344bf5f11eea0fd75bfd245e18acfce82fc1dff50edb08a00553c12c07cff041f999072806165113bd19d71216d003c6f00af217
26d61ff7ec195cc102c8225523dd3609f343d41f9ccbe5ab43d3e8eee4f3eb2eccebc42cc9dade31cae525fb0f49445b7e1129e76a0cdf58d1f819fcfe9841fd
f7bdf755d609d3bc0830bef4fddffe08a8296be3a8b6c6e726fa16131fe4e9a605e92943f902fd4a5beacbf1ec301b99d208ffbc2cb031aeb2ebdfe2e610fee9
4a2258f8ecc0fa6bc7e8c4acc8e7dae035f898d296b03be09fa806fb9b23e0e9c348d849064b13d96632293ce1f0f9573122d2d3f92af1f8d215a8bbdb47f8bd
efbc13e4e9174d42d2dffe3708faf6a71fd5e15cbdd8d7080f2937de062106f8dcfdba1dedfb1321f7352c05a4ae0552ba0de81e484f30fedf5bb005e8e840e0
25edd3001a25eea350cf4b16af349512e93c12c1dd23f48e39f3d3e0acdef162091960cb38a93bd7d20ee9d1d80811e441f3df0a19da33162bd22d373eeb63e9
cf574234e0c33ce2f6ed4d480ded9e33173bf4c553186444d8322dcc18fae6cbd7f0079929f205161a17eb1f4955e802abe8c1f8db10074f1ed3b62e250523b6
d411301dd81fc523d4c93daa9f2c57c90f424429e3112b2f36edc0fbd3050a0427fcd038f1221a2ec5bacfbcf8c04c3e03a9fdf6ad54a093ddeff56ed6dbf0fb
47c7d7c7fed4fdbb10df01df3eaf15f22bc2135922572b0fd625c90a45c6dc13b7f0232c1e1910a84dafdfd922dd65c41eb805f3fac60e2f8c8e0dd2a8c7d216
e414b2572506ff08eb3e1ae1d024310ef1d6203bdaedcff4b01f123c54ea2d531431c7e626f3d707023e1423cbfa1f51c52d04b932225fee0512cd37afe845d6
e5222d9b1cfa03bfe90c64d62d07531cc315ef08f3a754d81618ad14f43c11a105d80c3d692bc72154c2f33ab50debd92c1ed2cff7e3f9183d52b91d0cd92107
59fa529fe8202b07b9fffac8d204ca1029e90fa8b70f43441525abfba1fcdd1bdcb2d0e720e451fca80d28df19f11ff261f12ffc1c5cd3d240c63221229c4789
ff9b11bdb81f19374a4107abec14c4f319565e284008c9fdf3bd31bd00dab0f829b9050f2fe9c8d1d3bcc6f26ae9e6892de30f150602120bd0e3ab3114c1fa4f
df49cc4c28fec3fbb383e1dc3216403b495d3a04c8e5efde43b50f5ad7f735fef120376fbed00cd3dbcd45c8e91818f6fff30bb35ec63ccec3d148faede9c317
f3d504f122f22cdc3438def02b0d35303ab70a070650c42404c544d3bb1bd4d7311aec1721b411ba38ceb84439daf7d5fc35223430fbf8bfa39ff7ee38f455b5
0725a62533283b3008c7e951b147fddb5f4016e203bc0caf3dbfea26cd0a0ef8ef17f6f5afde550859f70bf8ffff3dfd44317af7ea77a6cd1d6ae15f571afc4b
450a2db3fead2f10320a2ddb5228bdf32fade3df11d7e6f111c55160e7baa731534a93bf4aeefb08e750da0babf9dfe4ab2a2a193a1ee2e7affb44d745e6340e
e3bbf2110c1261444059053fdae3df19d0adce21fbe7f2e9fd67ebbbc578460aec1f25fb71f7e9081b8f02ef93a70d1de3ec4b21fa3cd6f63dfea1f71af5b2aa
c00f0dedebf504e0d4e9505b3fa917bcdcdafd3350d9499f5753a9fecb3329ba4e1b69b4fc22b959623904b66c6554ecd0e1903accc7b92e6cbc11366ed81410
180bddb20444f0020b9170591dce07ffa232bafdb1ecf90d1901cbcbbc412609ba461e2519f72204a213fbdafe2606b814fe16d3b637de9bde2a09e093f7192a
fff9f7ddf2132145075c0d2733ffb3f323e52913ac55fb1d04c830a703b92c20e6f2090d2800b2b32bae8d85a0e7f8f74e300103508f48f3c8f7ef1d3cbe306f
2cf61426f2ae5a67d799186efa04a82008221773fbf6fd201ff6b3fff7f4adcaf0f5c3b719ffc7e3021fd31cd2e4fcf103f82105cbb4050617c7152c04bfd094
07d75daef691f0061a9cd9e1fdd42005edc830c9373838040ebef71835abe2bfdee4f0ffc5092b365ed7a2becf5344b8c1102ad0fe48c7eb13fd302d010711a4
07cdfdb93f494f66b5f2bf2ce1aee9edf3f818b35a5ba84136db27efbc24b5291214382020ecbda8f3273ab003ee63072ee739e2f6c2bd2d04beb95d07de4ad9
b111cccb2aa639f142d3e934d8e507f1ace927f5d610e0d19a2047ffef5ce156c5cc070e2829d0186e0007e7d914c247d03390fc013c4009504ee00bba59613b
b707e1fbf609671b4b35542b0b69b6e46b965ef9de21381454723fe808abf166adde0fb2d65e30cc05b14bb2e6ab47ed0afdbbe8a7d904a9e9d650c0b1e5265a
1126d9ceadce53221d32b15337eaaff7f4154a55f4ca12d7c32ab7c624ab0617d8212a0705b931062ec7a1edf2f30fe42cdbd9b954371bf3128e65e532a3ea3b
27f6c7ddc4382f0345025ed6eb4bf005beb93bf6ffcd9dbf23530f094a0bc8cf902adb1119ffb7ef49cff3f4c3fe4fce17abb54cf515d3f5e7cba8d5aaacff30
fab6eb05562333e68d25c93b1543dfbdccd8b50db1b7d431d91dade9c7433a2ae04acd37ec1a2848b3b38cfe36eadd2114f51fdc4168ff5608fafa0f110cd7f5
19f2c5e0f5dede22c0cbe50e43f7cf3f1be8a8022ccf17dcdb56fadbb4fcd0d31033380433d8015f31182d9afaf6b83225c216f019d2e4bad630e8e4022f10d4
35d4d7f7df28d1122e07f0f1f411ff44ac2af54fdd04f1f9faa35045cb3ee1f2c73bd7faf6176ba152dcff3ae36ffddef15ce0f9403414efffc5e8d927240f23
b4e728a84712d5fb1a069361ef27fc3f363ea5f7cb4432e7fbc3e3ce59e1c045e40ccaea4a0ae7e1ad5a4310d50e222504aa038a03202613f50661f0edd7fd19
393f34f5f3e1e8adc8f2d5eff8fb2acf04d004f3f8e4c5b7feeb0d316a0cae2d6dd21ae1b94ae9e6d3059e2802e640222db803e3bb1ae837ddca7dea23e6064f
410ed9b2632dd8f6f4f3f129b8ff01e7e14512a81a02ce18c305d0fbf9df01f5ecdbfabab5160e3aec050ffcf90f6bf4b7e5d916c124bded48a6e3dfccebd9d0
2b04cd25fc5ce8f7fd3e333f19f8d41c4510d7394944ee684c1509932ac8e424435373fc56d5cf9d370be9d93fb3a2cf1010e5b73b0c3623540fdfc61ac22f15
f758fdd12f1d88e814ddc8260b4ceffbfa1deda1f914b4c7e7c6de5f1d3a175ad7c51502f7154638d04f1ddc3272d5fd1fdafa2f0fb6cbb1b953134af83b2c69
89094b3fee1afb0523e00af1a0fe1cf4efe9d83bf0179524e81f1915e333d74230e1d5546fc65f22421f03402efeddea52f508c51be214e5112b0b510cf501a1
a2c423e32ea38306fcfea70fcde6dc12fdb4562049e1c60df1093330facfd7d900b4153f160198d8ed97d6ce2919c236ebec6f17e9fb26100bf5de1036d0e3d4
a7cae0cc996568abf2e340e7c83f3ef7da48fdc4fe0c04ddeff008e7a3c0cb300613d7062db2fafdee28b124150daade3301eef201e5e9ab1060460732e26730
ec460b1119175a2b1c955bd420c4eaf5610ce90413d932438701230234061810081cc426c6dfe9fb4fda28faf4d2205bfe110055d26721bf20b5174a5841e51f
bd0ff78dea3bbae2cfd0cf05cac90c5f2ffbe8d42f4fe05ae0f0a4e4ff461a3de93fd50fedeefaf0074cf8c0f5d6eb13fef90bfcd30514a103f3c5e710ce57af
f6f0f3b5d5f9ba230b1c23f9471541f1520acf3cf9f918d9b9eb449d41a8a8dab9ddabffb8281b0ec1fbc2ec3bf197fb0c30d023430902f9fdea991d061cc8d5
c1112b384991b2ee4a965d203505e0599de569332f2702b11127f7ef1a06a2d8d6adc3411e5bbb70002615b9502d2271c8c7a7b02d293455f2e4aa0f221140cb
2cc7edd4dff1030ee6e88f67e3dfd54aa853a9c3f19f3ce3b3ad60cf460eea51fef5131b1ff502411abc2a040b34055a0bac4d15629b433ed9552cb6f5d203f3
bc3c1a2a194695ff463ee4fe16c9ccf6b6e2f3108d2bbbb3e3e7d30d092fbce5fc42bbea3f2fbcca25dde1f10e1adfed1d61e0a199f6eae539f3e54aa1c538e2
d9dd98af42604a78ec55b74cd565d9b72228202f21fe2a19bad3b1d8e417243eeacdc1383305ef039e23213403c89e45c1d5e1b0a6f8dacccce60527d9fa670a
330ca7154a5d42ef36c41f86df0cc62fb22cce569cebef46461a1d2bff13a6d51a0b540b77cef208e62a40ddecfd231dfffd24c20c1efa18a813f2eff3fdb208
d81546c9f4fdf3a6bfc6c42ee5043c5b95bf0701307a3113dc1dce0a035b0a0543d8b0bfe1d7d1b317e215edf3352ed4e66cf7c1ece9e311eace3cf4c0052bfb
1803ec26355140512418d6472801a1a3e6ae59e3d62ddafd0cf9e338f74cf92bdf0afd37d0eefe08c2c3cfc7c8fce6c8f26ff129cf1803d4481adcb387333a1a
9c1f0ce3bee113f9a5e201b809173cb4e516eb1612e03efde0a7362eb331da0ae802f5b4f7c7160f25200a2deead7144d3ebf5131eefc7b84aa1c3d5b7d4a9fd
273b302cb1cae00d1efafcd75f1a104f1a33e67a4a23e11e11db3024d0f29e1636d709f0c6bbc29a3c05ef16c7411819f914df5733652123ef0ae83f2d21b954
102315a46d23f52d9e16bfed0f5bbdd6dfaa1523cc11332ee7f30b2562b3aee015faf64420c92c51e1ee0970ef31d82f966906b70e3b1ad2e4ef0f5ffe9b1212
38e307ca3108101126b92d4d2a12984587dae52b0a0509be1e5d0c0b9505035c9039c74dc919cfeb03a3cc29644793cc44ed420b1b4704891cbfaefb56002268
cd2ca4c00307230b04ccdaa9f1f45501f61f17f2383240d8e603f122f98349262cba50b1d69cfceed040e7fd93fe36d75e7bb347ae25ef3b600fbb60c9e2d0a8
efaec0e14aefd44126bf0349f1c3e40ae732dee230f8f91fc1280b02b8be5d4612e2e6fd39e1dbfbdf490ebd5cff5438f8d243abb10fafb0b94eb7c3242f4606
883c1b30ecd020fa5f09cd332de915b76d0e4147b00de5000f6d2dc403fa1310b1cc5cdc6c1b994dd42121fcbe4ded3257d5e22536f122446e14b2fd01f80edf
5de4bc38eb05395c5e382eded4b80719ee4222b2b31abb3dec0efb0ddfc7fdcd290cdae90317c6da3ec51aed117625fbf24e4601e3cd1a30a7d420a1ba300c07
ffffc3953726d1da34f5e5380b3bb0c02bbed340eb1812c0f0f5db905f04ee14e6e02b6187f0e4142b6e4ba7cce0f606f838b54656e8611d39231b39310501d5
e13b62fde509d712e014d6f6c12bab460901ddaceb2caf303cfae215633b1ab9ea159ef75a0cdd3e31f024f5f5f141ef19e1c7d6aceb14962b19d3fa0100212d
23d821ce3501dabe30473a336b0bdf42d813ce33fecdcc1cd3f3359d05b6c696fbdb323c05c96df953f5a3df01e09d0aa61768e50fcf190586b79d11e8f51c63
41130c17a7c4d8dc1d23382337b050af78cce1e614d9f516ffb45742f90dcc5eea110bf6e556e9c135c7e624d3d316ff14b6a7b615d7994e49b3d5bd2511afe0
bd1605f21d0067869b73eb5121c80ec3e0ef54e6d9f9f3fee5a4c070fb3f742019f609ef0e0e43afa1235218304ad8e0e2d30bf5c10ed49ff35b05221cbb12d8
a2dcbe273fe921e5d11726f21c0e09c53908e9eb07bef138b0cefeda16d534029043c457eaf7028eb7eb01ec38081bff03dd420bf51a4edec8d6b9c0c72b1da8
c9e0da5bbcf2f828be198dddfbb597f0fb34eec3edb0fc08f0ff5b37d6ad6cd60dbafebec308152ceab4b886245303bf03acdc2d0eebfb0c02052bc234191be2
4014ad05e5e52acb021218bf1bf5f0e1102be5c3025f0810d0ddcaf1355038f4a1a52b25e7f9eb1db28e04f7e850f5fd03b657ec3edd75f702e71851e025ecbf
a11750e3dd1dbf38fbad2dd70539b8ffe9dbbd0b9fc80c6d2cda47e50d24dbec014bcb046836d70adf162adbc8574de4314e293d50e015fc121ac1dd0d73341f
2005d61f870ae7d909b429fdca3e1a19b9cf4690e03f5a269cebf0e740563430d457d3ac4d390fab2add0afc16d60627b804ae0b602dc2301b6d02292bfa1153
0b533216e659350aff0b5bffc0d3c1320ce4f9ff26ff0f99eec720ecca0c2696cdc3ed18d818021c0aa79e27c710fda5f943c413c26119a33c0232ff12edea11
24d1bf04bbc3421d1c5c3310e4fbb82508130efe4191b0e515f4b6490b4ce9d4e0c8c2e8c0ce1b6ba426161d07f65c5659e514d8cd42f31ad9ca471532d3bafc
df08cf5fa9153b0639560905c1da1ccd75f441390a0a2d682dc5da59390c9e356ec7f63fa4e649d6d84b1621f2cffdaeacfd3c29eadd51aedf3ab0fddd241416
bc1ff3b906c523dff1e519f2fdc4da39f5bbdac107283fc61cdb0612080ffaf5c007f6e6538dcb30b7e5642132c907e73a2127a3e118f833e74eadf2e109191d
da14e2a7fb010824f5b1f0a4bb0dac551dc44539cd2defaffc9d2dd403a7e1c6e8470a2e0e038ec25c09f9eaf4c10235f8533bdce643afb8f505f0fdaf08e0ef
d92bde3868dae35f401839d4cdddd5f807daee112d38ce3ce435e0e0dfc110f4dffee4acd6e00359e2f8d822f33dc623f2a9c351bb1319322ab5253fd22dcaa8
43bbd7d5394de11a216b26dd1d5375cb3b1fc6eca1573229e2480f161e301ef3d75bbdf9d7d0162beafe2dc5a4322cd5da06dcc02229d20f16fbffe91d0beccb
db1f4453ec3042ec362aa7ae6809fc1bd62a03ccd51eea0cb3cf9e3f49d1213062f9e6fa3a6c069956fdedcdfe961bd84ff0cb0638bc5627a659b859e7fe0be1
b05a10174dc19766ad2a2238284b044450dfb601cdc22250d326e2de03e298e81103fdf2d0e71ac840a6133bdea53521f90ed70dd7ea1dc2bcea50485a264add
8415ee43df08f91d2c0453044105cac0206da9f94def2bd22f31428fd8d7f10c3bddb650f2e9c13a0a651c181b42f7c2d529efe555233741a3c7f9a4ff15e643
3b0d36f514351e115bb50e3cdcd0b422a93605b1f1ac28eaf3f63b651245ee3b3ccd30fe24bfc3e22ee8f2ccb1f40fdfa1f0d223f5fc5f5df3c1f40331ad32c4
297812a0fb12b273f7e40b01f12d4402e9de7314c8f2031fe1f6d33cbf375733244acb35f5aad822203711f6dce6135943b7f503d9e50ccb421fb9bde1a23118
7203a2c300cb19214c2734eaf4dd3523a251e2ce09d5d1e6ec1ff4fbf960c7fb3818c215dbf329deb151f34803c63a05b70424bdbeb60fd6122c0d250b0431d2
e89f65e0fd32340a3bbb77d0aff9fd26e3fdc463086705f4f4dc41e9d960134dfb1024b6e022e7f2c3dcc2f916443e2f66decdeeb21112a42fe96100ffdded34
ca33d0c8f026430afdfad91f44abd60ff0f4f7e3295bcd37c9dfa915216b99e131e5dceee7c7df17c5c2f7334121acfc2e1804bdd825cac102da04d6e019e23b
221533292aede7b30e2802edef5815df3639fa15d410aeeb4dd29fec3661de1cf1d30567befcf4024b1fd3220ca1eb670a14c4c7dc9131a5711de2f8ffeeb2e6
dac5fa35223bfb6a0dee2657082c3e03a797213a472234ccfbeaddd803112d10156c09d0d151a7a0d8f02546e005e8eedd2134410a17dfe720b5f53d0e928609
3011cab5d0d06514bef2096301df0c0faa9e5cd6cce1d59fe2ba07791643d29512da2442ec2c5bcc1b640c26b9e8fc126d150ee6044eb5042538e8fb301126e0
e3bc01eeb71a120c46da5223e42ce1cae35906f731b1e2e2fee3f226191c31a805f2101ad1423642b198091c50f0dabe0fe8d224f310ad0aec5af7e29df03e05
1630c12dc9e31d0ae36c34ce9a17ebd6181adfedddec33fcad930734032a26dc382ec49b0d400e3e08cfadb0ffc9f1ebccba134ce8591c5adafdcaf428d6d104
43cfb8e626084612f210459b6ee9cdeae572b3c4f111241033d661dd07f3c73d02ddf5e91436ead3b3dfd210a94cecb60cc23709f661b3e00c35dde968c4d8dd
b52ab4d8b4190703041be018b3cefeaad0d7f7e49922d7a7d4d417a93920aa311bd93ce3fd31d6ebc84e5a0c002d1468233ffdf60cfb1412c2fe061815fc23e2
1a246283090ece68bad3aefc0d345c3de9d0d8165e520139e116bfb6511acdeb02dcd5ea09e8263dd812dbe51e2bbc99f56c02a49424fe35e60df3349fb30a42
493a0b2659b7c906b3bb1842db01facafbdc01df0ffbf2f33ddcaac62c940727dbe9f4c329c05aa6eb04e1235724452ff9c41a21211065f7d707e403bcf0223d
38eb1f06dca5f3cfdcfd50b0d165b189edfde7859f10d528cedef541ef0e10dcd94f19ff403de803c3a42b2d49c69b0141fec4491ceedb3662c5b4264a0e56e2
d1c1631bf2090de5d707f705e1ae0d36083ec7b0ed000cc72e2ff21b1304f7e8bcc1f6e4c30b17d50d3c31ca18c8f7dc279e57222f150bf69738abdf151b04dc
2ce9c9cfeef2daf364145ad4b9faf318ffd4ccfec301282cdacee8fedfff279b3702cf39fce9fdce5d4331e71f1c122d250bc3128f01f116ddd81cdce032cc07
3dd1e9649c42bf181c46feca1a1de716ebed4ff5350adaf10136d8f5094352e15401b31c544f2fa59d45a5bb02fcfa4ab3c7f13f990f10c7f9fad7db11c9cce4
2fdb45fc2d13fb1c189ad0e54bf7fa08be003e00a10ac1f5c3bffb0103f12aa2bceff02602fbe24e5612e5f3d1e5b2dd1f37dbb60fd84c1a03dcebe210ac48a7
c213f641f3c92bc37b27d2e0d839eec1df0310f4e5de0adce54e11f3c4012efd3f1a089a5bca56320639da1ec318ab1dedf9efd5fd781e3e0313d31bf8edf82b
dcaf2961ce3e42e2ca5c1004362e50d80156e9fb05b8f9f209eef3a5d64c3299ae9af81a453cfbfce71e36df5128c9312ccf79d5ec4fe5c0c62edfb852f448e2
1eece0e24e0be03ed6df1433fce7b608632ee70e4bc1e15a2ed5339121052cedbf03234bdf8feef031d74ab6c423ebd6b0caf0e720443db3edd1c127d916b2e0
14422739b9ba11a3032537dadae9d9dd51a3ba48c00f1ff0ed0341091f19ee0ff321abb0f21b55321af8420ddb5e03c3ce51f85e4a0ae9bcc6e60716f8152f0f
df01f0f0abc3d756fe1fbcbc2b5306ff1d1ff9d0321ac33e1d5d2863e213552843fedce7aa4efe0809b6c24039d24b3357e420361811e50005130a46d23c2d07
2d04f2ef38f4d14f0c2e40dcced9ec331af4232f15e5ebaa16c0ee05f8cbfff3df00e1c6f9aaf9e85cf0d74afc65285de7f91b03d6e649c1492e37d434e332cf
ec13f3ba10f701dc4ffb31db8be1af54fa48fe8815fd4004020bfee2193f1e49f7f6a523f56710bf2cf197a428b3cc04ded9f55451e0b635fdd02ad2d9364426
ae6f31c9e26b0401d0e652c20792a90ce43a43d2e2fc28b83a1a09a93284feebdd0ebe572b37055822f8d506534cbc27e22f5dcf183a04892a5c2317550cf0f9
f8aeacf9f2b1defda50af8cdf5bfea21010c2dd0f939f0f040a738421d4041f1f912feb9af0b2ace49139197fc19bbc8d0bf2fab68b961a0c5d935c8cdad5408
a14928a8071e181b4d18da0b514c0ef727494c400b04f43dfef1f20aecfee3d033fbe1da9f2ffef6e05c041bd92be0e408fb1d423be0e7d961f7433cd619d9b5
1bd39e52c031f20c21fd0403e50aa1fd5efed928d01c34eef2f647e307ed666b8ab401f1d6e328ee1960bfc533cefbe72534febf1937321ec3172dc5d636fec3
f62f1b2bfee8a4023af52e400462ae1ed21f1d220719d7f6d0e90123cadbbb53c7e9030539dea335240ed019e809ceb5e1d2aff72bcc4dae6f0bf4e03b4de012
cd13f9aed9c61ff904e0dc67503132f8071df117b435e810f253179b2fccd5f401a49e4b141657ed4c6aa5df26cc49baff1408cefb2a52c2e9d1fdf22d05e10d
c741f1b151b538c83d20ee032538ed6b1a1a124d095a6430011fd22cd404e3040553cb0442ee04111493040ec8da274b11f7ae5ce538e236666e4f2409e6bf26
28f7fb242cbdfafa291bac0c3f4dd4cafef8502ffa35eac33d38b3a9a9d7ebe8d22c42d9df4a0ce7acf6fa2815ec0e088212ef2ae2e5f6f2940ff415d4156df1
cde73a0addefda333231ca0bd0c541fb1f2f9ee4fccc2b490cda0e0f0efde51044d072dbd617ddf917ea0ecd5bf0d9abefab12cc291fc3f5d3c656ae42f6c6f9
c6f02204b711152628ed3ef50dc5315e072947d3c22643b9d9a2e3d6b51bc64821e1de65fad9c10d3c281021fc3a410b9a2df3d451c62daf361001c1dcceb225
ffb6d9c34b530d16489e75e66bf6dab76b0f541bef3622f0c21818ab2fc43ed0421c42efa328484bdbefe6ed2d47f91d15c536edf5bfc2181b23ef15ecff0501
d14dd9d823c938eead0268e1afdafce6d7bad40c22dd8ea40d05509a0ff026bcae07e019670de44fee4ef6085cf1a5170dca0de8080e0805220c734ac4e0064a
f54be151cee9d1432ee7d5268b00e3fe1a345f2b04dc5e1ddecbd8b0d26dd2e3d8522ed79ffdce12462af01b22d4cbebf74e3dbeac53b135ff59d0d5affeb3c7
3af55e17d518ee74f4d997bf3a1eec98e150f3ba2ec8470ef5f8334100a7142d5db7fcf81c1e3fbcd4020753e09b9de2d113fafe2807d4a766164edb5fa5e0c3
cfd8c160c4ebc7f3fde14aa84cc3900ab9fdfc16d5e38311d2ea5f3234cf4ef71dd53909a55f14fd37e30bfeb0bbf52812e7095b9fc8305ff21ea8c1faef221d
c9e21950e3e3e242d4af6eae163253d032fad0cab8c2f1d1084302f99d46043655a3b1e6a7f33dc1e559dd5842c201d916046b08d901d7a737d33d3fb79e1048
03d8c60d1f36f8c557d427ffe10ca6eb04410c0e4103bf310223ebe607ccf2ed96164e3af131fdc13bf6f4d21b2fed69056154fff8fe83fbc9c035e802ebdeee
59bedf05f40601c7215c1d100d5ae30717bacc56d0751b153831f93fd6a1e9f9d604bbbd0d18acc02618f51224d702f3cc160012db3201c69627ace40de5404c
ea8fc02c1628dc1f47de130737e3fa2afe00eee4e7d72b09ff184758cf270a14bae10c093201f1df47ffbf02ae21cad9f42746321ee764f408500c3a10f602c4
ae3af3514df5fecd5859004a960803552e13eff768472fb1033646f5fbe20b63ecacf50723c5fad79eefedc80f71aee29a2ea4d52e9617bdf63bc678b2ca7322
26032bef1b01f04ce6eb3bd30f2e081f311cef1dfd36eaab073d303ca652d5f4d13badf5214afd3ac4cc10e13a12f9d0b708e2d393f33f9f230e423a30ea29e8
fbf7c5f80d2abbcefa3114bad25ed3c7e1c3dd1ae5555afe0d103fb7fcedec1218b8053a9cdfd6fa0ff32e36063325cb4e331eadb1d00b5bd9d9080250fb0059
6b20ae13e4ef32ad0ff129bc610d1a1ba3bea4ba1ffbe3ffb501d43ce6dbb91b2201013d3de1f4d5fe3efd460c34bfea15b5bc2f064ffa02f8009be534d95d45
244eb4d75a19f0edf5ef39054252dae31bbe20616105f433b5e782ca080906f330ebfcba041620bb0b5727c5d3a42620e9b3ebcc0241f028b0d3eaf0e6012055
fed5e1b6c7100f3cc1f5cf5ff5dc88e439cbeabdf1b5c7db62243ddc51e7f501e3013afd701f2ffa2e14f40fa2493de4c6a916d822ec3ff8f10d3234a7d6af29
1004f0e307dd93b6c71d2559c7dfb036ca2c0d7265b8d4a7dbf0c9f5e10a0c2a43ffa82face50ed711b42a6622290ac2c240ee3fed630524de6b564011ba3a52
e5bbcafd60fd20f2d1e108ed0cfe10f37460d0ffd101e1e3f8f9fce657520d4df836ed71dce90c462c1484c8c025bccbd65047d71a480517fc33dedd13f3e64b
e2bb401db8c638033358f8fb3a1019f1bc572eadba23a81a01e835e8b419edf2d0ea11b4220ae58830b8bec40feca5ec91f70c52eb2c48becbe3bbd65b4d1c01
9f5de60776f867fd951e1d8eba23b1ef4edb34f04cf2172f951903f5f4a6c19abb1ab9b99b3a14f8e3edca1c0cd5f3c2160fef3d5801dda2c54322b4403ac40a
0de2fb0dcdf30c68f1ef16e5b6346bfd84bf1a16dbf83aab6668cbe8f356f0e2efe19be9dadf30dda80952ef7515ee98042502c8d0b2c61ddb6a18ceed9f5d35
2a18efed47be9ed47f35072fee3a10453e339b4d45cdf9cef0171313222224e40b030b021dd924ee0af3d93ff3fbe8fa50043f43aec90b2afb3614d8b72c3dc5
2ce5b90f61000018c5f20be7d60cde35031797f6091cb1dfc6de450cfcab0cda155dd5200e6127ebd22d261922db0fc1cd45b34f54253301e1f03ff5e1be1d1c
eb2e410202b699f8c84c030a4fc60ee529f07a03c4e213f81d6b2b1ac9c04bca3f68f0defda7b8e21cd2dca50817e6101be6e4dad94204f90fae33b7fcedc89c
ef2c4593ea22ccae04d8059c18e637a4ad3eb5f3e70408fae09816ed5bcdc0f9dfe5e6060ad33a3a05343c9807f3c30ef5650c0c92f4e1ccab33d1bdc88b39ee
e32dfa13e7c21af90fc58fbfbbbf110df502ba2dd60d60d0fd02d92e3f2e250f5452fdf601bf25ffff20910c4b6c8ddd16bdaabbc7c014111a3716320ac2de76
0f3d56b1e9a818a4f041aa2d11fd0350242eeaded1e527bae9cbfbfa02f4b9e43781caf530c1db18a807434cf337065511c458f4dd4edc1cd42361b726f8f093
e3aef64c72120edd0d1ae510079d403dc002d252f8f9d614cdf524ddd63f0a0503c02828fce664f12a03de143894aaf4fed4e2d1f9a2add0071619040a01f3f0
f2dcc4cfd21a224ef510daf7f7db4248c76f31d898edcb580e59f517b7e2fad4be28f1ea413def2112e622e91c0316e9b132daf100a8f110d4237204bdde39f8
07e8323838f60a23e8a13d1be806da8414b125e2bfd8f3f0012dedf11f0b04bcd5ccd6c33ed806d7e7f2fe0e201f11d548f6c212070d14f0e222ace5a3199ad8
0edd6de7a40cf54a234a000a21c01ee44312ecd61cefd2a44402e9090ad5c0e910141109e9a824e41b011a5c3d411ad01768be0b6622f1170dd1f4fbf1251409
cd2739e928aa7852e52a02214181dafbb866b6abd7ca340b1e060ce9ae1922a533ee110c1c164a4ea92ad174d8b3f3011543fbf25612026a9f1bc8cc57f353c0
f6f64ce8dfdfedd2ddf3fe16bad00d18f259e6f16accf30910a107ebb9f6f823c4ea502166f94efcc3e9cdc2f00fb1b0512d01fe22ecd805c365325810d609e3
7913f30cfb44c2fb0becfd46e2d6c7cb303e0ae811cf1b78f22598df2eb6c7b0b3be01603a110d090a2cf540e6ff28d4f4c98f343d1a34eec0600bb93cff1445
bad80fe5eba735c30c67dc030ca6e0f65c4d1a06fbd8ae38191d13e048d60215f1f8cfca60f8c10fa82af650331241dc2e86f60b343ea81863d6311ed0e12dbb
e5d121d3f810373517e9149b5bf0bcf32234e5eec833d23cf3e32756ceedb7183650fff32b2b25d9a14dc56c064146d4f76eeae68e21dadc2b4620a4e3d4c065
f3653e0db5144dc15e0464200b4daa2afe2d36173d1e0cf6ea3a447660f9e7b50029a52006eefd4e199707ce11101cf25afd55b76057a760f1feaede53abff1f
11043be1b9a609abb3f0f73302de3bc599f91d1c2edd0b3e05c40e59d546f4c5302e10dcd60ea033d019221dc4ec3ed0eacdcaff2a0eadb3b0e50907e62ba5c9
7231db0de80b2c63dd9f169f06f3f03d8de231d7e8eebb29a00fadeede13df02f60af5c354d8dd0163d4ec41e4b42c65d8e8b68a703aefd1200b1bddb82a454f
ff4f24d9ff18f6003d5220b7e80b97ea3ad0d5943df61d4bac11f308d9061eb30a540d4a076fe35d578e4fa0c0d9c8e1c8dcc055322dcfe5ae0f37afeaf8c017
114421db26e313b608940ff910f9defe14d24e05c00305a8cb3fedca51750f022ee04649c42bd31bacfb2706c145f91344e5c41287e0e708fdb4c9d72f0fc423
17769852e6ea3423c0f208d851dbe2f7e039e20411d2c9b1c12c04fbe930c416db551a550afc2db29b4b2131cdf18e01ac4de915e03a12faf4ac09e2d607f5fe
4d103f1a51b0c2162dd31bc20d0de62ab6db4048062cbb18ab324c1e000bf45518c541252e59cbc4ccf907ad92a201ecf2cd0bc60fb82d373344b712d3351ccf
37f305319d4408b5e8d3202c2d27f7cee10ddbc2e34fde22c50e96f8ec05ddab22115d6b0e454ab9540d4de7554c051ef6cb36421cf335addf0f0c66e5cb5ef0
c2edcb100cefe601b1d9e9c3d5da774f852aef3de0eb1b1f40ce14f1565e9ce58739e9d3491e58062c2b2f2ce9b82d1fde360e61e2cdf8252207ec026e093827
f4139d1710271d61f40d0329f708de92075b1c2f0b33035b0f021f1046cd32b3cf45dd08c97411fe3d0b236f2a09dc40e356e162d6c4dba2ccedd495e8161429
04cebd9e05efb1cb0bcbad325b5fa410db381d015e10191003a91d9f25c41608b0f9f3f2d6d5c1512fe827bcdd4f55c91e11d24324132048a32c0620f8dc5c42
f8fd9a4c0d78f2210cc8fc4e4def672069bc48bb034c48fefed2e0084a21c849010e16c2c1e20b0d2e07ec470592199b5b4a4d04a0e0dbd76b3bd8488ab03d09
39c0471295cfe1ecc1adf2d8eb250840bef6e118414017fe0ab7e5ea26e4baf3243f74f39c294059c3f7f4dffdbd04c94c9b4d3c1eb6c76a35cb4f38091bdec7
3cab262e3123b2ef3e34ff5a0915bee30eb9c37b4fb7f9f4ec4edee5e023ee41eee9caf201f0f52cf8953b1804f60cd6c3f820dbd4b8ad240be1b0da3c6932dd
18f15420130ff72be5d0ec4306f443bc092a76ab8bc4e545740ffc15404a2f07f9eb453dfa22a2f5c1186b9102398e161fdea613f4f9060cf0fa572a5c2217a2
e32df5a1b3e0afced97bdb0b090bc6a4df0b13471b55ffd7ecf9d508b21d270b0218e0c83d19bb0ea90ab453993bfd333dc6405c11cfc1fecad02c354ee12d0c
1ef4dc082a22c6121306e40fbe051dc1b93f1c46eff4ba082ae701c5f531d4aff824ec0527e71fa90ff641e26454f93612f1e59b300ebb13d3ce681f133537fc
0f4c9ca026382cd4c42013bc9ff7e44cdae70fc40fe9b01dc5174cfb2115ff32da3ee9bd0a60ceee06abc92964ee3336efcfe7450653220767162cf0a6fc38d8
75270a0919d2f83423e9fc642119bbe80c1f27e4deeebfb125acd518011729e1f8605e3a12fca9411dbb07f21a2cf8fd0c98565ad33a57faa01407c112760bc1
2bfeebcb0fa94c37d5d2ecd1f41038101f071109eeb550a170431cf102d013b53f1a02ce362f8fb6eb199cee1b58fe2fbccf4033e357a4bcf145632ff4eaab33
c32df886111296f6ead5f9bc18e0fac9f6fce003e697e6cfc7e8fc51aad4df2d05e9fef0b8debf1e09f518df4023e8a62246c3fe8f68c043f3f6f4e359d9f639
21e8ccfaf41ef5e5fcbf01eb40cf4415fb051173f1d5913cb0612338fbf4d7693c0b5ecbcc2657f40d0759f3ef0e074c2599044eebadfcf5060a0d0f0bf1cf01
51030d12d54b2c09486bff02b91e30d52feff5f326f7063be0683b94eb6a1abbbe192a10bb9c180fd930c4a51119e220f31da9d42102f7b858285b21d9fb19f2
454bc03947e2473f12042f08372895f8e4f708e2cc0ee8aff52e3917ff310900d4b94ef0a19fd3f8fff23ded0dafc3ef1c9bbe26aa0637bae60111c50c3927d6
dae2ae0304e7043349b84bef05015ef6df5907caa0e3f4e8c3dcd2e4900310f794469e92b5f457ec3a6553d406fb30f3e4fd0c5f3909572d06dd4fcba5cdd0e7
136207363ace10429da3b691171a37f73cabddcbe00228240bc321063d57e908a702390ea90c15ff320dfd30c7daaedf4fbee2e826675952bb0b0ad3dfbba66c
2c45e619d228059ccbdc6c97c3e61eb7eafacd0f9503f324dbd6b3550b1508eaa202eafaf2f338a6e50dac5f9ce2adc8d562dd2abdc0e71c55020a535922ee1b
e4dd6f94a43ab594d6c7fbbeaa1c450bf023741c0dc8651ff9fb1fabf934e762e313ae17eb350b3b68d8072c9bba004fb706d6f30e110a20c8bf409ced0fcafd
979f09c11829e320a9f5e2f4183e14302211fbf6cbd8e7bc3735e1a9410c100ffd15f7c3dee72edcf894f7cb18c1ffdd02fb2d9828c41816faf1e657a1d133f5
f5d8bed22bd1178d1b66faa7620fe3200b32fcdc873bc7be35edec1dd3f13e38d90d3cd13be40156f618d207f720ad5eb6cbf1e4f7101af2d3d908d034c367c7
aa165ab0a3041221da03df3a3ff7af6545221dcf294d4b65ee41372d12973b04d33c23bece2233f74ee8b4131f39f7d8092b492edc0f0519a6d20541d69ebb03
1306c9f701acc794f9e7f91bba3a07b3f9f5eb26240245c3132a27a13a149db116f183070033c3cad71805452c110cd7fbd640fa2db1dcdeb9c6a41d094e0d16
a9de0fce91596ef5fafa381fcc07eae862e4cd0c0f3ce05de7f1190dbdd61c0a1dde0d0d06e81a17f941bd3a092838c9ec145d36fff7dab6c3f625ce021542bf
f4d058f2e336d46aee67e5fa0d1ee73613c711214ce0ac1fc2eefec599aba60e79315cb7ff1aba1a2cffe8f865f9ee26181611d2dee2dd70cc42ed1bc311e6f3
ec320cf111b047b1fb063e0debc04c9435f8e2cfc346693f3fc331b3d2290a2da56467fe78334156c008ec2ee3318e9e47bcaaadf6e4f9be290d952e5ef8e92b
cbb40d5b52ef37e2e356131e27a2cde24cfdecf32536cafbc0ed5a2402fc9fd03a8ed9ae220523dd1611c6f3c304ba0b01dd1af6053957f44eceefe7262df3d4
bfd020870e43fdd3b93acbebe12f351d285af10ce30decb0194c16cded15f5273ffe37130eae53ff0132a0fa0ed9fb0ad50f0857d2f5470217de2beeb424111c
471cf03c0d3028124cb80bd6f9fddff3f24db2eef76df3f3f520522ddd0b0ec910bb12f00ad1ff021119b044f5cfa830ecee4614c32ba9092fcd2dd9e528eb45
ad5d61b629e8facf3c1c01e2c2ee012b54f822d748da1722e10b20cefc4d38f323d933353a5ad0f55e9adea3efcbd05df3fecbcc69a502d643fefdaa9dac44e7
25bbbba5fefd0f1ad50be510f60bc63dedfc4e2b1c1df107135e14e69330a89beb98232aefd918d9d4fadec532d11c223fb3b40b0afd56e7eceee5d71c0de610
61eb0ef4183fddf90b231c00f6ff2304dc4a8a606ff72b2fb66be61ce328bdda501d0bc88363c43aeda68c0df3e415e9a8e6e8cd37dbfd359dad241d33a3f51a
a0fb3fdf27d2210bffd737f2d9f5265950ec09f71ecf6444f6d6e4db0b07e82310482d35d66216c6b12821302c15109bb1bd0f07d0aedd249b1409c0cd1b2044
291dc797cd5aeccf53b0c0242f18f7130bad2eeaee5ac231f3bcb2ee53a2ff22380900ee142eec5014d7f1a8ba0beed8d6cf0f1633e4d80a1feffc9f6ad5c688
ea07f3f7e9f2166ecc5db827ea01140bcd210ee5acfab0640530b8f2d1fe33f4d3e926e74aef3dd9e297fb1a1f47f503188a3f38090cc238473c580d56df5d29
01123fe958b932e4ffe8becf50adc11c5d25e026cd100f2cba350ce6b1e0e4ec15e3d101f3084d13db0c29f424a616700642f5fc15c8f7a64903fc0b9f2312ec
2ff541f5612c12a210301934ee5bb6f6ef0d5c1aa9f4d8c5329a07f90f1f094f43db09f6fbafb7d9360a2ea9014a16f5f61abbe9a535b21a090378e616cd174c
e10d1de7c789d2089f20a35507143ed5b36bf4e46e180fdea31021f72eb5280703fb0c67d9894fa53ddedde5651d19e8c9d6dc121dbb1fdafcaef3fe380cf0b7
1a521c6d9ee6f59fe0f1e1d4e03108f3afba46b1b22dd4ffb7b34f3030a396e4d004e234f3024408423d47ca1890eec015e7d1e23144e9e31f08e9d5afbb06b6
bd36b30afe17e6fe22066ac05e3a26db02e8fff01cd1d8edfce73104f5fb34cc05c3ef6d1b43dcfd0ea51c0821952925f415525704f948b5f8b9c4fca0bdb505
0667031811c3eb3cdeb2edf4d1a338075befd8db43d62d9ee4e50d41000900e0ac1f172bf7f5a83ce1c5101ae92de313b6b6044d0e5b05a363af4c5ad25af01c
5e44bb35892cca0312f2ec485f29d6f917c9f4e54d67b5b9fbedf820c7bcb4413b5cb5df1bb82aa627f1fc0a4bf663c40645f0fee12edb4103e49ce0fea7563c
e3ad1570dcd1f64d28ec262dde0c1adabc8c5200f1e5f90fcce05325392316e22a35a00945f91425cc2a1814d3b252cf3e10a5d0effdfe31420da704aa60daf7
4edb5422d4d23419331e08c9b802f2a6e12066192d2e311f5004a80835f9e2dab3d6d8bf8ef83f4d240d4b0fb130c42a18f95cdc1fc9e33c53d9f040afe1036d
d278ceca5bf767133800c5c8f1d3e8caf80e210c901ca06313c907fef0f72414030b301aa1280318e63d3838fbc1a5ef161898bd96db1d402be74ba7241d36d1
3601cde7dc55d9b722c4f9db3be5394adde71cdf0324f123042b22f7f9951e2efe9a1ae224ad0fc8f22e0ef519eafbad25f6a9f4064ce5fe3c242724022afec0
ebc8d1d33b9e294e57d6fba53c089bd70abff811ac05dcf8aee520f0dc0f9ed266fcb22eec48db058aad230c0bcacb3920ffb1abea17d816de38f52b21ed8efc
91c6d939f2e91dd8be15fafda70013c11cedc5153ca1aacfb956fbcdedd73a081eb5c58f65e77500b93237d627dfa37702c4ee0213dcaf21b603fef62259ec3b
ba4a361be6464e10eaea57e4b904d19efa28f903e1fad9cd17efeabb933adbfa0107c50f2906bae5e822f3f4e71e14c801fbf2fb4fc12506f0cd37b916ebb7c7
b9ca28dd094f181028de13440520debc11ed09e1a520cae4480003c532015699ed0dcd24d3e1a8740f1edc11be16693c51bdf106fab979fd295329d9a6af1733
f658b62993f341c1fa01fd25261fed4727ee21e404d371ff1e032e1cf674273a1a5e031ded07280b0cd8fecce0da09f643d75ec4e4d1f9290648e9421b113e55
0ef2b6adc50a13d63cff2d9cfd10d6c103132db103020cd1cd47b75248e0ee9e195b5127de37f73630df2e2b672eca12bef50b11287514bb11beb1fd21619518
fa0ef7d62dca18b7bcce27b595139321de10b0eecbf3eb76e8dcec6344db6dfa1acec8dc5b1dfb7e34fb07e1cf0fc1d974c24b1e3046acf1d0467715e3fa371c
66e407f100c9e4143933e6b60da890dc0ffa09001642b907381227cc40e5c0c441dae840d7dcf868063e58ccb74451dcd1d83807df14e9100c6c41dfcefaeb70
e4eaf82c4b07f805f7c248490016c583f23e56a335f426ed02d200f0f16558e04be4a6b9dcf7e243acf4ef44044a1b20e1f0fb17fdbcf64626c7150b190aec9d
0cb235312af052fd331accc20dd619eee0e604e1fae1ae591e0116c2c7e8b5fc2c083f3d26daec2b130b1646f0fdc0d1fe1af3b5b9ea3a0c100c39b24c57d8bf
15e6a70fd1382949f8bdfd40ebe21b28ba07c6e21f2c1f6a120d0e0cffa1f046e72aea1934d2020c0d43b90a2f11dbe5fd2177345e36c7aaf529f0d0ef55ffef
452d062335a919d30a9ee40206c147cf451beabdf20b1037f0daa6f575094a3aae37dfcf3424eaf3d4a9174e4012385fda41ac990419fdfb1465cfd1432c1ac7
0dcb01cb980f382c20bfcef0abf8c31e3c3c082f01fdbce00ce0c631f3250d582448c854d8e23d063d3da9260af6f1204b5eb5d9e7de873bbc384a59f0e9f9b0
13210105c5b517a22a316135e8c4fb41469771d7ca1f1f0467150b210d8ae8281a493fb5b3c91cf1ae2afd9807faf2d8c5ed08cbdcb8fefc16302cad01e5e36d
123f2220d4fbe5c778181507e92eacd658ac291514c29d1c9958dda90355cd37092b33d865036fc6f349b8573f9ded270e333834d6fcf11709d2232018222531
f30b2732185eff38350eb94052351af6f51d2a1506d31debe5e7e95bfb4fede4bcddf11a1e1ef7e501421cdfb2c2140ac3f61535b20ac6cab8e7bc95d72705c3
02901eb16063dee6a4494fd06ffbc70ee2142d66dea947bad74b1e0c0cc9c61500022c11fdacaff7f7fa1d17f60734b05a4a0c2ff903e050f3d562bb1c1606bf
b960a2bcbd593b002e4f5624095c014261f3fef7ee3fcd40b3e8f614abd40e436508111ff3fd50b170cd36403129c8d30151ff282d41364cdebbc80a3b6f1001
330d385e2922241def0933cfdea3982660cb3b7c200221bbe9c546be1dc32be3b1451af7f81ed54102346aabff1119053f1afbd5f1fbe2f1329e1211a02efe13
39fe3fab4d4a05a1f098fb6b4439aff4eac0f7bb113917ee09034cd2ff3d1439f403effbc34c01c912f9090d42100de92bc2f91811d809aeb7fd02523123d209
12fa0aa919fd35422be4cc0908570b0d99f7aea9e0481fcffe2dd912fae3a6c3350d18e320ef1efff4f750ce11182ca829aa9e53d1fe42b6f8fdb5b811e41e02
5409400bc826fdc8dfb6240ab4f31afd323a1c010ea14705f3d6ab45a9aa1ffbc3fa0439eae4100412b0b8e60bf24c1c26ede796c2fb102651424b30bdd6f59f
b955d8f5dd0d19fe452628ecd3f0f2e217b1c6aa27fbdcae19fc5014367012a9f9f6f7659748d56f08badd445fcb3af0aaf4db0abab90d692e221c1955f2d8b3
daec1eeec70741d46dd22ff0e9e41e0c0fdedfe3ffd1d641c5e3df3ae04417bd29ba062f283af20a0807bed7e5ca46dcfa234527d24511175429afd4f299e20f
fc262b552ba538f3ebd8a819dd110542ad59f1fe2e0c263b77af3211cd2b0906e0bc35fc564e090d5cf838ea3ed4236bae00b70846ef265ad60d04044c4fe607
5510245b1afdfc3109fedf3f39cea02413dc1c920835b268e2f8aa5bacd94834f0343e6d9c8ae139f7062e0eb406dbfbc52d33cdd33fe8f6c4f74a26f35d9ede
cd73d315d9c6ffd21fc6b51c0239fefcd426143208c214cd27d4d59c3b46451a02e70635b8f3d7620408b1cfce3f616a93fc0e04f3c447e9c9d41735120da65c
aeb70f0ef9fffc4ab202524ea84239f57101ffe81712caf6eef51011f53bd9e605f12b34dccf97c0140a0741c90ffe83401b4025bc27f91aabde3cc7a63d2223
df340917e5c01d15d54df22d27be59fd70244656d447fa26db22e82df1ed1cad8c178af2fb0f01f0e5edeac90f67c5bae1ee030809ae24efd01eb6d9d1e9ffe3
fb1c091b31c553fbdbe8bde1e2b1e0df9b192fe903fc63db4dddf89a21fc660f19043098ebcda1395d3155f30927e746daf1f1dce8db1ea0f7e6cd4d3d1a3ee7
0bc412d0da42ccf65edf4963f5ca19a6e2e048f75203120a3bdde0f00afff105285055c235edc61c11b9f401ecd4ae3536e138d947fee419b42a4edbc515f6ef
43f1500862f7d431ea38321e2c104a73c015e9c8fbc0fed8a401b02dfe51e5dbd004133ac389dbcac7f1d019f79e60dc062923ba6e02dae0c71e2eccd9e8240d
ecf0ea40b9faf8c337329f1bc51b10e66c9ff121ed26f9c90e02d5ec5593cff04958ec16f116649ec826d83b6ad390bbe30ff1ffd33b013156fe481b4f44011e
f94809e9e992111363cfe92453d746e0ec293fe21a16389271e4be131152680ca5f0f13c89e20324b121e914b533fd24d9c366d7de0a080cfab5003a2631d7c1
b034d519b0e6d231062741609c05c2ac5ec5d034f7931de0e8024bb7100141f4c5ce11684b1bb344f7fc5c21a8fc531ae510322e1ed702e2c102c5ebddc9fec3
390ad307b7e86a1c0c1eea1bdf211cb20e01fb3dfb1c274819fdddf55ad202f1f81be1139f2c1303e618051303ffc53be210bf202db0fcff3f0fac1f161b1cdb
152d9ca09cc7fd47ac2bb907e14e0532fdde09d7d85b134829ed5d36aca55cfdd801910c012f24d406ff2b201945d44b3e1805d02a1ac4e5f2f3d7e9bbf353e6
29baaeb4b018ee33d2c9b7de21aec836dec6184eedf9e23f62f6ffed6823dea211dbec321145407406f42cfdaf3726d4011afe2eab6bfcddeab80de9f7c004c8
b2e1e6dcd0f136bddc29d828081ff325fa06ecf2fce3c3e3c23ebeb74206211cf8152ad8bd9005c0dcc5eb28b4d2f31d04351d679dd71af9c3d10acc943f48e7
11a2bee0400421d704209613c43025de324130be441ddaf0021c4cf3a115e51aca0cf3c2ca081da1b0e512aa0bed3403fd13d9e50906010ae308f40d43ece45d
f2cc3e18cc13eb539cac0504f8e9fbdad317e14aaec8fd901b55db42488ad7eede1860cbfd04fea808465628995956985cf853b83a07b3f614d01008c1db0da2
ba035ab620bc11e8e522381fc201da491a02d8d7fbf6ab07a151dab123285f67e80bd735cbfb500311101f2785c52cdc363f211bfec9f3e7fea514a641d71fb2
141b2cf9a99886d5e71f35eef7b3f9156ed8f3f417132313024432f856fc11d008fbfd503ae0f7f10536d9b80dc1c2c318e715ef2b8c55daf54609c233f10406
c6460e385161c944e0ea1103f35ee74dca8b0cf3f103ecb5e9a003b2da1c43bd1518bbf40fff1af8154bc5ebfb1fbd3e2f08f3dad152ee01f1b359facc493db7
f68d3c4a1cf3eebd2328f2f903f0f8add40465f003e35a50055733f7621f49105fb4d2c2cb0b41e3452b0ae2c3e8e1451f29238e8fbbdd5e062cb9b1d1ba061f
f88f6725321ecf5b0fce06346de2fb010edad221b65232ed0cf2c0de51e2c90dc72b592830fc19a7f535edf2e8d2e0d00807318f1d6b4b0a00feba260dcd30e2
19fcf501fac815f80bc12ef430d727f4fefa03c597e20be038c8051be6b51a1641ccc2bfe1e8b0e62eb21cc2d9e236cde772194043f4271c05ddbc3ee429ba97
c1d464e7bc212cc5e613592ef010f3e10e34dc0f3102e1b821fe3c10d426ed07fc19d703b5b9cba520ad07ce410f1eee08efdffda1bdd71b47b9ec19280918f0
fbd5f207dcebccb4a7ccaa0ccee217e8f9745d3212e824382a3d10f008e2c5bff9b30104f045e9ed22d0e75ff30464f0eb2e0530fe42f8fd040931ee2902dfe6
c0f245bf00ffd9e10883cb36d7010dc6391fe4cf44f6af3bc9142091e8beeae7a8baf2b7c5cce7a737cd61d2ced51f21dcd21605f62707154a0e401a0da7e0e3
ca01f15ee31e36d208a8c7dad6cbe7ecbd39b7fcc19f3ad5e41dcc06440c29f83fef1bbc18bf0b0517fcdcc3cdebf3e5ee63e707db0cf7df0aa9581154b816fc
e5fe29413b18e944d7592fd91f0a12ed71a23917e045aef8e3d90525f06507f9fa3f46e7f6b74b1b2b05ca2231d52d3cd5fdc89ead15f93a19a30a061a6ef521
1b4dc8082d2ae9efd7e54f4a0ec48fb127f44aaf06cb025128f7c3f818e803b700a692281305b9c6f8ce21fc37ccc91a3cce2cb6f40e1ece6db7170a0303dc25
4855f23516f92df5741dfa9a8bef1606cdc4f51e56981ba8d12e293c0801022c550bdb2d0200edf51bd704001c43f2cbf2e41c68e1f3f70b0e26e0da3b5b27c7
e4ca2cddb0db8ec9c14eba13e3218de52a98a607d42516c3e88ae829a720f59a9f499598dbf1074ee4e0bc24cdced4d1472df304e50541010464db3f0cbbf117
f631ff0c40aefcead8d758110b513f4063521bfa2725139d332825ade8c12205422a2655260a2340a159bbe30df83f3bdaba4996eace09a91eb005f62e00dae6
63c7dec7ece916edb7f4c5355ee834c8d290c29623f705f9ec0cfa464c352d3333fcfb3a06075860cf263b5ecd0ef6c9c6ed1a31f5360b712c0224a652f56502
3ce7f141fb3db82722d8cdcf96fce645edbef469b6f71224be3507fb0209d13f2bd534fe39f809a7ba0dde374aa9edee60df2b4dcde401eb312cb69593cfaa14
2b07a8e584d07b92ffb0adc5c008d413d8f9dfa9ed6d305e54c7eae3e30b06fb44f8f344d4610d64dfcf93b5c18cc7d1dc30fbf59dc1f34dd9ac211aa7301d5d
2d132315fec96dd61110cd34ffc4a71bf2ac62b59a06165fdcaa97f423e500ffe8b1aa2f1117612cf3091e4cb91e014221e809ed50c9c4ed0bf83d14d5fb361d
61f7abf1b42fb70e99c6c8a0fc54eee7f08ed3faca3ffcf4f0e1452c220c12050d0a18d60e1a1fab72f221124929b8e6043dfb16a84c3bbf134cf546141ec3b4
cac34bf3d7eb000ba5a8ba15b220ae03de4c74d7d713faa7e0c102efe60516fd171321d4126a299dca36c8120c58fea597020b0d5255c6f4fb11e9b023c8beb6
e41e5208f847e5193e12f70518ec3af795613448d54a3422045f003d20bbff2bf763c2ef566f2ad22148c7e54aa9f223df0593be3bd4ebbe1215c736525c2cd7
1e98e6ef14d302c93f52511eaea80afc29211055f04d536e56ed69473245cc40e565dbb434c323cccd5310d823e5ead0038ee7da48308b733f9be1b752d3eaad
5934d805ee28236f4126570022770631e0c9af0e22f0e1f1e467424ce22355a5e504f758d658103e55c0e3d031fc2f1cbf0c342e20c5032bf866f1eb58ffde2c
1e0522f600c538b002df692d2d0507eb0dae29121edbc7181ffda8532c2421c01df439170920af17501cce199f5e0319edd9cef4ffb8b6c6b7a2c44f0bfbca03
180ad5e20f19e8fe29b20595c0cac9a52afd0ab5d53ecdf5fac3bcbc66955f2b2cefc92bfd06cf3feff203d63c5d10a5e524ab194b24eff7f8193f1fee05f377
11d3b62303cdfd0232f32872ddd3543e2251d53039e95f180d02184802ebfc11259de327d12a3895dbad601be9eeac45d1d7f2dc1c16d72adb1ce4ed2a47041f
05bb04f9c8da419ffc24b823e1f0df18b7ee313b9bff0531dcc1f2f0151e083dd55307df0e6093d542ca3c27f6d006309dfd4af4e1cdde6805f323b52046c6b8
12c4fbeae90a120618e1f6b0b301f150fc0915432016409470ced9c21200c33342c1168b138c48fbbdbbee8c2b20f209610710b7881bf92f0301f553fb9b41ed
d144d642dd40d014f72f43ef12d715483704304002d6d61e06f416f82f9b481e7538e7f4df19140e17f6111049fdb223fde8f838ba1ed902fe1e03199903061a
f948d72d45d6d62b065ccef63e12ea0dc62b4ca8132eec4144df0451b424f8c3fceb7419151605076ce4e5f2f4d7114ee42711f11b90431707fce934cf19fdd9
da70e153f23724254826c233f146bbf5c4e7df31e1cdcb1d2ff4bcf61835d302031ff319abcbeba2c2596550d166f716e8be43e3deef15099adedee916ec0d38
56dc36a2f63bb0c6c1cd03ffe8e7012fc5fc2026250d46e178e0a8bffff95417f2044461552ac50ae61d551e27353df82702383ffee9cddbe3daf4f343aec53e
13449fee2e184b37011ac7c6014efdbb91dbb6405e73fcf4d6dcfef22857563e275327ee2406e2efa2c817d2d9f9e901e1221839e1b7c04d0b8bad21b4ec122e
2a49c6c61bb8baca2960ab18145dfae4e2151d4fa702e3b724525605d0491f04f054ef0551a20d141300c91c21fafb55f737310726ca1c05f5b6f304125461fe
b2e5b8fc1b330fc045e4fb3f6fbef8d411bf53fbfaf84ddd1306f4062140e2dbec13f7ac2a0b18f833bedd0d17e334590acd2be3f093eeea04220d35e31c1cfc
dcc100deb853d3ccb93267204bca27dd02fa302daecf222516ac3c29f3ff9ddf01e162edf108f766d1c157e54f05d106f9cfffa32f54a85109231af1019c99b4
28da5312f7be9e0603935bc725d303d9a30fbdca1f43a0ed47d72504f7bbd2f1a33de5fd1742f52cb52bd70c2902d995e12ab7fee347ee2d5200081247ca2805
dfb437cf5d210526f96836c4f900f7f81558f344e111ea3f4c1f06fbe83ccd145ba849ad1dcf1cdcf7664dd8e2b10fac02f52d21516901d9170bde39b713182a
294ac81010f33832f81fc81be1fe08dcd3300926ebe3f600970d23ea4911b3c8f726ed1c46eff847ded603a9c518be471af4bafa15a22efc4029badb1954f606
e61009a7fb1c635017f2f4e1267611fdc10cb456fae60101e0ecc7d3d4bfcd14e42e0eec3004ce3ce596fcd5f11d0bbed75cba104722f2f500d2e5271cc957b3
efe3c7d8baf9583db222d502c804dab3f818071bead20c02fbe30c74f7c189c9d09f103a4105411231c0d20313d24e4aeebc0ad3b81e280c92ebb92fbd07b7d2
4d2cf1e0df0b20d70fc416026b42c7132cf0d6d0182a0944d2129dcfedd85508a40ea814c817c53e12d427d22d1cefe340e6e5ccf4ee0c613cdb10e8371c9845
0a4d0be847e33b065c98cdf11bf3d649d7d1c01ed106cb09dfb54e232c0715e5701ee10d23f2d4060935eecbb312efdccdf5151c0f0ed5e45af5b3e4f2c611bd
32eaed4fc427fcb3c0e71970f98f145b03341b13ec1062333911214518e11706b602b6b13561265134d8f0ff6f0ef2ca0602f20fe22236c94da9b23557d101fd
ec9e07fde849ebd1351b24420910dbd2000ad54ede256e09e59602c0e74ff6ecdcc429c863a344edd415c12310a9d9b90e1abbdb02531634ebffd507ff0eee13
43c8e0c61fd249f7a83c9bf93944f74e1216ba2ad4c72cf7324d9ad4bfa5f7e5ebdb1ba90fe7f2d49b3f1e27014811f72f4b53e605f63ade0bac43edb1249a3a
b2212855f3ca15f2effde5daace03c03c9332656c94435fa0e1eef04d43cf0c3af61c7033adddd96fecd1221dbda4745fb212aef6c9554edefbb04b4213f0818
9df11f53dff44c494db0e81b461f94d6cafe65fbe192414f03d3d549d59d88620bd44bfddf4619c92cdffecdc21dcde5416af302bc042ad15dd8130be0ffbc4a
e9cfc5f82944db3ddae1654d24ccb90d519c00f0c46052033344441e6c2a3fe82457c0fddc3efffaf410a70901d535f7fdfe65d3e9421f059f5f1631d2181621
c3ccdbb326e80800e394d80f50bdf3b54aef42cf0cd416d12d21e9884c2053b5cad71403daf70d072117e69636c2e7fbea1c0abd5d5c392aeda212fe7c0b15fc
eafeb2c417443b4cae27c1e10439184a196ad3bd3f3c503d5ac2523c161dd10c04cab24b2054c4501e14e1581db829dd45f33b088c52ef9edce1dff7b852be11
0a405d2c6f02ffcd90e6679225e5cd2bc8fd085910be3bfdf2f8cec92bf2c6da24abec4917d9e125d3f5b8ff2234bed4a2d9f922afddc8130d420f02d0d438f7
183705d22db1304264cce15af4f511b0243761efe8ef162ae10e3fd0380aa33629df60e1ebfa0d12fe44c7dfdedc27e21a4111c3c826c00bf0d2de2943a16ae6
2e08cf1390ec3f64356d5fe2001656e1ce3aa400412ab03cc4a63cfa0b0b0354f7f5ac24000e9303daebe6fe08319b2b012996a2c8fc1f2c2ff9c96a8ff83abb
f5d03ff0f8d0f0e0efaccf29cc1423130c10c4e2fa65ef37210f37d009cada94ab32f10b37aff2354b9e45ecf3c742d52e012e6145434034b5154803d9f6e8dc
14e7abd9182eda075f23dd1855cc16b5f9ea2618bfaa092a1bdae86ff808610a483ab5e423721311e627dbe80b530ad6e8d46b9d4532b1a818090ffab6dcfcaf
23a1233f74065cbab421f2ae48fad6fc384ef7d528e3131fa7c91850124cf73cd013b6c10cf43811ce1d30e2ead5502f5fcccd09a41dd3e035c5660334c6e6c4
f516cb0d01ec05d5ef0af4500ab2c82c0cf6e830cfff5a13ece63c10f619a701eedd25ddf8011606ae6bfb28fd0bc3f90907f624327dcece37ea09a4fa0d5541
d5b2c20534ed1ef9d940d766f0184907d90a07e0aabf30b4b8eb2d5e43f9040bd7dfa741e0b0dbcb1046ea033501ec8c453b12a8dbb42aedd81466401024b710
0a12bf01a8dcc3b6dfd7d9db080bbd96d41949c604ad04073dfa4537971e840905e528ef4d3fbad306c777e1e2d9dab12aea2b04a82d10013a1f97f7f537c8e3
cb9ec32c175fd26bfc26e8eceff5e6f94c0ee6200d305c5fc0f6feae01d5150110730eedd145393ec805662603d69ef91840afd9b81131cdf704fb9af44fe7cb
d1124ef70550f9ed4613c2f13902344f3eea513e2a291469a86423d020c5e428f661d7e52736baae54e70c44cfead65e19f7f01a236b09d4b50c255b2fc3ee2b
614c0a08df05ae12ce07ec3bb058a5d32ee70ee9b21bd8b72b1602b116f61dea5553f0fd2aebae5714a6db09dcee02b5e70cd7f629b0f0befddaeb05c0270df7
f1514b1ad3da2eb862530b5a2142e2cbfccb0e26e5de26494129b4925fbaedd4241b15fdd407682c87d9e0ec023713fadaf08c18f2e502102e3aa250fefed7c6
28d8d81404001126141207c119da74fb16e913c3cef1e0ca1b1eefce13e2cbaa0d070bfe07c3eec9d91df2ccc7a1a25803343422601a1cbbccdacb31159eef26
223df8652bf7321fe63ad20ef6e0ed1e4cd8ef465a1bdf9e3bf72be20dc17235de09f90ea501ffdaf8981537d3e9d8dcf51f672f9b171fd21ef0da0eda15bf2a
0f4e59b4563fad0d250d07c51bbed102f2c631b3f419e8121a0d532237415944c452cac9eac7f18c56f3011927dbe22bd2fda6eff505fa921cc7f4062bc1adde
aa1d16083b13e5156e43635474cdffda2cb60206fc0db40b4afff4481fcaf0c721e2a5d6c19d371711fbcef82cdbccb80ce4b5140bafba0ee2a92a0411e569c9
19124b285d1868d910a1ec29500f19e8d74fde0771e30e202f2be39e9bff15bebf1249f392ed5f011ef9174237f63d08d892380c3f9ba6ce532cfb32ed28ef9a
2302f239294acb030abdfc3bbb2813afc71e5cc809e6e100eef4b644190f0f12faf946e4eae8e8bc19dfd40d2a4cf1663ab0bfef28fb0e174144650a2620d51c
e65ab937dfd845e9c803f2f124eaa619da0015b1fcfa0d1cfeee4dc6ff33053ad8fe3095f3ddf1ec2f62ce22090937bb0f51b2e7c1ffeef1c263de50f71a4153
086923e20e0a30af03e3ffb8dab2e5e9bd29ff39fbf49143f3b45e0efbedbbcb0aa41511febe19fc0b4c3acda0c3e31ce90c73d9dee06c0feaea4cc327feee13
dd0cd5f1ea30cb3836f7fa96013959c1f73cd8e8decdd45f5106f20e2abcd3052ed7db69091346414891ced1a1dbb51e09f93115d94d145c04f6ec45e6fb01f4
dcf3d3e3c544ecbac8ec35f419d7f0281edb5198f927ee9015e5f023e824f74ce4230cd729f3ad0f1049f9fb0afbba2f42cdacf92fe2fa184905a439f4d335fa
4d329222fdfff70e31f14c8ff10628f2c1f95759bbe4d9c02792e63c25f2fcd5e2a7eb48facee8f23b38fef80994e73e38fa1c47ecd646d0ba15e15760a90243
18b82a72c8b2d3f224f423e726f90829e9fa5b2c024f4cdd12b106d9e6e247d903e24116bf36efff3e26dde7f54b06ea170c29bf3c00e7110f3c09aeea1b8c2f
ccfbfcdefc17fdb826dc04e7082015f1eee34a614201b53240ffbed022f2b1f5c1f22ac3583f3d2b9a43663af9641b1e02dfd8eefcd11f08db139eb4297844d3
bd22413aeed4c330c5b2fe69d543dfd8490253ac12252b4660e9db10a5032dd959bb1bf7f6f3263ef8c8e4f24af2d640ebe24902f8acf20f0a05e30df7e8d9fd
eadb92a0f6cd60fa1d12dddbc8efa6445fdbf8c82060fed4721631d7fd76b5f02d47b5f59bbfd51f1d40c815c9cf3752dc4f16f10202f9cfad0417cf1701031d
0b249a2b9f1f0c1a0defa2300bffe5f025eafbdd1e10faeda8eaf6dd12cef664d2228ef0236ec320b4df09e1ef0c5466f8f0fcc3ef9fe61dfd3b3be8d914241a
493f37455cb5f593fe201929e515f0ffc92852fd5d572d285db7de3cfba9febef36c13d3ddb44a6fe105e7bf2125f3e1a7d105d043aa11e3dcb4f0f2ef15fd24
0ce90fa3c967e87040f0e72b22a00ac3d1e03321ed132ed5ca55e40106bdd3db20ea932bedbcc1950827f6c62b831164e33009a406d6522ae72315370ad686ee
dc4bdf26de0a06b55823e1662a60df0224da293c1ef7bf04edf03f3aacad574cc8e749d7d5fc57382d4e0c27a2be0fbde905d0b1d8cad66aaf22eceebc150748
e831de1f0321ad01ca21632144e1d3f71421374b5b0ab106f50ff9f33f9543e737dc181aee1beae94354544a11dfd918fe10d714e22baf69a711dcf60decef65
2ecaf33d1fc43e7035bc5205b2eed005d62bc51659fdd467e11eced623d83273619bf7fb03df4d3407d04aa4040becaefaf9a727111fd7effb06b8b060e9dfbc
40192db102bac9bf4c4312c527150f0519a52de6fcff321d29d583e2d22ec808f916c2904bfb002ec319cef80e0f14cf6cfca2dfe06731ecec59ecba11511313
49b3c92f0a291ee012bce511165016f69b8a5b4002c60c4139ad446746bac4c8d34bc31d3ce413ccbaebe21e2b1925b10048f38fccfb9b02df47f925f70eca2d
0a4b55f1a3f5054b15fa2d41eb4236e8dfd512440bd5aac5db02b94d0f03d529bef9dbd2fcc88debe8f06d0504e222f9ecb96cd63ad551d2f3c04128fb4c1944
1b133cc311ec30dc2858a5ead8e32a39b40528da5fc4520d88bed6ebe0adcdaa177bf704d9bdfe0fc9fe4b4ab0d55506140a2dc4540c08caebc7f448ea1137c8
d44cf72747e1ebb042275a49a14938e001f61f0d5fb0a15d0264cf05023b0e12a40fc6001926f1ccadf51d0d303cbb1a2820af48c09c9125fc064d288bb522f0
3ebef32ddddf3c4c1b0e8feebbd0f91fb2f9c114fd3c2507d78ff630724dd9f63ceec80308d44be06ef8640dea551929dff2f53a0c3f4dd85c49bd1d67cb34f2
a10a03ca42aae248162fbc2d2d9a282529cc3b70a6a6f43dd629b9dcf71904f458d5bfbc0cee04fde0e9420449231c06ee033c05084057fc5d02dcf0b1a0cc8a
ab1fedbbe6d7f5d307bdd27aedae0b2234f1d63bd6f9c015fecbe620abedd44ef467c6d7502aa3fce8ab13ff26a7be304d2ab7060bf09b15bfd3c818430d4cfe
0c5ffe312f249907eeca42ff115cbf011600fb1627f81eece8cecefd1efb562bf92d35f1ef6731ee6d16f7c1d11519b40beb42ecd25faa135b510dbfea0d21e1
95f3163cdfed1a1a54f00c14eb46b6cc3bf832f9e2f005efebe6afe63734ac341b073833f043ea5e1213073ecb17ab0b23cd10250cfd07d4342f8b52554cb5db
1c4d542767b4113df5215edefffa60fec9a0ee490628cfaddac99ad6b7ceaefd5f23debb40dd7d2b1c0dd15920512a8a125029ef16f048c81acb033732f7978d
b58201e3d966044ddaf3ea24c3eec24ee7073f14f3029a0353cd22cbea14d1f76cef8ad22514fdafa6e6f50b18fbe83dfa0cec44f6269d54040c23476a974cce
c10609e335d2e3edbbfca83ff00f87a0e6fbd84a07cf383b0204255c35e225cbeabf072739ef18121a0f1fb4622ff908cf50201e1329129430144c3f8d4c4513
e717a5a8067de010faf8240d29354cdf98f135fbb1c3fbb3ebed63111b4ab0d5f22ae2e4b64dc820fe01fd5f20ac1e75fa4d0bd45638081639ecfb1a5a082fc1
fcfcde1cf5f4ff3912ed4c54125a4fdf26332654fa0c1cf8e2f3ef1523233f34aab708d50b2b3fb2f865365509d1c0d5aedab051104cb84d8c200cc3d9e1de2c
c7edd2159d4e22c42bb9a70a0d9edef7fc41f6fa2cfa76172b3641d7e8a607c436c4cc2233fabc96c7fd90dc235108cefff2e174e3f928a5e8f5f5d72ff71c08
5c8e44e7b768b7314e2e39e0390503dac3d0bdd5f2dd46ac1d2599e5c2ec0424d6d60f264f5010cdc50b08e7cbbe1e1fd9bef8a72453edce060bcad6b634cd42
ed26dd0cb2c4a88df55b12c40b3835065a49fac4c20cf805c749c70f1a115e09b89cb3641febdc33d7bb36b60544b74317f3af1ee0e6e7455efbf8cd5f35fc0e
dd32c42a2954a73e4b326c2ff13e2dcde02b1ae008ffcc211527f3dadce7f0acbefd0e44df1dad30f9bb1cebc4d625dec3d9d8e0d5c11b17c33a560fbe06433e
1f6029ce9d2dcdfcff0cdb41084e441bb1c9fc31d9a2ec2c48072c145cf735526c342e0beb32d6eb25f642e9e80c0ab6ed08d9052d4f09020e3d3c09d8257dc3
ee0df6eb9541e5bfe8f921cac1f62d254fed25ee47cbd93affe44abd11bb684eb918c2d2afce0227f26621ef1a091398fcdef1f8fb04a8c9fb2c135fecfbbd02
a8e82a18fdf30944c0c6c62df6d60b5a20e3cb03c20d03c3caca4dee97f2bb13ef22f39d52faadcae3641749f043c24c9e0b0d9d09d43f1d23fd374b4dd3feed
5b2ed1cb31fb24db103740120b432056d8a8e50af9fa6ce111f9ec1c66143d2df8341506f239d127f7a924423504260a43f3dd34efc52cfcce12251b3f0eb419
b3e3e2110afc1ee0f3e8fc09e9d428921d136c5560bb494d17452ac53f938a03c8ef1bf030d0d31f34bea728ce9ae83f56084a32eef01ad0e1d0486c182d2445
c7406ce2250acfe6ba22dcd6142f09d42550ff65bdffedee67faceaacd440c35b8fe10494143430948d55eca1fc22ddf5a3d07b39c1a3d0d310a34eab4ced3e8
031d15c641cae007152fd04013f1b6bc1fd4070517ee1aed02c2df2d0c18d10fdcac276ba68ae9bf07adda2bdbe21e95f0db553b27f0dbcd1d2604202701de0a
2bc44be3cbf813f4e9ede690036308fc344511073a3306b362a9f9a25d05a43302d6f50c2ff854e34ce5b69ed5e955012d5d29ff402625ef2428efe7c8b312f7
b7d3f309f1e3f1cbde403a3136f9c3f42af8a70ef3ea91c11a1e1238c2ed5050f113d442f747c6bbdde4a0f8cb3f11d403224414ce02050703eb1a1332d8c558
48281a25dbe0072f2105a9300b289e29373f2b5c12e3d2fadbbe3ed801d3bd1303072e141bfe65e2fc9e89cefbc66c92d1c8d9cb1a1e8922230de42171dda970
132ce5ad10f68b1f95e0dbd40cafc0fae31bc9fcfab8f306be6f3903a42fbfc837dd14db8fffe73d201deb0d03efed14bdb0c00d429cb51544e927c26033b855
15623a11bbb78cf9291a45e2f212f71d33c550edc1c1580805040b38ecb6bd5912e0e523cdaea510eaea06dfeae9d5f93ef412cee7c5cacf2c49153edfda3cff
49c622081116f6032620fdf2141239da30e82edef204a3c4ec6c01b768424126a1d425234d0a351ad11dd229172be819ffba5b4898fed90141f1a002229d3bdd
d1126b08a6fd2a0c1ae03c0821d69ee5cf02d8def7e17455142ac144efc6c5fefdf3e71857d6fcc51a08fda21c0c3c84e71c0610bc19f2660c052b67d0b1dceb
371915f025c41f3140eb091697c6fa1c54e12bd42511ec032136f22bffc92d0afcf0d23689e7a44a32c2b74b5506f61ecef320a93e1811c23af033f844dfe45c
6a2065146f33ff2ebfbd2a1b424d32d83b08d513dde34a0eddfce822ca26e402c94ecd4c3031f8e656f1a2d12b15e4e52cf9131d58d8f14e3056ce0e21cb612f
5cf301f045d5dad31e50024ec6d8b701fc0f1d03f21f05dd07dfa14de3eff923f7a8ed25a0145217c637ee7b1ee65f54c7d8dc0242c90b224acf52d67be226ef
343a44fc17f3dee4e9ebde232909ce13c91c10e227cff9961f6be3149e20f4d9112056cc60fc0902f93914eaf75027fe25251aca11ea13e94c03e5ae3b55db40
1ef0fd0201bf603558b50feeb80829eb0afc26dc23a2fabc3e03f4d70f2fe0a9fad728e5b0590fd8173f5e10f76a6de4271def4d136b0cf5f6ea0f31dc43e0fa
24cc15ee6324b5e548de0db0ca3fec0c24d7cf16ac01b6ca21f6a6ed53dfc4030508ee2d0ffc322cb2e09d15c11b21e30148881b731b68dff016093254f8f3f0
4c0c60e6d42b3615e5c73c9bcee8c0a6fe55d7244bcf42283f5fa4e9f3fce2d4fdc81ea8c7e8fd36e2eac106d701e7d9600b34fde8edc9fae41138a40a2bb2e1
3fc150e7a6f09a023d59cfca92f11cffeffa033c01c6291ddccc08f8500cfb27405cdbd80d18493b53e93c2c1e6f47b5dff1defb923b179c5338f550e91fd4a2
e55361caab01bc1ebefe5e1e294b12f3116dd600170e03460dca3066c33104d842cb29f868cd16223564afc8d70c14f80123bd6bd9ca112debc5174212e13cd7
010adce3c234e69734dfb42cd7fe04e20f09d3a21e290f37e307d50c07231cf7e1b35bf59f124ed0da394c484ce3f8f0a7d9bfd7fb03cea347789d1226e43e4f
f71efa1c25410dfea9c6fc0808dbee18f050e4369f5221cd1b202ad4b83152fbeceff508c3ffdc1ad521fd16eead570dacb1fc05100560d9f6e8e5363ded9a1f
d6e8d5c3cf28db3addfcf446c800cbb4f51fe2961b10019b5e3aea1c2b1a132cf7d0b122c20744d3bff40807d0fa29523ad712c5f5af35efe2010fa9c21e2001
002912c3ea630152b7a8cb012d09ff222ecf62f7eff9e5b2fd2a1c04040d9ad82f2cb81bbdcc5ce013f5d245d33b12bc2b31dbc81aebe046d21fc8e5be1cdcd1
f65b03e3630b1cabb806e79c32d6bb5f2977b70d6a2410c25aedffd7fcf2153e49ea0b50b341e70224f8fc2ef97808061b0da6d8aec2283811066b16e42d01fd
d4d410dd08d316c93fbd1d20f59a02e452fb1bae19c8eff114343e2afbe206e742d8a61d11b41019c0f30fffef4c0769010c14540ae04aa842fc204debb629e9
47d6f422c7492540cddecb99ced4d220e8cd20b35009d7b4fed3f094eafeadc03ee6ef050659ec04101106ef03f2f9fc2e4f40c010ffe40f1923e8d7548d25cf
d24cf9fad4c120fb59e6c5aba40b7018ecd9a0b4dd5a3a66f2a7a3b2e60fdfe304441230adeaedf49a30fde33d07a3db2ddebc074e2eb605743c14272505931c
2a0592d432fd061e3f0dbeb20aedde31e341c20447eec9db0e06ab16eb2df092492505a8cf215330f9b00329afee172e55f91f26f80b12f0e347aef61f07b24b
29fcf5dc050155020e39e3f8c51715a3c4e43e071b49fbca3ff4bf552909ca26b21b31d2ed55d0f2e5141408ebf40d5f460b7c3614f8fbf1ea3adeca0aeface3
6be7c7b43daa18b6faf9be89f40dc5dee2bd2836b9dc1f6125f44dffd5e840256f42e0f91818305a28fed60cfdece2c73abada490cfadb3fd9b04c141cc3224f
b78607cac32cad1ffd29edef0f1f220afdbbc3bbc90fe7c0c60ac6442bf6ad9e192ce4a8fafef10bb1d4ebfb22dfdcf7d65b4e2a1d36bfabf30a0d419ff3ef44
f40fa405ae351af10df0dd1c8d3b3be30edc3df91cb5ffdba3d7ed591346010d2630cd1133f2050ceda517ae020e0d09f2c7daeb963331e929073c06e8bbdb13
dac71afe0167462201cefaeada4c44c54b11f8ce450d095947cb3224e645e10931071516453cf106589d2a2ac394f5370e24e853b5aeffecf502b625f9099fd6
ab1d0043fd1d13cd2408370eb0c9e0ed29b778335d04bb49d310b2080bdcdb33a127f0f257ccf61dc3e55affd4dde0c4a4981e133229cce974f8ee06500c412f
269205e9fb2f89d2b40f130efdd7514f3ef7f9d9eefc46a21019a7ce7548cb4b4a24c349fd36d50bed3526fff722bfe81ef41bfb323b2dfff23cd1fcf8482d3b
f9e6b55fc8cff45f51ebfdd1182c2905eaf1df0cb0fc31d529e9b9d60c2fe2ee0af51ffd0af3872a00b788f1eb604adca8a25bd6d22df533d3b80d4d05499724
5c1c430e510ed5fcbc65fb1107d914daa54819abee08d9f010d8d3e1254ae450cc0cd81525f4ab2e5acddf0d332c066af047d0ccf4e0deb8e965d9ce16f308f6
e0c10d52a418deaffc66375803d5284ec605fffa001e0dc2121e23be1bd922feb322be1e55c3dabcf4da3607eeb62cc60dc8cf09e0a799262d1ef5feefd8e0a3
f628f32648ba67c2e7e773f771dc08ffa3c229ba07d9d4771f54272dbdf2dd2fd6f8309b20f1f8c42c4fcce0a5e6ae0c140f4a3d211bfae3a70a45ab3e1ae705
6e201a231ec553decc16a12ae305a7ef34f4f905146fc723bf1cb6d4050751cff51c2b45ff88d8b219ab8be47afebd26b9874073f721e4d3c2eed1b212710fde
022711c4212e1e1aa1a7db48febd07a530e048e6f713bdfaf904d50b215a6f164ac7e4c1f80ffb50c80453b370e80e62d00708d3aa5d1454fb43040948e34db9
38172d3aa4e322e41df4e70d2d163aae01ec04e45532d3306debfddd165ef3db106aef58420c0bcd363a0524f315611dc816e3c7cbebb116ee4230509ed731fc
11d3d69cd70bf8d6fe23a351df04d04025dee148facf491815ebab28fde11fcb34b60b35d9391c47f109591a4bc13cc291edb612a1ccd1f5ecd0f3cdf445c043
f3c9284394f036ecd9e050494a31c4ff8f0ba3cc34f0d33519eaf633dc0707dde4c614beece43904caf92aa31641edd004ff9bfd6630371708cffece218f4604
191b02ea13e0cae02f19c0fef212e7abc3fde8305fcaf5de39feaed20717344e1ce1f2e94e96e041f1294cfdfcb3a4e8eb16045a2465dde835ef3ba945c3e504
4e930a3973d92b6154e44fb7de13afec28c2d1a34cdc58a8c8212f075196f431461fe5e7bcf23ffbd7eb7c0fba0841edfc1abd793f3e8935d7062d14052450c1
d4fbb9db264229ff0b18bd133302530515013303f0eabbd1665dba44ad402dedd2860b01be1830151afd9fd6c81824a330fc2483c1e543de0ff30822f45b2aa5
1008c89bb2171914e903098c9f720e160aec2df2a5ca33421bca4a1d0709a1e71df49d022d9d90fc650803d1e811ac0fe2280121d1381f04f52e35ccfea80d87
1012ffedbeb42acef1169ddf33d1f0f54fc4029247bbf8fb9b22dabe87033aad9f510550ce09fcdb086ba9bf04e3bfa6282dfaccc620c0cfe85528a91bf41c22
24ec1605d345fdd5bfc9065e51a2aceaef2ebc0ffb1808c5f7e5e61513ddf80552b5febab2d61afddb5c0285fbf4260f0fef02b4ef2c3bf01d23cff6b9d71aef
08d134050f23a1f918221249f005f249ef4265204ab2f821ca0c06a6e9e7f812301832834494c3ecaffe4b4f30da2602f41a55c2fa64f902f80fc3013afab5d7
fb1c0d11d9b4fc241215f9cce18efdf7ebc0f0f5c84ef7f6d0dd332827bbfe0fe72ce8601bfa4824e81135594a5617d0b71ec03bc2eef6eb0f3231f143c89e03
eab3faa9494f334a42c8acfec4ef1cd1fbd1b7d2b2dd0e3fffc2a9ed1ae3a8a6fef0da3bd914065a04b5eac8dae50bf403d6fa08024ae3d93c3e0afbe13ad8f7
11e618544e0f5e68d751383ad2efc7c8b0b85601ce987e061621adead00ef51ee6eedd2cbcdef837a81fecf950ed2cebf2f936e6671fc51a08fdd8e9cdb1f34b
e31114dcdb2930d8439b63e630d8e5c6b56254acc63501c0eca4c376fbdbfcbfba38051fe4de32fc2a170ef11333fff6f5e6b03a08f2d4f565dcbd342a134c20
dcbf0df623b532bee75817f304c3b7da8c64e0505f10c6420ef81f10fe57dcd63ac245e11605dda30bd6effcfd11feecc7e71110a6e11a98a8f3340a08fdfdd8
cee299c818b4c912283f1212e0e86ea9ec4810b8221c2c08f4c80bff07a3d829a311d0f3a11bc5130b42cec843e236f0d9d81a1248114e0dd5b6110b70a7dee9
1107ddafe1ace34cf532e6d9e526ec0bb038f7233848e41328f61224e708a75ced6df7108b63baa8d29415a7c1f21b344bb9dc37121125f7040fe64d302cfe4c
cdb1ad6165be2410b0b22cf73ab435400fd5ece2e42b143c06190022f8d21e0cd6e0d410d42f2cdf2ebeeffa4e9fe9252b142fecfb13abc0c7399227fa371ece
28f8e5e715096202dde403fd53037b0c2adfc1deebdb241af3d2c307fa1afa44ec61efc2db31e9e2123ae93e17d7a144348b27a33b033c1b2006d5c7fbfa32e4
41c136fdb8a5dd7c1b9b37081c16a3e95839e72fe9dd48eb3aae102fd94d4cd5a051fb2fd401fed4d560b7261f0a5e27d20f23e30ffc2b334134d9171e1ee413
b1c5fbfff612f9ce2d2f24b630a7ac321aeb3b5fe720badc91cb92cff2ecdcef1e52ecc4cffafd722c0e226334f8ea0e28d21725d7ff4da510d7e33322e73c5b
0221ef72200acbf5aef10a2b0cc9c122aec1e1d116ef6219fc0540e001e5ebf2fb01a3b9cf2a383ab04834d3f5baf31f311a3b1cf50d2049eeaf5b31012c0ddb
64ae1ff65d2ae347f9cee8f4f1081bceeff3fff1c73c389a0a39e7b50e0f8bfc61fe11fc34d902be2523be1a761c43d6fb61db4bb0f61bec91209004cddfeebb
9d0cf6f24bd7b656eee905aadc18bfff22684f96edbce8ac7ef61bff1e02c9f3293e24ef361afac9d5c71c01bee3eef3124ac9073dd93bb156b72ff2cae22116
72d1a85f0d0ef443c1d04b115317d72706bf65ec2b33cf2f2cb02523e6cb2be81cdc1eb3d2ee212d57209fc02af9f9f9de39b60d16c0fdf7f72115e69b37ef0c
110a14eb08ca2367e11654d64e39eb0a2ce43715db0c0c10a8ae39ef011ab331fdb3e73aafadfbdec34a1606ccbf29f8003900c30123e14543b91708c9bd3604
323e254b5ffe311bec1716ce231e441daaeb1b02b81808c01ee0a50aa09960091e41221ee7e6d839e701e085f9cade1326b1e20cb6090ad7242ce8fd04c7f2c9
24c94d3ddcaef8ea0e35d32052a4e634e3520ce034f1fbf60706f6f0fc6a02e419fe4ce94c03c82019fc2ff5fd13d43401ec062f21f8f82720fdd5392d5d85dc
deb02e2d090f165705356919e6cfdeaddfd61e215924baef05471af9b7ba1b103112141cd84cfc1b143b324f380cd4711d2bed417b020f2401e63e4ae40ceae0
e604f7efce2fdd0ebc2457029d1711020ba59cf0e931f309034be0f0db460ddfd6fb0cea1d053b1646150d4ad61a20dbefe059060e5a28b11aa4e2bae8d6543b
1aee35051e0cefdadeaae0271cba11b9f26915e8975ee10cdc9b61046df333208ded456152e838e45315040ec5e71ef4fb4a3ac4ac524b628d2601d6ed29f502
f8d4e2c5f90f17eef25efa2063472c17f49b03f52436ed0fd1e9d1a70661f501091b22fd149ebeb7bfe7a7299e29d0b5b733e3f3f41ff4060b29da6c35f93222
b2425bcb930e22bf101a0604ceed38f8442bf4f9c39e30d6322cc1c31d2618dd12211d20d210716f12e30921f43ecfd52c1ad9a424d5a33f24e706e1fc59ffe0
94e5e8db49b8eebafe12502c3b1b1806f620b1dd502624e841323d2dc113fadfb563f917b7e02793d63dcbfc3deb459708e8b9c11f40e354e1130216c9d7d2f5
0cd69a1afaf24010e03c221a0807d241de2336e022a8292ad6a7ec030c0a9fe165ac3e2637fc9b0522bcb55903fb0f94ca0c121917d8601d361bff37ee094db3
d6293bc4654419b3ce1b104ada0ed9bd2b679b01bf5ffb034b1bd553f35bdfa1973a8db58506f53c46d7db160fceabd54fe0b258ecdefd111614e62c05f3d417
4c6d132d17e44aff01a92806e2dd3a1ce0cf1f0107cbf0da42fabd3e4c300231b0ece33c3ff4d4f132d91da76ae9f70a493b04f6cd11f90ecada49f0a8ef87f7
fda9faffff4fa643e254b2fa0ff7e419e5e5dfb217fb1e2af4c9a5d3d84c8d2a47a81eb94130b8e9b76a1add28f0d6254cb618bf4b5c0d2b29112023e241b8db
26ea670e21dbffaf41db19f83c07d0e641cf1f3aab292ede92f2323e0ce004e63b170af9efa919e3aada36e6d730f161eeb8fe67c5179826e35cef30c8310a2d
fec908c6e4cfc4ab0332f4070dc1d32218255dafcaf1ab675d0359f7443b1003e710b4cd1e61d7f80de6c1b52ec74d282fded3a2e201d727cbe9fc21e80e131f
27362ff8b7fb3c43f935c026c2bef517ee3c4bea3b23f8fc2f32c5e123f0e819b8430e18f81017572063e63e8a0964dfb50dc3fc21fe2baabd1342c0e3bdaaf7
3f25e95d6f3b2ede0ee10b414b1a26e2a5cb9f0ae91bfffce3a5f89cf7ffed9e0ff1f0fc13b6d4d2082ac23138c43403d9f227dfdf3bd8481af947ddeb3ce4ea
f7dfb836c4cab0e0eaa5f23dfe11a15542442628c13a5df23ec90cc4faf63c4fbfeef957a7f709d2e9c8be32d0d3d0f82837233fe4d4a731ea2c05db0ad535cd
5042283ac5d7010c01e4c5a2f56cfcebffb2d1ec0e95cfeddbdfe61440644ebe1a21ee1d51fbaf950de6f959d45ec9e30af3f9ec05c203c323972cfeb4e10ddb
ee2c0d1027eedff4b5c89bd0cd03c519bdc7e3522de3e8df46bb1df70b020908dda87c272a39abfd121afd232601bf36e0d79b3178c22ac3e5d346e2c086e609
38220e6e321b32f2460fc901f9075f46f76fd6e6dd1eb8ee535baeeec3044b3b1c134fca60ded9ca9341f712de46cf0a2c43241223063dd8fdf6cc2fa8dfe8db
f209d1fd25f8254337d252e5ef41d919d2c942a0a14c1df52e0149fd0fdf5bf2b232f7e928330fcd2c0ef3acec0c1027e4d73df73d3508a902131114d2412939
41e3eb0b27ded096030ba4283f4a1eedf1ff2b1cc953a3f8cfd4b85deb3736b620a61f15591d0dd50ff71d1932672bea2da8f10725ed00f4022203fb56f4912e
fd58e15aeef3c431e49ed81121eb3232a499f7d7c85e0ec841efcb8ffc0f51ecf10df836ba9cfb071fe4e1e805dbf33108dd2866f70fa6e1ec5b21fc1b0a0fd2
230b9228e835acdfcf1e914c369cfd45060d0629b1b2edc125f6ea50fde3a3fef738ceb1d82dfd0d3de42cc7f8e501c402e7a8fdf14eeb12b4c62a0952d01e1e
a1b7b5e3c4ff549725a479c2d21274c2abf82db50f1fb546dde820e459ce299ebbe3fd392fa5a65afbf8e620dab0f28f23e91b204fa5d5b0a6b7c77313be16e6
16e7c0d42bdc4c620217a31b13060c0ba8b6ddbee045340150c9bd2a48df01064cbbfeb2cfc5f109dcd86844290a593311e3c295044f14dcf3c41b50b8eb3be6
a8291427f7e5efe719f0ece555d0edb7c9fcb002082efeacfe314b0d02420db902fdf9fcda96fdd7fcb714bcafecff11082eab2a03301630a904de07db1bc0f5
a912d7d74819c9eb8e5111364315e9069c2e31dd0196c010cc3c0c63c4460a5279abedfeb229b54f173793dcc819264a2839d7f8d823cf2ca5bf08c548bbc911
dedef0b9e9048837eb26f8e95fc53eafb84538f9e031e8b25651b151a7b466f3dd199ad508e509042600b004fefbe414ba11fed4db66cdfae237f5ac44c2ac1e
ab6714f13d1aed1a96aa4c6638fce80bb93dfcdaef97f8ca28f63715eb1cebe560c21721192029e32819c2281652e5a9bcd84c14dde7f7debe730d39ef7bed18
4cea5cd0234928220823f531dff548e1faa836b8d5ac15dcedfc31fb5ad106443edae1fc6765ef345aecb139043e35eecb6c0cd811401bbce478a21afad3f432
f6f562333c58caa8e62043c00d191e5324d2d02de2d021db05bbb914a46ff10febdc0c5317fb0a65cc0a1fca18ff0c1810e3d7ec2eb799ed18d239fce90a3c01
23b53e05eb310626f90f63244b06461403e8112103c9d41d01c9b9fc5e14f7f3ea92d4f3d2a45d9f07aff92e152112c3f417ae24dcd71547f50311fe0645f506
2c1046dea9f615d99eded598a2ee5528e027eace5331b3bb1af22730c1d51bd31a00c508cce822faf0b52bcaee4f30f42355d6d6f33607c91b4f441bfb1b2423
221bf10955a1c74bdbb3b8b406addb2c19e6ee41c7e821e50b1cd7c6dcfdc8fcfc38451ee10e03710131a7f8c1f7e0dc31cb38f1e21e29c8fd132fddf8f904d7
502a2163e272fa5c0716a1ea1392e317e7109f54bf53d3f950b8fb2a2f2dd2410e2deaedbd091032f4f03be6f4d8fddf12ef58d33b9a6cae03c7c73af7f31bfe
24f116a334ddc3bfe608f2ecc4be04f3b9eb5abb15baf221c1e8f10bf66eb41924f6c39ff93ace16d314efc7bc0a1fa5a491e818401138b990a7a5c4e6fa446e
f63dfbdd95441ce4ccf4f71bc2f154e9f713d2cdb1e5f10ca3d825c619e60334d25c296beea11ac59c04e81b03fc0bc229c0ca1b01081ce0c3dacab5a8060708
304cc8e64c2c59fe304be9dbfa65b0b1f7dae0c38b0b69e74c3d1e97b3df26cc6218a83abf8d38ee2a17c702ac120219e09d0b06c90f04236dd6db15c9fc671d
d80c10404561e50114ec4961e6196427ff28dc08c02e17b0a824fdb70515098f290f08c8b903f210e9019fb0db5f2ebeec3ef454032af5d4058f153ac40714fe
2f20b6e8c72dfd17123207fd0c1911e60ba14ac8d422d90b01b80e1b5e081f27e9ca29dd2a290336496519bb9b2146d9f62b2451c6e5b6b3df0455284c070eba
b41d36fb1f26551bbba8d82c0430173e29f121cd22faf7c30a3feda7e0fa3f138fba11d7faf808f6fd18f8162654d619322118eae80eedc53659ea040d0e31cd
2dd22d084463eccf220c176b641b2b27023fad99bb53ffd5f824e3de5eed5eec16c3bacfd3dee73e7beb0d172e6ae009d8dee4cfcdedcf0d19bcfd10bebb2a1b
60cdca0923d50dc525a4c713db01f80df3f645bdee3e0ddbc4044e142d3658a52fd45a103fda143a1f1ad2c0f2addeb8f3ef1f07252cfe67feebb863bff9e6d2
b1b0ea422fcc35b1eaf11ff0cbf70e0c060e7b79c6d4382d2fc23e77f8f14750d838a7ff3927f60f4f22f64effec011add114894b4fcf5ebfed95691f8f0530c
2748eb243f073c2de20bf7a03d211432f10dce4152fb1f2248bea4e602e414a394004a2227d7222db4f83118992a22efc102c4d3cd5e00ecde0fcac811ffb6a6
a6f4e9dbd948c410e5a40af9d6125e28e9f4e9e812deda111af8c5b01b3a2902cb722ee3dfd9c21200ea41b8c316d1e672eeb8e8f831b519e6f7e52deb3ca764
b7d23a546f0e06f5d70db01413ac28f0b7ce49ed01da1333e5c850fa4e8ac4d4f34842c304223438e92b1fc7d5b91e0520bc023a0524bed7fe1049363ef017aa
012d2be56a25f6e5fbade137dfcca195f74fbd139dd9d3da47016eb1451b5931fc9d4de0deb9967222d7324404d9043b28cdf40cf6f61f34be5218dac8e44f3e
b7d3f90ba55a2adaf52919d004265fff13d6f0bef6fd0fe71a5cf105bdf10762a5f3b268ef11c9e8cdcdd95709fff9092065f9df375904e845f9e9c6c49b4cec
0a05e543b609661cf12a2be94faae2d32b44eb07c8a5301dd516650d17daf2fabca65447f8fefe13531c014cdb1b1f321be4db6aeff419f9c5093614e7111c18
2156af3411b00f53c0c81605dc18131deefeaa7467cce1e71e18c1a9313dd13612c1c7f54b43ff08e10e073bd750f0df1ac929caef09ad62bb192657f3e0bdbf
42f7173beafa08a025d0b6cb733be79643ab1ba3d9c20dbbfee9a9c40406a6d0cde01cfdfa4fac0b36ffb354f30eb237c9d4ca3d1ccb5325cb09b92430bdc7e1
0af13c21df9ece2ad6ea1829f4c7dfd529faa307aac620c7aa1df5165ae5c00c3d1b5f1fe6cc36b601cfa1b428533508c9a3b6eb320dc412d46c1075b1dc5109
43f3c3bb0710d1fa29ffcaff43bf2ceed1163a30cdc1d8a61be3be1793afda350341dedf63e2f6d712d0f4e9b801a73014653d48ee212e2d6801ed48b32e5a09
a99e2db9c417c2205176ea3117fd103665f5226e04d10ae0e2fc5cb11fd7216c5bfcf72001eb69c843ab2beb53cc00c4f902b9f7bfc103f0a5f42f41ff4262f2
b1f444334ba919d4fe23b71cf900e1edd1c0392e13525896050429da061fcb03c32797415cfff4ce4ffeef46de5fec0664d00f9422f0f2f2ebe701e6d3d1410e
3b37a2ea0fe608b64dd539f94e17eec4db076a5fe937cbfb2ad4c918dce60a0af41e1522f22926e5eca92eb6d8cda4101bd3fe1e20f55632eeb6cd113ffb2718
55fc01ed044d1bfa2613f4dadbbebd464c4e307f3ec0d41afdf2d35312cd1307bc5d38fc450dda41e31cd524ae1408ec1e0efadd3bf02071f10cfd0c3c46fa06
01fafce937e7a9f6ecaf2527fb42010ff9b7f9c3c6ec1a2a0ce111b0bbf7e40e00193739e63bd73cee1b01ed0b94e8f0f7580b61cae9399b322935f44602c1bd
b0f023ec1c141cd313d4e0dc36a9236cd9d5fdb5e92f06b301eabef652fb39c1f6ec4a05ccf60336172837c6010bf6090722bfdb22f00241db34452063f73e32
cecb25171b0935f83862f9ee1df4deecb3fb4c0f0b1a2fc511aff9dcc3f20132b8bb0be112f12ff2245616e713f3e30d0543dc50e26923ea29bee2e2fcccc7e7
07c92935d0f519bd440ecefec601cff73448b32f0908651e20dad3ca3b6127da08b8c2ed9ce015bbe82bfa225311352728191cbefe5249d471d28b193fe4de62
3659b3e8f9e8664598bd8d2c3a200f981eea54e23ceb0d115f0b565e3c15bd83e31eb7240600edc9492dcdcf5f3ffeb428cac3a521511fb70dc719543d28f11b
e2dccca6f03e50022ecf50f1ece34ed8483215d01e93da080e43ff18fb50e504e40f340b24fc31f0f5c02fd60fe7d8bfc320d815f630444ffaf5c9db36a3272b
ef711fe4dbbc6bc70f33ef254f9100e01200efcee5e8f70d5431dfdede15f9ffee2d4324deb5e82b9cb607e82b14e005e723a7d4bdfe062ed2e1de15c1eab74d
deb9a23746f4e2d9f1102516d33bef24bfa1bded8a3d98e708b023a515292530e8b3aaeded0243c93bc45ca7b1f2281aaf13eb67ebbb0501072e57cfddd6481e
13f8db3c1f13241ddf1b5d4823de5cdf1a260d4aada231bad8c030e33014ea10cd6a39f1fa101d2210aee243ef29c76cebf5f31b1566c9bc33e73d5753152d04
bcb83b2f45df331b1ce6fc17e5f038d21634dbc905d93db5c0c3e8110009c91617d6f4c9cb322c2c362d0df206cfb50853064744e0fa4112fbf627101520c2ee
bbe310ad085cb3db224ce03a21e36d4318e9f0e31f97f9dca9c817f8f4f4db060331f631c9e8f19f52470d55cef71d19e1f2370a690569048df36627f309eaef
33ff6e42a9c3fc9c13550a0604d8fa3a223bdabc1663095deac81ff5f4eade5bb7e4fd601cf71f48db0476edfbe10829e79e92eb4b8ddbebbbf120e0e8f7ad01
2dda16c80e6bc6c20a710df4f323ddfd1e10cded052c0856d7e7d9fe2f45453031200f08e4a4b32d882c0515ecf9300348a1e082eb312eb7f90c0db91b2057a7
d8981dfc34001bb0f2fd85ee1223bac14a20f7281aaeea15b9ede2410258e1f7e714020805c6081dddcdd7ee0f21392fcf67cb1788d730ef0b8df204e927022e
d09851e9d2001e3010c26ec760fb430521102946e6d7d9e31b29f206c0d69232afcff8d4fee9da5c29d6fecaf6db21fa4d1450c2631a091406adfdff35f3dcf7
19a9d8c9c6e8d8d8865c20f6f7f124dbff16b10d1ff464323c4ac7f1f0bb2e19dbf2bc4d48c9ee4459e801033820ad359fc3bcbaf6fe9de42db557570c45a2e1
34c52a4867fd473e11d317fe19030fca43f32ebc074f7ff3f1ef341500172db9c29d3f04bcfdebf630da001456d371e0590d062b079fbdfa573005503a22292a
d82b03c3ad84d3bcf238d0013d1ad00df1fb46d84fd129bb1f3922a3ea0c65f1d72102fff8f912d3330f42140a4127d4eb083aa4ed32f529d2ab0197eb636d18
1106c6abbadd034a03a6fd331017b238f4f6d44092a51363ed2d070862cdade616e2594f4c18f00901350bf6172d1235a839e5a2044efdd73d1cbec8e3fe051e
dec7aae4b6db549cd4a6a7de220231392ea4deeaea5016f736d2dfeeec041237e38df1fb10d81bd80d190412170cd6c1ffb1c3570c0c67c7efdfff39dd3520ad
13f4e5122c07e7134b65af34e70eb0af26bce02d1ac24230cbec1a325823fd026a2bca0c3165218ad70810d040fcef31b94a1bc1f8e9e4e21216efedbc49d7b3
631d42ba044c18b0e3d60a0131f5db191fe799c699e31ece0ba2f42c1dfb989819f63b2432dfc4c4043ee017a7fdeabd3fa0f5e415c0de0b51f31efb2aff34d8
b4490ed92eb298637af78f45f73b2cbc97decbeaeb4437e106b1cac50329f7d1039ecf1d5c6db2d0ede4c1d0140b1de9c2382650246306b12c01d8ce27ffefdb
5a4ef82b290d11e9f80fe2dbc0d9b5b330f82c46e539281e25f1294b3f1e201be2de0d3955eec40eb3e3e1ffea08ca53e7b95f670153433f2932c4b20fe435fb
252dc2a507c2ec02f340d03af5f01647eb9a78cc48a50be467a20c1341db4b1517bffabc211f1e4532b2292d21083602acc8f730f046c1ce0bbc06c8213fede7
28ca043ff2bc18f552d62e0435f2069ae211f93aa1d1f84affae951b3decba1adbc5516ad307f89722e747bf3928352f92c354c957121ee76b60386d4f0f3638
f37110b7c80bb3dad646e409fe1de30c31b2dadae83203b9feabfdeef9b3ff273cba079acc0bd4aaae0ccac1c3b147df1208d2355a0b10caed09bbe31dd2f0f9
1c323fc650372633c9fee1d72af5f0becc452c2c301424bbbb574cd6ea071fdaecc4b36637e82e3954d1ddcdf5ebdb3136164ece53cfcb19e99f1c51d6f532f4
fedb04113ab1de07411f14d344eac33d070005e803eb421342e0b237ebe92af9f3ff10a9bd3c4893d7319bb4da2af63be0de3c5b3d26e144df0d1a28288f082f
26fe3ea203e5f4d61322042a2f0dc8ebd8bc4371022144ccf10804a10ffbabf1d32bc2a7304d50a6b84c202c9813f95d9ca6b3c8d72431d20de966cbe7bc46f2
e21d16ea3d44c8f7d63227d00cca0f2367b61eaf1eea97e137e4f153bf0f6fbe643461d22fa3e7cb0608e30b5bc20bf3452dfdfd3c22d0445b27edfdfbec1fe3
f73dc3480dcd14ab9ff8a717c29daeb0d93b4c2f70e6c2bab9c322ec128bc1f9d007dc2f0c14dcee0dea4bdaa2f8f91808d7d0080425dc4e9c125a07dc28f5fd
f51cba34da25d2e7aa2f0fe91a2d0d2d8e0867301bf42ef13344c71547a6ad47d12ee109d458646c3533bd40d0e0cced065bd310e8574e1202fd0d9f319d410b
fe00affeb426e001e43344d1187e13c64652bbf6e15cb62d3b082d15c0ba12bc080524c8fdf8d4229f42ca1342321029513d2420ff0216e65b2620dc22eaf9d5
da3019c4b718ea330857949bfbc71541de4e06aed2044c28f4f2bdd6de1c22590415f947ced3283a13b4d11945e5b3eed0f4dac3161acb0fefe24909d58ddb30
f71e051913aee6b425cdd0204c67040bd615679222c8ad4fa925f33df04bb942cefabafd043b12f709ea60391bb8d624dcdee95702b70b658ef8dd54f19b6049
07c4d43cf00a1f0f33ee67dbac8c60382bcadda9daa95c07cfcd46e7faeadcadad13e7bc9ed3ebe4b6a3f435af01b4daccaf24b1f3db20e01bcd514cb55ff861
45e15a34308d1dbfe03613b3f305cb2efc2bde0bdc3e1fea563f4d0a5ab9f8fafafbd720b9b40bb1d505db230de40c23fabd364fd1363fd8033ba60b0e4169d9
0e09de2a452fde9ada2e0013d3c947bd160326eaebd3f26730a9293621e7fb2bc066ffb2eae01cd03711ff1fd40ce4f4f8fee6a4e7e310edf1dcb5ade26cc113
49c6aef63212f951608ccdce14e10fcc5a1ec9d61ddd0231b14606ec2b068e16b7d728e43124081e0419bab400e4d40d2adf74cd2e0b070677f3ccd261eaf80e
fc23cccde157b6fef6c74e06eeeda5f6372c2310fc02dfe6da14e0084b400f07dae0a8bd6ef6e734f051ef16262e2ff8994ee1dbfa0cf51724e94f5be92002e2
434d88e53af3e2e21decfe49422712cf01fd84e64cf4160cddbaecb1d0d7040cf0f6003ddce2dc15c7d21d5e241452f23ffb33f3e959c89324caf0f8a31a1d47
05260b6ce62719f41b04b0beeb2ae8fe29fc28dfe70ac8d722f60a4be6ba54e6072629360e1a0318f21021b0feb0dd12ab4567e0f8d3209ae3f701cedfb925fb
ea3edb28ecec020230ebf9e7cb1c53772fc913fff7c31b1a2ced525d4010d15af93dc61049d82739b9deb71844c932afadf4fac4280456d720be08fc28497e50
f61bde26a531ea0d9fed01b6a54d0620ffce37fa60bb910f162cf7e0d913d3bca72209bec302542af427f829f8d2fb013f26b136f31fd0cfeeb127ca1cc457c4
c4d7f7ff263133eff1f7c20c1c25dbc9253f0204474ee8c55035dd66f514e2490bd55524ec5c0d21a118359c9de8fefc8edefb5cb0e408ea39b75d5a893dee24
da2c9bc3342ee222e4d946f071aa938c2125ae11f60eed965456cac3d1b0f3c821eae551211eca56f3f9e4ca15bfee68eaf8b8fff6342cda0e66eac427e0f043
5dd3f9cedab92e23e85394cfc9eff2cf24055bb8eb28abfb6be9d04024104d174721e047d23d099f09e3b8db2fee6d3d743c5dd6eefa02312237d4d7f641fd59
0f3463f5e838eade4e23ee252436fd0ef514eed8b432274c4d42791c04ccc7190aeb1db0ddd4c8e6f4cda1011d93c8d3f50744ec17ec0862acc42a310fe78f08
13d3c4fe4cb93e2247d4023cf5c47610d76de5d524150f4d47c6feb546b92b440fda5dbb07a325f4200801148ddf1739a3402300941cfdf931062133d115090e
cdccfbe81dec2e280fee632504d8983929f15ad52926023c4709e0f4244301e1f3a40199f8b6ff055b2a3fcc0abe2a0e3bbf0e1d2e1cc906f41ca4454b40daef
e415f0595df4faf629f511f12bd055fb5e8de0bdf1202d3e12c1ffebab42e20159b7c8efbeeaf60d33504ee62629cc2517aa16f69a3ece4718f44fcaf5fc9ac4
171eea57d736d44208ecfd06160423ee53f7c70e5834251f1f06dda219b73c03e51923ded41428a1451e1ad2982b206fde49f8e29a2707abe37331baf2662e0c
14171d07022af43322e2eff4ba13472820fee2f4d5d6d92bf5dad82ddcf9c853c54702cba001d2d3c2c1dd48e412ee5a4af40beed04afbad2634a6e032176309
291e2a43f3004c5af6142c49ef29cc13d338b705e13ab713f9d5c068324649ed1206bfd7dbe146c84cd0a5ba05cdfce1cefb06ed2d27d68d022ec45d0ed32fc3
3c19e7ea3211f5bc11f1152e53d037e91719014623ce13ace005fc514f0b48fed8addcb2a7ca8e252bf3fd933cdbd2002bdeba32630b5508eee3cdf6103ccb29
3227cb26436e0c5ed40e17c7d9c8c6edd7fd2501ed3c0e3b68b739cf06f4bdf840c11ff19bcdd50ceb5c9707c35575f131b54de545414c50ed0c19f50e15fe3b
6f33f95ca3edf5032d200900ebaef704e6d7e6bc3123460e370a3722a01bfa33b99cc2af46c5faef1aff0fd5b0a82d3625334e40d9cfcd8659b525cd4d65f007
34f9c40afb1be9f70af5e441dccedd15415c441213053d57c3d9504c5904e5cb35ce2bde6f5c56ffcad6cfe7f2b3121f19c6b5da3e11314445e49e6fde0c12a3
18d915f4d629335c3166558ece46cc02b1b71144f325eed9e23126bb1ee5fefabb012653e6bf0a554bcf0db8bf07b8a0d5de14f01d1a161908c0d31303020845
e8b6f500fdf017320b1244741c3366691325e0a70bd0dfc7ea49352aafdd28daabb210410b1d03cf0cd6e8ec29daec16ec21df22e21948fca245e6324af22c14
5c15f803f639159f1505932a17a9bf1e3cfee3535b1f2a31f816e8ef901f2e48b00a4d292c6005cf0acf2404f119203cf0e2e00bff25da8eacbd4a541022fd24
f8fc470fa916b139db0edf6444c057c72a0e44075da3f65aa9adfafce2f7f3ae28de2fd00a0f33c5b5044baac2d905ee3903fb4b1d04f3e1e5fad4522d313b21
a34b09f03ec3402af8e741080aca18f700475abcd3cef6ffdaf15063f301fbd05b41ecfffe5bd2e1d108f2ec59fd6a382602af0d304d01ef1db61036c315c9f3
3216beecc4123abc1a3ee30e0ebe47df1d0fa2dffde1cf2c1e55eac9ad3c6200eb0f544127b33af9d01e23c554bde7a606cdf50ae38a6a50e9ce0b1412fc0b1d
e5f7d2cd2d0a1f72bef546c6ffd101d43ef2d74e6b0c1e0af7323a3b344f6288fabc0fd9a2f75d141506a8ec07c3c91ef506601fe5b714060fba04a339c65906
ed9e4eeac9ed0d3c01cae79768052fe548f81d171cb7c2072f05d64ecbfb2d0eeb29ac202a0b3ec4976b97f71b562b1bde26a8a8083820db0630d42b63f75846
778d0522a03a2e2e15fe1a53d6ee11ce0f23e71ec1dcfcece621e1e0d3dde6b7f4df97c21d33f443e902ad2cf2b3eac5cfe7da2232d1d401db3017e5a1fab656
0214bf39fa224ea0e7c4d7e63ca1c21ef617a84207ff882857dbd42c3631d01e26b705e8dfbf30d85688af1807dbdb2fabf510e822462b441414b528abdffaf9
f12ef042e36cc00fdffe049d07c9f6f3fee762c305d80536fb346463f3a5f6065951e52542e7f7edce0e0bceff9a1e09f73d9be2be2121b821418eb82a570b08
f6d91f13c90c2fc0c12b21e3c14030edced8fb021c21975361ff70fe1658c23fda48f62afe2cafcefbd20a69e213a025d31dfb1f11f729ed02056921b828fbc8
575307ef06fc1743afd3e738fcd0d22f47da17dde6a7f93627293bae1e13e1b34d41fe102f93e0b35c57a8e2c0c6b8c3e6f6afc622d2042bb12adcfdf3d5e615
a90f1bd76df6ec3cdbeec9ba9af6cae5d250f40cc414d8ca382e5a0df90a2607331cf1ad12f709e8165462c3dddfcfe4596ccbf495fd23dccc111ed33be9fa69
e417010b2eeafe12a33b9b1dd4f935f929c344fa3a0a4efed2f8a938fe23ef2bdb40a8d54039040afa04e52f08e3cce0d6faf51b1a921b06a7c32d9f024113b7
e9fc6e17e609077428e53ae9f148b1d838c0ee1b06d1f0f8fd06ecc6dda28b2c1cecf0168570a11d49c4261c012238d32fea13bf2dd7fcc3b7422d130c070817
a7e107a3cf0f082848c986d9f5c827fe40dfa331ca00e355c919a5aa31db1de53a0e4db60a0ba2d7e4b33ffa2fc4fe653eea22359f226415fcce0d11b9e40813
b9fd3012401cbaf0e6edf9b141d93bb71526ed3de9daba1ac8b3d75ae6cbcf22f2a9231f350bcad229c7e7f41cd937d8b108e0262dd7d5d3edcdfbecc9b510d0
a1f50e6e31f7d90a3a4ed3f92705ebeb253ce7f63a03ce19b5e20e4035343b34f41f5e4f25ea260a1c11686bad1ce0c23ea4e6f38496ff141430f063e825e711
f1bfb8c90b19183efba8403d0c34e3990fee06e230fbf122ab3df9eafc182a17c2cc91061e368c6ee3f3f3beca4c2febff2426db6ce302561718e8dc31b60e62
0d2212232e4ed492460af52de32b270ffa21e8d001af07bc1a4b233fbf0be31ce4a67516c71dbddf040dce486c37c1ccdcd0146afac001f52df79ad1d93aab37
1ae173fc5f5f2bde01b4f2ddc9e34418f24d92d11f0d5cee23f6ad121a45bf526bbfef45e59a0c4b0eab9fdddf3ffd07233bd919fa5dced808520bcede171d05
5ffbdbe116dbd0e717190fb42dd4babbc26bfd6b96d6ea011537ae1bc207040b10f412caef6dd3ef2f0effcdd3a46a2ff9213f4ee50dec1cfd1fb923d802bff9
bbeb10df4a2a920215f956d81aeee52511ebff454b9b06f093da990bc8ed3cec54552aa60be919f20337400fe541e0010ff6f53da218d59fd9fc38ea1adf0a72
254e26080cbc36ccc3b22ec160bcac2929e56ca220080f351ea2c97649bf5b511a210d9ff44da8f0ff575234c9e1a196d82466120e03b8309de66397b21aca70
1c10f0fef035a9e011c1db1e66762e4f642a0f2ff6d91cd7e800e657ebeb08ddb71288f20e466f43c5e153d7d9b24432ceb4fb49ce1739dedc00eeed49bb4f22
caeb1cf1c4284684dcfb6ad80b415b1e243b3d2b02e5e7def92ae0e8b8c13de8af418e621a25ebe761e458f7fc05f31928f0315daed5a639f4ecbb0b5906faf9
f04adacbf7e1f9399552e6dbc9073feb2f0057fdecb730fe3c45d1cdc1fc2701f1162630e01a1809d1d7aaecd70b21375d15c244fdef179f2eb1ef0cf1cbb2b2
4231d1c90010eeda21b84e4d4de7c9459c2143fa120530094fd537f21831db0136d09b32d00538e00f0886d3eccd0517ed37c2e31ce11cecdf4f42cf55d51048
c41557ddfcec241f095b73a39ecb03552cf806ba0549ed3b53d9ab08d7b407c7353af237de71f61deed6dd54ff11e192e4e009cd144d0d6a31081ba9110909cd
cd58b13707b23622b5ffed15f2476806ef05fe3c3a5ffad3d60f203d23f726c4a8f2ccdce1051b3fd8ff2bd61322a23b1c330406c742ab262b1ff340deb0ef0b
16ff08abf6dbd5b1c545df5052ff97b2ffc7f1191afaf30c27c25bf5c7154a9c2807dc2bd8e60be9ee690a22f832295d3ed8270e842602f40e1cca68b5aee6ef
eb09250c29d4c9ebaf1d54feb7e8fe9435e8be0136cc0fef0fc061fbc84ef5bce25ec73cd7e2aac4cf11019405d5422aef1ecc485115edfbdc41353327fee4b4
91f8ce57da32549bf3212ccbbeec2bd2cc60f5e8f2291d6fe504f6f71293ec3e3ba715f607124da8cbef756e341e09be1af74e8c621de0e2bfd71429210f3938
45fcdaa953d73519fbb5bd35c02f5a37f633d1e1e11cb5e54e9fca1111d0efc31a38cd0cd99eebf0100a0a1d9cb953d11232630f4aa4dda803de35d9f334d367
12d531039ce53a21cb172de5cad6e0e517fa1b0bc7ba14db55f36eccc3fce7c3040a9a0141d431ca1c28142d3f34bdffd1e3e20cd42968afc234cc4522f4dec2
e047dbf95ce326311d52a7f624a6e6c31a6cffba33be21d6ce9d0108c541320fc4d9aa162d1821f7c2f81407db25f90ffcf15d17f3bd4b963639db17fcd152ff
dd3deef83f43f8293ff9fc2712d2b832173225bb0cadd2c1ff0915ade0b63129350336ef3509d60bec40b51c324045335bf814e4359206532e28bcaff11d2008
2abb19e2e2f8f9f4934aca3df5d728bd45e64a37e308185ee23b3c176d2aa433d3e7e70e0967b827052b100af70b5af96ff2e824ecb9453daf0f72c0e02729ea
61fe3bedef1afd14c1b8160f0603f317f8ae1deae917990951e413ce483e0bcbecb8df27b2d2c20dbeb40ff4d9621f05e95af5ff18a3f21a522bcddaee0db32b
36b33911f309de3a11373101baeb8b39a2ccf302c4524bd4681bc99913221824bcf4df45b316ec28fba01a1ee91514de5338e1fc49ffefa6dce138c409e1b639
48e520fc3d1da1dbb802e10cc638bdbc6911ed3e53d10f76a9a536f4fab6cd26bee40d02d8b2091acde4ffbdc804a454a500f1edca3e60dcce54c9b8110ec8c4
d81f40f36c343500c2f1eec73a141afd56dd09ef95d4042a25b504fccd8d020108d6f9221f2d402e091a5e2b6affe259216ef0ee22d96a40e218e346d889ea37
5910fdf93fc643f310042b0c12e8a642efeb2ee50416d84f23c48b04d115170c2fe7fb273d49ebceed98ec0ce7b7deb325e53afb11daebb1efc5aba40ab6585f
ab3ae729a6adff2dbbcc16a13efac450980fcf2fce5ce2c19f34c38b06deb7a9c207e64a0ece2047df01b5a925fbc1d15886f80206e306c2e5be260c0b9911e7
e565cef312bbc4d7a0fb050713901c30bc4214111ab9f31505f22dd1d62209b4d6513615658bfdb8a7bc5b0eb2d6f5a3d907e91cfb460cf117dadcbceb7cf3ce
e2902c25e2b5b6f9442cf0d5de0906db906e1b5bc210e9d9d0cfecc81d3bfdc0bdaff31d68f6d70813e91b4502efd1bcfcae0fc0019e15131ddc2be80673c7e7
94dbecf7ed0af5b2c90df23ff6f92acdad0906538c4ecd28aa75a6f1d943d741f9320c98e11948b97812cee5f30e2c13e76a3716ed2de3c8b7e51cd5563c4427
43f4fdeb7a2a0ff4c2fecc57283c5c5c11e7c321f1f4d925cd3e110ff03705bbd42bea46e0221b631bef33c2469ff726ef895bf0c738f80df868db140221108f
2af114e51521af29e50cea1ee316392e0e460233e6382f25d03ce93b19ab47011c48c895cce3ace0fed6ef1157f4a9f00dfdd2e8e6e5f4fcb1038f75ad34d4dd
d31c08faeee716bc1e27560bc32cf1f2bb2abcf7e6f23712dbb9baf64f0b22467bc732d3bafe0dc2d676054037d5efe6e2fbf8c4a6cc03e51ed112e03fabedb3
34ee41e6e4344c57c30fabed4ff509fade0b8b072dbc0d55c7fbfdc932edc9fb56e0dd2cebd6d65f1f250c98f62e05c5db1a44f0dc6ef437d0d7183946e1b228
c63d0264381e4b47f501372333efe916b9983a35200bd8256255b956bc3b8bfe0cfadcf5021cf911070620e9e934fc54c0fa07cee8e03b6bfbf2230f1304fb14
bc033d2d6b0a13e6c6f066ebfc1afee833581dfddec9f7bfcacf1c322a1ad7e406fa9a4e4a1b16080367f3d0bfa04804b6bf3240c5be9ff5e2b52943e4e417ea
b90d2f5fcfc0f329e50f464befa5a5f902165f4e5cff380e1bedcfb506fb5f20331224f1fdf6ddcaeba0cc156e2cfbb3911ef02e6bc3dc0320131032da38defe
4ee9d0dc026525fec8061b081c43191ee228f2f5222113d6e2e4f1e0c4d4fcec41eced62c4ea33e5ea45dd2db84c322f35d3cbd918ba24c9db173620fed81bfe
ddd326146a04044da5041dcf33c2f0eb140a09a5d4cbdc19c1e93d2a2f07df05d90ad5e1e03ccae9186826303cf512ba33c9f032b5f16b2d9ab65c0b4baedddd
212d0b007714d19a2f48072baf3617d924306ac6fb2b0d094dec0204714fca3101ecced0f28b2fca23cb48202bfb1bf352a2c943de24aef52f1c211c3d6ceaea
4dce2d732cd116a1c30a3d19caab2eec1616bbea01fd2d3ca3c9fdf41e06df0946b4133b084c03ccfd4134c7e74dfee9d5fde1c71ef8f7ed00ba51cbe0c51dd7
d2e8d2bdd1db0d5a15f41249bff90530d43efeea16e7cdd9e1ed1a4cfc12f411e2d7f754f6a73922e25c6434ae26cfd999c902fbc90fb83bbc0339e205fae447
2fd42211dfe55f06fad92f1de4d0153847041ff80517ebe7558ad1d5d855eb0001faee0b15ea0d4fd40e361b45c6c943a7a310eafdfadd06e21e74bcbafa4e1c
ca0ad32d21e801dd290a271656bd711bfec81fbeeb2e274cd01a9a1948c21842c35b2cf3a4f36136fcfdd8efd6a4df2f269b4848ccab2705f908082bf4e709e2
e9b2b83b1be4fffbcec00f3910b2b3f626fbe2255ad6e55210a2aec4230e1a0b0b03de08352a2e427121ae320847c36f4c161f07f0542eb406da2ebf07170ff0
214799741a0f4ae731d752111865d6d493d08e6af2e426d53f04dedaa5ec9fe5be05d4e5dbfdedef0cb11c0c46aab7fc0bd2a700274f4bbc01590829033ab800
d13f513931c3a9ae36fffd3352054aed0423fe92ebb52cbfec0ada1609231bf3c851d9b6dce4fbefd94bf0bb2bfb0652a719bf32e41de6d903c42617e00b1edb
15f6d22af67ef9e5b4c646edbb300f504afb43e3def8a6b96013d90103f3f3066e01ee9f10a27a37f7d73ad0fcbff93d011615573ff20dd61810f625e2fae7b6
9a136458cfe10f0f9701203ceb4821f3f44b080414110cafe74f12041abdd04b56e2b6bc10f5e2cc0cc636b1fffa14eadd3b3da8ef0ff6bfbd33cdf5d894b1fd
3dfdf6df4beddf7b2719f19b97d461d7da9623f04768030315aa21e9ddd815f1ead9e0d0eaeeddfd3c3f062a10bddd4ece6ff1141efc8e6ca51f74d32013fec3
1e1889d3fb0a25c0f1f03e3ce0ed0544f1286f14c38e502b2dab1c173ee4d1c32d07c4d8f1dff842c81124a4421f9cb2ed6519f6e6bad2a6db65f1b101a6cff6
68da53a1d02bfde8ec1e1fe4b12244cf1dbfc710d218143439f9fe1030e9ce05eefa481a2fd6084440314000eb211d5729e311fd6ddcf73f1016581fe22c9f06
5ad04115b908bb301f2662222473faeeb4ea3bfce8bcc8c7def4da08e0f7e10ec80c00670656e502292bb8f7130ee82ce619b7fd64eb54d6f75fdd28f1b5755f
59170fcf211261e4044d2ab6ca9cb8d6ab1ff856fed9f5b602a2b2e9cde2ced2d3f11f2ae10d1b0abf69dad804db232cf54cd2cd3924033906e553083124425b
1c1002fd55512031bca130293307ff7709b207d2f4eb0607e2f9f623692e0e44e8fd0c121b59f732d90ff42a6dd1d9ace502e33cbefdec1099bfc8e9dac3fc04
11abfd99b2293cf8ce32e9fb4dccc9301a315563eb0b4e34d865a9ca5030e40bec01ddf0ba15ef3dfc20fc16232a2bd9ddde14edb1f007981e9e200436b9171a
d001e4ca0c0cf9036a2bdc31f40803a9eaec490531440fb225fa2bdc25b84d1c4e6df6c10f061118d9e21b144e091bafabd6e3bbde1317391ff906c0dfd7dc34
0a1baadfc2f83ad4dbf501a73ab33702dad0d211021ce7072d38c418c607351c14d33fe45721ecb40bdf04ed9d2516d451ffef0cfae8c70fe622dbdd0094e7dd
29f9fb4622b13f550dffe11d3530052c1638256bc939c7f96056d7dc0458f35eda5c0ea9eced9dca1d08cdf6dd3da3f85beeb1d5034c451223ef13e1112843e8
5af63c2942d8e01aac1023e7431b47f2ef270e3f1938f91ab64600e143ce15db32b55208ef2044f12906e8c8f614073421d42a6646a337b156e737166fba21a0
c81505fd21ef3cf92b0f4437113ee3bc2710343f16de1509100f05f4434ee36f410d3de6fadfd502b922bccbb6e4d9e9c4a72f5e24e3a164121133f90e6d5033
cdf2a7066203f2f42a240fd10df109513fccedff1bf70feae7f926180137f5b33857dc129d2234126203ea1f475c42b019e2fda2f639520add5b2ef839491624
9d33fbf33fc2dc2fe8c3e720d7d305f5eb3059f6c22120f1adbe2f1be442edfbef403aed1618395a55585afa2cfc27fdba06fc10edbf17e3f7cbb4cabd4d02be
c3312bd8dc54e90ff0b4ede52d213b04fd2674c029e9e1fae00def090db5a6094efe12194f2e30cf2a1690b5e428c8c8d214b617ed2001605a2be6b1df2c08cd
195d1ad3323db2f4d836f31b27d36fe74c13d4e101c129b3ba06f1f4b7256418b405485329d6c652f9dad716c5dde911f31718d2b2fce7d4d2fa443c2340c553
eee2f83449142f007ceffedde12bf5d9f510d4b6e360dcb1cdc7173274190715d5fe9dfb11d4e01a751f09eb2be418e616f83d389a51300edf48f501af67f1db
0c1c9cc722b0d6abe243ec5911ebfb1afafb43d2d110fc57d6aed2cca6d900e6ccc834fc17ba23e918fbb0d92e0c36100a22bfc953b667fb72031bfea8020755
00ebc119ff0ebed601fe0cf6e94935ddadcbeccd06300ec811eea5b6e31b20272c3814322b93261824badb2e033902f7dbb6bccf3f18231d510229c0083c00e7
0f4722b4ea1cb538cd580de3a2eeb636d70da32d360551d51b32dc39ecaf5f3353b20b0742560eaa27eb07f741e1a004dfd325b3f80d140a0a4b3f12b89a9fda
0e66c8e9fe29b7edfdc9fd70fdb223db3feb2e0c2ee7fdb5eb9d9bc018f18aaa2f62ff14de2c11361b3008db4110046fcc2cf31cb6f61cfbbdbeccf769da211f
08fbd46714a61b2eb2e45e2433f702dbfee3e1cf4faee6eeb60d08ed15dbe1d8fe3fbe5027b7ff179a3613cc115cce061fe75123254d282f3ed7d4315ed8c7e4
e2d5b9bb47bd374a53221423fd036acd1c2aaf1cc9eadaa329da59ef49f70cea33a9deed171709ecd40e0d2aa5cf69d49cb6aced1df344a9eae2ede31402410a
2af8dcd4fe3b3f0726c8defadff765b0dcd8bd1ff85014f1e60c9fdf4decff0e2f293940c0ee4ffabea9fac321f026d31a09d74bd51b1cf3d2f32ad9d4d3f3e4
ccee94380723c3dc16f8cebe5836265337f45207662e0b0f2c45591e3639310a939910f2af260802d9403b300a40b4f611eb19e7d1de25562c49e6ebe10ff698
caf3df9dfb4c50d0251538e8540d1f4dd616226ca6ec28d3d500f9a1ac31e0b2ee1728fe470a401c411ec3f3ec55efa11c3200f642fafdf7f7505deb01c195db
1207c73e201f11b617f6e4fbe8cbf3aaf90101a862f24befcff0caf8f7b00268a715690602aac6271731a71d042fd8eb3bb1ff0604e754e99b21bee5bb040100
ec4f2b9728fcd8afd0ba4be17adebf33d016c1f50622ff4d2efa4eb359dfb8d317d73f1ee308fd141ec32813114f48f56dfbc3cde1cb17d9298a0c18f1f62bf4
9ce435c23439c28f0216ee6e1704b0fbed8cfe0a1e1120c223012858ddf2d0bb0df5c84c9102f8a24f1c11073a5351f4fa26c46ae7d6094df11ac70d03c025d4
5dd42adad8bfdbadc90f48ab21ab354a0129e41763b14f34f822ed6311efbdff5e5be0fcf73511b716cab50a2a50ba54c5070db1d64c2702993556270828d919
4718ad423630ad3048badfe0e6b3c24a0e31933156e8c12adf0f4ef83b026b44b71ee4f61db4aff3f44129350ec63e17f80259f4fdfa90a69f1287f25b4428e2
1312300bd4f1ddfd2b40e366d5e4f94869dc090ab223b8cdf6ea02f2efe401c93fd2e3d726ec71301735d623031c150f0b05ad024af03641f507f2560ad1e5e2
01e20804d120fdd3adbf4208d0d70ee9f1b2125916340306f00fd00bdc661f16a1f4730c0ade071adb0a05b917efcfea453d1deec41f4309395b0bb61251c597
f9877aafdf22ce62fa9e05c4fa320d49473528e21f9b4639cdbb540a961e1b3d5deb122cf9c99c63f10903cb2fcf0b446e920b9f2f241ffad1cde00a10f335a5
c1e4061cc5c908df942dd4d915130f9ed9b8f885189b460f420b8c4a2961cba654f3dad0f017f7a2f3d82df4d616d63f3953a9f73552f138dcbce9f1ececf163
28e81150f50b28dc0aceeb22f812ba0b4bfbdb1213100a065df393dc4f03bcf0f0dce7b41bf61250ff30aae418d53a223495fc0e11fa4842c713f1ecef2a1c3c
e1ba95ce604db85347f12a65480af13bd60d38c0fa1124b6c7f4f30dc812e1e2495f382501cef3f165c8ea234be8d4700dd514ab42c50a99be97f0012f0008f8
4a3fc7dcb43ea3ddfdf90128f93dcd1cf3d50410c318b022171205d8e3fdf607fe0a3802ff412f16edfc500af3ea86f1c556d8b92ff8990310c3fc2fe12b1da5
42b013c1f900e1d02a15f2bfe1371bfebdea68034cb6dee4cece68f002360d07f82824fa0a9d6633244e2fe6cd36c1da0d21ecfcb8b50c0d3518cef403bcd21f
f6d4f1f0ea332a084a290f19f53b11050a29ba02fdd2e9eade10f42536addd163af0cd0955ef2749d94c2934ca17ced4b3e1e4fce8f8ca2def5b8fee33d75703
039bc7f2210cf55ad8c3f910a9191b01fad31dfc1fdbf9da431b2b013c2fafaa56ea749ce1400f254df5724e57d354d1e3f01441783656f1ffc42b1238f7fdfe
e70d312e30342dfbefdc762329ea38173cf201311fc0d1a9cb54d00617e307e35fae2c424d02129df367cd47f43513ccbf1cdc29150a13b3f5d6e80607ad3e09
3cd570bf5161ca4140f9ba0433d42631a2f29bbd4a45fdf6e9dcf7b82ff65cd5fe235afeee6c04d2d7d728bc0fd120c0fb22fbbeaa19140207b3f42423f80444
c314402b19df20d9cbea54b9f3344a150b63bc31ddd7bbe305fe01fc1a13acdb28d11a24266cee36c2bcc914e2fcfbbc0b11ee2c2302d7e20727d13f2f08013b
cafac6e4f0d9f620c4b508b6d70ea5edf730d0e9e80be741ab030533bcd9ccc678d2fa318f89d868d4e3cafd590fe8f01113eae60510f40d00b9161f25d941e5
ce90c858f0d34bad0f0eae1f0717560fe747fa09e5fd4004f8364cfa1aa8ee2ca2d0afc4cceedc25f5f0e8cac3ca46c44b274c09422ee8f190fa2acf944f3722
f336af2c0402fb582ab2b116c2274b12f8dc2df6113111143ae8f8d5a8be181bcf37a63848dbf711fb3a0940e518ff28e30a3ade0d1abf060cb44be5210c25d6
47bf2f4148f2d3044825c38d09b5f1c1f5ecf526e04b1419081514121b58fa44ffd6be483afff6f8b4265110fd3f07a608ff9c5c38ee2ef3aff32eeb4f37f1ef
1efe0539ce31c7c407935b5e26fe62b53da459d1faf8b3f728d6a96267fe13451ac09f1f67ff1da0f60757360fa0aad80a2711bf67365d072be9dbf7dcb843a4
fdd0d51b38ef151efce6bcea1cbd892518daa4f22bf64516f50b9f510eee10e5521a09fbe9b1cc0ae665bab0dfceb6ead318d10ca3190fdee3d6ede6d92925a2
c4a831fbb7071100d7cf901805b8a0fcf94afbbf2e60a50202cd15cdeb51e31e180fb33e162cc10edb5ce8ebc2f2f5068cd507e5c2bfa03ae5270000f341af09
25ffc8d210080e65a0091b46c231869304394213b74514d9c21e6803213804e40db2e428e8d205cdf0cdfbc8ee9c2923e521400ffafec92fe2f155b84916151c
5fca22d502d0eedf0de8e5b41130f22648198a319a56ea994a46bbffad1dffd5406aa1bd1a0601622d65e8b93717abe372edea20b0cb2f100fcfc632d0440f96
61fd353117143ad9e758c30af23116109f2dfa32af4fc208d7351be042dbbedfd7da94d60cf01cd9a340de410eca66f9d4b70400d5202bbc124917b1d1a502c5
03f9c9202110c81a214a0803bebce5af015d69f6b316e0cc073aa410d24ec72e1fd2ee38b815411a02f1f80c105f366ddbee0ec314473b509831f4fb36ffcf9b
ebef48f003d1f2357ab7912238f8eae014d66f08cb71d2e5e3e12805681c3f5b0d41c3f116da5f99ddaedd08b01805e40af75ad955e5d85fb85a1ae0dc891be0
cbbbdd3eef061af57044d93329e501cac749ee2dd8dc562907c31b188c01c95ff8b3bd0bd11cb9bbf4f3f831684ecb44761eb05792b0ffb55dfcfe114f250ad2
17f3ddc0c82cf551df09bdbb31e2dd03c20f13bc542aded00a7d194917b313e0e1dfd2ab0920c6e957079edb1ad804f04da70927e245e3856fe60ceb0132f1bf
13f6d7dfeed9a51bc400e9211932f82ada23d8fdc6f0c5ceef0bf936bae8a2c702f22f4a4425d1b14200e7fc4fd63b2110e2a51bd7e523e0e5f060e004fe1ad9
115e0dda3adc59c11d1c3e2d1101b6f18628fb47bcccf255e4bcb7a33a05fb99dd1db523fa1ef4ef0d34fd9cdf36632fe701380ce526af84184c0443ffe2b7cc
dfe67711f6feb4fa69ebaee36908f322b0f10c062d05c24d0f703f1f1644e49acc1801215108bc9d0cf7aebbfbe7e6fc19e1f8f6fe67662ddc62c527d34a07fe
54d50c0b07c9c8955808ee1ef74ee90f2022e68ff7220bf763f7060a4e621706ddf8eea7041537c40dad03bb34eee026f8e1fb35e311f8131ca6e426f937f913
f5f1460bd649a2bc222c09fa63e22a09020148adce5bbbf42ec0a848c2b2da180b053ccee4141101ddcf0c06e5574927f3e00bfdf708e148431cf8031100f9f0
c701ba5538c3f60f581fe3f0ee04f8f6e5fdfcf5b4fa463f5a12e1b0fab4b5171cf20753f3c6f607acaabb01024fbaf82bd5e7bfb544b5491e4b5061ae22cfe6
3beb1d21c734b4e1d0c901e748ede5ef133204d20119d6df12cee9273412b00a061216fdc9391c2bbbb721261ffd4b9f0c9511ea262ce1ddd530fe131fbfd7c2
2c1f29e0115924a010cee80f3f06eb0c1f15a93ad30c3806e0fa15ae400a104f0aa1221327d00afa0802e239fc18136930ef1b06daf9d633ac1c323304ed49c1
0a11ce1c16f62307a2edd96511b6d6b50ccbe678fdafe298f72d1b1840c632ffebdf26130519b9ee26fcc4103e02da133559e147c8f0dae7f1de28b208149e1a
26dc2f0b2033663bd757c2ec2607ebd40be1faba282e58fa2e0323f8d22c2926572bfde85e15200715bb223509f849e8b80326adfd9ec7ccf0070989d7ddf8ec
f133d4fbdaf557d8053df521f7b74106ba196be704c7e345b7f9fbf522a9175f52f6cba00acfece5666d420ba2db35f8d6ddcdc9e0cde35ee635e9bb88fb0004
26bd9ee5dfb7fd0ce7c6d84523d146f9c1dde27b0db12a87ebe833444cb1c860d6121fd35575cfbc0dfa34fc2fb4990c582e081a7cd01241015801eb21be3df1
0244ae3018c1b51ca202e45f60af06ebf9a01bb02d23f44198c21e1aded0deed1436bb28ea361e08bfe04c4818e121dd2247c73fae02c5b119c2110f1a564750
b5dcf0e9362305f9282fd6252366d004dabef763f1210bf0f5105c52eddbf70101eb97fe054c2c24c8c6a7e2d8b401e8449d49acfbe6e09be753c8e6eeb20ee4
38f21d103748c7fcfdd7600d331f0ff2d9c5dcbdfaff1929d66c23ebaea8e238c219aa0925e6f2f7106266015629bc370d0b4222dcff45c50eef240301f625b6
a306e998e72a2857ee2f07ed3536f7f5b367d9e5dc02f13add0feb05045c1e43ebce1311e3f9a24417dcc46712dcb43ae31c3a27ceec6a0c011dfab3e6e1c220
b831e922d2d9e6c80e4ffe08011cad39383803d8fee72a0427bb5ee6da6238dfb51b9b06a8baf021ee1aeb49190c18d5d1e8dfee986617c2f7a0180bfef33167
40b641051ef61028ce0932cc71c6bf50c50916fa39143dde2d37613b02d22e40122cde52ec6505c6aa17fb33286cd8fb6accaebef1d70a56ffedae02fed32016
184bf2def5340ead0fec39c323ab04f1591bc0f5c71e1e0827af1b04a4efc5c9e323d5c71415e72b633641e22e63142fc112a7fcb6754d174cd4d7fee257bef1
11b0d246eaca50e7290134fef5e3b8c1db23daca09aaf65b132c18cdf9da1ad15eefd119efa83b30f27cf7aaf31309520ae9c115edea0a0b0b5051bb0979514f
d836d7c0238c02f8e835b08ff65e0a18d107f60a2225f61738f8fb3f1df9fe16ffdd9cff54b714ba0892ba94c915f608fee918e9c4e94f0a3674d32007154efe
ab4707d9ef00f35e02af063e3af45cf5ece4f642fbd511d1e767e708e0d006f3eeb33b22f33dfcdb99fefff7163cbd69f961fe0e1f2f65e00b4502aced2ddfd3
ba30bdb13a0308041138202112c64c2015c2d7cc0c2bbb0f2d165f0fb4150ca619e0e9e2a43b39f3c204d2ea1fea9ceacac3aec7e805420a5654e90dc0a415c5
d894c10216f55807a314dcd11ccb13a9e9feaa1bda3ad1351c121422ea16352ffc21fba93cc2c38d0ee4b00a1ef30b12fc05c2bf416234bbc61aed0625d742fb
06f4a2eed82d33ed125a9ae8d81facfe4bedd2abf7eb162bbe462dbde6ef9bbfe1d5425968de2ec127ef0d4527dacf283c631d2ae4bdd4c8e5410aeeb9f9a95e
46fe6f3b8842bb19dbdc370b2eb2ec15420cdf99dd14b6f41d2323d5278ec8ceebaff842ac1a19fce261cb37afd061a1f2d2991702bd07adbfc5c2d21a02a808
a1e3502b28c8a009415117ff093cd69dd6f450021b9dfb121fda26d303041607b136b117f87a903eeaad29de101e59299a5d90c6331beba9c97c3ed0ec5fa720
e28f34070338704ab8f64e1a422dfe17f5e809a4b7ed47b814dde6c2def224cad8d828e022f642f9cbcedbb0b20290fdd941d88b457ab0ddd2c1099e3510c455
9df61508ba3e2245458ef3fd13eafa0df5e59dc90e40a9b709151b020b2e2057454221e2f7e73b082542f4f94be8451a17c54a40b45365b1e5d2e1e8bdbff108
22c03fbce9f1ee202a13ab46f8e80d61e2cf28f1c814f719d45bbc22fbc469e05c1be457f47302b64b774ebe21fe533eda94aee7440cb3ef8c4ef5f0f0cc4103
271172b2d5b61c2cbf261a084d204f9dee07b0dccac83365df44b036e402edaafcbe2ff9bae13e5ddd355225020feef1d4ccbb30a596f20e122215ecf2099f99
bc5823b9f215fe01fbedddb4ff68255bfd98ed10f402d92e42dae7143d174bcf2eb706ed65e9c8263a6fd2061bd1001ef5fe1014c50d12e3020966cfe2201426
a204f450353b1712a0cbe0d510432d680ffd044729c408fe4bec25b57c0c3453c52131eea9ea21f4eab9e725fdb7d5fa8a1599f497eea5053cadbdfef63498d1
e3c2cfcd4346d953f63ad1dd2e0ad31c69d868dcf6a736cbe4b0fbe03b140bf858febfe917f55e9f074c4f07f2e845192018ead6300bbd29d3fd5fee09d4f407
acec18dcb71fd32ee557fdf3db96480cdb155cc419dd25f82e36e5c34b5beda3c842c7fbe5831058c0111b5b1d51085ddce31658b50f35580f1cbe58cb4c4eae
f3e8dd23f63529be125eb8234008e3d88de3273115fed60f112d2a3252c922d5ec16e9fbc9e4c8d1d2d00aee140ef234a69d12c1ee043ac140eaee3ef51c45cd
18478cefeb41fa01f7564c1ebdf0f1b24d1bfa29c74364f8f8491223cf0aeabf14100eb109200cf91aedd8ebfeb5eb0e3a3c042f03c2cc35e0460de7ec670b03
a60da775dabef1bb6428f720393673b559fa05fe0fc62b039f2b9dbb1704dc03e9018b0b06f708d6569f111430222d041eca513c1be177cc0a1a2ebfe43a3990
eff9aff7f110a2fd07f0f1c204cc0c114aeaeaf5d1c8e3b3560b2814565d300b6f91f731fae6b5ecdd14d04ebcf4e6d92d6ac1db7012f46279b53026d53b4506
da43f80c0ca81f0d04f224ffabd8fd24cbb1ece0d70420f6fccaff2a29ea23082a03b400df064bf3a5f19222f20afbf5fe1a64cf15a5a7f839a85a550d51d7e7
b40e20faa733de5d44162ad10dee02b8d7db0b1243091ad22748bc4e410a9cf0ea3f6aa9e71d3f74df05f42449482459109e26b210930e4014e0c5fcde59fc20
4f04f7ec34ddcf49ee1beb0cd9b9100c19de39b80e2b3d9cc1bb162db60ca238f9a739c03ce024434c870e1f29e9d6da0db50a14d59b39e11143c9ff1a10bef0
fc970dcd1f7647dfb71f72fceba707b4446bf21ed1ed581308b350ff21e8551430ea51a0748be4c44ef82a09254cfbc74a66082cab45d228e702190ee2c94d34
170d3c05b6d8f4d86ba8f68c51ee415010182203d5fb5ec0e5b2ad71e6cf1b1359f75e3cf813d52fe42b2106e2d3e0d8dbd513071ad6f3da1df2eef83db1defb
271afbeefa38e336cd074232a5c9f4fafd3d001d170bef7833f9040fbaf93dfafc1af35643acc841faaa144cdce435fb456e784a3de35dca009731e44905940e
b939c2bef1bde2cfc10c75ea7c6237053f25e8dcf1d024f1131b13b84c0f031c09d4dad233dd25e7f7e4abf396d9bcf657d50602fcd1201c2413d4731be12de5
21670f714525fc4338c2f5c4f26e0754c9c51d22e5e72b3d40180322391609cfa2c1d1b6c33303f0092b98ebb6f5d1ff9a570f3af3da1a284502b0480a07a511
f50d165ab017f7afd551e6a9faf9bf48f5a41b1cf2d107e5dcb0e00f13fb1a5823d1a71830b9a60a649535ea2f0506b608d3cf39d3df351a12dd0c0e602ec80f
d24a12b1176ac1bbf2b9000241d9eb161ff73f3cb8fafa07d0d11de7ecfdd12c1b282cf9be08f7a9e31500a03c25046fc4e8093fdc552e05df14be2723a40117
1a2731fd39da314abb44eaead81b4847ef1ad351e9cb41114924f552ce16e7d5430f422efb3fee3b1cfcaf0b56343d28d8dcf1d5a5c40ef9983b5302313aedf1
ace82da944c1f423b4ff9dbafb26ba250f4cc4fb2800c63517d104120d3c2dab17de0003f5f5eec1d1ad58f120cefe1145c11cbc95f82130fdf625630538b030
3a36e79db2d654df9c46d2dcaa0a1e01ed5324260f8f513e085e5b4133514bf898596dd1f4026c5306f7ccafe85b48b293e09cb7f7e1f002d42f0ec2f4a3660c
f30feb21fed71df122abf9cefffceb0f09d0682820db634d55edf7062ac7e22c4d9910c85fd47411e034f8fba42efdf629c197160fbc3605cd469556fafa241e
2d0ce5b2f7062b491e5a3de99948ef0d172918e711fa210dc90b02f2f10ac82ff346bd3335324bfdd2cf1ce4e6460029c410ea2d14e8131dc5cee65eed2319cd
dea2c418e7e1f81d0809323d0b3204e543ff2f48ec6afd1d5b6749f1151d51f6abccff0f103763defb330b50393709e53b16f10c5a3195d440faf33fddecd8f3
550527f955dbf8e636d1c0f3dde4cfebd2ecb1042342fcedccf5f930ec03f43e3cfa4109ee1ce04f2b0a97ced83de2a6bd54fa0ce8234dbb0792523528c3aefc
31fae342f6e1eb39320ee2d903ab37482c46c1161d2aa64977f1489558ced4fcf7a43da553341d40de1b07d218e512f6120ce4fc9c2ca8325227fc0826f9271c
e7c4f2f8612c40f3c766b6bf06c56a24ee20c9b702e4d6d7b3df2716ce5ac3d858f5b80426ac2f49163fe41701e3f27019e5ca6ec7e01abcdd46caba161abd14
e82cfb191a12f910efb3c7a44f31c5f6f9eacd3c4329d6e81e17f10d121e26dc96dbea08180c0ca295f620d770f3026255d6ee2aae1bca03f901ea450550e3f7
e058e97129fe0e4340b7d52721b30f52e0e91213acb655cae8f027e1fabe4a4d0722dde048eb5640ff38eeadcf60d7dba63c0fe647be38fe0dafff4fa41b1ccf
dee26e5716be1f2eae2dfafe1ac12b42f41d66c9e2e020f4bf21a4a7f7a0182cc355ad3ccdf31ea11fd1b4eb32edd01f2732ed11df4552c98de32603420a0820
fdf944da8817fe6ef4ea59d8f3557207def46bc9edffe6b013dd2852d6cf105fe6c118f5fdccf771e25a1053f0f12e6205e719d4b7ab2f9f40200f0912ee0aac
4cf81fd4041cdd4e4152b4f9f0b31ae093eef2d002cbf4b63a3bec0e5716f040e509f96c9d51d4e7e903260d0b352e13ab0a3fe229040110f92402faf30817b7
fc400afff2ce0ac632b9d633f7d54c9ea5b7c122cc4e0fa935fbf4cf11212ad3c207bc19ae11b1251c0db6a8e559020ce251fa02baf56026361dda10915fb2fb
ead9faf420bb3c010af74d5b9894bb103af08c2eec5b3c31b4226b90b1d0add6ce6e0ac0db2b9d0ae242eb1ff338310fdcd4d23a0a1da4b40fdd403a1932e3f1
d32fb0e36c1e2429254ce00b6331f201fdfc6f1a160074bd1dc49905fa1327efcf34defc0341f3e82739f75bf6f22aef51c6c6655006de181e075a11402742d5
af0b41e74d15ee51011f2b24332abae6d3033513229dd30e096603dade21fbb61e03b33d0d15cab2f221d7fbeb990478d3d908efdf220232b3de3a1ec8d52db5
1e478b23e435c6f0cddf3d350e2135eb02e6da1814094a05d876e31cef41953a01efebc1b5481198f599245eb905af1de2da2c1f0272651feeebeab8af2b1fca
150af6f94e15bd2920b63634076c345efae458fb30f36e006cfeec9a1bce1299ea3c64c1f5fe2ac659cc60d2db062713ceddd9353558042141e0099ff837c4c2
0628995b0b18f208c7f31ab4f511d045be020f07e0f4b0fd1aecf9ec02e805aa16d9f0410812c8b8c265fef4f3e89acbeb9e27a8d0d73160c9f40303c627bb1e
0b3410a527f80ed5fcb7196dfb59d124b521c52b0c5a0d29f40314f6e6d34405f4c6c526f26e532126e95801bd094dbd1cf3fb6a9ee525ad49cacdf7e2229057
14d54d37f50af6dc4023f8273295c801128fb2f72b15d7fdfde7663fd850bc100fd9182348c9c0142002f9f4d51ba8b8fefdad384441f3c4e333d6f50110d9e8
12b93a9fad48eb31adfa3dc933ee14fdbbdafdcc33c8204314e9d92858fb0927d8331ef740f91df3e0d946188714d91bd3fdf0f113d9b7ee5213f03eb92916cd
39ca15180be51b13cff7040cd6a03902e723f61614fb095877b4ed0f1b120ef164cc0f96aab6271b030e151c19f80921602341bf268beafbbb36fee3650bdfba
b562df52120e0932a91411110813e02b72e05d5b2cfbddf3b3d70821b20dec05cdd3ecff3ce0f502e444359ad6df273bad5333b63accf4c333f8fb13013cb8f3
349cffef9a4b1ee031f0b94e4b32faba01292be05b7f3ded5c24fe08a1dfb2f32ff03d2ce4b3f6dfdd36d52ed9dbf2fe14ecdd1e23ef0232fff43298581a5dc7
e9e63dec5d0e2938d7eba8dcf73427233455291b4b14dbfd154803d5e00b1aff2550f4071deb3eee1223b351f135bbdd273117046f9610fc361abac2d5f62d11
18c61ceee23506e0e9f2120fde4fff6024f20cca311c081ea3f12f1cd9f0c044f233fbd6b2d1322470d5fd1838f3d46233f6cdebe15b70e42c08e8db64c18bb6
3d1d9617031f7ba9d7c0d0b9f1f5f87d0503321407e5b9b2f6f8181c95a6e3ab06f2d427c6f6540cc4c51ee0d4ce3a8b034e0c45e1f135c00137269ef02f195c
434e1aa2d22e09cb3609ca280dd7279f451f19aa1ef79822e1c5f4fcfe07e819ee93f9d5ff5434196bfad894ca209d0331e52f2eb307fae7bae7fab831c758e0
2ca5e09a57d5d2013af5f4d54000f8cb484b060bc60fe825fec7cdb64a3330151997131370c46dfdd0c81c1ede44261534d34df5046ccd05062312f1a9cd5b18
f4b43cfff71cd41fe2fe1109220651ec4592431c2bdc220dd6c206ddf0a3df0fcd500ac4d2b8623c1311cd2cfeea2740bee8c91959eff7ad08c70e2355afcfb5
16d20e050fcdec26ed2001e49f532b08ec0aee234dae91bff320d453af13fa35021eaaa41b9601c0ef2f510801fdcac0f302592659d622fb599cf5f5b9d7cb72
fa0a1c15d72f3a21f1e2c9b5ebe7c812b8c1efb22ccdaf2a1bf8b830c70406ffca06d12b1627040df2f8fac705dfefc4bb9d4344e5f53ba7513104df6aedbbfc
e002c8131237e0da1d2143ae27b418bcb50ca7bc3110032f1a20b9c214cff21be85cbc45b3ecde3719cb2bc908c75e2f0fd19efbb548d91bee8cf1d31b5a35e1
30cb00e9353ced53c13216c4402dfe654927ef2730ebf6121249dd15fcd202e50437f111ba34b0ec10c305ff89e5e20ce62eb2e4c00bc457efdbe90aaf20f318
4d3de9f61bcc73ab9801a8137164fbf20eda35fc47550d3a2b091e2fc6ea4aff981809dba035e3cce372078fffd51ae21bfcb95906eb01135c4efa06efbae31a
161a2408c81dfd5131e3169d2800140d51e51e0fa2bec62be4f2311730fad0eee17029a63ea42b67c3d80368ce4369c7f01943d5e0ffb22e40fcff24c10ebc2c
c5fb308ebb1e35ad116aeedf0e022cd6e6acc22be4eaaffab5e8d6ef0fccaa2831c30d38dd67ff642466e0024f1ae0d324d20df2e028f00ee674be1e07c8cfea
49f837e668f8d6f9e2bdae7c3c9e1d1767492bfd3c2eeaf44a280cff02d4bfeebe472df434d60f3ab9d0536df01b68b50b0c1a22a7c711ed0da9563f36d8a6ea
b00520a90603fa2da2bbbb0aa53d8d3c18d4d32eab26aa34feb50538a88e39d2db09940e4bef3bef0ac1d0fbae16f914d025fafd52faaba5a5c1c9f1c0925914
12c5452cc09efbe37ea29843b7f50c1541250613021ad803a9b626aecba6c354630ef8020f0e3e5b5747e545cdce1cfa2b6322d9d92298fef343f36385e8de28
5859adcd11f6b00a3830490af925570cd96c6946f0f53cc9a4effe2a1d4d0fe473110abae1e0b1c64e450e63f7b609fd19c946b63a14ce45e11ddb01109139af
cf05ffed50f8f524343533c8471b3621090455c37123394d35f669e6def40464ec26fc1b580ff912fa09b4c9dd115b1e6fcfa7700fdbd9b60a5227afdd4ce32d
ef4316c4a4ffea203d2a032631db7da618ee02e15847ffdf1c61872df0d6c3ea00c4f21ea9a609fd4bd66ddf0a299033c58cdb1fb3ad2b04efcbb338d610cdeb
21fc5d47dfd91f65acf5ef4e69fda0b30878e5fe264f1ac099c5e7ba1c06d750a897342898f707eaabe1460871244e2eabc75cc61dd31103a8e7df0d01abd60f
3b4d2de0c31ff06beaaef7c90706432a8ed3c76c59ccf4b0dd0535c4e502003a1146bde0570f1b0ce2b9ba2ee9c6bc672858c3bd281414ddff213afcd6fb4103
22caef4c2d0cf98de0b53a4dd5cc31abeb2affe114539db30013fa33b89a1ecbd9c530912029fd04c5ad429d1137c0a9e501ae4f9d09f6fc0a3cf5cd26569cd1
010c0d21e71444e5ecf0a7db2b4912081dfcfc2257beff4d0d57433c690f1ad9abf94b14fcf642aa63e1b2f4afd7ef10d835e615d4f150f8e3bc341d57f30109
01ac1fe4280c11faea04ddfe22edd3e0fd27cd1ee53dd650dda4b02705511d3e2432fffe9fdbec8bfbe601d4e0bdb16c00fffc24bd2fbf2ed9331f42b2049116
c1c967e8dce5f4d2dcfd2b969a31faff08be23d7bfc937424d1dffb5a21f0aef1cdc0e2229e5d814f99e14043a401315f70f01ed36bbd1ee010a4e1caadd0ee2
f9f5e9eac639fbc6435b436f3517a40c1b95b339c1eef0cf230531dccc1cc9b8acd9f50dcb3b9fc506ec0405422344d104bb3e35e5d111e91d15e136fc52a8e8
1659c412a8fbf64df2a6ced252d1b2fe89f3024739c716540cf75b8b3a1728c7ff19b504d94d3a2eedc8ef03de09e2e3e0012ee414242a3fe21047bdd6f165d2
14fa3a08176302daed0434dc17e15ae354e2ff255f5ad9f011004b071e14e7e8d5e92649fa601d2c080417392d01eb44bb13f7e52dcd1ffddbf7e72020f633fb
dedbbf195ec421e90bea2ee572c83145076c12ff0617a9b2fac6e7177a151feae0f4129d145527c318f35ee8fd39d31c1764dff74500d80f420aaf3eb741d234
e0252437ebc4d045c6adf62b32de2310ce2901a80f5dd85f2224cff0f7ff3a02f50ada503d3010db0cbbec68a4a822f6c79bb606bb15421ae043f5b3e6c8d6a1
f1f196d2b33b2c66f3f7f903f603279e44b34a65d440eccbd803efd9e0e00b57cb1ce8eaeb723298433a370ceeb3e229f634da33894f24b1051617500e61d6f1
091f495ec504a7fdc11661e3e1fff249e79ccd2fbe94e6d74c084107a6a168f96045fefbc44405281697ed1dc6fcdc0f150dc0653209d4222baef80df60fe107
1e30d2bd1831dfd6c211e1dad312fde544f4f9bf323c5be40db50926df158cfa06f0e712b80d320c15374cff16023f062d4985b30a05f30a55fff9f6b8af1282
3549096136e9c807f506f2ad0a6dfa42cb26ee1bf502f4c220375d27b8ae3bf9ecc95221b526f629adfcd04ac5d9f00facbc0fae4dd312eb19edd144dd3e7811
d2f9d5a9d90344246d303135f94905d3004434dcf4e36820afc70f2567ac13f8135abd01a40b2fcc20b4365b5be4f90303cf191d5303d02ad42d73025a341a21
294e6fd6fb9d23f19b35963329f639ae212812332d3015b3ed6b9ba132dc5eb2d21cc2bb100ffaf5ee12c0edfc17e42dd920a710eb4bdcf0ff9c11e23ced273e
b6424839f11eced074e94f3343ec8a000a16e551cf21b8bc0371e5ffdec9e60915e40fe08c764dbfdbc123d125ddef240d04643651ca0cf2372be6cebe3b655c
e7fe2308e9eb0fd6eefad7cef91b42074c274edb1549c3e317cb06535fbcf3a4e7f42208013940ce0f1abe79d51ed7ce5401361602f80d06bbd3e1eb2c23b000
2fd9b246721abbdd2c1ceac1affd35330fba032df155bbec040e46d539cdfe5d8f2d2edef9e353056fcc26a901c6410fc5f96032e8e9e10bd9e4251bd4df5904
024d09c804a5ccf0e10ae0391cb4332909cc69286b150dddae1f522de1ab331d7c462f48f270bf5814c4e1d2571f1473e7054ce8f0cf03e2f97bb706da519ff9
15b8962c46d904379d0ae81b3e193d0db0b4cff8e307e312500241738f0d36709cf60fbccefb3393ecf11b579364d9c80b2af9b1e7eab8ad19bbc1090911163b
1bc44b236f39e4e9241defecc52b05392391eef3ea6f00751dfaae5aa50c91083aa5500c0efacd45de5e0419ce414bed0a1f42d2fcf5ccb247022ad6a0a91222
b34d38a799d2deb828eefbef5d68123a1bedc81007fffd250bf0a3e019f0a6e2ee6541c6361ddf25e32a631532414c13f0ffa6d9144704fde700170612ce9af5
fde3f4171831dd382bf46b2ce9ed8dfcb5d514231555bcd1c2a42e2caae83ebad9a294d300e0c31c36f9f9379eb2e6fb0ac9f6e726d7c5e7a2ca23bf478da901
3122970b15c8b1f1ecbcf067f3dd7041c90a04e2e1c92afe983bafba0fe1d9fef8293f40d41bee044925bf01ca06df019de0144db4576ae0499752c3f2f3b9ee
32e83c13d505cb4700060e38515ee2fbfb1cd10146d8d0ef09e49acb0713b733e1fb2497680cf436e25e9aced123fa0affb66a3731d717f91c1ddde81fdfb922
b9f6a2de3dec683912ae11d6d9c9355c30b895d3e7d20a48f5baf2a53110e3f70b03ad0413fc41117cd636cc37ce560caf4d03c6cd5b2375440adfaefca1121e
fc49a7fabcb21d6af932c6210bed49c22ac40edbea11caf8a622f548f000d1bca112f76b2e211e15011824c21de2b9f7b0362eddb70851decb4bbdf420f809fd
4f3715ebb44c4cc9f8a00e48caf1ccfd0ed8f367e6f00600ab67ea50c214d2f15eeb12d842ab23d3075e0617a89f21b9fa09f9942cd91af006d7d64b1f043bd4
6a14eeffa71848011ad5b3f62ffd0fcbecd153d1f52df81aabf78c371a05f3575a14da210a1cdb23b237d3f6b1e807a805df22e2c04ca1eff8632702112e9e15
1d23c30907d1e5f0efba4a3d14d2d4b8ca0149c74804e14e15440fc207c6e21c17f656502b055ecdd561f3d137d42132fb2427d507d906e145085f22e449e30b
0349fdad5522dd16e0f1cec4a03007071c27241f32b1eaa82eb0be962348d6fce8fa15274f63cddd2f3223dbf6373a211cc00c0ab943e5292fbb4a383ef7d2f1
2b5733d80bf1a9e0d525194af9b8150206b3a6c5ff1a42fbf690140bd9f86634fccd19312edbda061701ed46c916291e17e80e1333a92c593fd1fb1004a6054d
2417fd9dbd1cd90c0e0b0def1560f7380dd2c907d91996322ffcca1be95e470f19374321dce03709350beaea371b0e3e6c4d20e100fff62014ada6f03512c124
cd0ce323481634d374a1f4e4db2344071a66fcf3f8eb2eb66a1fa50eb8fa42ee27379e4fb8211259d84ffcf5e025e4c0b1dd03d7ef7413e94125cb21fc252a4e
1008ff1bc2e91c38e73beb16c82015abfcecde03efdc4a26debd46019acb9cc204061bcc2311aa5e0e2bd5cd10d96019a9070e135fc15507f3fa27f5fdece846
db10fb966333d0333439b9cb360f124be71f44cbffdc9f6bd509e393e0ddf902dc18fdd8b1cc11e9a5d4e5db05d2f01ab3e102bde8dec3d3deeceed5d23ee41a
30fe05cd51ba2d05312eddd917650a95af0ef520c9cf20e7bafc0933e0ed58052724f0fd4e4332df3e30a2f2edc312c1f9e9314b11dc1117dfc64e3f17e6da27
4725f407b521cfa503f7b93cfbe0ef4920e10fecc5cc1ba55313920960089ccb3f6420f00ad5d6200ae831220dd6db701945eb0541fc28d010ae23112c074661
e9d8410cc7163d22749325df2a144c6ed33e2959f635092c5e0fc8fac832fd5e0b3231dd30166570f55a46c2d7bade448520d0ecec031608c2dd2fede2d2070f
c831b6bb57b3343da32f278a3000c0c2321057360b2b4bd7a14730eb12ef2cde4d40fb4faebb3b3514fc2da3d11b17bebd15b9f02d3ad0bc0ba249d23ab81e2a
ecc4e4d510be40ff14b0e215d9c407ec1207ca004e0dc0ce4defbf07e465e700f1d741e2b50cf8decd2a172d5b4b6fec429222b8fded9334c3ec2f5b45e81d4b
32b512cd2ff417470bf74c183f2aeda767f6bbb3fdcc040507df30f7283b0a450aa97bf2b8080921c0d2e5f64c4620dfd2dc06096b2e17edde72c64159dcafcf
0a2d2be0d1ed12ef9acbb5c9e6c09cd6f26c3b08ffff0347d943a9020bdec65139e656f1ebf9facac7e4d0f439bc3d15301138f00fbb1929271ed3585cd224eb
0a0631efd4224298f7aa53efe554bae7e40e3ff30cef7069a1023c062611391cc9b2bf372202a7e5f4db517809231aedee1ddfdc3064c4f21308bb303cf230c8
d09d72230e0fe41519e3012cd74020dcbe38ecfbd1bc14ab2b4b46dbdba1e81bf8f1faf43b05111c16fccad7b827fce9315cb4c19fb5311e4a0f4f2b261927e8
10041608178d490321f1b32437c4031ed8b545f5f1574756d0f50940982c2cebbdf63105f119f8d7e3abdaedecc0fbfa334fbf480028debf106a36159e1d4c74
29c0a91df4c2c959e6bf73530d2a63dbf0edc5fccf579cde2831cc13e253f6f1da08e2bf0759ee3b430147fdca02c00105dae3272a20c25d4ff42c5509e45050
0cee11a5ed07f2922c27592a02c2eef1f5fe0eb006d5530802f01ae7155cf901d4ccd50c4230d74314148f154ffaf839fe7224eb4a2e4532a5f6bd45a8ccfb24
b010d8626af5d24f09d91f31c6eafe0bd8d6a14ec8cf4bd7d402f319282612deb826c87925a878d6194fd91500eea9179cefdcdce6fef2c7ffa4fe571150c318
cd64e5d2cbf7d36a00e397e53b9f2a5af3401f262144ed10f6d6f2fab3eacde0d211645deabb270cf9feed06e8a992f40ff9d828e51b21fd09be70e84b2dece6
d510e8dad90fedc680ebe1d4da2a4e17d4474916dfcebe02f0f82ec5c1ac6e74a851fe0ee0f7f2ec0008532500c42b97bb41c8a42c3b16470ff049fdd0bc4ea6
d7d004e621fac3bbfefdac2eeeac44d613279fde0e234b0513c08afc64ea6904cafe0113fe1511100907bb35fbf42d3ba90f39ee0b2d024af8eae60235e628f2
2244cdeecfc37533f10d6e3a1bf5ec160bb424e632f7d044494c300e54c2cefaaf2110f51b320803b133ee320d14274842ac3920dbe0f31a3e01f415168c0bfb
02db071cddff49066f073023e8e95c03f8b7a0dd1bfb02cd96aae800e288f7fde2ddd1054b0fcd0121c4d84fad4e23e9d004e5ed4c07142d6ab8034056e03f14
b60752f5efd510f1f923464462acd70338e6b8bf35671c2524eae61611de0feffa1be9effafa0a5dd7fd53c811e7abe33d1a2ab8d64ef504adc66decbc2c040b
1e106bfbd906691204f4f6f1f9fae61e036de4260fe607f82508296dfeb31058138d62ff259604ce12cd27a23f05a2441606ae052f1c5d01ef22d10ecb10d1de
25d6fb22fc4effad0b9636f422e7d8c9395108b6fb1c382117e2aae3bb089b14b548d88cf80f4f3fdb23e53701fe280d10da2fd9efa20ef9c14b0732afc40dc5
10501ee00d250a21c6eef03302f1f8fdb53eef17134d41144113fb39d41777f260feb8cfe7ac0aeff612d3c202ba484d024137b0d5e29fd70eae4012d108cb2c
2733fb2190a6191795e605e72119dd3170f5491f491929de38ed1fe4a1cf0ffba04e0039f5bea809df26e502fa1a0e0fba18e4fa18f61be1e92934f959f74200
f055b306f8e001295f07003dc930abe3451079140910f89b11b72f60f7e51709b69d093f1ee628cc8a04f6cfe532125d1f18c1a81e22f2361f01d6de260436ae
23f4293d18f60ae7dcf608f1041c02dc35c12e712cb4d9fc6cfe25f5dcf1fa3e1a0aef992e1818044f10244db6081cd6d633eb8ffbbdd92bdf0744fb34492446
edfd15f33236236ccce69701f4380cdcf9f55ad353ebf8113a9c03f2ae73ee2193a2e744bb0c49a51ac7a02c6534ff0f8fec281a0a1945564eaa16b6c2d3e2e0
bebfd503f14b030b01b9f4b23835baf4a7a405f74be903381d58fc438d16ef1736190eff3be5daf81fdaa6da011113dfd5c0050fa7f238fed1b01ad9caa91964
a9fde5a0c8c0c9ffe00f2ddffa18bd0b2510bb311a053aa813aba4714b4c1520bb483508500915232a241ba45193e4f7ee4a3921240d07cb1dec8b150b6e0674
0401391a4518bb8cf651bb3c05fcf4bfe12f33e4ce562511115b22d319024632cbc9e8192d09e7f9ee042cf69127a8350e4cb6d507f72d0d2dbe07250dd50f40
3186bc9bf216ffcb08aec5d35e33fae926a939c817ffe50c2dfdec96f20396f351d8ca0109dcfc0513302f0143021fa5faedefec102ac864462e5546f015e531
3e0135622f95b967ddb618da2529fa2de867cdd1f7e0abc6cdf489e913ee05e81428dd10b5f5233f6035f1d235e1ce08f55513c1d84ce803c701952f212620d9
fa26f693d5e213d18ff432cfda8d1f37f6cd09faf4b63a2eda3103bd144958e10416c8edb2f4e2d11bb8e506b1f0ec18d0ff1e060d6b18d3d1ed07fdf2a7d9f3
3624a40b10fef8c7c6d3c96090683a30ebe8ddbba0271f482de265eaf5d610ceed98fc592f0d0e00d8c90ac422e6486d640ab943e6294013884cbfa606a0e828
f9ac65ef0c2e360106c7c74927c5e4bdcdfbc449d2bf33fce464f909c540f3fafdf6c4ef2c0da7f5313750f1929c0511f316fff9e6150713e238cb1e3d3b29a3
1ddfcfbbd517c5db2d62fb3adafa1af7c66cfee4061b0be7e608122acf0ad929f92277e8019e3fdebee6dcd3f7fc3043f8d02ae62e1be5d40913c5f501a8b45e
363409b6ddf4deffee163c31bbcfdb380f05a6eb02c4b2ee47e5df1510512051fbb0da3af2072d14792e70df25482359118b22ccb5d9fa20e4e94827582b004a
cbef03083a50f406d5e5ffdae158deb9d9be55f005aaa502fef0b632dde81104f60b0b23f73f3f244f49023f2219e4d8260471f91de3171b2c29f942b0b7cbef
f6120213be27c09d17331537e4a72708bd0acadf16d8cbc15754b70f0c0171d85e36e45fc5f1112bef76d5f3f85837c112cd2db7fa21e3a311e2134f2c2abff4
24abdf27aefebb0fa12bc7e3c5f541b2180208732003c0502e25654e6b19f6eddd41f51c18e94618132910ebaef74ff8cf1bf9524df433252912f0c0b609eb0d
a2c3f6a1e19ba89c1404b3dce70bfd272add8a5f282be115c5d3fb5498f64ce6014bd3c1081312b20d0a04c0a7eae2ccca2afe02f037e11601a108a9e1de0637
c3f9af475eea22f1e4cad247f1eefba7fbc4f93b001dace49f15fd20ab09daeb52087aec10f34417f0f313322c01cbb01ae5da03fb6ce6c2d6fc303d46171f03
103450d6dbb8efdbfdd5227433b2d940464b863a3d940aededfedbb611e7ebf53cd50ef35cd62d29fa2206d62cef11e0fc14e4e953e409cb04c5b9aee5cda029
26f49eeeb6e0170ad743d83ad455b9fa90e80df10cd9583ffec1d9f8e2f3020bdbdf38f3da51f9d24a9be130d725c82819d5454ac61152edd101fce1f947e2cd
6074c6c70b1907b614170cabf915ff2d3af840f7481cb7ea2151f8dc0762a9abb0382cc7210a3bd99bf6f110e8a84d4606c0fc2d21d1eccf4936f1cf0a0a0234
09e7d9981b4516b5eaf4cc31cff7f5b6ff15d8690ef40f6da5ef25d913f820ea04142303d11acc10fd213b49d5a08e44e9f6f702ead628112af34856dbc4049b
4825321903f8f13c17a0ee6aaf5bcb47361a9b02042147dc1bd2e93e14d712e655ec2456e3b605e104b7c2b7231dc71112e7f7edf304eb2c4603dbdf0085f424
63fce6f929da3d0bfecf17b6dedfc5f5c2bdf4fc9ae70d515af31907f4b0d8def91910091b40c0f529e1c688f0bdd5a355e12ee5ef61da6d2a06cfa320cc1d35
11ed24241cb3be12193bdf1514332d1ae2a73a33370a03f8be23cdffb5f2cde7e3ac2f0dfa380e105800c6590ac1dbcfd73ae0f3761033bbb72ab71d21e6feff
fdd7fe4213e5d03900c621df0e07b1b08f36f427b1a0b4142a52eb3ed2d0f2512ef339e2d67123594bdd21f7089a115d5dd6c8291afd301cf65414ff06200e1a
e0bbf4eae2b4e7d2025f0f5a0fe7d3dcf101dc4dbcaf1e172ce9df10bad9d0c5bc2da6b4dcf8e2f7b01ef4f63d16120ef9ebdabd32f4a824f6bd1b3cd7e0b429
d3dc0d473308c955ee3d0535a0c329dc2fe7dc3b333f2ef00145c63e24dbeeedc30baa3bd6ece8bda1490a4ed93e2117f104a169d0171dcddae7e80608290746
140268f61c48c124c72ef3440e795703d7a55930c5a6da4807064726ace3f707dd4773ba063ff60b31f5ff083535b6eefb036fda2ec30d04091407c1f1fd06a5
18f7b4e9dbd238d46cea95ddfb08f106e32bed50abd1e7f5b71bd856bd333034e31030eb45c0d8bfeee1bfe13fa00433e3ede6b8013f3c8ea9cc2ccdccccdc70
bbff732718fffc2a3ef9d22febbf0f2919055b26e9d446ca3d045cbcedaac9b5286e89f0d1f42bbd7c01f902228a5ebd0c05bb5af0e1a4e44d04352fa5d22bee
dd23f5dbfb5a5dec215a40cce0f6de1913915e02ec2438b9c10e663fd3c0c321f9d7effd1aade3c2dbbc9cceb806a13af8e9bbd00c40e93337e707fee6c6c1b0
ace4d9510fbdb9ddd1c8e7f7f2eec55f184ac201fa151e37f0d0fefe0afdfc6ab7e8f92beb36ef001236091ad739ae5a5adb2fe2cecddaf59928ec9acb09079d
cc4e6533eb94f8df23fb09d66fa7078b6e6c4c43291a4de502f3f8e222f4b7d7d9a138fe5a0812f220a0a6acbc60ff215205219cde9dc09cea3cd6c2f2a406cb
68b03d430404eac0e33d0d16fc29fcf233225f55faebbeb119f1e8fe08ad2ff7d944fab8c835a1103909ffbedb0855f425072da29a1103f1f9ff12eeb12aead9
ca1ac8afc7c5e91ed94f0df10cc626f04bac4362102511d197ebe285560b20210003c2fcecf240c3fbc9f9e8ed21070e13f09b0fb3c0323ffdfb41c630beffdc
72b2d3bbcf1fabf237045ec20152d62a5ebd4de49328e0f3f9c8251de7dc15dd481f402efe4a0ef2e5b0de1404fa4ff71f5221c21d22a059fd9750125dc14601
4d0145e3070229f74230bf1e0c23f2e5fac38f3636c868b9fdb71c2bf81c2827c624e4fd08e19315eea3d1eadafb56f2570e20cf87d5391f306437acce401512
d131120ce373dadefcbdb08cd4efc170b94cafc549c0f8d93d62bf8a0eda527dd219205628fa2815ede9c1da31ec36f4f0f4d1ec55adb7103851d6dc30d80204
10c1f9f94ec645f149119f1ded21e018c5e5de06eb34e90f2249b9e9e43318591fabebd220e81715603f36a8eac0521f0c172d032ce205febd18fcceea130248
ebb625f42c47f34bc9a502edb3a133261ff8f901b4aefa211ad536e4115594ddd1e5bd6beaeafe311aa81d3f631a1a19ff0fc729224bc4ea2eec5ffe221fcd0f
c7d2fec1da212a011def8da8020216153e69c405b9d9b0542c04f0a2fe20baaec73937d11495373543b332dd2cd91f1ac2f2fc913b0860ee1961d0a65764f610
2b0654302e2fe437c62604f23f38cc98c090fa2635e7f0f9c253043edb164502fe4e0dcc0f0c51e5b01f07af4bea020e19101a3a362e1a37fe2fcacdf11929ba
eab4d9d10a1bc447dc10eedb1625141b431608dcf7470deae527da0dd9dbe3ddd1b0f1662a027157bbe14127cff4dae156c9cf22e066d010f62110b0fce7091c
50ef0af25f17031e12293c1b8d3aed3d6803cd1b25b61305c919d3ff51baf1372cf148f1e5035909d0f9f94e36e4ec303cc653bdc7eb9bf6400f59c6e3fe069f
d5dff5d6280ae2c2241f550870df391e4be41ad5baf5b1e1630c9c062e37eefa99f01855f5ec9406ff08e9c2255f1b4bede7ecf8e030a101e3e53bd5ecb703f0
57fa0e1658acc90c2fd33551f4265369d3b9f91739c21ddcccbc9a4a2f41f51a012d0ee8e59f2af803d5fa32cfe7b1fce6523924c21fa85659a05731bdecc7d5
1c0f44e81eda30c043f048e90de6d912b2e35ae4a5f137f7e83270041f3af11cb90a0e119ab8230acdecb0d6ed011420d0edd004c40fe244fbb3aad11facf220
af63cb420b9ce069c51da8da571d03fa3ee4f7ff1d9cfdf7d01f282828fbbdf50719abae94cba34434ac05691cb5d71a0abb1d30eddb2815f70bd1d811c6a76f
59520f680318aaf03a49e80433a2dcd8f6e4a50419dd49ceec9bdfd6c8f0012d07b814ed1931ebda122dff54ac1cc219abd4e6fbb126f6ffe3dde898de1d9367
4fe358e2cfebb742f74631d11aee5403d734bdb342040cd64633fbe2b6af29dd3b79f969e707c504b0dfccdd82e4f70230c3dd0a9c26f232012038e8bf2027a9
0f00b1fb2af5d0f42bf8b92ae13d2303a6a8170213be35ed1c4ceddbe952080bc7d8178eb1d913371009356b9cf75528a7f64ec93c9111d1635dbe082e01c82e
cc1106dc0fc9f3be4ced205038c6f43c0fec21c91455eefeceb73abd08f9c5fc03f0e8fb0c7a36b1f707fb4513d4efde05682405144008c0650bbc3d420746ae
fde42cecc901dcedb721dec2f13321bc8dabeedf030fdaecd3d0b03bd1d9e5410c4ca610d410b52658ff03263efef6fc18f55402651d0f1dff032d341429d14a
0dff07d42a973420c427044bde979829f8f829e1610bc9ede9663a392f0d2ef818c104dee02ca3a42fefcbd815fb3b450617cc7518b5e30e44c860f5f8f49414
1066e623cac0bb636616addbbc1116c401f106e816f1cbd9123a3879d91f01d090f9d4ebabee2f976c26e704b056d820423cd837d7d41becb5fc27e5aae3052f
bd0c591920d31921e524ffe5ecc6efd6e9a0bbccffe217b6e6fe5ce7183bd2f36be60e13ef06e3434845159a19d9d3bc060af0eafe46df00b8275694bdefb61f
53201efaf3b4f135ba01d3cf441bfb49cdbac03bfd63ec65914dfeee2dc9f013b5af3301355808f525fdc819151933fd0afaf7c83b2a0807f4d764edc6e89419
f1691dc240e521421f25afdfee01352960f947450e23d6a31f18b0ed020aa439b9621de6e7b61f423ccdb6fff5a6dd4e73abfe9f17e0b5eee1104d0517022c8d
d1491b26d706f8fb3ed2ec45c22395e06eaecac9f70973d92dca421e4a94f806bffede29f64334924e9ee9a93c03f72d255bf00306b3f7dd20d58d18521833d8
bd366010471ef5e7d3620b1f399927e304d359243b613334c00b0d3d553cf3142db2f1a61f31a5080fe3c7130316fa2de549c4f9f7f543da64903132fb640ecd
d84a36f40b53d2da13f92f61441738089b34f0440aa919355fb4c6fe3c12ccb7df4a2a3a0af5b5c2f432451a12129dc917a631ce0f07fc07f62345e00555303d
4a040fd134c3eb1af5390b0c1db11318cde50af448babb5fff091e3916234c6707b31ac6c921ace5263c210c15be2ff01ecc06332e5ad9cac70a560905ef1401
f5fe3ada4508d2ee1fe3e7fd10e4251ebbeaea21f8cf08bcb7b7db0928049e15d7c7d8cab0bfe85f085b0391de252f326ca5e7e701e736e5b5f01016aeadd4a8
19403a3319d7de60bd0a1f05dbf0c6c7df20f9d7c6214dd81ae33101e718b562f94af35305ea07254b09ff07d44b06d31a12021c150be7050bc3c8fcffb4e216
f80f020a1ac2d3ad29e9fb20cc0105c15bfad40cfb132f13386a384f471415fc2ea1cfe93ab80606b5f2dbb50a18a7eef7e5e8681b041d05a9d7d43858932ca6
b143ef18023cd8ce19eb12f93eaaf06d0dee1dd11cd3632004603461f3ea373df6e3163f0e12ffab2402c4d8f0255328cc104fbe476b22ffe82f85bb45f9a745
0715290d32f0e4ddfefb25adeddb035b03343e0116ece72bd85869e358fdf94cb7e6f6de1735a4b1d003bafc16cefc59bb01e57afcb70f3012dff72af3112c2b
26d0a460333a0b7e02e6e359e3f8fda2e2ebe39729190029ad2959e5c9cf2aa3d7580b03280234acde3427ddafa5542df1f0f72d1a59d348b43e5cfc0ff7234d
fde5138e0721f32d21d70e4cf5ea7cb20b0b08f2c0e6dfe6f9bc0c204efa352b8cfa0bf301b6afe59efafd31f7f97333a102e0e7dcf8a0e3dce0a9ad33a1a6ee
eeecbae6dbf1e74db9fe33a50fc90807430bebd727cdf9c6dd060257c62e1826d715e0fbe45645ddb55404dc04b0555e05fa2d1a1ad820abd4643a2ef7f0bd51
a11934af22eb2bf09c47df1fdbfc90bdd0c9101d0ffec4f8f908c5921f180f373ef821de391e1308f0105302e54c9efd0127e6d90718070efef2f7d09b1ce8fc
3bbd0cd0dbdee4fae11c1c0efe0dc90e30e7d6d386b71e5dfb0637b00ddf2bea1eb619f83941262ea3e341f10fc245fdc31b37b8e4ea91d30df6fdda020830e0
18e0ddf8d8241bdbf816192743261e0321aa3df3c318ce15c7a4eb410f1accc39dc71413e9dc02d73eeae41b2125cae7f2d8d708bb42a9480d1c1653cfc9bde9
f326d9cbac8637f63a4a4c0495ced9ea1e4031d4b7a7f88fe92612d998ec1a50d30300e0e8fc097310d99507e2edb3d4bf094f0ac5d603f4e1d105cdafe7625a
5622f4076ae24151f6ca05ec26f817eef52906e92b01de1ae157efec076720f6ddd20e1a3104b51fd7272355efd9d6f92aeceec03d5febe00e2c53d73f3024bf
f4b9b123305328dacec2301261d1c230db18ed2494ea384a18079537b2323ddd22ef0f182413463a61e2c2df62c504fdb0e416f219f030cee4dac5ad275dfa20
f8e1c5a7fbfc1e2de9fab7d65c4af4d001a4df200607ee1b9d1198ee576ad3d62c62ecdccbc062482d12f4c4f6f3f0f0fce2db05ce99072125fef1c8d5db23f1
ff69be23ecc14bededf7f714c2420bbfe99ff53dd81836fb0f5c0ee436b740014e28caab23ca21ef27ac1c0beaf6fa26e3137be1af14e5c4c2b206ebbfe1eec7
2df3e210ee20040f0bc925eed21edadd1969e91d9f11e91b3ba1fb2201effbf4e6b8b84202f916d2defd2cecb003ec18dd0b92ad01efabfb06a3f42ae714f7ea
0fede9f870ac02eb1adfde162cc3d518e204f2d7c8b5d9a52db3c4383b04e441f9cf08eefbf3f4f9ea94ed2ca208b8de2c0a18aaf90554a936fc10f3f64c28da
e9269ed40fed2cf5d4eed4b424eca3bff0fd100e05bd394ec8e7d2ed1d25e8f401241b3731dfe4486aeb1658d5e2c136ab061a62aac1f1d1defdb48e9baadfc0
e39fd2d0bb1fc4d2ece7ac2fed0dbb2be1db14ba0f0d171c3cdc87aa21febe1ae1e20d08fcf62939bae7dcc842f6cc0cbd1f47524ca516783b410ee9db3d3c4e
fcfbc3ee4fdfa3ec08dbcee238efe1e2aa2d45f20546d0ffcec02ce7bff4f81dbd300f64fd1f90e53352e113dd3afd13a4e426b9df32674434c5f9f1c802ebe2
edf5021b8db613c326c2dc28020ed5e3d141cdd8c0aa415025bc8f27a0068fd9120526fc40e9e0f9dd252b17e3d98a2b5274b1e908a61a1f132be9fbca1539d5
edd2d504cb5028cee9f592f3ee0308eb3d1e0af8aaa45212a20105ea3bfbce34ccc3522a47e413622acd0dc39aa54ffbb6dccd48c3292a01af3619f9c2ee08cf
e8d006f1bae647191f786aa2ef45f9f006a306100b637263bbd70cd4f4c02229cf08f9452e8d35d48ea52e33c5aa00aef6d1065607f60305c6d6f02b4706dbce
d81cf11ef911ee510234e9d129d260a3640b4d44f5992828100718ba39cbf5170714c0bde63fef041e0afa0e081ef0b24b0511ef48d598d51de9192bd9be6498
e146f09dec0740d9ea01a7dcefbae15e08e0b0bfedf8da020d00d0be24e75314acdf6349f60806050e5c17c7a52d1be2b4982de6d7d8c0ae03041022a32de632
f29f25de2d0a45eb04bf3d0802c2d4f3d1b940492c271b17e5e2f308f7104fb4ccf205ddefd12b6d2b1f2c147a110950736789094326c20aebbd06e23df9b8dd
c231075e36f035b826d7dbd4cdf6ed5cfaf90224f2f01b2a291c3af772c6552dfc02e2fddf61b4a8e72dc206bffdef732823132bf43528ef43e913a3f824e7e1
f55230c8f8085305e52a39ae4c01f1280d4f0b1332e96719b40fbee4e0b903d82d0922130907059803ae3bf5091ad7ddde8b634a1de62401f4fe05df38acec02
0abee706db9219f8359fdde8fc3ff64d1500ec42b9f3dacf0a11f4dade24f2d0c7429eaa62d4d0f5011dca26e1f0e318bfb5f77113d60b093d2d54efbc5fed23
07f819ffb21b663d0c096513d4a61cde1ed051efbbd4c1dd2703d7dcc50cff0bd332e409d8df5a03fc1a5dedcddb1fd8cbfe05aa1a043affb01325533fe54fc7
3456f72aa5015308f8dbc4fc0add1b91c915cbff12c4abd9f2590c85e12b19654e09debc0f0df00f3c0d58235fe92fed3b4029031e0c1fdfe6231eebfd1621ec
8bf2248429310713192eb7fdf922fa46cb25dd5b4b2052210d4a6df605b8f6f209e55a5117fc3ae8f6ca3901164b014e2bb8b4353514c10cd7ef8c0b0769f134
349802b30ef910f58da6d0e2f7d8d9d0d42aa793cffd04da873fe9adb02ce108d2060819f0d0efafe46ad5f2134e2bab0da59d29ff37271685284cecd1dceb0d
bef21b18cd8fb630213961d44c3c1c0dd8f5e60e3c4734cde9eb40d5e3385121060e1b153bde1139edef0cf5240ed71222b45eb5b3fdd43ed5072aaef96052f3
f3b0eae1af3a75a0f63f3f4424defc27d116c11f99b62016902002b0ee4df4eedafa520d2ccffc2733f9198d09b85de1ea09fbdddbca34c00a1be8171821f3d6
8750fc6de3100bb3e43137b19abbe1c5e4266500190d30120351e931ff19eded0adbe2289be309bf0e27483801dff025d6bc2bf8c6400db04e36dd48b1dff92e
f0023aee1c3e071b10cd720f9e0b143e44246cc9c752de3fe0e9e5e0c71801374cd8fb3109ebea025de00f9f2d8ef3be372845625c0e112f36d515ffba393d26
c7a21bf6ddfeaed0d53acfd4233a099507d4ef43453c01aeccf221f129e558ef17b51cd03134e6db1b8c16bf4f7239d627d009ef27040a28ef67ad31df3cf71d
2d1a3f4308c504e232a444dcaf26e03fe1c9fd084d089e7111923f1bfc144c0d02181709dad9ce24e5170efbf337fcb323fd43ef0a9fdfdbfd354327f8e01946
e5ebcdc2cb133f0d41a709c2ff2bb6050b05fc192f06fcdb29fb451827d02ed7fcaa40fb10fe5023b3100ff924fc191025f0d0efef0d41d8e9d91f921cf1cbbc
b1d3c84654b6f9f2c6afec040b232024390cd9302017d857acc0b2c9540afc24d5341b2504f6eceeec04462c1ee9254121f21dcb153ff45b61d1bef9a01b6767
0134cbcb11b52eff2013ef3d17049f2add992beb3afbd1ffe3f9e05ccb3fcbfeb3dd73bd4f1151412b14f5d1f4ee3408a9275c6a43432516a2ee45d7caf61552
1ec2ff42f5ece11bfbff037749506122d3702c430a1e51f6899bf9dddd24ebf6f8cd2cfc24c5f9c536ca080101cb4465ef33d6de0c10144ad34348670df4f4ae
4c1453b7a35a135ba1f4fcb91e17f83be5175221bb6a03b429bd23daaa220602b4cc5ae432e7fb320d28d92cf2d8f9e495fcdae0bdbbaeafad390d9f072de1bb
df4d56d0ba1c15cf1b20dc3892bf17e4f209fe021ce7c01c1b33b0e032f4fdc1bed7b8422f06f3e06032f24952c41cf6d206e83a10b0ccde093e163b2747df98
17fd8d5605e451f5ff06c165bbe51141d5a1de02aa1ed7fbebca1b3dbd28e62404e90613cc161ddff412053727e423040719a0e51bf4d305c4a49c9fbb0fbbab
331b20d9442c21f7b62fd90632ab66cdf5e6cadd16483e0029541810ec12e8201858bbdcdc9ae6092ad360f3acdecd64d71ee2ad47101259a2b3745ef5cde91f
f1bae831bb3e090c4025ff016ffddf23223dbbefdabc22450c010404e33a2accfe202c7008f0abd419e01a3b5bd7c70ec4d921c0d408f5f81103e41c28b8459f
9b05e45a133bc301f1e1d8dbf8ad19cc4afab526e401007026fc1ead1decd20b4c33131b22101d18e15bf95db81100e517ba40f3d95804f421bb2f5eccfeedef
ea6122ab253827f6add439ff63be352beecefb650316ec0552f25db31c1c1d0de2e6afe11cc4efe5091afcfa483decf9eec9f94ad22600fd17150fed46fb4ce4
c3e016f639e7f752fc4a3e23e8226c2cef2c0b16d110dd35291224305459d8376ddca720012c05533d67cef741d4a805fc2cee600a649cdd1bff2c44e9a3540e
ebe04654565b09beb0f53030c2f9053fd602ab2c9afc8ea2cbbc2d302bc60b0814d738caaef3260b450e1bb00319fde3e89124223a02cf255e354824c3d903b2
39ea0305dad9cfa7193af24d4a1017e1be01baeed722f93e08651a26df93aea7da39ddd7fc0d212d21f9fb020eb23b25fb35f62c632dda0de9a64418dfe72bf2
29eefd51fc02f5089bfcb7d58cb8e4f00492c33320cbf0b2f1fdc5340b3b10d6cd262123fe110ef4eb2151fcedf304fbf8961716edfaf315d0072a4bfd435cb2
330f0d0aba3b0ce31d48070ad7cbcda714dff691a7ea524532a50aeee4cadf071103fc1befb5eecc0c2c66feb31cfc25334c271304f03421fd07ed22bffa2e08
d92ca81e67deca100f5e0439ee24d71315e92ff91ddb054bcb753c34ff50d43923eb8d0f16ba1c9be7cf39d8f604e9ac36065326f7af2bd5bc1bd95cf4c527ab
cf1a4aba13c0041b14f4d1fb57ee1bddb016c72e34461ef6b4c4099809e745f0baa80a53e039dc2dff0af3fcabc823520adee52c3f1839d50bdce137d627c21a
5d47eba9db34e8ce5f2c10fd280dcae3ffe7fda7eecbeed4f9623d0c17df50d132f6e705b2eee6e81ebaea31eb02e3dfdfdf000a3cd213e0b4f52d611865f914
3be5bb47113052f41060f2148efcd23d2cc0060c1295473a25c7f70e9421f917fdcdd4a9feeb36f568c95022b5f3fb4444fd98bbf3f9190bfff534281b1246a3
1661b2070ad4f358365adf65f1bc01b12dc0d70ee616fec71715153530081103ffb764bd29eeace13c09d8f9d4f502c6af09ac19c244fb1e12b10725dcd3161b
898efe060fc2d9b83037144c9748f2dceef121e1f44119d2b8fdec46d92ae7f2d630132b4a0623e953093624bc22d696ca3cb63c0b01eeee04f43e374d22b623
1b0e1f59b7dc22a2201c0fe9dfb9b900ae14f9ff06cf16de1dcee82a42ecb8f7f4d43aafe3ddf6f0beeabcbbe9bab2bdedec233ac80bf4021bc6e237cdf90232
cbb8ba327936d00c430b44121f2735161e47f0483de2e60919b109054b16d7e1182948290c5a2f0a4143a619433c2bcd2afef6d3f5ff0eea4c2bcbc7a9390ee3
32af465bfebaa514dd0cf217cf6a2f0e2934bd03c408c3c28e1400e916f719c0a441414c1dc3cab5e1bd2b39dd87f13cf3b5f6f3d8efec44d07325b9cdd2a0fc
57b2f415ba454f6a2ef4ad2154fd14fe116041b51047aff01ed9030740eb72e2a9f2f3e9f84f953a9b22abda40055b160330af223cde38d200411fefbf48fa9c
d6c7f808f1fadfe927d6fb0dffb2a3c9d8f32d01b00b591ffc16ed011512752451ca42efefb82628040fb1fb05e8bff79ef9bc1d21b9d2fd5ab20c4cb1b9afee
0597fc4cf5434fc3f9d8360b85d3118eeae292dc00277339f7d8d8e34510590326ef0f22f1feab6903ab4baa40dadfc03807e0f258d6a7fffa243b2eaf5536fa
f40d381bb8deced71e1df7fba9c3d4efd4f70ed8c8d61a46e5e01baaa0d9d2e93ca5691ffef949b3db5b2ee0ca110b51b7bd105bfc376563cde3e2f66afa31de
e8c6b7fb984343aaf9d4d005f4af9ea52b64e3d788495e43f8060224f8ebcfc239320892b5dbf597e732299ee83ca6cc2adff9dfda99c30be4e01419b8004551
42b9351dcc3310f12df638ea58fea7c72e4bf62593e1ff2eaaaac5bead0ca8d8e46f29391ffbd665aed32004150d3e5adf0612fe6a1649210a5f1bc3fd23d0dc
0cfcda3def16ebfe9bd0bff853b032b153e80ec7e1ca09fffaa93c02f4d136ceb225b65ac7031dedec1df5d8f53fc0add7e7b9e51ec8faffd4ff4cf4b6eff2f2
354a331804f3e7baf7e0ff165af0162c37be5627d036071b48441ea1f415f2a1eceef13347e421b33ee7b12a842c31045cfc31e603d0d6ec15fe289d4b52331d
f93bf50304acf5dbe796063cd75fe1f8e0cf10c82e17e147ba4fc6309efc58f05f4304dee2dc09d46ed1de3106370fc0e4c3fefa033eeb8c3ce0b31749def6fb
d4b5ea080dbd0027100ce0c134f8b0c0dde22a6790341139af20efcb0e1bb7273ec5f65a21c4027603e61ffe94ff0002de192832753b23e2ca9b19d80ef535a7
160f131e9309aad80c13c5f6c3e57514154c27f2c83933e7a8141501041af829e91410073817148c2e08cb2dd1062d450606b340ff1ce0f1d9fd51b147f6b36f
367857db90f916e6d9ffe42f29d8d8f81fa5a8e4f007e126d6c8002201430d44ce56dacce3fde3fa3209d32903f2f2c0ff63c9f908280035eefcdc720cf039f7
f80e1c4624e55109401afa4dff28d3f5d8b33304f952281f5f4fe6321cecebb3cbfdb5fdf8c92d13a3dbe9cf0d034ad021abeb040c06c3ec2ac542c91a0e6414
e51d98d71708ed2b60eeb93a1410e735d85d22cc6113f5c06830c62c0da9da682aa022f6ca23bf5350d9b81a3dc1be42162123b2f220a724e83e112ad7dc2d02
f2e910300d181525d436de3c0a3748da09dda8f84230d457baafdf6c230b48e6230dfd1da4f01106e35f61434208ba0609def4fc4112cbd0debb183b25380dcc
9bf2a2e0ddefc210ce438d0fc121b7e2fbb6832bf6edfd2dd52a520615f9fac0fdd9db39eb0902fea938ff07140b21c62b1ae15ecaf844db1c0f2dad2ed6f902
57cb3baf03b9693517ed3e95e607300bc53b625abfc0d0fc58ec03ffc2edd3a706b74518fe04052a0328f6e929b4b62b2d4dee03db16dd2ce40d2424d5d9f5db
e3fe3aa0c633d030c88701faf1133866de04ee6592de0ac9afa144dbf21b5ced0ada096940050435cdd4e2fcdefb139cfc19d43fce2b2cd32224cafb24b1e352
fcfaca25f234a9add8fd23eba4cb3f5efc5f4fff3c644201b02cfe58d03bd2fc251e384fffcd0834b39a3105001f1925f422d2254b281bfc0528d6e1ebec1fe5
fff032b65afbde2c12511efad745cb78ed081ebfd520be05c19bd1e4ef4e5fbc339d7a1a144121b8fb06ad34f503df0bffd3b33604db1f4b0e0122014737e7ae
07c1e825d299532ec9e71709e4bd3094fed462f30fdbf41c356bafddb75a8c70ceed0dfacbff3ef19330dd24b1181d085045defd2006f93bfd6ce20005e114c2
e12c191adf399f01f6d74e196b41a0ccb2484716f705cfe1ee151517a3b422081a15b078dbe1f2560cb96556d6f2e66a51f9f9cb3610fbff0bf8ef281fe1b23b
6434f7baa15548f2531836449dd340046d19b3c3f7230131125963105a27a7b3dd2d5b341c6e20ae600b304447ddd4d3bee5ef14ddd01f56e261aa1c2718652f
23f53994f9ee0cc3fdff1197fa5153980de4fee0de7625fc3bdc3136e9dfbddff1b20b4e36fa6c290ba8cffb7336fa264cba2456c449406cd6d6da036b27db08
c42625e2ec0ec8f5595f23fdeaeef6f63354a4f7ed54cf93d0ede9200e59c635c10d132aaafcd2ccf73ecdb1e168e95e22cdb505e7e130ff0c8ef4bd0b7fd620
a0fdda0d3bc25a10ea0239f7ff9954f2b1dc0bb9eb219cd6ccb529d428c7e50bf816be1e22fb18c0fbc3105441ddd72145f7cb02bea812af61d425d1bf1abb1a
39f70a2e6b2c2cf1599fbef972b219bf3430c1c947f8b5b00b1abc06212609e4042dafc5c0174319fc001e1c41eaf1d641dc0e0af2abb4bbf80b1cf8f9f65456
20dc0e96092ef7f1391f1224c0e00faeabec02e33b192d111a44c145cc25b0f7fbe11877eccc226327f71f06ecbdc375083ff61bee0e4f8ce2192cdfdaef2816
9cdeafac34d5e6a4ffde9bf35e1b0bcce55f9eeb123748c366e0420dfc0e6d1c494afdd11c3e12baff023ba30597f3ef1af7ebb441fda10b3324fbc11821c904
eec307d8bb25db30c21c3f1425373cbb67a0289a25fbfbd50f1bf035a430203e2aca1eecfedff7d52ae1d12ff7d8d303cb1ad3ead56876223068b8aacd200812
131a0cdadbb832f44268371af004e115fbf2fae8f66008324acf1ec1fff0af0594f71c669f0e54f8cc208bdcc8f55d0136e105efe6782cb28853e518e0ec35f3
ca27e2f20e02f452fb67d8699e09051d1a4bd1fae70efa43e2fffb11cf2c16f1012a0db5ea27244fe600f2e3d534990e37483a041fd9122c08d83f074cda0dc6
e7cfd52d6b730dd50febc1aa0ad65ff3211720041716c9ca1dcbcd15e4bde1e3d9c03748e9bec7debd51bd16f3251e19e7bbc11e34c818cdd2c148ddfae36255
5a260b31a9c7db0d1823ae13ecac08d1ebc6991ee3e5fee60a472ddc0afff7ffee11fff9f6efe2011ce2dace0203ba34113dc7ce0d27dafc0424380fd062e4da
f7b8f83c53fcfdc3c74b76ff5f9a0e4919dd9c4d151bc8dddf991c284439fde1fcaa2e2928bcb3d83fef062b2e1e06f0b5fdcfc2fb3babbbe52703f5e71810e9
1e32ff9c063a1d2032d639fe1b50f611a1ecc538f4cf2b0209f23908a1cdd1f6ea012bc8fcb4f9fc24d9263908d9c9a9adfe714833dcaf02ce4a10edc2a7d916
123237305affc720d2f809bbeb5c0f15ffed0d0cfcfd656a1a14fe7f0e2eecca2902450c67f5e003f30e3cde090164ea9dc7cebcc905d5043db97c11d2151528
e7e81c2e1f260fb3121b24c74316e81d29e30451091addc28d254a04401bf90c09f134591e2f263fffaf34d29fe2cd2521d47417b739e402190bbd39f6acb15a
16b9dd07e4d343ff5aeeff8803c6f037269fd6367243b4e9fae10e551cd7f55b086a3ce9282e0d2c0cf11225ba05263c6e184acfbcd915e17ad8d632d26e0743
c64930f3edfef02ee0ddca01fbfe1f3496d150fe24ec1e9b4a93fa4417cbe44d94d9ae24df6f4e3bfbb541e8f442594e6cf71453f6dedf47b4f8a885f274d510
c1b3ee339f03ef36dc3bdecff7c2fcdbfed0c0de290d2919b5901a05151513c8d1a66e3dd8bdecd7e8f0da522144fdeaa2b85cf61545f6d61c430f49f057c111
b10214520026d3cf86369efa70065f331adc26ef3ed0ff10d89707efc8771af34df8052353ece358f9c0090e6b42e45dfeef453437cbf4e9efb107ac0c2121da
08f2a0ff2b0eafce0336b02ef4abc9dffdb32a0e31400fda1eb2da07fda9edfa2bce0e671ccdd6b8c1de1afd002e2f3ef7f3ccba1fff0febec41eb0e6a1fcc2e
c9dfe41113d9e7eee0f58f0cde0d0608e4c648960432c3f4e00c0ea643f20635273729d6d40849db0e3cdeca4c04b4f8f6e05d6b44fd00383cf01b033251c2c4
43523cdce5acfd472aaec629ecec3e12d3cd58c64cf7081aef14121abf3220c1aadf9edcef600608f4011c3013b1fbcfbd5403b5ccddfc25431d05e5f55a9451
9410263007ebd9f3aae3dea3cc479ae6ff4b016123165ba10dcb9af12df4ae9045a4b937f9330d6d41f2d9e7144fb43e083a400d1fe4def2292ff437e8c32711
a070110a3acfcc1a1d1a26333c570ef9f7c40d35ffa4bdddfbc920cfdfd21f302ad0476d47b0ccd8101312deedd91f1f94231c102139043d7ff30322122471c6
d2b93513fa4ddce644dd5cdb5348073097110308bde91eda12eddb372632dda90a0f611111beadd68cfe6d7437fcc2f1f60502f9d249ee9c2b2419032fa5e707
073297d8cf1d0bd6f9155d2216f3ceb8194336fada3d3215ca214f2d2c5419c619075d42c1036cede568f1f6990896f811091a433105f1ab061203deb4431c0b
220732608cf8ed0917f8f7e906fae910be24ff44edc3dfe242c6d63030ea0f1234ec28d8afa70e379ee8f2ed6404f5b205ccb514b1c46ffcdd1f54ed354151f9
f8433cf7c10bd6b3ffdeaef0d8d118f72cbcdb0c47b8e0eca0bfd2edfeda3522c62248ac205c1c03b246261cd3e2e2d910150ad6b09afecc491cec4bbed81ad9
46d0ac28531c1d63f476d3f707e33801141f98eb160cdacc493dda25b303c2b816a166ed14d2b5f4b93de1f70118a13111134d33eafbfcf8d215edb756ec232e
f83749d5e2e09f5b50fa60f4081329921dd9f00dbae127f6de14edfc19294ad9400a51b92920c4e9f4c3b1dae7d2fce72d2035fe1312d8f6b117e6971fc14bc1
45e5d804ffaf23bb22ad58ffec7007d7d646154fdb01b4f3af0c2b19ae021ae3e13de6245256221fc9d2b737c614d8d034f7bfd93de1a2107a01f8272232e6bd
0129dae09724f66bc5cbe7d5521ddbe7f5f70e14731506ede80cdfbed098c6e24935ee4dfd61a63234e31d244d97123522139b35eefae6f39fd7363c35060fa6
ea1c29100a2bf49fd53a17caac19f8fecd450d0b389a1ef1ec2f5519c051d8eaf80d28f5d9022630e18dfd2eb848bf1302e36017c11f4e6fa425b114369a2213
04fd4f2a12dbd6630fee9b06fe29e4362041e312ba38ca310dc5d1410970c60f20f4e0b667fd3608772becdc414730c90de0219d141dfd5011ed0914d6462dba
e8034ce10bddfb13e2211a4d109be78b1ff5340162b7d6e43102d70361feccfbbcbb0ec9af05dcb96a44f12a243df3eee515d74ef658b90e27e8fcdd314550a0
faf608c3330d07eae2db1a671ddf030e27eef24c0b0ae80d0e38bea4dbf4f1f2d3471caec0e225d72dbb93dc9a1c2734dafac1eaf8c745343fa75a09f9170ec7
de14f5aa30e504bd3e4120fc0e254f5717f70cfdbcd5d0f5cbd727e610e0f8ce2403d011d5d6ac4aa002ffc8f8b94293ecc193f844da0fc8040b79c31eb9def6
1adc17de0aecf314483041a411d3c6e12aa8d2489ac3e1af4314044cc1b844e997f7f4d2d70c6beaa1d21c6c2432351329c9360549e48cbe134eda67bf0f0417
f1dd05312e582f4602690837bea709a71c312cf0e03ef5df061c9f0cd330a7e8a6a9293d060fe222555cd49ab32c370a18ffcc181640e34fe2eb3bb80e2c11fe
a59c9d34b8ed20455feb06c0f2cbe0e9c5dd08990b2b3d31df4d57ca3c3faa5a4022cb40af01e3ff0f03f02ddc1daad90abc3ef29465920102634fd0c7dbee1d
b1202bdfc64bcf3fd9532fd943d7a80eb7a1f35885f91c3cc6ebf43bf3f0efc9b5d225f1e806b6c12fdacd2fbde8c7c0c99fed02e111fcda093fed52e9e84f2b
ef18c4312fe0fa22a6fae2ff1316edea0530fefa0748ba41f21323f1541c12de1a03f101ef42001efba1e4fa2bd347fcc7032a16174a0161062f1b0e09144b90
53b641f76f3c493b25d61aede6f922fa0b3d3222dca3095c44c01ee4f6043d0e10d2e7f755ded42ca06208f6990c48c9ae9601e2449e262908ef54283e0b3dd1
0109464a4a5fd1721512a2d6ecb10d071aba0f1e3918a1e39e2cfecdd719ebde23faf6bdca45f4acf926e4d1fd02ec5f0cb835cafd05f07604ff20ace0442cfb
0a36f3ce4d022eca955bda2d2f06eeb0cf02ed191fc81a23c1185210ee4de90d091827ddf9bb6ff75eef27c13f1fbc211a9803ce510ab63ee323120f6fb425e7
21f042bee005ece4ccc807cb49276266c1e9f2f62bc82ee9202bede2fdec8bb809d31ceeed7af709b6171c17d612622218dbf7c91a04f89ee3eddc49ce012e01
410af51320c93a1b5f5d613f21004830e65dacf1d41ef5bda6d74135461a42178cb1e609263307c8feb13acb05e4ccb137ee3e144effe0f40ff2b728230721f8
50411359c7eee8d0fb0519f8e5c8cf110c14fdad6048e2293835a1d32e57f042550b1a04e4be10edafd23f3af0cddbfc083319cbe53f47c530eee4d60a5cc3e5
f1ec250898dc131b3636212a622e1b11c60e1e06420d2b9bf54422dcfb0327fedd01eaf0d22b3e26f00c0ebbdf1dc9185fb32c43e4f9a6171286db05ef483ab9
f3e3dd4420fcf70d88c9f71e2df0f8dd2cd9163e501efe02bcfcedfe1652fa49e9fb1d9ff3cf26a10725cd3110cae64810223eb5e93ed8484e8720feeefb7cc5
1ed6c1d90406bc58b41bc82142c90a09fcd828ee01d9c66a539945eeeec7b021b813fb0a1b3de3f0214fbb0801d4b055280547fcffe1f1e2f90603f6db05edf1
35f6d2d4e244281612be99a60f0f431c2143dd18e44ce5583942a350060a17b45cfb3ae7120fb766419a01bf1dfdb8064b472dc24cedb2c4b714453ee5c92205
3fac08194ffff007d901ec07d0c4beeec079c90bf0fadea1ef49a3cc1c313d4ce1f3139521b2f835ec04fb3f5de8fb8971e8f9d930b5fee895ee03205c10a8d5
bb150a491b11d3d9c142ed2f9bb3d7e4c1adfef5d8a3154d1417e666e6f253d9d55e18c9b7c8b9fef0429031f7080f19df18974b21b146f2ad39c0200a3b3614
07a10432b42bf3a710241e06beb521c6c1fbea2e3856ea1b042cf80bf2bf38e7f4dc60d48aed02b1ddfcd1e7d5eff5dcf61b2b1f2042a7e421c8c6fb3a3c5939
b9a928e721a5ebc49e34f40604fb25c11cccad9bd9f31624e3181caba144febac3066d4202fd0e0909418c29aca3c0a6e50f2804cf5201c3dddc5f5fec22c6dc
e861cd11dbd8d9c7eceef02d5bd209d52de106202801184edabc1218565029ea6ce7eb8c4e94fd0c4ef8d81ceec4083b13611f931be411bd3be9f7e9401035f7
4a23e22853d5ae2df902d1fc1eeb71cd3ff7fd4b09321416a94c342593070e590fe1b1ba31060d9133230cf3ca1203506602cdbcf565f2c4fd68d6fcde8dfa2b
310e01905955c2d8daf1f71f40ec3b0e0b4aea00ec1040a3215f1de0ced63fd32b232c24300bc6f8f1630e2bd6f4bfc60552edd6aac3faef0c11dc276ae2fe2f
e5da390a31d4c803942cd3fdd5bf3134f72511c3ea2201345442cc05432c4eda0e183910b90c4c29dad813ab9cf68e045eb9b5320a3bf0f33023da212fd1dcfb
5b11d5c3da33ce440b1cb92bbae812ffd8ea293064cd753c0943de25f01b3c0b5da4f102cba6b84abdfb140935e72099d820fd0a321cc6f0210fdfedee23cb1a
e65f3c0c5b09e827e9f8fec4d8e5dc8f2d0124f22ab9c7c1c3d234f1024726ef10fdb7c027aec0ef03010af633dc0319fa5fa9fcb4b2e3b9ff71a14221501a25
e6124aba0175b0a578273a12e8ff2b4812b9f7212d4ce5dbf5cab50dcb3a214702023fe4eb40ecf5ebe5cc05dcb3fa3a30fbfa260a48cea1d9f1a90327c4d83a
1b338e51fe1ef31cc0cb12fd083911029633300fd1d320aebffc6906eaf94f9afce6d7100ce2bee1db4e43163e154346e509bedca9c1ccdb57d71f3536a8e26d
21d9c69bee04f2f1f7e2f2d0da3955c3204adcd7db1eef148aebf090fed30a0feef53eb25204ff0df6d5e65622200be4e11557200dd8fa20f7fef3e03007d708
96c9b620573a0623e1cbf904ca1b0de866dd1c65cd6be905d441b3e2fe961f24cb200869e9ba3f5df85684ef040212025dc51037e9a516ae37fecaf7cfadee10
10221bfde9072ee65eae84fb49dbedf91723d3d127924e476209f417db62d54aa014e6a4c1579cd70137cee6fa234c34c756ea1310acd19c1c1ba8d2ee6de73c
a50416000401a13a3006ecd81721e4ecfb283fba191ed852a4acd24be2b16828b51d32e64d43a8cfa34d26e3d5f9fe1512dc08ea0e130d371d141267104e2dfc
76e10435dbe11318e8add4d4f3d6edc9d69e95fc22b3f7cd06e8c5f316f9f71410bd3ddc0ed3962cf3ee40ff436a38f0d2e244c8c2e8eecdb4b11f21184e38c0
ceede0d01326e437d1d543c314dff9b33bdb2cda040612161f03ee723de92859310014fbc11bb9cfa40a32ae282f9cddd4411efce8c7da24102211b4b1f13c24
0b13b0e3fe200b0bd7572066cfd008456f4a65c4450792f209f5b523832f3171a75724e1ed6febed436a38fd11cdac8fe3fbeb0dbf25da133403a347912e2324
2223b4b6a4d6f205e0d0ad40dd11d5fad6d5f8e991ef130e281283f003f3015bdf6defca1f45e31fd9ea4da5fa16aad4690a075ad32de4ef0ef5307209a7ba1b
f7f34cf896f701c324fbbf0a2fd5db09efcb1cd52b520febbb3ad914c8d60a146bcbeb2937fd1be31cd50de8bc08bacfeef718eb2741f41a92d2a93761ed0bbf
2cab185515f561b0e20c74d83ee5ceefafc00f63c1000c1309491ed7eba830f8fea7cd1fd738b9fb47dfffd5a4f5054210659f28e5202130ffa6d8142c9030a9
29d327ebb8056bff380a1b92132d49e9c4124629a8e45b26e79dd92450302ed5ae9cc010c5f7dc212b0f170d07d75368da2fd55e66a65aea28f3050beb1e9d42
5508b9c029cbc84500fa4999e10b0e37950b3a19dbb561ed5920230531542098fbb8f24cd29e0bdc23acfec59d28f9b0d7a62128e807e734a12ad7f73c42dfcb
0ff0f71226cad0871eaad329fafa41e84ea2fac5d7a5daddd53f19d02323f62bd559c3c43c11331ca8a60a10cf39dc5037edffd3c50a0efcd6a02231dbec2147
e10ad8d6f7c8c2c54a230df8b3c6d94034a2bbfef92431e7222791429901e23d41f1beecb5cb1110b841f0ef24962bbfff1d2544ee032befda8ceeffd9efe1da
e4d906105c092a66e83f6f14dacd272452dfd40f14d26b2c6b9d49f820353c92f1d2ff0859e729541336fa57aa2dff2c1e1f390439edf91c6aeb5a224304adb8
c93d4beb1321e1c807beadee39f1a514204b04e5d51fd2c9fae3fd9e1c46fcf7991ed7a4fce739c04ab81d5c396a16c9e10bf813f21f2c34e89a5809d8ad681a
10f81ecbfc99f771454bc4f9003df751e81fda191810cbe10b13fd07fc23ed32039a0a0ff3ec265e61e3d31f650e0a03f0eed04442c208161309b6e9a6131128
d310220bf6abbaf4ad59a601ed1f51e1abee1cc30d261e38db08bcfb156028d1fb28d63f2cb1b8300941cfee29d64fd8e42ed3fcecf8e7df0af6b85adc172010
de2815e6a32310e60e9dea05ffcd0131c0faeb092f29bd08e81e2ad1d449214a20d9180463f80c02455fa7b5b9fcf762e124f52bb3e0b3cdf7ed33bf3b466cc3
551361f41bed243b01f3f227ab6420301adaccedf4c96355c9e4f2c9bf48dec951d91dda99df05a006fdfbde2db56727c55229de71b5a365f405e8064dce3b0e
d54c0ef0a8d5ff426b6a5315e418e9b2279d090c5106efe718c370085325264495b13b19e6e601e73eeb402a4aef2272dfebb11822d12114f468a6e5eaad3341
d7e2550f73fdeca121f650cfef5108171bc8ef4b4b3808453aff2c6aaef25846f6f841efd516c0e9f205ced8ea21c12007b93acb18fd14b822b5f06518da292b
2ca2a50f08a99f2f14ee6ef3f6ddeaca51e3da163c1e0931d1cb19dc06b701dce402e6444e1608d1b1341a4a466cb128411be18dc50ebdfbcef90b26050ac91e
18e90615ff2b3528fb9dbfe0f338eb0df02285cde36f39c11dad563f730a664c2f9b5ef5c016c91914d5cdd4fbf15bae370abddc2d3ccf09faaad9fe10de0501
ffb35aa3e8d3f33f2bfba623fb4711a61e4d1b05134fbbf6ee113fc8c70cd1e9e0f2d68b0ce9bd070a84a90c18e107d6333232eadc3e592f26ef2c07e0f618e9
2e39d6553ebcdf17451fab541a5588c5eabafb041c0a3c2ff1b8012fecc212ecf3f5e3fac04817af03b1e0bc3609f9cb1b3de2166cc5d2dbc22521aefab7ced0
dbd6321fe1203fefed25fd18abc5f1d5df02ccd88b081594d704f1b3db19da00170d0bf0f95640e39914a6e9ba0afcd80920d82824325c4d90e321b3586795a3
130c023cb22140f722aa412f2c01c8eb0fef5fe3a4bdf13b2fede21fac241e36ba19dd5238190b1ffd780b1c039fd813172e093a10abd58af7b5e92f37491c0b
f3fafdb2ea3006e32e1213f3f02918391112f3cf4fd6092618f713c5b52397d716f7a62316f1402d9b4814543706e5f9d13661e7d0fc7009c029e61027eddec4
1f7d693198e522e61cd4ddeabb0e53db9bf818bdbdd405393cbc42d0123e1f13f5d4b9b5223a14a826cd2021283e4157523f36cfc3ecd91fb4cad00741f05faa
fb4fd62b1f2726d39208e51445becff23b741bf4a5f1f8fe27db1fea2638ca36f13beab7d603ff3d31152726dce20d94d8352010dcb6f3552dec135ef5b8f845
fb96391cb4ea260e9ce096f0ea05c7f5f928d2fa060c5345b12b8582cc08c443baa0a60613f90659d351dcd7024f6ae510a6e9f4f5bcba1f27cbda4c47bc2613
10bb923c296a2405bbf1d9f9482dc0e506d4ffb86a34d1a5eb0c0d3b475653d12533f8c8ea311fe1cbedf92b9ba7e0bf972ef4d74bdbfabf1de80cc422b42b48
5cd5ec34b52421c6cdd59b211efbcdfae5b1f75bf81c40dfeb2b35b0fc1e2feafaf8d7d095fedacda555c80ffdddcca02027cb1b4e18010ef1f73634f7dbcfe7
00e3b3bed848259dd31a6cf74a262f45cb01de360bde34c0d64017d1fb1ef9224d2911d052550809de185533e0eb32e2530aec6eca90fe0bc701efe756a8fa17
fbefd59e27c8b12db1e4dc311fcea73154f45450f8e3e9b3effa3d10fe2a683e51e00ff5f74e19a64a832ac228e0f3f52f6715fff30fc20de3e337f2342ae5cf
d54df81e0213b30ec6ebe64a40610763fae7b7d844bb4029751bb5f0f7090bef3f23f513a70b3191f630fb98340fb1023f3cd7e62cdbd92a26e4001fd4131012
206a3c58ed0cc061de0e44e0077d1c25b4b1ce110e791cff002af6132107eb37fcc91e2a2d4c534d0fd4e7d81aff1c4f3f0bfcbd102f335e0be6ffc928463f99
46d02b0a0dbc34c8fe20f514ab474ce7d447c526df63d3fa09ec5c4f52af86be6dc8e7f1e102dd3111e8f3f91e542570e40312a122f0c5f40007660049a9f802
2b04b1e2ceab1825badfd7471604ff03d09006d8ff26f60c0604f504c9f8a91f06e5e9f7072af12bebe5b6f71bbac81eb83126f9200df712291fdf7b41d1886b
f649d12cdb3aeef5dc38f59ff5061fc30690ce1659dea2443bb3abbaacc7c0242c0a14f53b44d8ae98bff82d26f298463a1814bec4063dd3a917d21012b7b1e5
4f91ed2844e2b0f1190496b11760d0dc28daf7d9bdeb243055fc2e4011f5b6f23dcbe71ce9f133d5f406db30cafc1acad24720d2e92103c32d2b355728aefdd8
08e3d2b7ee4e63233119e41920dad1fe43021b70d70d74dde451cc28c42b613fff0024c5da4cd5c73bc0f7eae465b9f0c79a220eef2b354ba4e53bf9ccb7edc3
253447f60e9dc30858bee2ee54d29d2fb8e6c0a93f37e43068302f47062b4085fc101e2cd7fb8fc897a3325ae92305fb2a4c1d660cf6a317faf7ed464799edff
f098e4e84d33dce74b2711fa5beac7d2ed148124dae606050634e019db1fc1ebe2ab02fbe035c60edc5c155226fcf2e0e54ff50218fd9df6192b039ed5cbfee2
183719060aa41516c609ee4b07390ef41cbe4cbee9e7f4350612c232ba051608c9dbeaf5ea17070c20cd02df46e1f8460cefccdec8e2119263d51b39edceca36
e90e0e3775dcf3f2facb01f5aa22eeedeb20b1ebd223055229e8399822143909a6089ed15fdf190f013e09d3f2223a69d318d360f902069939e0f1e1f7fbdc0c
015eb8eb55317708da5df4fb3e0ba050a5abcc2a56510f1b2014526b1ea0e2f5214d3d4f24a70ec9be110d6302d873b6d41554b44a100c4fa30ed6552355df22
1904daf561ef13bbbd4ed22c20f2f050bbe1503b030a463b0b0da1e6a8f21a1236c3161dceeb40cb0b07c11a68aee333f31ad9f51830e1c85ff20c1910e6fe46
d92e3e120d0e4fc72f4a02442f096d52da46f5113043daf6e723dbf9edef2dee0edd0b3e40590b0ca0bcc4010205f6a406df28d0aaebfa031bedb20aec2c232c
e1fee133f3bf15d32f0ee7bdce3f314412f6021cc30fc21105f7bed70f1632ae1eb5b6dcaaae2e39aee2442731da0de5effb19e025d9b82035caf2f3f90e33da
cb2ef332d842c31706f931b76fc92ed646f72754123330942cb7010be431e82932f6281dc4edbc28f9e5ca5425182de80a2dc0f5d23615e9f7b81363d421c516
71c192825b7bfeebddf9b6c3170d07d0eb0b380838d84d00a4cf3c3e17090a1bee116ac30df790505c0f439b2e12334af8ce86ea3e345bdc43b71ad2e6ad280b
eae814dfc8491bffbcda5bee2654df144907c319f164d7d70ab42e0c58da59fe053d134ff093b913f5e6fecddd29fe0c2b53d3e768b7661cc2fa393951007005
46eed41fbf02cfe22ed3fc07a6d9edf808bbe5d0c2f19f3689cf4ce66548ce053efc1feae6fb09763a00efe70db619c54e40f6f027e728ca09845ccc0feeea2e
f0460c39cdb2cf07f6edcaa1cb260daee8fc1a35a2d904e33bbf2ca7a02ced4bcb41e9de0bb5dbdbb9e51351fb5d532bf539a6d300c413ebeb034118be5215f8
172c2adceedccb1f3b49f7f7be44cafd3420c9fbc7d8bcf624fbfc031a033dd1eba0f615def111c16864fdeb56d3ee1c9ef46ae8bf00b0e429a2ebc704e0fd0e
e9d3c4d406bd1dd217bd34ffdaa704ba033b5d5c34b7325a6ea50d0726012a05dd142101b41ce8412d9510aa03bd2a181cf7e40be731a54df407dc04ab75c70b
5803cdd939dcc0303accd061f30810d9cfcf19c6e7f6a4b6b01cd4403cc223fd03ce4c3c48fc1be74236beec22c1d4a059dc211869c1dae2ef1b1411e930b6c0
b394b9db23b44a40231f2e09eacad13fe0fe18f7b736e33cc0abcffd16d123bb4951de3415ce48da39fbeae31a26e0c5e23e22cdfdcf5c26064dfb4cd6fa5f13
d5fc08c7341a2b0f397bb9efdaca19f91b329f49f83fca6075e52f350920f2ec393fc0eed528fd9f2713e5e9cec20fe223cb1fb7ef19d8f8c3cef6b48eaea304
c8c7cab9e341b3f21cd33b04132f21cb0e0b0c2cc6f21958c0c7c902cd1806ffd31f08df65092e1a99effa2436333f1f370760e1c1fe333c4c028d374c3dc3ce
9d6b124a1001e211a6ccff15fa348e4328c6fde60a9950bbf0fd41b60d125760f2f5e91705cd33a5deb91915d608d8dfecdc0dd8d503f4212f1349f1a5460c1a
f6eae7463c0501cd009e342520600ef48a19cee83625e1d3c72bdfee0e1cd0a71c24ee96dca6b71a0bfae14641f85220e7dbbdf9d84c20f546fdd525e854eb4c
d6bc34460bcb2540f2db242aeee034cf12fc0e000919f2f62ff604030c26df1d3fbe0c1e4e0232cf2ce7dcd70701f5fb03230864bd33daee4723690351431f02
8fba3fdbffcf0141356d291c0cedf0080606e6c265ab0469224345f602514909fc4b2538621a41c22df15290770cf23e2c14e83509696aa90933d32f4e47bb1e
e5e9dbee21368df2f3b81c128c5632d6470b331001f8f16b2416eb1eeffc317b39242a35b0100ec9feebca15bec338a2070ab6e448f7dc1c0b3d1cffa492c7b4
2cc00216fed01a018dd0080e292260e1e1c21e65c50502ffd9f82723d4e2f622d735c1a7f835f91396e22ea0a9bd3753db4897a424e1fef82a100310fdd9413d
09c72ad2bab2c8f9204228b760d538f23676b64f06abe321422212d1d6f1dc15541dfba805d30b26cefacd25c41132e954d39906226fc7d8bfd3bddded354706
b80e0b51099a1808254f25c051a619f7cd4360f320b6b8f324f1d40a3cdf4bf5ffcc0afe16e130c4af11fb130313e011f5121bffbec900d9782f131c6bed991a
c7fa31e4fa0235ff062476f6ff3026c62548ed0ff4c7e3ec08fc3f2003c2da5fadb020dd012dd522c501e5cfa1fc1056042a24ad0c05c22d1efb4b03d5b7df8c
eb79ccf4f7f2d110f8fd092dc72b1f17c21be83b41ce0409c727539ef3f2cc0b78d2d1fa0ff4e70a330356f81303e1ffc647f5f22cfe6567d905ded5150643df
f7d6c26ef4fc0c1edef20c6901bf68a0defd5b0493081e32f6c53642cce6f75e2018e66cc1dbf2cc49052462e6fe4e1cf8bc3d0410ff16daeadb2f14e3360939
1c14c254e0d864d3b02c2d58a0cea02938dadf06ef0a0719c818143854a562000e2a15f607166112d3fbe74b3f31a66cbbc4f223fb16ba674cf01ac0592538f8
bf0a6004071434d8c59f09f1581136d728e2c9bd1b5a3e2aebf9db5226f1d313f437978d0b25e33801172c57f3f55ae4f4e911f10533e81d3313ee15ee0626cd
06f817b552dc1ef7c1bcf6c8b4bbe0ec0ae1e3af55e2160ab4e7cd11b6dec01cfb41e3e1d9540d19fb1f5d15ec36cb4a2cabdfde35dcf2c6dcdf01ff05ed1060
db2a33514604edcae9ade4ae102825f9285f33621b0c383a97f36909ffd3dff80c2010fbd1ed58c717303f54ccb02b509c01ca56deb0ec52c91c3b3c58682c08
5409e2ef431cdb12e6e215cba720a7cddcbbd4d617f2a615ac39c5f5042ef821111ec2da19ab51051ef743bccf11ad0ac332b134484a17ffee674ed4935026b1
fdf85bb620eb1e3d5ad6e122da02fbca06ede3db07f2bf88dd21f55916dadd06a445facc6ef5a2a61ae7520b4869e7feccddb51ceffbbb04f63a0b436f17ebef
5f6ae81a072b8ffdeffe0b29603f26399df677045ba705e0e734664f0f070666b9d8453cee8c6951192bf843f0d3f6093a5108696b4baf7408b7020542d0224c
264f0dbe35093645edc8c92c435446d5af09ffcc4f61abb200ccecd4d9d2d0e5b9082604cfbedc3554421bf8cc19dc3f6226dbbafbb0c7900ff6011e1d40f698
2b12c96701c603e453fefad0f2d5abe2b95f52113e44e42f021fedd41bd165f6edd323ef422cf0c7f8b5d5430d06fdee052557e2d940053a38e99a1c30460ffc
1115ead23ed31fe316f4eb185982aefe1eba381d1addbac9fbfd2009149147559b0f316ab7dd0cbe38ac10a827f8e4bed6ad4a4a62b3160c04ef6bcd02dd2025
29f62aeb690ab817d64ddbdef7dbd63020be2f09e014de41121f07e1d465b3ea48186717e960bd082c2319b236abd9f7ce64e00711ff2abe95ff044361b3fbec
59b6d8d6bc07b5031d06b3e22b091f0fa543eaefe43dba360122ae06f8ffe2151739071f253b3a70451a3747c7f96999e1c3fd01ecb6340f830ff5c24b01e6b1
1f9c1d344f16f79964d4d003074f3adce1f4ecc52b0e2616d45536182111ebf3ecf334b6d8deff7223ecda93cefc362da00965f0ced8f2c317db2de824fd10f8
fd652eae57fd10ff0beb140209eb4233113b380d983f297405bccde70ad6bb27f5a413f958fb20aa44f8541dd74de924f21436c8952bd217056cd7bdb00d32be
06d0c82f1af70df69942b44e00e80cb8d0a6eea014d2335154fd2ac7bbedf2f1db1b23dd06fe06c64bfff59db9543c5d99facb2405134fe9202f98eb162208d5
fc17d6e81cbc433ff0dd1d51c6f2f03bcf63eef4114ccddc163824d4e2fdcfeb18e5f1f5d53044cf731466219afc33ecc612c604c5adb62cd9d0fbb124180b0b
f1494928c7c82c49090748e731f4e405be1bb0a7abe2febe2d57e48b132b1c2430e2bec10634f9e3ee57ac66cda1db050f0d2911e3d87260f3da4efb0fd2c217
b125e00719c859ea01c8b928edb204e3eeae1f5cd11ddd4e0726b8d644e88d46b002fc37095a3650e8b3011b0665f7e15a2f8e1ce6e9a83e294ad2b673f419e9
e2ccc4e0ec4102de7030b816234317c410cde04917b914a65b4d2ffec7f7f939f433d698b444d0fc0793dd0ffbdfc9ced4cc3de40ac4f16be7e7e75bf3f4050a
cf01c84943d313a729f91a900efe282bdf29eea71719a50499ee44a3dfe9fc52ead213a01ec106a9a6abbe25d5f5c8e81f1510ddebcf288f07f94a1733b98ce0
58dabb2436b9d09ce5d5d902590c068f39f8c1fd211d3f161bf9a2ab25fac6d63e50c034b7d8dc0de1eb1203b12fcf43cedad237bcde2238261e05d81230c1e8
ec591533e93601fb0ce2d1dd0a280b0ee60abd0230e9d3d6570d0bac8c585a18a761460631ee06ca2520b40cb82f1d64c6b558132e26c4e00b5cc42cb938dce8
d1f33ffd1bda113536ec2414293f09d85bf0ff06371db4d3a402dde9bc016ad91ef3e4e4122dce19464cd4fbbc07bbfe1f0eb5f0cc0bc1df196f3ee734e6c227
3942d51b135944d4a93fcc2c19b2c410475a3fec0f0c5fbbd8410c0b2101265e080f2048ff09050a2b8a38d92110ba1037d7f12cb6cb46b013350ffb04ac01fe
542261691ca1fe36292c0c0ff1bf23f19adae12b191305f832d3c939110aed2daefd0a1d34040badeac61b14a6c8ceff0839d1e3f4df07141a26f0e9630d3931
e9c710f67136fe3a7253fa650c1b9dc82fc53ba8cd4f2d0691f86b8932582efb443441090aeea4c31bf14ecf55eefd0b110d4f3b4c9757df1b45e1c2f3f410c8
0a0e08a20d41d210d71ef133a5e6f0810757b6f819520d39e1760639d1b3c01ff828db961fa06ca1e5f2d3520d04d5f5a41906eeaf66adb902b91bda00d3cdfd
b85497d310ee3335d0b931eeea19eed82912f8c7dd253415b27135ebbf24e818a1f3c55f131e12ddaeb76f04050b96bef6edf7d6fef8e500deee1744d7d011eb
40c56bf335091829e045fdebec8dc24ae0b4533005dc12bc1ccdfb243b0bebd6180bb4e763ead417d6e41123d9abae4638317d09fcb61dd4d741d003edf0a5de
59f1fbe9662f0617f5fe01cba00458edf7eb2feb2afb2dee1fcba9f40a0e0bff2218b1533c8c08a1caa2e911ec5d07f2a217a1cdf61efd3246b9a14103030427
aef7363debe0fcd4dc4eac2bb43605ccff1b34def1400901b2e835e4f91b1ef01aff74f914d2f69c4fadce09cbf7d8c10f39db30b80427cd3cf25e11dfeaca3f
daf521fc44f61a03073cc558be41b9e46d39e5ef0f28b651eeeddfc75cbe1e1712fceeca04c608cb2365bfb706082927045eb4171cc915fa2a0ab91da4ebfdcf
21deefabc2d9fa17629621b9600d2e18b91d9dfe26318a0ef3fecf57e10349fc37f20b5f02ede413d943cff9f7fa028ba9c01befe8e43df800f1c56a5069fe31
e4be25333455a860f61531fcba4adef204172b260c2add36f0f0f709fdeedccc0af408c8efddec2f0921fdbfdbcbb6c16657b589233f22a4f414c7cb4a21203b
d9fcffe164aeea1fe31646f649fba2eb704b21c0dbb60f0f192af45059255a0935d39cc9fdae190806f539a42ce32d3735e018640c08fad3ff1af2243bba04fa
1ba4f9dcc7e21e16180c53ddd3bdf6e02a0f3795d5fd413522fc0d26aceff04fbf2b04371cd14f16ca2ff5f7090bf0daa2175df8510623f1e9d837ecc21fe7b1
2ed4e9bffc34151e396eed0dfd9057ecc04d111ef4142de675f01514bc2bb052c5eff7edd353661d1ad90ae434ee2c315359291ee8f8523120947f32d30ae4cf
b61a4b1d9a0933171c47fcfa61bfa5f4ad0af205b3bd50f8b9d31bc5852b3b1c431c39142be8feffffe5d616e335424f09e5cc49354d04eed63b18e5cc9a03cd
e5274239e88af6c7b31135002dfc58be3053d7e0cb38b83afec835d9a9e65797e5d65f3ff71a2ff9dd4516f8f9af4adffdf614acf6f1e6041b0b3478d31906b4
d2e3cbdf540b4c08f2e0c83add47c8c4f4c161136b3c2c1bdac8b2c14cf72ae31d1fdb1e2e9e492a3114e0d91c04cfa6a3021b0f22d20ae4eebd6cd533c1d530
d4c66634330bb6ed2d1a1226d2ede0e7f9e8ec2a064f20cd5f6af4bc080a38a1003bb9053c1a4a48ebda37ca03fa0951a8fdcef3020831e955eb41b2d46d03d7
2322f0c4c0371dece47cd4e4f155c0f76b201032b1eb0b3f1a34f009299b3ae723fc23660147b165cf059dfcae32f9434303021363ce21dcccdfe50399d93be3
46fa4cffe829c0ed3e23f30a94b4c6deeb28ee3ea6371541e4f3ed030cf3c6e8edb8aad2fed230e5d816236be6fce8d8fa5f3ef25467ec07a6df5bc3c814ee97
bfe0284eff171c3006b5cc30063b16bee12cf6c203e0dc11da4013354e0321b5e727e91c1fa015ddeff20a6e086518f2ebca0abbb06805e9c6fee736bd69cb24
1622f10ae1ef48c3085ab50b383e1f17f722e18ce9f04502e9deb4223522dd135943cc17ce1318c4e229052cea9679985a27160b16252c23fe2df8cbd6c1e82c
26af26c1f06114ea561cb541b34c030d6461c40cfd0ed32ece1c15d23bddfcd912f09d0f4ce4118cf04104e2e35317bcd03ff622b5cc0de91aeb5a0a3c5206df
dfaa44acee05bafb4218a8b0fb14eedddb00e6eafbf5a9eaeaf6dcc3d6430f57eeba0f08123ca5f22e139bd7c8203aed261bf5e7f0c8eff2bd1808de63dc9001
bfa9b6fd3c9b136af8a0f0a2090c28b2fe25b858c044ffc41fd60830ece9bc2ef759febff61c1a42f00a09132e1d1747f43bf8cd2120dfd100a52c010bf809b5
e437bb0503192707603e201d0720a6231e14eb48310dce0217d0c0181d15eeccbb05ef5bdff2f296b9ba331e16b46211ff0a39552326012aaae0ecfc37192cc4
e10e506632c89b9a17679407e4fc412f9823e2c6eb3bede8a433ecf461f904900ff7193ace25b842e0299ca464089033db6415fdc2f33217feeaf9fb11dd2617
c9b5b7a2e90ea60e5361b74703fe94b540dbf9fea10310f50d189ab5fc95ff0507f7fe2a36f5f3d22a17160b0dede6c22b4e03d89fec249ceaf9e91dd55a5fce
19edf8ba29f5020900261853e9cea338f232eadd03fe7eef435142f1e64366fff70f2ffcf4f2434612f21f0854d8a53cf7d6d44756e24902210d44d144670c12
3baff0b21e2015bad7a30609140354e52a9fa9f5e6c6adf7e32fb5df9c06d40c101343bcde9bcbd0c416fe5e1142cc0571bcdc9c1317cecfd8de4cdbccc6bdf1
ce402d0ffe0329e28ea8cc1898022affe210ba9c2b392619bcd31d0062a7da52d5c855d00550231ffded5fcd99f211ed10294afff1cc0fca2f8e5d20abc8e4a0
1041fd099f994c6e1bb31410b78eef1ade0af248d8d641f910f14ef2fd3994f2dcec4eb7d62886fb3c019dbfbb4d11de1b6b66c7e764fee9baffd74bfa4cbf43
022004f9d8fe2a58f3ee1ce6cdc9571fceb70d35addd58eedb0e26941823c1ae4e18eef5e8efeecc2bed040f0407eb2fc8e43138c5312165f9593e7ef1b21ffc
0d594bd13201eb1407ed19278c1117c616191b074213f7db4716ebdf18a01ddbe720efccda23f005b58a27d51418a3180629c3782728efe7e3d716550a2d3d63
c44218f72fb4e82e20df1afd0b652736d5c334e0fc021909c4ce141308332eaaeee91a30cff327ae1390e7d1ad2ba8bf0ec2fee73f37e752c3faf1b1248ee6a5
bf380b0df454c7dbf1d2313131c69aebbeed37294351fe1a0b29bd1a37fef95606d46b65e8480d22c1e4bc622c5dc127a4fc0cb729b3e9223fd3a91a101ad8c1
555853edfff9fffbca08d7def82911af2af7de1250fbc2abcd4dfa034d13faf4c654d5e252b225fa29b8dcf720f132ff0ab70eda4f4b095eaa2cee8ed75ff110
e8dabd4bacfb66cbadc5ad5b3e04bf0433fd19f5fbefdef8ea44d313bf4b0662d4c95003e7d53cda0d73ef5bd0e114e1b3c3ec3305144db5141ec46c2ddcfa18
42f602e3faef1246a1793306d41c19114aa41bdbdfcb30d7dbf303eeec4b0b18fcf6dd73fb161116d05ac4d2d9474bf2d9cefd5fb4f82f0edc18b62aefe41329
20549ccd20074ee40ae4faca0f225566ee959620e5faee1f0f40f40201e6420e57f4d7e3ae3c263cf6f1dfc53833c89fa938eea1e1433270ba2be9b3c4f8c5f4
204b67fd2f3c24bddc0a24c7a60512023ef50c54c619caedc50505ae93c1291516f9a1f69c34d74dd601edc2fa5469c0a5d5c1d0e23d010bcd35940932f738ec
173417bcf3f130bc520ab4d0075ecad00f4d57fb0969eff442faf1e4bdf905f50fef17ef612e330ca7f2d5b339f7233a72d2ff55573fc2fadadb1260039d356d
f30f17b2021b1cd5c720bada92cff844f4c5cec1d1fa5a0020085dc8ee4538310a520e5af609fdebaa1ec209255dc9ebde43cad3012ac53317a76c03231cce40
43c6ff06fad043cb1bc695200647402ee241fa6c05f3f114cf27dbb0cfd6e4fc1efc1e5b132ff0bdd9f6dff3afa2d6c1f40d34a135f309d2e60ca62720fbf493
1edf32600b06ec0801a8d4fb9e0e3c8c9db4dde5d006037aefaf9afb135662eedb0ca213ce14bd11373600010ee3f53d33c018d57dc569340c1519440e182730
e5c738294cf601eafb0e34d344e020223119b13b04330023f10f24bff1313c06edf907e302c44953195a09233109bee00f1baaba42f00107fe124c36e119eeca
f2c72a47eefdfdadccec325e2265fcc49b3c0127ee3fcef6481ed7bbb5263e25001beac5fc2b4260b0eb02dcd9dcd720fa9fdcc53f2e23db3a107700f2efe73e
3cbfee10ebbe6bfb0344d7dc1bdbbf35e4b127f0e9e0f6e7c4b80464e31f04cc34c61b063cfd0ec83e465bda373802d61f0cb00103d9a3eee6240cac0612e7fe
fba252f089e7e7febc7712def01e4f320425482af5d840eca35af1c91fe9db17d9a956d3ceed20f7cd275e38d74b2e415fc608ea605fd80f1b02e5f112ee3afa
0fb0cc16b9e310dbeee72828f43fd038fbf52a2649a9400d01eb07722fbe39b0e75ee83a0cc063e130ac34e54d112ede902af4dbe0c247c599e7d41323d51131
2244c5c7213414615007d3f44b52111d4b0336e2cafd8c6d40b2ec211138c7d927a6f3ee150d1220225618276ef4d22608e8f9dd12681399e65dd8ddd2bfada4
0262f698b6191a11156a9dd733135c30de06ac0a21c6dd030c38fe34dd6a2c090bf43abd2464eb124c16f35bb61bb2dfe43d332a4686b52de2b248b9ce3e09c5
2606e909db32d81ac4061b0adad110052565fdffff69eb01f5570d2d21d591e2ec0311d9f4c78903ad46b80c7623e8e6c76307f39f7e54fe29e74b083b2801f1
ce1305c2f1150f07fce6b60e551040adac5829a80223172af150f129c70739eac24d4bffd4d0ed0beab806feaf4c19c4a93a96fbacb8b0eca1ff17d2d2dd3dff
c41c14ea4d5f4dc744e7ffcbc73ad5b0d6fedba9fa06c6a823b51db7d0f05310d10350e4062fffec18c717445233e230d7f043355d4f5c15b025bffc0d1e0c08
331aefd531102328e605e25c16bbfc0f28b942cf2eddd934d74bfda3d016e9b4bff3f70de540f156c7e2c29c19d7c53b221901b3e923cabd069a0f68ddaecae2
2b0b251f0fac370e085ded0db4f9e820d0c11dea32f2c1d72bcafa2b0319f50cd3f307bbe4f022a84220f0f85601c2b9e90604ff33f63512ea1a964dd303f8a9
f7f1121ba9140fd4100dc0e84750ff91dd67de0ad508e3c750eb1cda5123db9ae40e33f1000129fbe6b40ef839e1eaab1930097c210dd0a9c612f9069520f008
28140638deeac219065937ce1961de7212fd264dfc09dafb4d4118215f2229ad5d2107b8d8a71a07ea4551cea21521101b0fe7fbf5df37a9f8313ef4b1f5f426
cb8b160520fba645bd32aae3f9e323ffbb0f2ccfd8edf0f3052ef54228772f22fe07d78c0ef72ce4c825de57da1cff3cf44cd2e31fc0fb5cf545299615042513
dde1186325431d18af0e2dc916472ae7eb9f6e05dbdeee0d3eb0c08eedb80dc845f210fcd4d15fcf27b8e3fe39f9bf8cc61916fe36171edb60d32f2623add0e3
530e54eae55304c406cac8149c17fd520ad2d1ec26aaed010103ebe10735adc044fae82601cf108cf83a04076e33e63df4f22b0d12b0b39a4ef015da281b2812
154bd55acbf604ecab11f2ffba176adf31ed3c060f4821d8bb1fe6f20e31f2d953c62e240208f92621d8db3e06e6b236c1fbf2d3f15410f82eef1a60012bbc46
fab70851a410b7d9c9d3dce82d582942d735c62a212c3fdae3263e0f3a2d3afc0075daec20e12d74e0e814feeace58313093f0f2d4fdba12ff0da542274815af
0f0abc9ebfd304b002c819fc0621e2c113378c2cd323ff0eb9011235adf21114fcbf0d380ffff80b2d05d8140a21b050092bdcce582dc4fbf4d6971420c4ec06
ec4e1ddf050001f9040499a0f0d96ed1d762bca12e15dedc4bb37ad5eec513fdf3dfc979ec43000e3e588ec10517fd1ad93e1ce44c0c05fd221916e0a1d4070f
d4abcdab1446cdf13d5724230f4418f62aed12a732a720ec1810bf05f9633e0ee330ff0a40344c0b405dd0b8e32d57e647aca7f9029ecd2337d8a8949d01a5fd
3e01f5d0120b4404a818e7953cef91e0e2f4ea11214fdef2a600ea6d2de0a41ac418c946cec70165d88ffb2b023609eff601211456e74ae64addd9a2513648f9
16afdf990e2f59444ee5b0ca1d0b3dee9b015bf88e2f71d5020dddf0dacc3c45251afcfac4e6dcb31308f6ac4538f433b6ce5db9d9cdb3e6023f12665083d523
b7213a8f9f9f17ed2a3fefc0abfefcdcc10c5c2b47caf24310c4020f4207f7ffe8c462ee23c78ebaace9242893faf9c9b62010415103a1bdb97f735a00b6045b
213054f6c3aa26ee2746d2b6dee2f6e23b3af8e6501dbd693ee7e130a6da3910bdf4c70b3ccfb240d5c66c222adedbe64b4c3352333bf41ac7e3b80111e8f359
cc31f42803fbc8462a133bf119de240f506660dca218c4c717d644076bc0fe470c28b72bdfcbcb2cdfde0d0ad429f7704ab84bbc19aad02f675724da27aba6f1
edbe044d1d36340205fdd3f8a3edd8f423cd69a424260e0e17a7aa34e5519810173f7330c43b3e09580481271237e2bcf2bcfee10621f4fa453006eacb1633ca
21b108affd1a0e10e3f515000cc944ea3835d0cc613cd8cd64d9abc4070c09ba0d2f57baf33c6ac7d7b31b182f52dd09dc01b3dafd58f40430d9a6f81e29e3f0
e4f44002e63846f4f4f699ceb8042dbec2f02010d727bad76535549d3eefeb6de2c6e20f08cdf7f9ca5ab238b7faec0137523d14bedb0f1a3c128aef55e6983f
b34a0ed4f3e44b09c30a5e0e9febcc184a05530322f6f5a925cce0089c49251aed162354d13631c5291e061800d3b5e4c1ab34f239f3fa1a3bd1519dfb414524
46553f11ec10411bc5b404c6190d2f40a9120527b29ce447ef4cb9f24f1816e7b8fb1536e322eccb164021baf80075ca200ff846f7eca0feded2c5c90d792b01
dee15bd335deff36d8f7451d1efac34d1e88e113d832a01c17075325fae8e26c2449e4ea4dfe7225d823caf808eeed16511102f8ca66ed28f4412df02b006dad
dbf220c622cfc6b7c42712191cd045ac40a82ae303ec1f38bb71f1fa074700133a35fa008e2721f3ec3973751ceb0d5126aafdcd6decfb27d1b7a004fa1f04c4
b9c8e02916cc1a24df5babe329d2d4dcbc2ad7f6d512b328d04a3b6db003bdb73e3a14cd9f17ed5cfe9f53461cd6f6a0cb24d5cf3706f1f12a123ff4e701733b
a00520f3c632228525ce9ea4cedc21e202673826e4c035236041f0ff53f511f112bbedcc2bf462e12d19fc179d2c68b8440226e2d427493b57d0f8040c4112d3
b937bef83190212ef8f8e346372ebbc8a5255049dd183bf91aee6765d23126cc7ce5fbd7e867d5e1f2e3b3b03abc3e33124852c9df3ee7b8fe01edd151ec200a
04da00479e12460aeda0e8314719f4cb58d6e1f7e906025a19befe2fab03fe4fe4e6d918043d11c8cc42bf40085507444f38ea500659f2d8d3fce5d9caa610ff
d4fe360ffad8661fcea0ca3ff1eddc4105f00abc0551c809c02bd41141b3fa2a15f32a6ed4e6d6c822ffc03bebd32b0812d248de3b30d716f9e75d17e70ff330
46ed23e3099ad5d12515c1b9d13d6ac8be61f09324fbd7bf354f36b572e61e190b6128b1caeb532b12f5d854d7c8d0d639facc00a8e97cf815fedb277b0eb107
db0afee94874f4cd3ac31137e1e91cf9c8e61d54ab6aaea8311c93cdf954cead31e1e2f3ad50511bdee1ef4a3d4bfd2be9b0e8216f184c6df1650d172503a99d
ddede0dbef1feac81bdde8e14d472a3cadc250f9b71d1fb6dd2efa17f806e36314fddefbe8e73203c7a2cced15f035bed342e1dcf6ee15fbbfdfcfc39547edf4
56d5eafe02cdf2212d90dddbd8e9f23ae30b0a932dad41e5a24d2fd515b8f84e72c833f38813b5b70be6dcc1da4de839d805ea13fa07fa32cce00bebf9f53403
a7ca08b2b5d3e4deb04c115dde44ba32d032daf9d2d5745c965603bb5a2027484c50c0d535b8f4ab43ceffd82f9df6c0e207ebd5d67e5dfb0eee4522002f5c06
0ebc75c801d00fe55bf052a9ff171fa6f34c21fab12cedf1b06d4ad2f2e19ec0d9cb66bd03f1b80ac5f7ffbc0f02dc21f1bfaf0bea3651bc04a1ca6ae4e05e22
e207d83620333daded00fcea27c6f2f52eeed840222ea81602fed82ad6f8d726b618fbeed0e925032ce2f6d619ebf31fcdc4f2fea406f1ff002811361504d6d5
f161a302c32bd2bdaa990f07512dea1cf3f71c34acb52fed0f2c21d604cdeae5ed3db3da401d63252264eac8c7c0d02e2830e834e6d44008051e2cd21a085704
20f88ad4274c414c2f0527411735f8fb9c2ec30099e6c0c522124309fe153a16ecef1ebec8c0fa47e3e8ef08da1cdd3234e63b614bd005d9b59aa0e807445fda
f632e2e4c340bb52f30939f0f01bd7fdcbd0fbf2f73fb1200e08a15ae94ce30f9a411eb4cffdd3934130f4112be03529f7ce1a091f17adcd1d2a09580bf1f2bf
63f80207d0dd4003e1f8f311caba4b19df762ef51f1619e137094cfef8a26ac3a0e51be70a31102214e1e11800d91aab2502b6482bf308ce36a5fee33150f6dd
bdbdb7e7b5e504141f8dfe04cfc7012418d5e9c503f3db100117f2ba2037d7976b01b629ca1e05f7fe1ce5361047ded70d0dd1c2383f11dd319de1c8b9e6c495
cfffe40d0e260b3af0daceb8e81b03ec99b4f266071409ebe517154c1acee3eed8bdd688f04b221520550b59e1293a0c27559c0294fd13f205f449910e3a9173
4715b7909151ca1bc931baeae8e82ec4d6e26537f2ebe7d5d147c112da01d64d7401d91109cbbcd1bed9e9ac13f308cc1138201411d506f9e1880d094001ba3b
e0da34f55ef01cde179f36dd17e311c75abe2cdb52aaee33fef36ae95e0f4f111c3138ff39181dfed80d171a2aa900dcccdc16f2ac070965bf35ba13a1dc67af
05180fd83bf5c714b40d93249121fa154c39fc35112945cf4b69ba471c24f3510b633cff31fd64ed5637082e2ef5cbdffae9bb942632c5d1c6f210b31f6e5ecc
41c82d25201a9f03f1f5761a0c3b32f508eae1e3bef614e4cb01f20b46323df5d9e1486e22d3ddeee72be829e9ee542b25f0cd0d30cdbd901226f30cbeb4faea
0adde7eb1df625d0eaf6a91f300bd241fde4e92030b14bdb28d9ef5df326e104ed9fdaff47251d40d41019e5eb1140cbe9f9dd49dcd52f58ed48f3e22b1d1d29
212c0c09f81df61f05f01f467b6122faee100a58eda11bd920fefe20c7edd1ed26bf3b712947bb4bcc4be8e9c027100f0ae557561a0dfe333e51c639ec101539
5de464efca8e1612c721eeb4f0172cf2993f1cdd55effae5e334384c613449fd1542b9e4b7299c41cdd70ac00e3f02ae6f2748d754eca8242a07dc18513bff02
4b66e23fe1fbd9e11437d9f607911a7b1d28c7e22a3b15e82633251b12f30b14c7e02f153353dbcbee4fdf2d1b532810f6b1dd0c302422cd00aaa405b2d7da35
d0d5382ef74c073be7fb3dbff8dc5a634be5e48d21be22211a5e65bae9351fbba6020501fffedc28499fb6c7ccfc3fdff940e71623f41a04f8014ab33a1622b8
23f5fcf02cd6d1021acefee0141ff84989d2b53443e741cc3bf10f9ad3841b9dfa6710efbe5cf4db6b1a28251e4bfa5c101e0ef809fe4419d76dd8ee19bafcf2
ec053215f10926d5600170e3b8bcf2cbe235431ddcb5bc96006423e5ae3c052fcf080de811f9e80cf2d0f342c6fe332de2f726fcca0ca6f338fbe41c2cef0b2f
183564d1b34304e55ff3eb09bc9fbc191f07eacef931fb1fa8c8d9c5eaad171bf709633d30f645482b2dfcc2f1f01a14eeeac335aa00ff02f4c5d20607fdedcd
22fff81ae24ae3170d50e2a70d08fa0220b1fbd8d3ef16e343f1dacdfb9fecc3b1a349a760db1afcc4b09943223406eddfc54cea3403f6d5260eaf21af4c3e06
b95909ba254ed6229f43f44a2149cbe9632212f6aec6e0b0c526b20c9cabfdc6db691510f2fe44164cba30bbfb2bfff2b2c5ff021c470cd7c6df14b4262ffa6c
09060c8b47f2432baafe2a0114ed35df21eaf641e3d111e6d659b83f1745bbb6c92fdf9063f0f13eeefa4d330450bf5ea00e16bbf739f8ee5a1df60497ad4f0c
4a49cdece3016168c33bdd3ad517e946581e36cdedd900d3fb242a0b4420cd3411ecf50e1ac31116e73d37bf941e2eae430e2028a0b81f0ceb0abf5848a64647
bacd0a0016b71bcf32e424c4df64fa2bbebcee650e2feaf546fdf8c23437f001d23be4ea10e9d302deae396142b52d29fa94b8f00160f52721d2f9a2cc00c026
351f08035e2e550542d05170cf454265fdfddfd86af106144c0ed3ff53c709ebd23db7beb0081f102c102a1faf08e70f0c0a3b321a2854093643dfcf0dbc6afa
372d132a0d9a1b2bf80ed2e9e130f3e4410d0b01b54eff26412bee4e12e601be1ae704ff3b4e41fea7c131e5c1ee49090a1af95029bca4bde09b02f7f03a0cbf
4c3f4d4ff413143c3f4fc90fdf0bc91abb6e41a3ea60c2200e0320f5d411c6f8f80620c92aff3511de09cf630df164e3c8d5576ec29becbf38e3924205e7f673
eb3c36823be7baeb55e2fe04eb1e3ee530f0246917df8a053f5340152d93340244f5e560dc2a14130efb66e9a9c830f3111534290bd8d710172ca9d806a66c9c
501b04f7fb04f42c0afbc71254fe96be2ffa2be3bfc4ee48ac123f01e1af45c8cee9fe19dfeaa11f08150afbcd591d4c985ae3391112c92fd57a2fd71c085adc
e8954a40e8dcef3ff8e237bcec21140b17e9a3e41ce8eb0944b021d3b5fa773e484befff11d4346d14d8cfcc36d8070119ec082031a149c5c9be0c0bd7e5b8ac
0b06f1d94801dc57c9413f002d15fbc01b292524fb49e9372519e333d2e70504efb8e833ba10f14cede0b923602eac1fdad64d1a3aebbd64521637161addcea9
39c4651df6f5fbf6dcb2194661216531395518fe35d325bdb850f9b23604e62ad74cf1320ae031e5c5f60817cddefaf80d20b92cddc171e76812edf9f01afacd
dec3c4de3d04b8fef24ca3100c4dc9c824d4e5102964a0a63e0e5030c7c563ac1d39dfe525d31e2102fda204e13d32fe40b1f155b2dbdce9c611e04fe30b3ea3
dfe75f1d05ffd25b182fe311c5481f4a2ab1fd605fd5113e5963596229fbb5179ce307c5fd0f192d45540e70623e50e955f8caeff49782204e37f3c227c1ab29
47da0b371e5020b3bddc1d1f45a6f8f0b9086a321135044dd0e2baceaebe16e4f74e2b131df7fa2de40fe6f8541d4ffd47d71136f7ed2723b4cc4bc6d9c4fd39
4bfd2b1d41122e0f8ac1291a360aef0c2436eeb03a2c97e0cf3933e30d54ff4b1a21342008f1f0579242cb2173a032243335f5990b44a82d0db91f236d00f4e8
3bbd010ab74cc125d7ebf1bef70434e3c3662c26b650307508ff0621e0f229f7d2fd27f423331cf8de03a3bb3b8dc0b021ebf95d1afdcca61e1014f3ffd2159d
f311ca53f6cf46e1971303e93762f140ddd413efecdb590a1afec6c4dc94451d482afefddc28a1cee7f3b7c911200aba2142c8fc55ff943bed40fbbff9ec86f6
f51a26383911e1520fbd3e2f2a6720a342d7ee02e6e51bfcdc0408f90323262591e8d4df043002b1e94c3322dca414fad9f1e320404752050529b6a1dcf0ed09
d9fc52c651159dd89345c425af32f503eff1c83c260b0a212b5306eac7322966021203e6fc3e1d14e8f258d379fcb3c81e3c6608586338eb03d0cd420e18b523
fe394009df276d49da48dab8f8173806fd9824ccf03d003038d7f1d70bff16eccad7ffdb0f3adff75bedf7fdfbd0100101533bf5a5ded517caebdbe550c301ee
c6e1c1e1fd9720fcf3ecef523d325904f1fa95d4ee4cc9abdf69b426f607d02bbdea310baffb062945d24e40bde10a1f03402c864f3c19211c3a143ec70d4975
fb0051ef3601cb5fc9ddc94b4775a657f2f7e021fef7a0facd47f4fd1b24d0a2abc8130b3d1fe9e909fd463839c4edd001d9fc2241352ac8ba19113cdefc4dfe
3bcb31f3266986aad8fb08beb6ced32200d64f86f54a29dc044188e20c19f6042842da288f5b2749fc2afc6722f2e4dc350ddfbb338719212c9a0cb7fde7eca6
23bde003624218a89b0b497af349ce1cdcefd915115503c62afe12f226eb2ff6ca32e8614fd9fcf5021d37f423ef3513dbc0c13435a1e3ccedef5cfb172e4106
2caeb5affddff547c1182e2eef1d65ee0af3e857e9bacaf9dd42561bfb481e33ff439feec057ebf2f6c4edf7fdc364ffe34c1f041d61a927e4fbd3eafb5d8ada
2d22f2d6e7be340a28a4d9f3d71916e98fbde8ed5d193c38d4960077f9b75b2a07143ee3dce21cdf38d204ee1e00eb369ec26fb7fa5432edaa58e43c16361b22
08081bbbda311d090ae3ea02e9210eb1ee58090f9bcbe0f2aba51f28a96aee3954a890b212e4a43bb1d7620f2e53f1b2e6d0070d23ecc40824ee1d05038e8d36
fd0402bc3429feea734dd98df331563494132ec66a0a2ceaa92a0141f17524d0f845fc33dbf6d45fbf1beaddcfad6a0761fce501efa008f92ef41b1a365a334a
20d1db12a1104dcee932b4f9db3018fe5194d59767265002e7ef15510c26300164690d7638db4d1509a1bee11931a8e30e6df14735e1391aefeb06b0c507ff59
1c78b321d9c5f7a86728b00d2e7be5d9e4404905b8c1e50348304c41e933f9f4ec06120106fd1c9765ce054cba3c32c52dad62fc0d410bcb0ef9f421c9942adc
36fe09f24455e5363b13f5efce28499d419ebdf9ad9dffa9ea494e2112270fd60dbe1a3d20d72ea9f7e5ddcb323015dcc5ead602c80fe3bb3812b3fa1be790c8
ec32d9d21cae0f1124db3b5bee14a23130f24f1443d7f543211cd7f3c207060cb33659b9c3170907dc5151ece42cdb06edc21af818f60ec825130d0302ecd7c4
e8e60735f1c5f533032bcd38fd08191390114260ddd25ae1ece13646ffc6b6dfe4b84921fdcb412dd24e8d678dc4f843f9493dfb29ab2fda240d17eb2ac3be1e
cadbd8a5ebd44a1fbfe1dbcb15defa934e6106753a22f10dcdcda8141e062730d5f497e50331ffaaff1c26f0f327f0488d067201fdb7a7e7233f45f3de4d305f
ecf4f2de221caa22c54ffe1c0dc1ca1444144fc62d04ed1fe0493fc7602113d56af62b1379fc752d17f9b9f42cdd101f3f35ea38d50b359bbe1101db87082222
2de44a1c1c0c8c371ce1dadf04100b4f03dcaef12fb5f0311200362a11fa25e2a94040013c14f6e69fd2c9e111b7eabed669c938f1e21fb72d4f176162c622e9
2ed106f93df1e143c8cd1dc31ce9a6f0f4dc20aff9fb025f02e917880707f50403f13f5f51eb46512912d364edded94ba7fa4b6effb01b3bfadc1addfbec460d
d128efe2faebfcc3dee3bf72a349e3051d1f28293c284ea4220820b8fbe4fae6c92ae85518e71cfcf0a4cef817d6a1c7020114b3fb4734031f4ccba24ded0ab4
08dfecfeb3e22412051c0e340f49f3d154f70266b3ddf4b9d9af1fc2eadd5fb4201f2c423c9b11df26df061436663ca1b81010c123e9c84e6a0b8807b0dee8ec
21fca9045305defe7222b718d70adf25dbaedee90fe27521a2fc3ef9ab3701ddd8e6265ac6f1d6b3c8ddd9d4d527dddd2cf8df009a109b33015fe020080bd541
20464518a01b14370ef651fa2aebf9c5caa1360f3ef790316ca5ef17c5f94292e9efa263d869922e1c2706d0e72626da2358e0fa0820c1fd1f1ff43132011101
24a6b3f41fd705df699b94c7f633de3ab93a4c38f823d44eb1da1616f7d81fbccc0a291e1ece1c9ed322bc0c08f62ee6cbc42e40e1370610096528c2c4e209f8
fcf450f928e413e72ce1c3f3dc07e8fadb0f170c0713fce24e4a2e6cf32ef7574d6f4c29045fef8a882c141e24db4ffd01b00de3440b15522724fc6a33e5bbe8
593f24d5ed10531f08caf0f84a3b2affef06f2b6eb0705f901e1c900c41ad8f90d5d17f0f7162bf7fdaf5d51ba49cfaa41350025f8cafbc360d64a230d03a4eb
381091e44c354704200249223f22fff636c23dc3002ef090bddef5a95d0963ff22522f140d1ef411e5960f8e8709b4e90ec6dd27ea385d181daeb112a3ea5131
03fddf0dedbd0e0617f1f2e22904bcf923063164ccd5f22026df6840ec0917b80813cc1ccc052605a5dbbe3a1ef6b7f5ffcb1211214344d5eacaf722fd06fbfd
53a6c33262ec0fbe5daf37f054a95518cec0ec0746c10feca9411600746cace8dce0e5dbe9170a2910f0624b0a556405affb58bb67fb43d3e6f5fcaa0cb2a1d8
a7f1c03ced4830dd3801cd59db5708bc31d35d1f31316248f614ccf43b09f0c008e52861ea265e13b938fe19c72b2c4cf9ea3b4e39f6162fc90b61f254d919cb
ff90ee27281df35de6ef523b79f5e547d8d243ad1f4ad11714bae3dd4b9ef6ce28fdf220ca0105e24cf71c2d0eeb17d26cdb1107f3f038fd26c5bc05e01ac018
f729df13f6f9fef1930e12d7deed0bd2affde9f8ec1ef6f56b5d04bcc32412aff527d4d9e5fa42c741eec9fbfbdcbc17ea09c4ede2ea2cb1f3061dde171a4b36
0ed74e2636c406d51834ee3f2903b1fb11dfddfdd848c91629efdf0ba2c9e3afb5320bec2830fe1f3de23d4dd411c15ee115c816626926ec0199c02329b2ff05
d71db61a0f7a343de2670252df0d0925e2037820d0d4b4f4e9bc324ec01cdce91104f82af2f624db27b13702211333f7f8b3eadcf012dbe337fd05e554f5df07
45d0e1e0f1f19efb3be9194b17c8fb38152e16162019fcfb17b5d160ce116c3bf00c2fb5cf18ff4e54da240b1d3c7f6dfd4104672a03dc97a4da0e0addf0eb5e
e54c43962d30c3c230e42cb1dcebd5dbbe15f849f9f6a4235baf2515df64215aad3512243bd228e920044af719b6b7e317fb53b9d06b255fe70de859d3da5bad
d51224b10ccffcde3d1020c508ef9cf506bfb0900bb8f7a6bb1125afb5e142defade42ea53e82219ada04feed1f022e76d420be9e61b051e211eda0a06506123
143cc8bccc6adb35dd1504c048543c3ed605d82fff1055266501e76603eed303d7c5e5d726d5e9120e1026c8cd1a41efa9c8e80b623b4cdce50803692f4f2832
d12cf324d82218f03ed1097dec0aae59cdd1f3f5013e07cff6a60f2a571c034712e6cbcde7e3ed2ddee7f3b60d0c236d28e60ee7ae1bec000b49f3d0f1df4af1
f2de3b283719c22ddc17ad1806bdbbf6fd4adbadd1e7d9040242353a1ca5a903da1aaa6a4ffdf3e9c601fb082f4bc22613e218bdd1aa5220370c2bbdebc06160
21c1373fcc03fe18204fbdc1eb3ffccb0bcd36e7994dda23092be4c357fed6e5e163fd126a46eaa920e04af82b1417f2ef292b43fc1b52d02d1156380dec0dea
d604f299f0c623d70f0e45362d0c94ef28e0ae103f16df2fd2c69a2c4561c0ce080d13ca174e49510213f2ff234cde3bd7463d400603fe04eedafdcff8bfd930
1fd8891de1f3e65fa2f52b0322e3e7d4dac213b731f80407f8f321652a5d07f51b3708b046123f2cccfff3fa22d1c91699bde83544b807c3ccf60e19dc0ad106
3bd2dd70ee2febcbb213ae4d3dd41f01f5abc447ebe4fefd0f180b3792c4a80902a6168a05ca140cdde30d4338e72b1a2b18d0401e494503b21ef1c141ff11a2
e4c91af4c59bb058e5f9f36f1a2b00a92b04fd5c14cebbee46c60bd6bdf3f536f1f9d42e0a3021e3e00e01f5e36c4700321b5b23fb2f78c722822b389cf6e9e6
15a5c403eaa119c9de32644eca28f106a837f3ccdff4fa57dda4f3f02f0a30ca074f18e40eb6320b28f0ce103aae4967f4c09af764ef08fed6c81beba1b3f7f5
ce2448271a191d0fa0da2b0a040bfef3fe2423db0ea5e718d1b602d2b237df1c0cba57373f0a11cd41dd0d4d00091579d62652a109acbc0a15acbc021ebd19d0
bac3f240400ff5e7f40cf1de5bfbf948cf18d935342e0223e2de002e351ff21217fd413d411d06e0ebd858fc02bf27f8730725e4f2dfdeeb8e1fd5d9511e5cae
40cffe071442e12f2fbd06e75c578b1817d35533353a14ca1c06000fccea32e5f70a2dd8f81240f436ddd5ffcc31dbb8ba4a0f03150bfaeadd1fea16e3f5ad56
08b3cfa5ca430cfb451302fe17d4c11de50a40bfff0acedfd402cce9fc1118460e1d1b2aad3a083a25d41502ebea6f9d08169e4cf4ca9ee3ebb2323529c840fc
0f4ac0e7f6f353eef7509a19aa2313511f40442600b21cd50851f8bcf9c82cc86f547026521ca3089cac2af021e4b6fe04f5eaece210176aa4adffef22e60a49
372d33c2e80df17c77d051bc35efbb9de5a02c07fe12faeaffdeceb949f22c40f1fdf7beac13d6282546ad1ecae2cfed1025ff3f4e460f36fcf895084027144e
fe031017e2bd5d00d750e2b7c08c08e137c0f5163530e2fdf83b79dc6831052a1adfb629299fd324a2e51cd12fe8401b0aeccc161b3aff4c27cd405e9b4b6120
00b1cb0b21e435f4270459d2161e450316c83759e103ba08140f26fffc1ccd16f3e490c80e35e20f5400f911f2e4f54fc0ec30e9d505e0cd9ca4f317adba74cb
01c8323a401554f78f4a2fdba8f9f6fbee5536c7ff02042cdd78e2d7c8052c1b5bba3c5f0b4c5b22302dbcecdb503205d932cfef1aafdf210f2546ef2e14d522
20c84cbe2deadfdbc6100f3002be208609f60fe30ae940ec0112495513c62b2c1ff3f504fdd30639151661de1ee4c911142a4f07d53818121b9933134fec700a
aed4df1553394c0d2603ebc5e2ca2dedf2500511ebbbf3fbd8c6e6f9d8c0f0f79b3b1fea0d76ab29a6db17ff109cf7e9261b12cd1a2d2ec9db1538c4b4f1eb7c
242ec63fd6c49aef072a0db9b1d6ccf1fded763754425e1b341434bc3003353ed33edc16b81665ceb8daa2de04ea09f6fcddfdcfa6b3f53039670cd5ffb6aff3
4e44d305270b59d015fb1b1111f4a4cfb020f0da0976e0faf2d703513cec27f9f3f843e5cd13131ff705d2c9560bf5f4152ae5119d3a29db590dfabcc5324a3e
a1e54cfc3d6c361d3e05f254b1b0a6523016e0aa05f7f92191e126ebd9c318400242300b4ca0dab5da491fe9dae2e4c4f8cdb8f20c354d135e1aeb02ead7ff29
c5d420e1cb176db131190a3fe60601181edefbe7e8c71900e425180d75f2568dfe642ceff402fa0cdd17f8bd215948417313fa0a36fc232db1fd5308f8c51e6a
5633d837abefaa06354f1b10211e05e6fcedadeeaf0dbbda10345003c318902116fc6f55f9de010e5bc53c40fde10531ceb9bb70e139d5b4d916db38da24d227
f7155251104176646d25d9f6f176ccc6ce08eaa413b929d231e139072c9f46b86d1ac7ff23eaba2ac3ccd7caefda5efb352e260502f036d4c0eacad699e8e69b
fceb05df132af01dc0bad7222ce0e0302fc3311d3a2f4ce9cefcac23a1f0adff10a1a1f334f41cd50e1fac031cb2b4011af30229e1cee1d6e656b633c8060ed5
0bec460f1cc0e65cd3c027c69047fe18fff8e9f0522d20242521e1afaac5091dc7ed5311cfb76ab4f1c17dbbeee5c9dca83799e91ce74f57cc2a19612806032d
082e254b3bc1f6e90b0c190d4f08f0e2bcdde90a15394314483d0bb8cff14dc7e7e535b348edeea353170f170e131111e82b36cbf890c02dddeb2f372799f108
c3131dc3ea076b3ce189cbed211dff2b1020ebacd20014cef9301252030ef021bd1f3a1cd3cfe1aa11e9f1ac1eefe060767608ff37f3efbafbffc0f2d0f7e9b5
dde803bf2eedf0dc31979248f7c7e3f54faf09e42b36dbd7cbdd0b00452837f15ec0193e2cfade0dfc28920dccf5ae15c430ef35cd3bc80c3c66a8180c03f217
28daf589c8e400e943c7c6e4b4ec1ff9fac8b8a2caffaff330f8a6d322fed73267a088c64f45fd2727dad0ff049eece343f005ea1aab1a571929ab0f3223daa7
c1e169f25d08ca441bbf023be9090fd6c5fb15eee720236de2fa08061303fbd4414ad9342dd029af10f0c02e0cdc10d6565b385b1bb8cffaf6f8ff6107f51813
e60e3d4721c725a8eade2adc0ee6de263d01c592464e3be1a103e2f9143f0be5002e952ceb9de6bb512dc38bc4932d172b233aaaaed7370de23811edc30456b3
16d716ef30e7c1e45ce3563d0ca606b30bafa4cfd9a62bcb02d751c5e4ee0ae21e2bfa9d5301ef391010b31b10e506c35b3303a4e68e28d515f1c3c9aa5aab6a
11cb0afa314c133189da625afc1209b0243934f6522de874b4594ddae1a8471204c3be1ab5c5b6d7fd0f3e831d04501d3dd5b81eb1bbf3ca660de2ffb8eac50d
0d1361c893b0c017042af10bfcebd4c2554755fb1d95a5cbc8a520b93fc45725fdfbe534e64c91ca11d889cf0432f5b1025cf442d811cb9f1de82df1dcc61356
d99f592d376bf39426e9ee1ae5eef1dcda9206d128a48ef4ef22ccd74af00ff204eacf233b4e3b17b3fcfa084fee313be221a966ff9f37d5e209fcdb0cf00cec
1856ae6f0ecf6815da3d2638ecf3cd08ded7d8edb8e8ae04cfdbf0d8f7cc382db5daf1df264b2526dd1d33523413d0b60515a7ecde0acd45c901f702ed3bdc09
1925e838025483611b05552835e5de632a0002f8ebad493b2ef8e6c50860b20eb2b56cf9c5258cd809d6edbba8ec99c6dad432fbfb215752b33dbc630ffdfcfe
36b3f513ea4712cf18e5b6248b2df1b41de22b0dfcb3ffee1c1e4ff113f7f51f1dd5359f066657204e4ade08f230f2cdeca63eec4eddf8c6f2a00102d00c351f
cd472feae5e632c8392b1ff5dabfadeb180754aec44bfbfd6c110ac221f14f22dc3abf07c6fe203dfe1044f4213a22f3b03f29eaf00405d6e9b71ac8f2bcfaf1
40da453b6bf5f852eb09db9f72effef63783291fd50babd2eefe1415304dfc152f0fbda5f2fbc9bbad1719e7e62807e85aed0062ffb50deaaee6f4b35406d876
4e3fd1e110b1f50c2a0fba0c06491bf34521321ee66017f43055ce0f4537c2cc00f2526ef6a3dc4c1e51d43f3803c7e4b80ef3b58d374b02cf18dee6caf5d2b3
e41ccdcf1e40031fecd8ea5c2eab2810d7f7c83342eb951aa203c4ff03110d0433dd9ad2d1d9c30dd21fcf20510be5d2e2a3f7961846271c0b022fd90addf766
05cceaf3e02ca2ace9192ec8101a663f0f991f0c1153bed72cf595dad6d86b165315d6669933fcda01acfcccdd221eabcc2d09e41dfa231dd8fb1e67cc25b509
44ce5b53f5fd2f5dab1900241f24bea5f759d512d5cd6edc015ecddfedc066c58d3658ce2e9a5a2000aae5ade06debd5a8ba31f20ac9f2f039e9c13def0efc6e
a515503dda24180a14ec034710dbc5f311ce4e0373f513ae3006fefa35b709b5a91f59f1e078dd01331461edc9d1e1a2f20c1c09c40ed8d6de13f8e647e46c42
bb12d7650dc6d8c1b008a692680a15070f12fcf5f327fc0fa81f27e9b1ad3933e7cef51b49fd0d10aae7f9e9fea2bb2b1407343d3039aaa5a49e4b66f1b2120d
b6b4c71fffb8f4e7fdc51f4fe061ef60032c0620d71e51190fe84ac626fb66d4dc3e05faf44fe0b3f5e1f61823d8fcdc43fc3d3bc3b061e5f727eff824c52fdc
cb1818da0bb090221feaf8f8bf1b99fa434e13ae70014ffa65e4045715220d09f0f6b0f19a0bb62bad2aa3ceaed90e3fe7ac3842d2ec181fde3c3f06d232ecb9
c9cea33ce0043fcb25addef50ef91fca5a5bc41c3f9911b10715b5eee305fd2cd7d7ef9b2ff5f02aa62404e0cf0825026cbd4bf133be2f03aed94139e011a103
a9e15d1721d055c752b9311005f94fd41ac5c1ad05f509340b1824f530d0c2e8ed4dbd5d040fedb6d46bc4e601a3569ff2d3131fb82510e1141e68cd9c3da0a0
c844c440ff0b10de15bc25236a01d618e9f69c0f0ce6add24d421a23cce7a7f6c101913569589fb2ff3cbb2ee4301650b874d55b05051a0c442814292cc922d7
1a13e5df0af8150400ffd06efff61febbcebf61699f91e880e044de1f4b44c8f0c1b603e17d6232c93201613862006073bd402d036d928f64414e4131a8e3037
0afd0832ef55e5ed23ff41dee4e2f7e44530e9df17c6bd47283cf20c2ecb3df65551069bbaf9f621f31a1e151d9ac9ebf7e7bae704bccc160c9a583ee615b336
acfa591aef20571b5e125811cdcf400b1062772ba2281406c7e23abff050a3ab56db39eaa1a3fbef1a2df1e202451e002e1cf4eb0adffdd297fe231bf604cf02
bc35af27f9cfc910dbb5e8fef51bc82e0be6e9fad4322fffcf665fd02242e80f0702f92416de300663e609ce014efbee36b828d50502bd67092a0609e1feb09d
1a4be616efcd1a18e9cea0b0c333ee8cfceaf3ec4aeaaf12cacfd6a3316333e81ca521dffddb19ee4a29b3a530d56de46326e051dbb427b42536f7300a5fe5d0
d028b7c1c3293364f8b308e4d932f73022ea25dcb9199f5ef9efd5e1f0c1db3ddabff5eae8f0111e56ee190b1df1f21f0bb0c0a6ee2ff926d80f9c3ed8c1dfe4
bef00850d3e317d52229fee2092d28210a04d3fe47ebd949b7d930b864e66a010f20394c1806140740cb20e9d5320fb14ab0f849d0f60ef32255190d3229e634
be272e1deff63ccf001e218f3d055e685909010c3c29a9bc0e3a3026fdb8fece1ff01e3d0dc74b09db1bcc06191557a6ffa604babb36fbcb0218f55df8071ac7
73cec39dfa3f43b90bfb6c0302031eee07e6fb8e02161128762e0f1a1b2b13ec4755aa2c99140b3acad2fd1ac2bed9d2d11344b9cabae1423502e611088aadff
58120a1f1503b9fa5bafd7e6e20b16d8fa061321023d0b32d69e18084d652087fa0f4b6941d02b553e60bac1d9c9db2fbfed944bf50915f125f0b509e507fef2
3607253f28e07ce162b41a8cf4fe272ee706099204d1d73eded2eefaacd2bce7ec9ac2ee2cf0ef39f7222cefe81ccbbeb6afa290e42df221f465e921fdd34f05
ed1c0656a3e8f3f80b16c3fbc15162e8edf5b36cdf64afecca2dfc2ac2deb404980220d76a35a8e70f5be1b8fe2724ef2daddcabdb35ea1efd476cac1dc4c5cc
523db833fefbfbfb56fcdcef6076ffa106d9080e362bdd1c2b2e9af4c71f41e8382ff0df270ced11c2d5f7da41ec4bfaee181dc8114e2d58420d0b1c21b12ed5
0ef24476623d13cbc3e735b3e2e6d02a20da3a4902ba1fdcf48cbc2a17da0c4bc20a0656fe3068fda594bc08ff8ef78c4824cef1f129160a09d9cad7cd3ce0dc
712ec336d1144cc8017d3d0e4eb0399e30b93528e1121d51f518e7c02f2c50310a57162efe25be28e3f608fdd0e59d19fb0426d8f7e9e02ac0cf29caebe4dabd
469ffac17112495ef51dc20cb0daeeff9ff2491eafe8f750f741b0d52911ebbadbc1ff1583c9e12c0a041d3659d41614d2a3733fc6032c0ab6070dc41ef7e207
d234e4ab3ed05a162c5adb215212eccc4240ceaf1be1891d1337eca52bbaa4129cb9d3f49f5d00d01e383600b81d1dec1d21f7b7f1062a232f0237e9e09cd718
fefcf7353b1d97140a2b04d7fb1901db0ec8110b39e052c20e3cdc34b7531ec9ce2018a4dad129a5259cd2d5f4c0b82843010c0e2cecbeb8f1bd380af4ee62ce
edd715f201c2f1cc5366252debcbd22fc4f4a9b4fa5a3c15c825e4cd5c03cbf3351dea0a041b1015f0e64cf6b2acddffdafd0d162bb01a1941d20c1f4aac0ffb
1b06f1e23324ed1ce8e250f4f1e5fdff0fdf223cefe4e60726fd231ea9b918c944cb04cd1affac254d110d53f8b32046a261b63dffa4ddf691fcfb0a10006a3d
ea0172120145780ce7dee5b239cec81a1c5afc1ce4013ba1f709cd27feeeb103b2a83ef4b7e963d7d9c7edd2d0ad4044b93fe5691b0cf3ef3eeb04dfbda0f2f1
332bfed32429234458f42ed4fb4ae29cf4fe4da6fb01df56f667bddec2a3e7fce091dedb329b54c545080b492b0e24d00ed810a2f3ede5b5f1e20620fc54fb42
644c044716c83e26ff0dceb9fd47970a372de2c133a8c0c7e72fe519b12e0efdecfddbe3c1a436c0f3fb22b5e4ff03185421281a09e108145fb6e13909ab6400
9e4cef5c42f512a8f414f94ee82ca052256ff008c1d10ed80e49b1b624eaf8d3baec39e64a06cf09a72cfc1c2a0b1107021d72421604b4f6daf219f3441820de
bac248e54ad00f191141f2301fd50adf186a28fe300ba8f6fd4ac8500ba950425dd153f9bbbfc61de4a6b7c50ed6e80d240fec56580c1b34ec57e6290d0f4bf2
e0eb51edaf08e2f3df122d6635c262a1a81fcfd8d0ecc4cee933cbfa0b424fcae06695e33768d3ccfb22c721dad7e8f0fbb70a2f37bfd3c41b0a18e73a23f12c
a150147522c10b932f90de470d2089f801bd26e81c1b06f7c0142e35010828fce21fe1c1db77f0f0123bec3f5cde2b0fc3c8f55ad80cf0122c165621e31cec17
f9f512cd4620902dd71abb1323b4ed1ddc210b1c030ce865f9d5100b4bf83cfb35ef2feb0c0ce7f62560d3fd0b20f9f90b6ce8f94143091bfd172029d7dd4202
e7c2130cfe08d1932de30139eaa0b49194b021180f5df1ce5115c366fc1ee0dd60feb80521e82dde4f1e193be5eee005964b6f0f0ae01e25f04036303b882d14
93e1070ff7e22322d5ccaf26fe130c3172ecfe092dd1c5d9d121fe03fdf9f3f7103b2ddedd250846255f055b1e630eddcb9a3b2bb82712150e4c46461ec3f7bc
ffefb36cc04ff7c5d232f649eddf9fcf25333c368d1fafad9445c6c6bac4f6b5e91c2b5a1f012008c7329e2b2afb3dca5a04ac031c9b062a006bdbf4ed1427ff
eeac01a20f1713ed04df46f6206ec5143de31d030fd9fd18104c5f0a4a0b1e06ead1291a240f16e1aaf4fc621824ec5b41da51aaf5f638dad51712f9a225f214
0bdc116dfdcaefb110284e2fc3c8f59ff1f833d550ed1ac822b90ccfe416a30b761910c007180dfcc5020dc624cab36e1ed727f1664008c30de794148eecb0bf
16103c1b25d3ca545bf73033c0d85bcc3bcc6409d6d8cb2d02cb03632e1e15f1e32362ae9ed9ab6e4052b6addb2c05d5ae6325062561206ef00df4bc1fe35347
cac94a2fedc5be31eddaa2196cf91147afab0e37a4c50eb3d2bcc1e956d8d8110f2e33c2065e3495dcd0e4ec2af12d9eb120dc912e51b12ef3e1330eb820f0ea
71c91beed02308eefaf27232f4cbc743c1e97d1b3bf4c61fbc0437b6125ff30d20ddcb34452cff068d0d95152934df60ebaff0cc1de84505dabe1f010c16e950
11314ea8d122e61e0a66b342710ed8111cf3dff642bc0827192a2ddd452b074946e53d37201d2b183b020ee7c2155afa180d6106f50b024212a70bfbcbcbdff4
23006030234b4a1602e725d9c202f535fcceb6b26098e82e95582538280463fab13daadc1415254eaa4607dc4b60e31a16c2cb1ca811ccffb035a4b0b7eb42f4
d1485230ff0bfcce9cfd09401cb57ece2240a518171ed2aa3a2dc50631cc1e300bf816fde6e6ebf4b7c9fa2413c6fac00209fe090dca9df44ef213d5a3194330
e6e1c42912761137fb1c2403208b2453dd28212dba06ce2ec0ea1ce7010d061dedf3113cea1a24e23c1213a4020d64ff16ffa7e934d5f3add8c32128228ef83c
c2f053b3105af03cea92d1f008faf4ecf613e96c606c023116caeb795a0ba70f1df2d90a17f8f8f7e1b3c9f308e0e83f4add28460d123be5f49cc5526ad6b1e9
0a3c1618fcde3cc62495bebc0ef31b58d12ae4b0b5052a2b32c2c6fff82a0dbe8ef03f47320734f75c38284019ddf08baf2de947300ee0e054e6d5e810ec161f
0d69122b9638c41b43faeebf02f8e1efeac36ac4a600a45a04bc23f9b317cee21236c813e0f9f80ef61ccb2e1ae3ffe7b1be1b29f443131cf7d0b6ea0111073b
28ddfcb0d5e4a4fee911c2f8c6fbb90dfe351a562fdddddefb3af8a9eda61a43cecfd942eec53bb32560f83f133324d5de2b863c45afedaea611f8dce71ac6d8
47c01107e4530bcedef9d09de4cf5157b59f078fd5f317a135df48b0dd29130e17f6050bbece44c3f0bf08bec17253e825ffb1cb04e0d51137c8d4df473fc1f9
c0fa3729f62a0ffdf7ae4f26d5f9d41d013841d0caf4e8af9ed6a80613b29ddae56be03c793cfa3705f53dc4bc3aa2a3fb6d26f6da05c3b9172b2fe5d6df47f8
f7371a2d2c8ebcd0eb3de413c15452c6de02b7d9e1b9f4b5162ced13dc3fdb12bd019f2c268f4300b309adf55ef9fcaf35bdf2d703d4fd613e5ca4ff3418b8d3
f1605a14b7245cd2e30bbf1ac0c2220239ea3688d73626f53bf16513abd04d1beae6f4451426ad9e01fbd72d083b3e142d02fa6512054d5d6c2a1e23ceeb2d42
e903ef24f6cbfe1665a4869fec25e14501e6293d1ddde2678e38ca01f5eaf4362c959d3300d4f00228fddb29299f2236d9e2a40810ee08dafa11fef900dbc91b
d89ebfcd485ecc4905dc29fee5ccc8f656063b21bb09533f25f73361df35d038fee4011d5fd3c12edebdb4a7ece9ef12e8daac17c7fd44ebfe9122320cbb3dcd
eb292d02ef730741d4ee06a3400126e529ffe121f0c6384dbd3ffdb3e14d0940a6c133912bdc1321f04d2420e62e12d6f83a4df8d3372a0f1c2c3eda08a7f90a
0919e1e6dbea012afb052dda1c2c00edd05acc5b2c3db4f96837123c9c091437fd24f08ceed8ba25ded70609fb4bde1250bf0a1cfd6d15d5f02fd41f05281aa1
5cdf3ff961ae15a212b7e84904ccaa0ffd17f7d21f0ca6041137a1fc0fc4d81405a9de9b24381dffdeb79a160a12c2cd445cbfd9f50451c835260a91d8dcdfa1
530149f4114923f413cafff7fdb830e903d5f9ae640a58372e03fb06c6253a510afe334fa0422902be9ce6070c101d9a0f08f4eb0ff3a83a36ed4708bdfafdef
a534da0ae33cc608f0bad215a6da1edd5809430fea473851edee3dc7b5f9e3de29e014e0e60956ebedf6bd3411645206edccc39ddfaa07791c13ea300723aca1
c6ed4bfdcffff0ff1337e704dff4f6e40bdb0bd0acfe07ce213617dbdb9d5c3afcd9afe9145422fcf1e20f48baf4c5b06633e1240f1025c2d3fdd3251ae9dff4
0ec3c0b74ce2d7dd3f354712cfc1f3ee2603f897bbd2151eb3c547cbeffd691a53a0147143c3e8dcaefd3b3462651125f310d2ec05a800f7ef13d1133c9f2cf9
c8b70bc8d7fdf1060c21ef4b21d3c2e7f6c020f1a5032fbe2aadbaea111b5726c4eceb3bd9ed31f1053a2a68204fe3aa1aaed9dd222fc19ce0e45318fd3bdffb
624bebe45b0ea7b4c9ef1818113f76e7f3e6089e123f4d65344915cefdf732fcd3f75b47e42fe8a0f726072d6828f316d4dbfe6b15c5a33731f13c1e23184458
3b12e3df18210e8f1fbca0040e25312efaf697c8e423f7b8f2071e035cbd1cfc3e18adf688bc572af0083fc3b412d1c20aaefbb3d11dc71c369ef2db6de4dd28
25071df14d16b3320b4505e607cbb2ce2063cd33c4ad40c014d4c6080f6bbb12e9ea2f3efdde1d2adcfef351122ac72c165b10cadeee1dea032916e1fe3b50d1
fec2b44e3cd1178f3efaf9d368fd24c4d910f5370e44519f2f041e283f47b05b0207cb091de7d009ecce12d6ba39eb3bd950bb2436b7a4d9310c2845b646dad5
df52ff0e2d2b0ed22943d2e1fdef44c51f24238e2717e9051144cbefeaf1ff01e44fc42b282567eae60e31580a454cc6f538262b8e34d21101efd17a17170ad1
d9f622f3cceef5495a0445a5b9f7c8d7f0f816bc433a4aff38da51b730f442e3eff5a22b0fffdfdbc8102025f3d7993bf4136107f40202bff6ea0fe06a350567
f2e3eef112a7fc9eeffa9506f036952a26c1dc23feffd4caee05040a2a40d3da1ebe4fccffdb39f0f722fce6b71906fa50f5f5c1020cffab1e1624f2f404cc34
a420e6bf500a3e2064d0274b6df66318e2f2fef4e2274fe0dff9aa6e08092829910611451428f6fc362410341722fcce12ca24d4c6d8bea7fb04d90f0b31aaac
c3f8e72f0696f10302aaeafae4f5f4fd0ccf0febffe206f6991bcbe305f3de170425d92b33a193fd160a0fc0102fed5f27ca2709412af813c2c6fb06aacf5a2c
4bf6b4f0ef30df1c1ac1ef76e1f220b44f3d120ef1ecd5f2f90f11f0a7194558ede032de53dbb51f65c1acd60b01e232edd541c02f130723e547e5e6dbe722f1
16152f02de08f40118b636dc291512da13514867471c61d8dfeed67226c808ed33fec0d6ef012d186e570b36f3d40508f6372325e0e6e2edf7d8c69aa2ece265
275eda36ed08762f04b5051154f2211204ad5a30f9cfdb261116f114d47157cd394fe9f721ebdc2a04d9302114c1dad4547601334be6d5dfdc248ef861d0f5b7
cffd58f1dd4007cdb1cb54a2ecde2a0b73b651044933493cfc0e25fd22da9d28deefe4c47332c5edf8fcede4c5b85edaf4d2cde8c638c89c3a0bf2ea06f3d307
f31c77fffa5225c34309199b35153707174af13f3fd23b12bb1de02542fa1fdeffaae03abc16d3eb6d26fd8e52dc87d80b16cdce04a6f4fc1f2b3b442346b9e2
e6bdd219d0e4fb4f1fbadc2eff0cdef843ed781cbb43421e3f1cbae8fea63acff9ef1af577a1f515053eb4e624e20a3317e107a006dcc927f7ecd9a519ce2fd7
a5ebcccb5b430f3bf22a122d3808e4314f073a2cd04e19eedbe828e829e3c82d0f11082ed6f8da1e87640215b90ebe0fc815cd1940f813ecfb3527dff3f213f3
fd08302342e6e420cf03123d02213f5805af555adcce0ed611f8ca5f3f06a3a90240a4081b364d4c35f8021c151e28d562198b18b4fdd837399623af56ec3129
05ec45d8f805ec25f407b0e1e927ad3e97f8cd0cfee0a32ecef213a3da4a042ae14ae1085810085a075d552208ee28111fcbeaef31268df321135c0ffe0a25d4
dc3f632a4c0a47352011fc36e9cd20da0904df3e963c68d5370adac5b0638c32df2913e41f1e6bee0e3817e43f2d0810cc0119d8164bd3e2cf1db2d5f70133bc
d43201e13d11e6c0175fe6ddba43bc1cc9edd02bfc3bbe0ee5f497d9bb3dfe18095d0ea6c0eee003bf6831f4af91e924cdee11e949d1fb02b1a60ab1010b10b6
ddd33e1619195a1f212c3d37c81b3a47d208f962dcb002cbf4d3e4e821e92335408fa05d09dfb7a226c23e2edad204e7baef29c75aeb27eec7ff4047281959b1
3311f808e3f24acebf2c05d8cf0db36fecb810580af64efef72dd049f00a05f0df34f41a2f0c0417adef8fbd2993d3293452261008fde15010eefcfa1eeb0a70
19be18615efffc79e5ea19083ff7d40536d5fcfcb46c26a630bf3f04eee009223414f1dcf61c35b9ca30fde4b84c457aca4bcccb655144f645f605c00c1c2405
89642537cd1620e0165aedf3171c4416f3fc0151e0e226f5c7ac17271cffe5f4fbe4cea0eddb51d2de36ef160d34fd1bb92236dfb727c922a314f5543005ff3e
01e403bbe952c71b1154dfed27ecea05c1dd0a235722e1ee253d0ad61796d3ce15e81b3ad1e3c1bd27f411eef539d03dec29dec53fe4b1ee0be71ad352f80eb6
df0a065b47f16cbc064a01352c62e4e42a230a0fef47ce293b12e1a80af129b50bfdff0eee61b3eba31f0032d1574abddc189da09fa9418d541a1b29e4084008
cce815b137183bef3a1201ad3ddb23461df8acdb3b14fef7d123a8dfe9014de4c533316e12e82896f0e841f2211b0f4426d3cb9c9576eb2cfb083c3254dff727
2b112ef3df010c11f95b0ed61a062150bdcbd745cc00ebcf3294924b34b91fb445a892540ce80ef0bee9df3fe7e3204fe4a0c6daf2d1240d0cea11a5f7ece318
f8281ac5dcd71ae92d41dfcbf4231378045daf0900f7beece9fc94c0062de60ef586200a4fec0af9fc26bbe83b390f284065a643d0fe6617b1e1ecac2be5e148
0307d81dce40f7d3b1172ee3abfe03e7dbab0b4ae1182c0521b9e9f4742fed02f2b11432b854a62524a93ed4d4f80eaddbfd4ec2042adc105edff0de02108d10
19079c049abeed27bcc3d5fe0a6ff857d1d5148a2bcc1dc761ddd2eb5414b6c23b52e55eade06e011913222371f10bea27e2e8efdae197bb325b07d920f54928
fcd314fd31d0d7df38ef39eed7c8ba9b35bd2b0309c80fdc0cfbbdfcdcc32bffd71f46675b1ac62d5552df56b1edb050d0c92430b52b06f11e4253cb5f4cd211
efd7cc5dd51740fa2ce6d80b23245d0a3a023ce7dc6ebc2107b334bcbed406d72cd91509ecf3150f947a5b9bb73960fa71d1d71d55cff4f1e3edfdb8554735c1
9509d841b94b2ccdc1ee54edc20ae14614a3d8ff3bb1ec1ce99ea2efd9c8a539ff4b45cd4037071beb4e01c00df701d2c7012506deeedd08be09f9f0f1ffb123
e5c4c46529d0d6d3c5f565a537ffce051402f310def9dd27581fd61dfba1ac2bbd0af0c7e60523f3fe0fcf26111d32dce423cfc9ae11fcd99a0b3d072010924b
11c4f759ef6041f4ce9334d3fcfa4c0a0c29a2f4e5c4caf71a9c1e5d1322e204d191f2020cc6375d311dec1248435d1422080622b5023b282046f2e9e0cb57b1
dac6011d97b5e3ba4ed121c3f5203c0fe2d2464bd712e94f69de06c2f707222abaa8cfee10c916f1e2ca3ebe58dd1be8f9624066130e41cffc1327e42806ed2f
89fac5ef96e215e5c2282c18f0495bef1c4a152ee249d044d807f5c0fb27cb21231bf3225bfbaceeb45a12c31bd4f2da9913d659ce2b123fcf99382d94f80fca
b1317306291afee2f96f68cb2622fbe8f815dee5f4b4e68a3fd026d30ff921ea6db5e40c1124191310efe108d7cb5a0e98ab471cc41bc9f407423feea62f6907
ab33fe1aef27cce984110b0ca63a4eaa4dcfe777ba88502006faff0c4dba25a7a417cc2c2d365b97dd770df7106727d39dcd20b5266c0610ebdee7bce995e86f
2416e4fde808f1cfd73e67cb6e99fe04f7a7f2631ab05420fb008edbd8bfcc1cf1fcb95c013827efe8fd29e3bdec3737d8dbe4014dec20fcb0ca090edce8dac0
06cc19cef8ff3b8dd56393730d1db2141215d802fddbe6419fb211f1ff1cff12cb9d149baac5dddeaf0ee9cc35f4f9b93dde0c293df5e3f8afcaa3c9baff234b
29d03228d2d30cd3d425f2f2b51ee428ebb7df1505013701123b7dc15beef3cce5ffdd8cb50094d0e416d8dd02a7e3ce62dc16e9a7b3c5e913e027f9ff03f707
61d91347d632e934e761fcf239d41e4b33999ea4cefb5bae46c0afe41fd03eaef506beeb11aea6f5a0fcf1f6a7a11523f2e844480a2a07dfd90bcf5b1405ef25
c8145a0205bb0cdef8f3a41d3b57112dfad333ec0ff7f73dff32ecd70ab208b64e0ce1f9f8dfd64dc208e836df9c856517414411133528a001acf8ceef033b54
17a935fad3f626e0a01737ddfd5358ded427b16b1dc24233da02214db1b21f08d387d7dab005bce83628fb551229ca013ff0652f76a7d13206ef5f02fae71d0d
bc5d130331f322acffc12c74e42c0a092dd43b38d720e412fadd052317f73023ffe5bfe1cb220f2e137186cb1fbefb3511eb42de2ac8fb1909fafab53e5b05fa
363ef78b63a7ca46203fb4c2c7ca25485322c9c5440408d2873992cdc6ed12e516cafef1f09622d4b135061021053d3163ccbb1b17c1df0e080801a7061629bb
dafa49b2c920d51b272ee53f1313d7089e34f5d0e91301011311fbe9d3e3eb65004cd215b96dfb3dba26eb27408b0bf9064d25cdde7326e33beb4f22e7d70e0e
58412d5cfa042b4942b7bbaffbea16e5490815185c33c8ed2929f5f40d952d3fd3c0e79707f95432de5827dadeb1c629be1c48ed3fcb16e830f5dd4ddeca9cb2
0fc1a516fbc510a550dab02635120418d8d9da010ffa5ce525d3ec16bc00f6193bd48927f01fd2e7f83df7ccad4c68ebd6e3cbc0e4dcc5a1db651dd1fbb066ce
ca2b4b4e3a993deb1ca234bf34203ee0fb09df3610bf1433d5f1bb480cdc09b251ecad10f01e0ff042c30717add1a8395b2be3b71208e6e6f33bec2376c217e7
1e3239a413929eb31e0e320e26dd72e93742a7a68bd9fa6809191529e8163cfdcf171ecb4f0adb030c8d464c08a701160920dbf6e600f8f839e1cadf181df7ef
b7eb0bf2dbacd41144320cfbd2c4d0e9017b209b3c08c9f5fed5b8b70d3f3f4922f0d3cc03fac8ea0407150736d905440a0542dadb0b42d1379700129420e242
616230f7add61706713219fcdd021369c169f9f9fcde05fcd5dae0b04018e1d955cee55cce67efdeabb206bed71dda0bc95cf23b34ff249519cb223f5be724bf
23015253f23842063034f828cfa51c2ff3fee645c1122de4fecdc0fcc3ecc9f3a1cb341dfd31f404c8242d6ab9f8f00c361ce7ab13a2ece2f5135fff0eb32293
d6aefc0648e4f5c6df29425dfcf9f03426c0e9c50bb343e979c21132c2ea04ff4827c422adb6a817f6cf28ab87ece79e0e32c057a1141e0140da06d9caae6c5a
db0f1fb8ef54e4dc0f3e1029e72cf59613e82bfbc8092de6e5bfbd29bc0bdc549dc3210e3bcb36f7bc0cb7b357ef4f35c23724283e2a0c5f33ba310e42fefbf8
893f1edd29b215db6a0d03ece9091bca0f0938ed0ff32eb41cc91827d431f67316f6d6a2303af8d8ee5104f4384e95e2f20fe30239178c2040fd43e9f52fc8c1
1f0fbcdcd8430ebefa0162d213efebc41e2e122305ee43b2ddf9b5efa10afdede2d2c098fd0afb0156c7e9521ae1e79ee59de94b31b72f1dfaeef9eff8243003
a1abc4d10f29fc22bcff01ba0eabdd0c1bfb4c6ee11dd972f1f1c99d23de39f8f82f090d124416609b43dcc2de0de520d52b012a34382d97e572d322e9ee61e5
16e5003efc9cfd1c36fb26b432222405ca400ec91932ee52f7f927f863395ded4309e76bfaec0b2de22030a60f38ca96f7090de79507abf6f10832d6fdddec2f
e11a21e60a0df855ed1ef5fc17f6bec722d5e5d31b071d88e624aae9585e07f8fc79f9032c1a5bdfeafefabb19d9df0c02352f54ff1c29c29afead4b525944d4
64ff0b1f1fe9f820083dc51af26f2aea11190de8364902a2cd02e439cbedaa13701a8a3b9b201d013e153e59fe712227b4fdbae0d215241b286115be33d51829
f72e0d201f2b71ef122fdd554e1fe8b313e8ae343ffc38146bce3b2aeed4e7390eabafc06068161faffcd6432feb272d63bd1b3459f7de22e4fde7bb2beef708
f0b7d9473efcbface4bbd7db028be33b2024e4e6a80ff31a0917dd7c1dad10d005a4161316f412474e23fc402e5a0c5db2d7eb14252904fb186013f5b49bd2d2
b8193ef014aca3cef20e1fc7b849fd054fbdb1cccb0fa322bdf36aa90dce4d28ef63d1b2f9b96407dd683be6d81448dcc264e7063d66e1c8e03fe4cee3e3661f
2c09833f2dbc161299ff12e8d52b10eae4eed893ce290e9bf73ad8e6c149ee20131be5c50ad65adee450135235310c26cb064f50fcd01ed60dedeb3501fbdeb6
c5cde909453f3cc3bcaa064ee143b3a645e7cd012d0836c906eced26d1ddcdbce8052dc1294002ef325211bffffce7bc3b38ded9a83ffd20652836cdca3b48b3
de111d483a133151f148554a42c8e7d4b5bc04b4459704fc3d341a55b203df4371cce7e8621503ee0cd5e8cdfba7fa26250061ea0eaabffcd7cf98babf711a14
05cfe00bb31d15d1da1c3a2a4718b00b1c6c32a79ebde902ec2034acd5e0090511c9fc16212918fff60ebcd9088b0cf30f14104a52e2da10d62ce898bc19b9b4
e5ec03220fd940f63b2a2c03acc59039e173f805f1ad09d837f7262d09e8f3c039ffe9df2027beb50006cc1d5561272012fb609fa6d5f6b0dbf66bf6e82dd1e2
2e68e843f84819239b1635f12710a2de3dbe0b4f6dc0041eba3209fce5d2a44e11b70cbf1109221739b5c41638b8ffb6cacdeacd5cf651b9331104fae9acf320
d0185bdbe7f89601d03a30dfe75bdb6fa3e3e7079ffdf4f298f93e2ef91317fe74e126a123fa0940fc2ace06b1f720ecc42ff0ff5e3f85216ffd18216bfefd0d
591ed9a1fecbe898ffbcf8390bcd5305cabc9a29d9062929cfa85ef2dfdbd0904b48f5cbe801e1ba221c8fcafda252d901f19bea660f1520e066c5492a2bfc40
4828a61a110513db274dd5ba02f7f5f7e602fa00e86e29d53bd9e05e9a01e7c650e7dd604f9852d7ef5c3ff12218edb502d8da0e071622db03b88c010d4ab7ef
3561110830ab1cfe2b1a3e14a6fbcaef13a0df55e6fa154633bf135140de5235150c51583c13d3ebb2054b2e3dcb29ce06ccf40611401722f940ecc73a1d0c2c
62ad19b71dc8acc94adac7bc660a3251e9229c42f83594f1ab0110d2e8c1dd2a509604e545fbc5412bbff21e514615df1e31fb2d1a315d6620caf940b341eb21
90fb08d1dc095e18cf489f57d0ff08d935ebca1f3b0300d0fda7dccf13a7563fd8554fd9ff3424f3f24b06ccd00749e8eae81815f7431ce8b90ff30814e6e81f
10ea3626471335fc283347fc733ac84720c62a3ec1dc6104ff2ebe23d11809f4dbf03b4e13e44902effa85181a420bf70fbb505bd25313c677301512f6b84320
090b0d06271be61140e91219e05b9bd134df0a3cefd1fa25db08d631b8d6e6f169ded7cd489afb2202edeefbff0146f1b4e323f8c2a507f7b1ecfa9f505500f7
190aadcb1af3c2eecde89cda67447a07ec3c463ad229290ecb58550eea41d3b958122ae7782ef856ea52f91e25fed8cbacf64cc66075ca09fa73bc534b01f2bd
01d81fdb42ef01e8ca5834cca2d968400e6d02f900bbc6fedf44cc2263bd4a224deb0b463febf1f542fec4273aec2cefeae2b728aad7040fda2101a6d6e5662c
f5a70e2c2bf63557e1d1c647cc083d4a1ce2d2680af6c43223200608b0bedd022aedfaf0ea3b474d0c6bdc2c14e91bffdae4ef011546feb845e4b856d7fbe8f2
17b3efe1a2c0b1fbd735ddcab011f6ddc52463f61b091cfbde260acfeba80dd6a4bfbf2027ec4433430ec611a2404cd996e8f34bb511e5bafc1e2a2965cb98ec
433fd6bd55ffdcd5a1b9b802e5f9e92e2934b0f6df495706d39a1afc08e0f849c231c4f1ccf1173f4e021501bbe4d2bdacf70425eec706b045b5d23f1872cc0a
e409490b0a1b1d1835f1dbcc37e73cf763f1fc0df031d79ddb22bafef1d93c0d131813b2e503141b1d977039263a2b04f6cbc0fa56ed270be416cdfa66df3fd6
329b0f1af4e60ce8289b38fd3ef71ed00af9c6df5eefd22429fa4dbe3ec6e18e5da5fc1ae41194b775dce5dd2b362b2fead8f3721c8e0f0ee90b28021cc0ea3b
2df5a42c15282ae8cbea02ea0eebeb5b05b1f3ccdfd646ec72c939d6ead4f9ef49fa03ddb9c438f5ecce0a16ee00c433f7ccc3d70f7541201ff5495e252e0bed
e65345e6d21b23015daa23ead0dede0c43e5015cf79eebce0b50611dd7e09f1bb2f0ec55f8e4babec4b7154a05152f27b7bbddfad2d03cb6defa00242813f341
8f0b12ed1bca08bcc40a3eface1efdd23fe8fe4022cbef3740eb1541f4dd6f04b62d7235bba719a75e26d8295b213ddc22e0e0f66b3a20edfbb6440b042e0207
0e49aff9fb29c308e020fbf2dc34f202da0c690d4c000c0ffcfc3a20ebe45daee544ffe9ed130821db12ef1badf40edce866c4a6f7fb0f5c23d9150625c5deae
e1c22b12dafe36fd304fd7330cfb6c203626b73410603148e4a112bed0fe2dcdb019aaedc60321892936ce9b07eb15f702cbda3ac1eb39463b03c6f12ea443cf
a9b2f704222fba0fe9640f10f641f9fe09123ff83d5d0c4137c20edc1b5dda28a739efdc1bf704a82de0d9eb18032e2f17f1ddecc002e92cb62fe9e24bd60e46
6900c0fe203aa21d2beee12c0f0b0331bcd40890e2d8f4d2d316ed3439e5f8d8c31602d5d2b55cdd0afdfab52a5727382dddce46e0e8511a03326fced2fbfd00
13bebccd08ef2cbf214be5f7eae9cf4d8bde01e0a9fafb0be2470b61e621f69c274251cb2d97b7646c1c38fec40a02f447d9d9d74407ffe7cd31310739b0f2ba
17dfb3f29dc91d0da1c8eb053696aaf51921c61d371ad71edb144818e13b2bf720f3760516d7eba9a7cd2dbe1c5eb7e70f08ff3eeb0ece1fa91d10d91313bd38
2617dcb72afe2d13f71aabbf01dbd906ab07fbf28d19182eef4b15b9b92e45f8d9356356d2a1148ce9b41ae1feef167804fc330b2cc227069cd71d0b15300c69
36d8a225c64af81540a20ee1cfbf9c9bd251f625e9e1da9464d9b21510edf03228fc61e8cb555741f24d11fcdbc5850a26c3f1ac0708be0f602a0edd46d5f4ae
3207680a133d315cfe3c4602bad7320baa9f1935ebec9213f31edd37e0a6013ba7eef960265216ab2c19e7f687d71dda29d93aebaf0e0b91db22251c01011b48
1735126afaee1119485212298f0308d10ce05ea5d59fa7e7182c6aed0e19fa14d5db19202ecafdd650d71d46360ffc270dbfbf1d79f8d40cbff262fbd3c94730
a6f5156d0252d15ce357cc1e07b037a938d022f8e50b2110d8faf5f26e0ae0cd0563c6ceae61aede5502cdf0e2064444970fe2f3140b594909f5f02ef5ce21f2
45493bf933a51328025b6112ab2720fdb4c8194620ed720e295c873abc1118f4cfdcc0b815ed2b289cc5bfd60942ce2326b2fbe10470e759d867c296f01db0e7
08b0ccbda3ae2197fdcfb218d21140c0dee83a273836f0414368b7391914d7f2c8e1d356eefa120f30dfa64114b0211bf36053eb2fa41a3e63e23a17a841edcf
f222d43f0df5e6e51e1c11f11dffd1dc0f15ed4720440c3108392efad23e32f1295cb9fe1e498d6ced0b91f7970a38f3e3f1faccf2d240ea5a4206119748052a
f51a20ddaa4efec12918c11e4bbb2ac1592dbcb013030b5f33e44eedcef26d09381c0654d5a74031d51f0818e750fffacc4c150cf8ccf5cc18a7fe5530181019
e1faa00cddf059531113e6ab041242f5f02b2d26ac2d694af3e41b8ab521f668f3e55fef37030bc9d642ee43f1fa13f54ac4341fab5404cda4d423fbcef4bbc2
41e2e112ac3b9858cb353be7c2ca3fe9af06d3ec39ebb7675506e22bc0fa43f5b218ba3c07fd1b8ba0f493cafe06140819562ae9f42c0f4a34f7342138e9dbd4
eb11bec1301515c7f208b707dbc622d40114f70f3201e1b8f24ed2cd1c1f11d8ce3409ef57dc24a80a1de0c206e7ea1ac030f643da09db70f55ff413f72a1d1a
599da1f54ec2e2000ff312a9f55c4956efc11218e8eedef24fefb930ea48e8eba407f58510a19fcbe9fd9eaf11191861411927e353271b4462da2a1afbe914a9
426311c09b0bc033fe92c6453f26c1e0db31abc9c80e8fc61a9d3e14f81b0d054d3049b90d62e12ad3242519ce9bf106baa81bff20ac2bdf53a4f1c7f11f56f7
1ee9e07509d6f3c14ae9faf659d9fe07651146f86544cff7e01efee20106243802fb15f632e315fe052dec3ae912faf1e8f44d01fd36ff2a1a3b06515121563f
be0193cbab625e101b214673e1e7bdecee36f373efd9cda7cdae03efb7cb18daa1194ffd40e8caf4363759ddd6ee630c3c0403c5f647584854a606e4104cf9fb
7311b242d71b37c6ac2bf92b13a308021b05f6fe21272ad2f3fcdc0c1dd406fcdedc1c23ff29175c98294ae0e84ed387f1f1ceeaf80a0b9dc001cb4f263630ad
5b63ee05940752c506e8e2eaff02bbf9092723c8db3e1fa604c641dcebdf1d16283823af37c222a850d2ed9f4de531cb5b2a2008301cdcbe35d8ff13e21e0035
bc4c260105b0c30ed7b23456bfb7e229195fdff50911f6bcc41bf3b0c2040974f26ab8df9be9ec44fdc5ba67fbb7a74b202ffcdb02e000e30ddad110fde3f228
ca151cdedd1fad5dc5a8c1bd0510b258fc04ff154e1047d9e1d0c43daa134be4f3ec04f50a2de4c96505eae65de85e0e2c110aefd2e4ed230df3151a22682a06
e2f8d8031bffea4f14e54bf9e9f8c41314f75c9bf12e95ffe4a042bf3507dc25dddd07122f2cd38f0b3a3f0b47e474fc41f143ae0afa03cef879f13c27cde5fa
f8b0480ec79ed8d5e8510fd344e636dbd02da0eb39024653b341e5e804f0bce39ffbd0b9f0d5b416be0afb39f822270238c4ce7105e0bfe7cf44c2f56252d1a3
25b6f4a2e33e2be733403dadfd6ed296a6d2e0fd1d301be9132f0c2d582b66503712c6180b2219b2ed18ee3da3fab511f1f2c2f71da12762eae523bffdb720af
55ff0e3ce7c6d331fe991821330cebdb4bb6b10d08e7b40811f4bb1cb2f0dbf151b2d3db1fd29c5c26b614de03ff424d1001b71d2d7ac821b948b5e0ebb8f6b8
f1fad528daf62ae50ef9cf5fd95cf70fecd5fe2e46ffe004de9dddf94fd525fd1a31c01f092016a95d36d6f3c7030c1ebac40b1c5230cd6d1fd30ae151c2f739
ec0416bf10ef9d262bbe16bc23023042385ee4fb035e7024f3c20630bdd9b7f6c9ed0514c74b04e72a1ef8501dc62f4c0d21de0a083faef3cdd8ba5568f8faf0
dae721f6dc1c034d15e315e2f3bad42d7f32e9bf185b364269191520dac1b09e0deb1950b10336d33aa5fcf92b1dbd251a3ab2261f33def6c4defb062cfd7e37
e14003c32c69f7e808f54ad7110b105422bd2fb1d6b06bf65d5903e104f9453614b518d007f333e63b27fc1ada06df12bc551c0ed1e1d7f315ebfa25ff11fb34
29c5d9f52d0f56d40d08d1e6fcc1eb3e9351a352a6da42c74551fdeafb1929f968038ac0ec20a9feaff630eaf3b1fe05061c6af4a92033b249a0a752f138b9b7
990dfcb8dcc16bf4d6d452eee2f00927f80ddee7fbcbd2d0ffd61f323a1432192806f80cec78f4a7fc470c2f295366f7a107bf69f20becd5cbe833c12bd44025
23d3e3c4b815a823ffbed5d90fa10eb31e0717d73f125442d60929da32159b3c36c135066afd07b6d91ac9f316cce0b0e10a170e06e8faef010b90f31bb6d21f
b424545af356171a042bc1281b980415130b214899e203d6531507f20219a5b0f30d475008e6f41b59b7fc1526f6d2379419180812ba35b5e70d03baf628b7fe
4a22f89dd252dcf078ea171ff2bae9f4e9d718b7204bfb9d4a0ae8b75c0d07c61560110b43fe2aa2a84ce1e42f182ac44e5b0156312c0ba905b3f9b63ffc042a
fc30ebfb9d31f12605f812141817eb147d3710e863076360ff2930a995dbd9cd2701c1de3414fc07f5fedc5d7de32ddeef324cc50ed9d747dc01eb0ef9fd15d1
0a0e2b4dffe6cb169ef0ca973de2af5a250510e4ed2e61dc0c35db062b99fa2917b5cce91e5bc9123a4f13ed671703013a26f958fea6c53fc06542b7375cc8f0
cb49c9f314e5bfd9d9cf1011e2a504ca39c9d220080410fb7ff1a2d634acfa02e923f6fe1a050e14f1f1b92bebfc08e330e4d6ff03365718d7fa435632a2ead0
1f2ced079b25c0ffc54601302b2ef22d0803d6f4ec58e913fa37180d3dff05eefce80eaeb5621377cd14dc623c641d0d46ca010ad0d0dcfe351ce2f5d1df0c06
0ee2f12e23dee36a2f6afdee251efe1b080acf045b12dd082c07dcd1b6f03f11362bf19c30dcdaf404c11524d6dfcb3e8991d74db4e2091c8cedf30adf5332b6
3af4e0badf0a012132a1aadbd4bcf0340654451b51d34bc7f834d9e00329d911ead06148d5290dc70bf705f153e90161c9217150ef05213318f8066fcc19cae6
e7924fa6185c0a4e0bbabd0b02aac8b93dc5f1172ef7cf063a053c32baec490a5aee10bf152dc301e6d093599a483d04b5e00ab4112763a827f39fbd35d516f9
f0483ef4403840d5da94dd2108bcc019e75d73cb26df1f3beafdba2d58a5682ca28a2bb2393b4bbf0103f7122e17f422d7fe3013dc8ed8d9e9d8a60ebfae1942
eafda304020606e13b28dd2fd8a4bad5fbcd4047e72705f6d63216ff5202d25232a8642fefce1a0d09cfbe511724b3fa065519dc22d60de4412127d827a3f7d7
dde2da07fcf8f2c7e100f92fef091c3f4ef20d32b1ebc43b3f57ff44d7f7f7d0e6fed4f069fbef33249492e73455d5d73b0b0723f82919e8595f2cefe8d925fd
a0e8a443b1251818fc421dc1bada0da6c1d6ee1538bdf301b90f1630f86fc00ae6cbd59f48fb3af3e0a6d5c435fe070a18a92a2fe21afa0ba048fee23002e667
bcf59f2026a8602c061baf15ac0328de52d4f72b300821b774c8af1db3ffe0c113bee60753d5ecface343d08064f47eeabeddfb7e999ab2a4b41cd11fc337214
2ac54efa05301e3e273b0134b7521c4acad3e81dfc100a660ed745bad0e9e3e5108b16d502cc87bcd2d52afb105cd5cee60867fe3a5fc3537cdb26455ef6db28
a7484e56f3c204223910cc583b10f3e611e210980f71d2f7ac312006adf21a4f442202d45142d6e7fcd2191911214add234ef2f0270b23a8cc1121a13728432b
ea36253dd322e12dfe481afce57dedd94fe3e2b3d1fe1be3621d149a03fccc27f3d4764a4315d0fed0d2c4fb042a12173be2223a10e9c55049c51631fda1faf7
24c98b910114ed5408c91146f05e0e94dbc82dd523f11e10011a2627fd4c102f31c4092166d708de64fdfe1ef8f50914132d1ed584604b0a6533c7162fa2f33f
17b6ca46d0e3e003d591b63b342b30043a4fabee1efc4b4317cc203240aef944b6e10931681a3c2bd3ed183307d50885211ad5e5d4e31a18dec5d22f0338fc26
e9092637442fe9bb07d21d1a1dc04e0c0cc527e1e0ee24ad155331512ec1d123f5110de5031e1541fccdf24a13f21f2e6745e5d7f3cdbfc8fa06471d25cfcb05
b4f72651f9ebe50cdfb4d0fafa1cdc1aeb0cbe14d4622adcb6f12050994ff9ecb5f1f9edea020426cffc55fb3a5fff14b31d06e3ee19f74f01463e55a0de59b9
5c3ae15d31491ed1112b0113b79a9a61de55ca0dfa18ace21b08002da6e3cb2cfa190ce51d00fe723900f3f126c1efe4e3dbac0d0437ee3cf50951151f4d8637
430bf81feb06e8cef92f4c65f0b922d50ca1c624dad01510fd08d11c1f19ecceedf9cad71219410e1fd50ae435e3defd00bcc93afa7345fccd2a249ef1f2c2b7
0ce30ef5d543380c6df51314441b232ea9f82d5d3e01e429b54011061c0fda1e5928454ed5220d2b1ae3fd109e2ce9af1a46fb51fbe2fd0d1fb8c9e32832d2fc
0ffd91bb114f8f09e8150f3f071a6a55c436234d0f01cf2fda2c9215d341e1f20825edf8cde9152a050dd31469a9eeed1ccd8f52e213011eb33256ff12ef6d3d
303ea610b7d7cbf5c6befb31170b58cf4125120433b50f5313c7b40e2cdbb0deb7c51190dc0f64e8a8f35a54ce03279bc21bdedebbb4e5f02502fcdfde14c225
2279124a46e9e835b2f3d40203e7e5a672540c27b362fba9bbdbfbd5d9f2e3b1092e152ed6ff37ea0db0dade381d09ed5ad9e3c2cf13e63dec0d92dde6e822ad
bf3acfc0e658121d623be3c302f5c890d3d728cf37c2d138b9d64ea9ab4bbee11fd00f35d011f45fd8592ac24f013ee2fc26b5dfaa15cb2e160b02fea5eb6d3f
f3eb28902be93856c304a14d23fb1605031faf50f724bca3051dd50fecf5101a11e5b8d0b66801fdb932501ad2f00fbd10e00fc1861f00a265df0cf7dc711970
1e0308f4b2b1220718b93432fd4aa9f9ecc5488e99cd5e0702d8b905dff7095300e6eae2aae90d083e170c0cab7b45ddf0fbb736d72de10d35fe0bf849ab5e8e
0705ca0a3af11d26a0f4d6c0cbe3d3580cc8c9dec6181ec49b27dc9f05c31a5423d9e53fe455d82a4ab6e5270169e638e601cd0ee5ddf1bf742f251ab705fb69
98a9cd144e0faabcd0e115c2d7c415abeb29aaf85596f613d93454f438c23f0c2dc2521366f91c0bf8e4dabfcde6fe48cb43c93f404e5579d011f6f02cc6f60e
f521e7044a6c1a4eebe8d2a71dd8501657340eeee1ac1f36c7d946aaf2ffee10e1af1a2c387b04ffe9d0bd091c22e727ac13c82626650cf543c95ccb0905dbd8
a9ea05d6fc4cec00b14651cac2070d1235fb041bfea14ae1182605db032a45fa13c22c1ee1de02cc3eecb80e103644e0e302bc10fee6f70305301109fc3bf156
199cfbb6ea5145dc15d6c409fc1b42e90aa3fadf4966bef82ad62a0597a3950a922e0b0ee87116f81a25d748294e9b4de123b36555053521ee123cfdbe33b9bd
dd0de52bcc6e30e3d8065471b6db29340bfa1618d1c4201dc6d95fc8fbd2fc56e71ad929f6c517e160db0b0c35d7d0279b649d054957c2c239c15ca9cafb2ccc
2242d5e7addff5de5c1e091fad5bbe2cac00eb1115ed32a7db10250716fadb610e28b81b08fff567f427acfe932001e525b0142ac4f5920756f54b13bd5c03ff
3d29bdff269311c45ac9e949c413783154f410de09fdb2f6236a1ddcc13a440abd080251b8041bc92ba81d31ce2ff820f84ff5b6f4781431021efbf6f0bc2d53
c208afa12a18e7cb18c65cca12101af0041712ddf2d117f71710c5e688dc01d7dbfb066af1f81d9b1bf94a1ce71d0dae22befcf4fe240902be9e36faeb50c82c
f0bda6ea229b45daef5b2d9c0be00e0d69e61cdce4e0bf4cebbbdeaca5c6d21edcb4b617c54aaac5b7d43164ff9403f9b1b4fbec04cfd7132b30f48bddc2db10
d5d42d0a25fb62b64cb614cbd72a42f1a110483434bc26d2ec33fa12ffd5cbcc0f649117bca9fd1320a1aa5d3cf1373430a5e94d260b930240365cb230f521ec
1115d1f6f83afd69264fe5e4345727bc6b27e0ce1d02ec1496eae11419f516dcc25415d10ed309b2d8d7201727e4bc2c62ff1e092815001e1ea9faca02dded1f
7914d2e441527301ea402ce8e7dfc2d75ffc3d07b3e59be5bfd616030be7f6e52bfd680bffce09eeea0c24ad200d2fa34ef7c3fe980f116692abf7fefc8b0915
d5fd1ef6052b200923ece30d92f3f33212b7d62746a11966e20068b1fde20518d617b54a33f506d03ecae109c132fb232ed84a15f5100eef040ec2c6e2d8f5e1
f1fa2fb75c20bbcb4415d5631a0c4912145026e9e6fe1b50e8f83cf75c631210543dfc146618cfc6c4330d05d120283bf32508240c53021e5be51e1ee365c5c1
1fdfad97e81f0ff1f6f840f9f3642037b0193ef1f8f8fae0df583d0926d8593c20afe5d71d5917e1d210fdd189d9c3482615ecfdd19fef4cdae746ba0aaf0738
92bc9fd51227eddcf5cbdd3ee31eef3036dce87f2291f934defdf818f2ea1a3f0d1d27cc2a11b318a70c2cff17042a5d2d1d065ebce697f9e4122f5e0a03eb17
f02630e70535d11c4bbc72c5fd23ebf4f1e66029b41200bf65f71d2da292ede713bfda230e114aa6e0d15628ae210318faec33c115b9dc181d03cdd908cc12b1
c2fbdc63059dc2f63013ffe930dae6d26112570a07245dfbe3bed4470c12d4092536d3b30205f2626d056d1b4bcfcb74c81413c1d9efa116ee2db93cd639466f
d55ab46f2058af11e0015549f51dea09cfb5cce0fbe6b131be1896fa26ef3c3913fad6c9f5c1464bfb73fcdc3f12060bd605bd5202f2c55bc8e6dbab04f8a22d
f7c5f10e23184c2dcae835f8b63b0adc0d39d2f3ee39c5349cd73838caad0908a2fdd0e60bf0c81a0becc32bdc1c0af9c9121802c22a0261f6f6bb1a40b4e739
3fbe027449b2e001f4070e084633b3aef23419a904471d191e22f85e02f0df1532cbb8d1fe640c568ddcf9021b011aee54e1942f19aced0534ed2e3f3be00b1a
fb980708cd6021202d18c7b60260b0962a1ce402d6c501f3a5150d40d919cabe41fcde71edf91abcdebe48cb03a01dcdd30ff2c822bacf10bc054c070f53cae5
b5f040ef6f4ce61f33e60711d31d97d1f406fee407f3e741d741f1c01b03c5c91016413f3743c72acbd723fb62b1ed3b3e2a54a9f5d8f7cdf743a503f1e9c91b
ba0198022f2df0ebfffd33ccc8bf3ba9054457c303ed0cc3d166bbe143200c16d927f8cce3c801602f640d16241cfcfbf9cc314e074f1ef9ad31dfe4203b1730
9a11e497ddd603e7fae3fb34a4c1a8f120f03207079d20b1fdec07b5522af6cbefffd0021227e3d70bb50525f90e4f3fa2f4b64e0c09fb0fdee2ddf049555dfc
41f5002bf218072f43f3fec13c97d836b23a0e01f212ee2159b9365bff4d2600d40e1e49ead3e2ded8e15329321e08f24c46d0dd5ac04de3af04b4dd02350e1d
ed1de9d3e689c6b15d404c4c0a3eb3d4abf5d01da21d3e35b6182aa652113bc9eb1f8b3460f5fdb41727f2fbc5285206e90e260fb5c6482dfb0be3defe010e14
08dcfdf2dd2377daed12bbcbe2e79831e10f1e20e1fffff0c89f4978ee90bd34d2f50b15fbdfacdf400010d5dcc740b62e04a90be6f65f19063de4d713ce2e61
46b9e1d700a8442148e835d6e1f2b51bfb4cc03716c6cfb3ecc330f5f14c1e68d6bdf9ba652060cce91f004ac3c0f1fbdb010152303ccfc2e433fedfb3fef7c1
e4063e65c1450aecc1af37129075f915f5571d9e331503f30b352a0e27b9d2d615edd51dec3350dfc802bb37104ecdfbed25e71cdce908a341ad12d11a2ee72e
f3fe08e6340f48e92c18ebbe1f42bd7825201ea925ee3fe74819172904feb8d70c134cd5fe369414dfe4e61b330910054d1dca9e15f71c0a0928fb03a4f0058f
e3c2ee18138afd45c348fbfcc8ffb2facfd029dd20ab31cdec01012129d704cef438f2e72fdba5301a01e10dff98540fa9b6c5323c2426c8c0dad03024f24629
1eab1bb74fef4718d4aec411caeee4daa0f90553f1b6eb14a1d518c5f55759cd1a4cffcb072fc2eb9af014bfe8b22ad4f5b74de9b51f3abfec032e2eee659877
c619042a0238fafeea675203f3c7150d0ab7f6de18df28e6320d2772d12613e89e09d4f154e041f439fadb0139b301d646641dcfc7fa0e530ee26263bddb0cc5
9f231ae0362a04b32b05dce1cdfbb4dfa2c3b1e21f3024fd43f6d31e9bca2134f8e23a4b1a0325a714510cdc0efe1ed4e7ee252c46ddfbefe6e7529ddedef0d5
b35816690719365e25dbf9f34143d1f74204dfc7fe0055114a344f1db912d40f373d1f6103f8ee3bea0ee638f336dbf7e9121c5e2442ab59ae1fe330ddbed146
290e23aa0820ce14b4bae3c61a13ed5afe25b71112bf8b453ad0b004afe3e1b8cdedede5243fd0db098a542ce718110a1e271754f5bdfee6aa0a1022c030fcf6
08d0e7f0d8db9f3594552093ffec12cfe8cf20dc314210b0e963fcd4fa070e13df58eaa712189cd0275d9ef9c7f83927243808a10062f129c1f12e31fe42f16f
aee35019c3f24ac82ed75c30119661523033aa2ffe3cf0de03e4da0afffa2dfaccc842f4ce511d02f6fbbdc3992b434b06b5a1342701aba850462fedbafad5f2
af15f959deb9e0532514a9ef150ec9efdc543e020743d13a09b425c01222bfdfd4d4ebe4484e4be6551e977057f8fc6be674fe4233615affffc3582ed2553204
4e8629fe02eb0e21ddc4b94c4ed80a0314f46a0dd4a09256ed2553ea31b3f609eb262806decd55e73024d207dca946b228f25b4b0fc23f5945e41beec405381a
dbd561ebddea1c41ef2deebbbcfd0dfdd3f15004c7232e0757c554654e38282252c1c8c9f7209f2665c9eb15fc4790103601f746f937a7f5f543165beff7fee9
37f0074d0f05b814c6a5bdfb452a17f5bacbd8e9ed19a122e3b2e021bfe1ccce11bfeb589ae10ec6f444d714edf2b1dee6d3bf35e1f519cc36f8e33ffacada11
f71bc1482462c9cff7f2050ff9fcdb2ba0213bdfb5c70a26c1efd31aef2fd6b2e5fda508bd09ccef344207d327f8071d04bd59de39e20825cdf7ca57af67faf8
e107b4ffec403ed1b654ce20cbd4445c322221f1fda90e93d407e1b4fa2891e80b07e3c804b340fcbb0274c8036341c416ba030aefed3a16fd070d6c4723d855
f8228ef711e5e12d34c21c28312b9f0d3a1d2d1dbaf938bb14d82430cfe8a7d90c3f383420cc2253f22359111716f8fd5926e4eef23aec0dd12610cbd2bc2f15
1722bcc802a94a3b020a376908d43af9d6e1edc5092bfd0df557e901c8a2396211d42cadbbf52e4839cd1ac11d14050d92bf0fd006d6c0bf66014745e9076a05
05ee0ccbf6030e17095df90412ec281f3fd413f0070913fdd9fe16e8eb70fb01e6dead0ef0aa0db31515c9fc210c0f291404fc3fbb4161e4a7e649d616f2173c
1f2ad3ff219450d750b9c542131df5c766bb7a42c4a412f1af02020cc23b3c113d33c22007d125fd4b242f4dba8c6c3001aee70e1dc263caa1bb23d807bf0129
f7fcd1fbb05aeb37e25cf0e6140751e1993c0e4ff0ce0fa70cf62c3766eeeae6e7fe8c0bd73a1dee27e91ddde45de31c1ca2ec2831146151a6f5d143ecd90fdd
bea36c12e80ad00b1f272d21283e97fa73e4dd25da8fd6d5d82bebb8216aefe0144c3fdddae730ed564701583daa1b2801d2a8f4e50615d81edb1f0d07063adc
d6d55e2d07d59448614cfff0221a22b3dffa2bc2bd4d0723def90c0b2a103c16f9d9be1103c80221f1142821346876b1d5c2b6125cdee0100204edc8cf0b0ad1
08e5f32f3e2647fbeba9d93eb60bcc2502e8e71ccce2502e3321bec6e601e2eeb6b604ae9d01dc60d2d7c80813f8d4251d332cf82f55a49b4bfd9ed4f820da0a
eda93ebf1cc90ce3fcc1eecdbfe9281427f549fdeacbf7cfda049be9befddd01d4d33e5c29ecaeb1e6faf733e2d0c96de33eae39ea1beb9c11f3d5982418d0bd
e307ba3ac5fb28b53253931b06ed2df9ceff69c4d1e939b1d5da01bad2f6c3031204294346dad24c30b80140c9fc4303bf6b60d1e9079fc41663cee7e3f0bcd6
e706d02dd8eda8afb335fbe3a71f50f0e130aae5ca404c214a070b141ced05a02e44bd1338d8f4f42dff3f5cc9ea19ab20232ebaafc6f2ee080c94ce43fd4172
1129ebcfe3f0e52608471b46fbe66b382197f594d9d53899cbfa5207dff030d5de25add00dabc6090ce6121945cc32e6dc08cfe3490834ee1512de0e94e025de
b7bd34c958234957d0050363df251e0d1614f70bdf6120183cfc05fd0d28d4f01c3bec1df719fa3106e6e5a454d411260b3850ba20be21891e0ee7ecc5d1e96f
d070ecef4e26fe090ff62518e3e5ab552fbdc5b4e9e5251fce51552e4323fcab0bf7b9e823f2f2bb21ff0f09144629c322c6d7dc9955200d14290e024f0a13d6
0be5552c2ceed7f28ab154b80cf95ed7e665f136fed7f52d0253cedd010842b9d8dfbcfcb10a2a13ed9710eebb3e2250e309b422222ab7df45aa0cd81a9794e9
133c0528f69bd70e6f07a035b7439b35cd8c128bcac2d64693e2f0043842d124fbfc481028f1da08ef1b3a6e3f9e0abbfb2650e813dd143dfe0d25ded8fe1ef3
f81dd4c6fd3b6727bd5a46e5e9bad4ff3a211bd9a162d4e9f7dafc98281735be7120d13402fe3db8af273d10c6d3b4f1e0caf400ef491b18e8d0bde613a327d8
d40760051611246b91c2541599e012dc1a31f7dd1c352a4a71d1cebbb5f23bd826cb1620d55f3bfd1beafa4b7620e6d5dc0534ccb375c5b3dad94129a2b5b62d
18bd05e4212dc22c01140e1947cb241be941bf090916a64731943237e01d9a212eee0dfe40ddd9a9992fd13ce743bca007f1440dfe101303c52f258c7bcb2008
f6f213fac5e137e4e41945fe02ed2ec612f0b92d9bf0b30922bbd5a559ee36b9f2a9c419baa024ed5524172fa9491e4020bf19a12e9bd9712df5ba36dfbef02c
00f21cd30c4014af175ada25f831f3060acdeed7aec9def134fd2efc0b8ce0b8452e0c2642f51405c0fbd133ba37d1e2ecd51fc7bc38c71a3ad4271e2d090f4a
53f2b034424ddb12271d181051ef13ff4fe1478d204bc10f3be617d703f20203fa18d1e3fcc5aed8070c3b65e7c1db3414e52f0cfb174cde17ec2734b10e2e55
b9ecf259fe89bcf33b9bde3fcee91c400dbfaeb733ee1098e5d6e5f42c6e3fc6a7d0fffdf82dd8391d76eae0a7d70f16f3c6d2f4e8a0cba1b62dd0ebe71bb0d6
c00d2142da28dc0a0eada3c0d4a41946243efbc6fbd11edd0774e1d515b5babee67077731a1a181a94ab06fde7b7fe3127b92ef34b3d5bbfe839e4011e014695
00efcbfeccf4e7d0d8a8f40d243ce53cfbfe49e837b9d949f1d362eae9eeff4653144902e8faf40dc727110412161ce610247b2b010d31c901b5ca52de8d3026
2106a25dc05ce4cace45d4272644c026fbd73d366e44e024600266d530ecbf4dfdd0360410149abffa5714d21817eadee9063b363f528bf7d921b6bc16ba31dd
44012d9239fc43c2eb66f3fe0d55a4bbf515d529a1b9fbe629f24cdf39e9f9bec8fbf0f1e31506a9b9e81aaa2021f924314edbe01c982a1eafa6d0170ee68daf
475045e8bce9b2d22bcc6233f135e2303eeed85fa7401b06e5e3e1cc6cf7b8eec8d63807e9ad1ed9086935c751d21a502d0cef4a15b9fcc40ff745e1d6a3edbf
fc19fed0fb3b18fbe71d1b0f5922fbf89e17f956f22aec0025e4e14308b2d50efb2445260345f9c650e20f3207cbbdf7f20b1cbd72023c43ee3ce8eafc18e305
14a1b1dba916db3de3edfd616fe42305e51526b6aadefe24f0d9fab4e464feff0e2237f0c431d43402bbe4e9d2312aebd8eae4e51faf0708f50b2dc3f40cf4e3
e40d110a3f5bc4fefed306015b420f3e12c996205444d332d3052cc402ab200073f90feb2842d9be1a0cf2dc1c1653c115863f0fb52101eb5904c91461b916d2
cfdb08d80e15e49bd50b51ce450405cc1b9fe8c8fccede14dab83eeaebc828dff94da9354f07dd24bbf4a8d330b7fad6d2dacaf85fbaf8f902f517eb13f8cb23
e11434f30f150ecfbf3671ced0ba0f3c28442ec11003f769a2e7e329355ea3ca153b16bdde5541eceac3a9e6268f0259fd541a1cee68d204c3dff1994ea69d1b
ef721e030a3201b92b32155f3447a30732ef18d8e9cb1cd907ecab12ea10ccb8e327c2fc45c1b6f7741a0bdebcf10a11321507fa9b48e111572c60e52c4ff7f4
e5fcb7a8f1d3e4c2d51e392d1d383c0ac9ec153eb9b2a8dee6d071d2f2e41d08d8d7f3161e5021f603b1f9c80d16d4779cc5d9e09ba1cb067d50b5f2e30406c7
8f310f33e9c3f8951efc71baff60ba1451a2c625b920cad0d8ee9f15f3f42118fc09fb139f106b3ff7e5d4af05031a01ee241619d823e40218ea11ffe0fcc6db
1fbad642122f3395a9feb95e052810d10db11ecbfc640cb857aeb40c11d107f5e7e2f324eb283db3eed7042322bd34bb1fc9ba1b28d7feffaeaac6c9a21056e1
0bc70be4be3519050ea738019b05031745e67ef5f63ae6f10ae8dcb2a50b60d8484fc0b7eacd0349c3c4fb3c48f8c6113df6e0e8f8ebf3bfe375d0435ff418d9
58e2d15874a000be17f40350dbd8dddff59c0d9f1dabd70bd2ed35ebda0abe9ed354e6f0539d6c10d3b74f3afade2b438ffc54fcb017ecd3fbf7cc00d853cdec
eadb9968430e1622ece88e3737e5300202ff1fe06306d9de1ef5a4f1f1b027281d3b0351182e0523cb0bfa40eac43f9e0ee6a2e128a9dbe1b834084d04a81ca4
bcce9cfaccf5dfd7fe1dead61c1211dbce1b033f0603a0dee128e01dce30d9e0291b42fcc0a614172431f2e10731ca1803fa6267d6dec91cf7e9fb2f8c3cf81a
15f626ffa49dcd3f840de7694715f1fcef433338c7112de00c780b5a041ee1a419ccd6daf60bdaf40c0bce0adf16fe17610ff7e2c94bcf2310eaa8e4db9b1cc7
115851ffefe7f6a8f4c93f141f31caa714d5184216d5d3c8f6f6c6ce261c0d204c5e11e31232b9cc4affa3e7f60a1745fa47bc3cd1a630ec460fb2e9be03c9ed
f258e418dba90dfe0e14c60f90edfedfa7b91241b603d1584d49eeb1a9d95c0cf1bae4ef1dfdc5f722f0380e041818cfa919f1dd4a346555d1174a2219e4f60f
e327d8febb5ae81dfe6ccdd00305c205580963de31f9f1c751a33211fbe8c51e0208fde8abede673f9f6ecc05d0cd3ef7517453b0ffe4df8f64d010ff71d61ad
aefbfce62019c3fffee914cd1ff7c46d321cc457e0d70117331495c6a002ea2cf1c4f98fb46a9e600df3cc1553f238df651db4d1ba591927ab37d3ea1c41fc31
180a3a0aa14625536b9cc30317ed2afec41702e40c38baca0818ff04e0c44210fee1e111abe4fd9dc095e24809d61a1be23df22beccafc73c4c206fe1f4aa909
e2bcf30221de04fc21ed1b4f0a0734f5e8fef52144b5d6963da99b600026046102d8941c22a935ca20b20098c92a96f4c05ec369fda3cf4c0a16dcf2f0ed1a5e
281b39eec3c4bffdf9a6daf3181e69e14092a1ea38d9d3232ac213c2963be4f0e70187dbf7b328fabe0fecf631c5e7f23827fdd708c029a921a7f6b8ed130513
4cafd4e4dff8d55d060de31418c1faee66e6f0cf10174c6c41283ea0ba080714fcaf3076cbac36f5eb64e44456fab25be10d2af5e4e3a8aee10a0366d7ca29d2
3c36012519eff70419e6f040c032c21c040527bbff0221cc3428cbebed34552cb4ab54462ae41519dd0bcb8c56b024f48e9a423d3bd519ffcbe1c32e394b36b2
31fb23f54b02339eed93dcdfe8fce32f6ad8271c03a35a319486e84d36fe02f0123de90509f71cd8aaf3d4e4edd3032dc631d8fb0811f30f13cd68c2d232e7ce
1dcbdbff40a8c42f03f03aaec6ed1252220f0248f30d0d1df4050ce3e6defa341adafadb150714bb6118d958dd67ba0e16e601161900f0c1ecb6210d1ad446c1
f3e1c73331f8d9339cdb1f205011facc08c199cc3ef2165ad745ddd3cfd3d34eeefec4a49c54f8212611debe1016ea211d07532517facafee4c00efbb9a3f807
e030d75101f6011ff55dec55b4b52f0e18454f020bd0bfd9fecd51a8221a29d9ff0e19d50bec7301281526e3fed0ac330851d9de58c51b2607f6c032cf3a08f9
03e3d1a60daf18d53134c2a6a4b50812145013f3d0c2fb102bc131f722ef121d0b182450f2e755bec40dd899e040f308f851d9e3d42bbafafebbfe05de1de44d
3af05bdebd3fdc433dfb4ac5130c362ec41f23fa46d640fe20e565fa490c07f85618c931c94bf5c0f7d954e4d114290c10b9be3403f3f1c8d0d5f4e5fd2ec4b9
30bff727de9cd83cd4ccb4c40702eff9e41fd5bb6a4def194fd22e223cf23e2e8d68492cb1ea1ff0c0cd23d5faca9c02472e44adece8cb27f58ca5ec9d2fbde8
f20818a59af0d5f2ce15b9082b57dfaca6f9d4f5eee4f711143a4761ff24fbe9f561f0092d0e28c9c85edbd5d6fae90bf3a2f72309c0209ffa8a575dacde0cf3
dbf9331ee7f13c24f424bdc0ed3cee19e20f992f8d1631ff480f10e1412d382bbbc8fc39fce738084ae92212f71d2c1193abdfe734043bd2c10b15be9fe01aa6
42ae06cd422213b7f5d76e618ffb5e413a4bed4eecd04148cd4df76adc1eeecba929ff109a3654ebb304f63ddf1a0312d106e46dfcea870b0cf9dc45b346f0ab
abe49850e3d5561faeb9ed98e1f847e00f1bf7c5ee59f1bf5f164c9ae7cf4a2fb3da136312c4033b0756080bc04decb920d0c608d03d4509ffceeae2c9e3febf
f5a30439cbf93fd42038e9d305a91416f53ae81a1278d0bf95ca0cf4f3e4fbd73fcd25f71ef5e93bd3124ac92234c540f3f3f721ddc8dff3f9f0dfe9f4311506
0310dd24f587dff932e4aacb40ebf8ef263ab7d6fa40dfd5ce10d8251a3104079738e21b38e2a8fe8c16516922521618a7dfcf391b3aa2c816eb24f107be4a1f
dae3bfb2ee1c5418f028c8c731d002f73d4e28492a02270f410fddc7bb07e6dd39a510d7d26a33c0d4f79fa64617e6eacb03acfee101e80f1fc3f1fe07c02dd1
0d19b095416af035ca0015d709263f0c2f06f40af808cd220bfb2254139b64d91d2dbae3c11bf0e9f015c9e646f6ef11dd96f4fe4a16e6d24db82dff1b0f0704
d6e8edf2c131e4f0fc6099faa710b42928b70a1f341c28130b0b3796e03015ebd0a1a88d284a3294055111d80e3f46e7f30360838ec6f413f20cc6c16efc1105
0bbec2aef4a6e0ed78c7155b3acf08ecf8ece1d2596de80fcc64bd3a47fb08403f38e4141135919fecb90c39e61d48e9b3adc0ce1b18abf25208dfa1d2d738c9
642916e4d0edb809adf98cc023eeaa08febbee0ee3e44aae6119d46c39361befecc80d931b1530cf18dbc61a38cf0b30e9fbeb0acc2f1426d0f409ec6af6e75e
092330fdf6d50f4f4129e16f4ea4eade44d519cf921982bf4249e335aeeb2bb53eb23443c6b6b2b9b406cae029b61c38fdf2300ff9e8043628e7ee0c6c4d05a6
d01f0e106e19b928ec1948f716ec56eb01ff37bdf407dc51f69a1fda090d660f4622e422452a25054c13e4b206e749f10037f6233ee04de6ffeef2fb02c5ce1d
1c34af2021e439cd02e44303e5edb6074b55ccf5521fec0428c558331a670fc88463f323eb18fbd50448b057ead05d0a0922ff05de21fe5704bee404efe03812
4619420edea05239f0a2e54e053b5601fd6d5351d421b93a615f03bf0b630345e898d004f86cc0c5c046e10ee81541e5cbd2b632fc17f8b595c9b2fc07f82538
2105c62c3dc835bcf33e1019e3013bf01044e7f9dcbdb3171f0be0121067c71d184bd33abeeadebf41d84a0835ee383e42ffe804024b4be7c7d1f124e96932de
16e5f399cbe1071324310d0c262ad76ce80e91456005650ca5e7bf3252e8e9cf0e4606faf762fa3e162108fd4feee0f928b5c348dc47db1deff6f5031e0636c7
471f73159ee35602e202202714ff011e16524ae21814fc0403f1d54bf0ce3521f503db0ac838ddc6b0413ff5eed367ffbb43a84be524f4211514f8101e29e1ce
ede8fb425b1b072c53ff11c0cad9a2e1ebddb0bfb2e41c72cf2b1116f73ae90220b51dc812de113193f00f231cf20e3aa7f3bed8f3382e2a0f0bcddacd0211dc
0e02f61c3e4ff2b854ec49502f23e7034fbbe1b8f12c0b42d6f82aed469b0cdcbef6cea81ede01f0e9cb003018171a74c2d5b33a17f1ea21684902034df9d8ed
267896ca2c0b342b243a2cdf0de5a54dadd435bd2636fb3bd0e320b1faed189ccb365ac908289afecfe9b1e928055eaac2a3e5bbe03ee1f5fe9ea271dfdafcef
1bdfc673efcfe30b025941ab3c06cceaf1dd10d99c39a2a53850cfe3d2da02c05d7aa75830a014f6aaf7fce8ce07690ffbd9b81f89d4180b33c1ed1be8e357ef
e0163163c19509e451d3f4d1cb0bde0323cc1cc53312e4536ad1234e5cbf2710c4129504debd6c15feb0d709edf00a92acf7a732fc0470b9ed12a8a82f3afb36
7a0e4c1616df221cf90837fafec525d22ad13478ec3f2d4b03dd440139cf1012d5e85e5b1ed50ee1020f072abb0cf2061f01d4d718f040f1441d260c318c063d
2820f2fa3f0a33f3ede61c87fd02122f6afb2838b9bb40031ecd5be8bf32272a2404d226e2e60fa7442d495523e3dcfc46d6a7ba75ec0c0afa9f510d2a5d35db
a5dffee419c5b9dae404c4c7141377b4e9ee2f109006e7086a23033667ced829029c106133bde421cdc15820c3fd00f1d3f5a5eec218f61e1bfe1fb6b40a1ee7
e3d1f2843408f5ef0c0701bdab6e3449d6eef929bf0110fa54f128feb011b5012c3545b39c36541d1baadeda3aab140ec7c4db1bf7062e011d38e943433cf043
18432bd2f81c1b06f92ae80abfc542e93caee334e931bdf5d96dcd27e495074a87f8053119e1cc621edafaf8e90ed907fbdf02f2431d2e61a4e7d0b0440d1d9f
acd210365611c7d1026d1aaafa4a5a1fa1b40656da9dadfdf19dff2ffc3272da0544d27c2ef76bb9ded84c44efe66fdb1bf2ba93f4a9e160a1c2a3ee52c6f7d2
ebf814bdeb26e4876b3818c3e3e95a0328cc3b0af533b729a6e644af9a3f66031dc17bece5d60dc50d2a13e32a19e86ffe0308fc4a870f22ab0c344c0619c7af
35eaabc4d9cd1a31d92bfc235b5dc0fc251ebbdec03caf68f51b36cf6139f1103825b2dbfb07d3262a5cc5d3dac5104b47e6cf2a10cdcbe2293b69e4b536d518
ec97a1eac6e70ce2cb2910063304280b4043e915d34a27471ae463d9d1e2b85548f2c1560922e9b0e7f7fa52b705f06ad1f3061e37acbb093e41f0f8febd250b
ea3455015d26ceefe51e2139b6261b3007e1f9ebf82c3bc120f1c03609fcf00b6762d4f07247025107433cde0d5630512128ebfd830c032f02320d08fcf8f937
34f14df262ed3313d2e9e3c7e34c302df0e531f6081acb3b1ce9d4178ee5052dd349f63dd9aa7a253dfdba55d723a63132e2fbabc8e52aea3017d51cd0b2c938
af1afe2c0cb917260fac4623ea340af1180d05f91f6729e6da144ea61da05239e3311159ced503fad0db2c2fe5b83b2f04e31cfb2bedd1e0661406de921cddff
bbaa30e0fc0ddc2d0a1b0e2b2f43e4081b40abf9071f0323f225f7fa210a081f5cc40347f71fcf18ec19ad186f1b0914221244d7c7d8fd0fd32324e7d2302ecc
08cb122a0504f8160c621f8ffce00ed20d2edab3d8f10c8c15fb4930c5e5283b360b11965f9ce7b50615e550ee032827ba13ddf81af412422db3171decc7f3c2
f825ea27fe9620eecdc1f2df4ae939ec9c03f6031d63baba09091df27408f9b49c30dfc313eb58034755862bfb403b0a9b14159e132659c2e6121c35162623bf
f1f44fb00f280cea082b204935e3512ae804d5fb072008e1112170fa18f75ad58e03f1320bfd470bdb5dfedff8343a21060db134ab040411b3b7ce54d8010313
27e5cb18fe4f52e80c192109cefcae40e81a6a340859253ea9b5de64c34012271270ffe52aa228edc1f45b06d3482cae40bb323f31101b12fbef34df16afc04a
c3f58e1cd63e32a9382e14cfbcd53709fcf60bc22ae2cf06fb391a1c2939ea22552c2e53197fdfd7e4a3441f05173d31c3a5ea5dffc1ff6a2107b700bfeb37a4
387754202a292bf1f82d22e312fcd51be103e9f96c21011f9b27f9bd724eccb41de79862e2c70d1af8fbfae4a1bf40111aec523a40af54fce3d3b727e7291ddb
e5c033e25aa0fda5e708ef584d070cf9ece9afe9fccaad35e4efe5291ea09595f4ffbbebfb12d9cf0bed30b016402ef9e7383c6b1a221745c2da01f7e8b8fde3
ea2a38e74901e6f2093b2bff4be10a5c69161c103af1c6efa8efd5ffd5df37a1e10e191edd0fe0bf37e2fec71659dce8ebe800229bf9fb433cc9a71334c74e8f
de07e2c19dc2bbf4e7e9eece03f8a6bd0feff3553bfe16e920ead21b02c6d0cf2f30fd17f20511c223fa37121a10fbcaf0f6dc2d1c8ed539d646e0f92e18976b
d6e9a9f5f0eaf6eaeb4d13e7a504f8de16f7e00f364e3bf8e523ffe25e9a3cd1fb0822e3b9d0fbb7fef7a6fadef33de40abcfa3c062f1b301b1242b2b5380824
5622313b20eb082f1a900ca4eaf54f4029130a1e0b5bf2543a01bc2804540e61d7edc94c031101440c025b34adc83096b01b971dd4143bf34ff04d17cbed9e10
b4041cd34aa040df2dc7a2ee12005905fac955a7001efa14a3d8c7dcffe134eec5aa01e64414ebc5b0081a0bea36d53b123bd62f3d9ff10a2760d8d7e6c56468
442feb090d41b80205494fd957b342fabaeb140f0af117c0c140b64c1f520d5f3c6dc18ff14aa7bd1f4dfd0106fe2d01bd164df26944f6f1c414eb5627d131f8
a442f66a4f2b51e11f3ea81fc08b09b8dc241a13381b8ffd13a2c2f63b5c1444415cf8e3c1bf141ddf070622633d011b21e3fef85e15badfc826dcefb403de16
f516bd14f42c28b71816150ae3a34dc1cf070cf82e53152affa0a0f1fa4d489ea3e5e25716ec3b130d0437ebe03b0a6b23b9f3bdbc451a2518c9f711ef275902
01bd98cf782a57efefe5f8c6dde0021bf84947ea26e59cca00dd3a1d44cbf1b704d8eee9320c21262741593ee0301c1c0a2cd5f7371e4cba17f049f71bd40ff4
c0553b23011a3446da31f45010eff7d811b50f8bab0c0e4c120abc599d3bf61a36f4b03af9a1df69f05dede4084914363fce0343c342ed281e55073869d2ce26
ffd230fa2f5b36dc13f8021f23d6f4ec93e5fcc015ae435afda21952d9d53d5b5b0fcdc28dfafb55f66112d1b3f243619737732807a0c60f22b69a1c29d63498
2f2ab0daf01b2eab754cad01e7e6e2abdb52ddb4e023edf1ec72c85b1e332fc0b045efbcc45fbc43b0ba12342a199e114f6cf12a25e95fcacf3d25bf210744f7
089eb8edff3adae918f35c53faff9c92331860da2d112933130adde4f9fce42d94c4cf632e9a224ab4c7241b411f03afd1f1dac2e8ceffb9e6fdefdaec0b2128
ad1004431a413ca9283243f7882eccf83312f213ce03dcf6081a1bcbdcebed211489da59f1c0ca241ce414c40bf5e9b85df6344f9fa7b0a8525c19025ded1eec
20152b1e0b42f548bee2f9cea0f20de396f525e7ffc59843edca0b0e8d01b92611c43a89fb77b0334723f14b0d0527190f1059f305e504ae3fe60dcff0b2eda8
7e181405af294528224d0dcf2943bf1e3113250c4be0c4ccfc2e4303da1a991c43ea61d5d604faeeec0bd0bf0b350df6adbcad07403111d5f60ea54405494b0f
fac61b0c0ce0122bcce9dfe53404f3e1bd05df10f4b74a0cea09ea5cf5bc3c33d550000ebb551fa411d6ee15ceb6d3c6eb52d6a0e012ea3e49c963e80d5e331c
f939f9b200d5f337bfc51e324ab5b90514cd441a2707d21cf009d9f512bde0cc0504fbcfdc95c2b53cc2fc1e48afe73f1c4e54d14a462f4dc1c18a41032d0708
f0fad34425e1fa051790c6d32805b6fc0bcd19e895eca34bf229ff0cfce7d539f9ba5227fcbebd43be69e318d104fa01000f036f28122b545138ed250114a3de
cdfb97cd655236df1241cd0f289a0b170dcdec89f02a06fa3ced1be9b6e9376806208e5100ea3c0ec4d4fdd2571644ffff4c415edfd9b5d6fbe0971c4e430913
1cef521e1959f02c2973c1c0d8e786bbd5f91e43fcb8e0ada60c2ba2cfd2f1fa341356f81c2ff21343d1ee660559591646e59e23ae4938f1ea061ac9148ac58d
ef51cff74d01172c49165d2feaf637ea1f4f02f85df3e133bd325615cf2c1138f36731b8d6f3def8f5f3fc36dedc0c4cf1b02cb9d70a04d219c91df301bed9dd
4324f851ebdeff97bf3627f1085eed273726ebc41a09dd0138bd0319495817130ced42f026e6fd40e1c586d8e629ae1ef4edf44c2845f6abb5b2f25e99d9eb0f
6f3925f9303bb8ca67471cf02bf4a7ed36a9b29bbeaed9e112e51cfb19bfa7e60b75c4dc139bdd302d05d159dac0ea08bc21bc174c1b03ed5dee40ffd9d00772
182b99ba23f3e909e51bfcf639cbbf33343f262aae44f6eefbe402f4e28513bbb3b3daca4138fb1517c4022be9b474c005e2160627b868934e12071007d80ff7
1028fb1de9d8413f7b23be2c0709721e27f8fe3e140636021ef845cbe90b070cea02ea070f300a53aa0720fb2cf2a7abb35bc22ed001455ce621a9f1e7b5da6d
f7ecdacbdc084248e33448ba5e27e85bfbbb009027e4e9f9ec29c42f40f5bf4fefafac06cc0d451310e11b202df1ec2fc20139612ddc1d1ece5042bd1abdda19
ec02fd35dcba230347faff41b61b1c4520661e640f4cb7e5143b61e836dfb88a10122b0fe527c6dd0fd7e6500fd3d84ac9c3045cf8cdf207d349ed33c9e003e3
d22045052b1b93391a4fe6300c1afed88bdb0e0719d346fd344af1f8a097f4b5bf03d3dee10af70b2f01e8d71d2a17f308d6ea04ee6006c1be453cd4db0dd428
c9121a95f40bcbfd09f0eb47f016fb17020eed101f1fdd2dd7d0efb621bf053900d62f0c1ff82127cde31b4a0010d3f1f945e9cbd823285d23d7dd65de4732dd
dfe51006fc49341a4cf66826a0540ed5b32c3bc05926df40e3d815480e9713de23ee060cd02d18b5f970fa43b6b31a2c02d1b60c6c12dc3ac21596db469ed1e1
1cee3c3b09bd44fe1bcae3e0c927e6f811c5c5a1ac47eda2fcd0ab4c26192413e0071ec7d22424bc253aeda7e3fcd3c3486f200f72a50afca4e6ff4daa0a6663
d1e8bf3b130e6642dc2cdcc91bfdbbdf15115cf8c226f3fdd4d541cf32f6ec264804efe4e0ad01ea23bf56996aa8d6e3ee21db01e8c5d5f71775151415cf55e5
d213fed921fff3e3a9ee0bfdf0fb5ccbc3310c41f6e22b8e66f922e905a4092454fe3e04e5190715f84c08f82030b524cb041d03f35ac0dd8bf02bcc21ded555
dfb9eaf21dcdf9afb3fdd9d6e2faf7c9be51d201e2fc71d0e3fe091e6204fd2eea3ab95dddbcba6fb4df2acfcb190e0b41e45a1b012ef396c0c6d459abe069dc
e40cfa0c9fc1e3a2c4f0685198089d4b3cef09d1ea36ec13320710b0b5bdebf72cb81bedd42916f7c7179d160718e2b3e426f0d4ec6eb20f1705033bebf9db09
14fe44f228210aec5feffe2a13fefbd03aba1d02f62c722423f878bf9afca78c5312fc192bb79a03000955e918d230c299fcee1909e22664e828fcddea31f304
9003df34fe2a60e305331adbe735b699a7110d6eef0830f20dcf19e0e7e71ae0980902d5a5fef18eb707cb0d3bfbe0a75e3d0dc13efef5dcb194c00d1553f3f3
35062f060c2dd724310a0d2248fb0f6adc14053e38e3072d3dff4b3012385a15c722d71ddc4c09eb1ddfe2e1f55afaf8f22b3d1a120e978dd7f52993ccfff7ee
046410fde434f3e9f73d460916081bd1f9e948f3a3c23efac532dad8f5193596a9242dde4cfbd8eba62b2fc315cb3eee32f7f5e2ed54c7bf04c8abf51f54de01
22031b0a64675dd7daa9b826df1c077b46a23217dcdbd80116e20e27f90144dd0205f1e849f8d959e4fcc414fcf62917eafd52c3c54ec0fd00ebe321b60c18f1
ea3a25031d712b42c7f0474f044cbc9907c52f5dc42e0e1253f616dc32ed3fd33ec829c729164111d6e6343b0e09f2c6bbf82328f0b9acc80cece99fa9fdeba9
0e29fb23d76bfb139604bb599419121033cfdc322fffb7f1bd64d82e4091b6010fea240df2100f221fef62dcd754ef0b0506472ac54a0433c7edcb228fec3349
33c00810fae2b01226e0fd163f452925c8b012fa291eedf0c3ecbce86b19fb2de4e5dcf9f351a6d51ec6cdedb7239f18191e19a7b33d4d1045b20ab925f62703
2dbe261515f6eedfdf0c183ab1b4e2d4f702efd9f6c502054ccb21bcbfba1d2932591ad1b3f1b64cfddf5de8360847e4ba288cfe2452010414b04b0fd2adeda2
f62cddf285b405ce3a06edf94810065cf5d30e0515225a13fce0eee6c51369c084d0b5daea836297f6bed9604804f4bf120e1b97f9d44b18f519bed70810aca2
c201ff04e75a07a3fc58f75b0505d842b82c4bb9ed0edcf83aacd53f4f302c59136e31c32e0620da161e0c4d3350a91dd75e49bbd40ef06ae41b39da12e9f508
1c4de8ecb205e400d759c2012b0b0f1cc80923b0d8fe1bd54635de0f0be14912d864d3f72af5bd901c13afb8fcc318a41b1ce7a7ff09d10119ae0f281610eadc
ed3eea2f27dcf829fd07262436413db42fc5ecfacd0917f13cd6f5271ec3fede014e66fd23aaf4d69ffcb82001f1dae5d5bb06bfdd2fcdab6b0b06ed291283f9
ca0bbb03b86745032e0505fbf83c66a3e204ec1f16049841d26dcf1f0ded1922b5fecd1213eed5a9472ab01c3e08bd250e3b2438f310181fff11b83e3afe12f6
f91e09b7fa65c5b938bdea5c10b7b90cbcc71202c709043007086c0e5c3c9d381a02a550def20de605aeea01f700191da949b1c53c0ea90cda7b02a02d92ddeb
0ff3d2da1263e26ad30df08e0941d2011521dfee1ed5fd591dd308e731253e0805d75507e6f4ed2cc5cd22babef0f5f451c72e03ecec050502d1cfdfecef19dd
e7a1f324a665dae64ae826f3e60204d31041f8a09ce93cc916c5c7dcc3f2ce39e0fad9224c3cc9f205ff04f5d8dbc1e0ae071de9ef042eec0510ae332371e1ee
f4dcd91a10e934aea62e09fcd6f21d2def483cb41b4949e80121513d9904dc34ecc70e1b611aee2f2e0ffefad7100ee0ff12d2bd1a6211e0fd67136467e84ad7
7141dce0f30a53f995683dca4d0cee1c312c0f081926ff431b06eb598ec8e402d41e1f97fdcae4cf08225c19330f992fd54a1281e2f605054a0ef8aed2abc2de
ec18470c0eee9c9d0421290d2b48b0f0c62f1629b806cac0d91763e3eef51ef8f03e15ef9a0abef0093ce058c73953f1dd6a1fc1f377e8bacfcb3416f402e7e6
991e1ffb31477071a9d4eb0bde191d41ef3952a415c0cd16092528dcbd142ea8412dba0c16e7e61c3a18e6f40eb41a005bea98e4513934be5202da4f32014ff8
12dab766c3464cf708d8fd481e07bea925030a1fa6ff2224cb6247bbecd1e1b0f437aafe68b93dc620429f4998f2072a0a22445e29c2c80701262926e6f04212
abdbc0ea2ff7f0f4b70e214fa0017324303b2dd4f2b51345c43c0acee63915e7eae4e1e4e08c47262a41d85947d44e7239410af1f843e61cf8983cf926c3042e
2deb23e7e8443d10f6d4befa3128fec6510cc9d00646493914deab03f235b1ec9c1028f7550112eb5aee055ff643c9bdb7a5e5fdfaf90402e7fc0db82033bf01
2c35320e15b2ce1529d5f9fa471d2201b90a453ad32ec9f31013bcb4d2182df315faf3ef5069e429040c96ea196c2a9324dcfa2f130b49a20452b111204112f6
1bc95dde5740fdf30becc319d025d1012b20b35dfda20b4536d3aff71d13ddd801c9cb287817b411e3c7b1144aea47bac4c8e5f59d56c11813331e1333e5254c
edf6bf65e5ba05e5dd51c872ab4e7c47ec265d1146c11002591e540234dcd612e0e3c2d6e1c8e2d41523def42dacda140d2aee08bc4bec281ffeff0fd0e41eb4
ee63eaf86bc3f594c5dd87b5fd69234121d8a005da1f1ee1a6c72dfb4d2a24e2f207020b180f24f708b81109e8f8d20b37f76da343220aeefa374002753f0f1d
14370fd53c6413c3f4eb501dd58cfa90f55c65f325ecf313c1f93830d5e49bcd2a1cece2221916f634f02332f265644addfb1b79f6180ad3e8e7f55112b72042
ecfe1ccb0aef1b41fac9e1cac5d959ba44c91521320bd7b17613dc1efaeab4e1b6cdfb06fb1b46fa1d161835ed061af9fd3518fd4244f32b06fdd110abfc1448
fcef190901f6caee10e70203d1e897f8d605a32b511cfc3956e5e515556f3f3a0817fb901df5d297cc76f7901e32fed2b8e936dfd90d0d69bbf9e29ff60e0901
ad3afcddce9dabda03f0ecac97c0e8a00f0a420e0939e50411de56ea15001cdccca925d7cff96d4fbac42cfecf21d6f5bdad5453b55c1ef81d171c0c3ce012ee
0cf22bc82e39dc1f0bf2efed4adaee755d16edfea2e31b3af007cbf8f5eded340b0ad7fee3ec0bd11d5ec811f01160033e1308eaf0cd0d37f410f415e1e746b2
401e44a24e14cb175e0d1f19e34d2af6f5d516e4ed1d2bbe1517f33cf01b050de1d11545edec23caf40c2b6d160fc7fd9efaf9b2d8f618cabf4ef2a6f8ee3af0
29b62a8bd7ec5636d105031eeeaa3cfd5b21ef0acc17fbe02125d64036a5f82129302fd36c1c6044020a23ede9c4d8f9faf641ead2e6081fff30e5a58dcef534
0c3910dc49e806d025aed7ecec9259cb5c2e055527ecd7f5f445dc450a033334a1109a130c4bc51121c7d3132fb3fa06f4fef5503af8ddaae7d4ebe76e5dcec6
20dbe50f030d10322affc0015d1310e0e6b491eec0b4ca5db63288e76dcc0c030633143c3511ecbe22b6290f172f0c054b3aaf470d2f0d71eef2eaef270b71e2
c04424e814d3c3ed3ed6e3ee192cffede421f8b3cc2012c9ed6f3bd61dfc2edeb831ddb63cf5f69ae416e10f4cf900f42008fc0a190bf23686c8f7e9a75d4ef0
550c3f3852653302d60c3d38ade7fd1932f7081adf568ab8eedbb32a36ec021ebd1bf634bf34fdf3b2a3e80957dfcce0262a27a8e05636756dcb9fd73205c42c
1125d436ea1cf6d3cd5522b8c82feab0a91826f70beba4bf01ea3772182536b6e6a50301cabbe706f8ac2f161005a2f51643dcd7bfe0cacfc0bb041dec312e1e
f00cee35da4f3e101a320db8faf6bcd3f91cc20d0a9b37baf55fd7d013204e3e4b5dfc2cf4d74f4422d8f711d349ca310ef548f4f8094bfb23e9585e340ca1fb
8b173fcac3b582a10a1f2d747088cc07330df103d5f52126113633f6f4cf4c3e1fabef2d31490129104df9fbd0f5c20834c0ee40e9eca0fcc6c745ded6f91b25
103a03142173ccf30b0566de6009213b5fdcc7e13104e433d618fd68b504d00223d24924ce4dc419c6bbf2272fc01769f93e1f2bb5d50c033e1c5540d1329734
e8d5b22be7e73703104b77f048faf008c38e64cfa3dc30e20014a221d0abf1efcde7e20be5060a32dd00caf5bba8e7eb2ba1d315fc0adc13ee1fb2d421230a03
1ec48727fb131bdb4016cb1cf2cff5331e3f0fefa0f8eb9b232202e50250ed109ab5d63de529e0d22a24f207e7518ba010acfed4e0b9e40ecf1722ebee41d134
35222e2edce31823d5c3d9e9c7cac4fc2e0ae0a9f2e2fad6de29fa36d0ea98afc439ee1b072c94040fe1c3072e0232d14906f537cb45e0e2f0f5f5cbfb10fada
1a3d54cd63f741ddf8a3d731330bf041dde129ba52d9b1f745434008f0f21d555347d30097a32753ebf8fe02bce412f9fb20bbe925f16bc550c7e0e4ea4ed142
e4f1ff31375d4c3a260be69a1a96c2b3fbbf0f8f1db3043010330b2d167af03aae3e1741bac3f9adcd93f02a9fc01dd203a047e70e261ae306fb331a3ce4db2f
4aa5cfb4b3f63ed10e624509ffd17d25e7a8e200c1ebb89e49e3110efe23f3330e3fd8b51ced04e725be3d97c9fe2cc63ba72d1793bf44382c923ce209f4ef4d
f5c24228ab2ff8c8abd5ce26242f26f70b34324b98bde41ad8063f3134abea43d92f1dde321ea23bc81f3e38141e2fb8641203293960fdff1edea5a00f0944ac
15a9e75818513cf7041d3b97e4e14d3456f4c6b7190351df03d81b1dfbfaed590ec4a9fa331af0f516c3141e0e080bb6bf5a00d7aae4ff12cc31c73f56b5bde1
e129cde9340ce051efede59a2616ce42e84e0f072452f9d7ff33074bb1fe4ef4aea72112d9020aa6f4e1461894d2cc106bb444175aca3026091001cb014df82d
da2509db191bd83ddc2112cfcc04d20be701eec139cc32200c483dd79ffb12e5302d65d3192b9adbece81be6171e336f1bbfa820a623f07d0c0a0bafc5b837a5
aa553c65c8e7f41eeb581613b25b34fbe4e604e62e29eea6b8090bbb33da00d5de0fde90f2ceec3fa21a3f5748dadf2e02f3e8d5d1c116cf1717ce46e44303ba
9a02fcbce10e5318aaeec238bd0cebc944d7fa08afd732b5cc34f9edaf0afafdfbe5e228f5b34b0d02494515cc350df214e91e1a06f1f0f8b39be35ae50fe8dc
30ff4fdd75e442ddf81512fbaff43191edf4d7dbee20032054f407eabc39f3231673d0e3fb39faeec81bdbab2c125f4ee1e74ff309280ef20e0758ae25f1eb31
19391bcb3749b6094be355a526db4bea7bcee0660c08df1513b6516e03dde1dab2c812c1bdce8dc6abe8e3abb64029671f5ab001cbf4ddebfefd06badd1cd158
9ad54ef671be1722c6a80b3eacf2dafbb9100a1c3498b6df363401aff6aeb1e9ee213618ae3fe2e10841cbd6e21d01b8fc152b36e7f9d0e9f10b97bb5df0fc91
fe0af2e90849bf09fb070b3c2bf765fa2ce34accbdf6034e9ebcdde8eedce904f116fbcaf5b9fdac5b012c5427cb332f4ef7cb34e4e80bebe6f4a32706eff71a
3ed5f6291fc1552bf724eb58302122e91a9423d232b0cefbd404f2dc2fe076e80665efec8c191ebd3b23fdb3f5d427141607c6dcebfff7fc2755ac02dfc92457
bd53af2a14f3ffccb6b70408c9ac279a0ebf5de133e99cf0590f0b9122f9c0da244e2ee317d206e220fc26d714f06074f7936639ffe3caef592dc6c6e9d0d9d7
d9d4cd60011c8bbde20309f1d5e42cd7903cbde31f5eeb0215fbf4f39dbd05c35bcdc89d770a205745a4f5e0ca2da50da03947b80ed1d438e6c55746c7f112df
f3ebd63105c706f3f0f937d83e1e1aa3081ff7b4da7af4bd5d7b19db00e4b8fcc1d43e2eede44903f313c508dd53bd40ec05e4fc9a182ce649fba5d02a384cbe
03aef2042e21e8c7dd38ecf7bd03efb5eb22b3ef514006b41bfd21541d8d19fc0858defbfb0fc20ab44cc6e3eac425b350142b0dce0a3c56f434080e3b1b65ef
e0ebec26d7d21b4aec3551d817ef64f8db18f7352afc10e2003619fafadf201cf4060771e9e8adb85813bb45195816a6f1681e11e4eee0edcdd42b712dc1f30c
a8a099e7f32aea376c3faa38e41aa9fc26485c1d231f01b2f202a8f1052d4f2bfdbe4e97f2a0e3e2f7cb4ffa35ff044b6c13561298e7e904120eabf5080efdc9
defbe6f130313f38010a451b962dfcf3f351b010fc0ef068291cc31f290c47a8b959c0d902c9e4c00e36c32ef4512f2c4519bef10aaaaebcdbd04e012aefc11d
edc84850e9c8031b424d1024e736f940330630f1950ee5f135f8373e1ff327c44bf34759081255d5e04e18ad1cf7b4118a1833ae14bdbbd95250e6d8eabd0119
8c9b141cfa6503cc4b070af7390820ea26cd03facb270fe5f7345fdb20f319fad9cc0822e009191373f306d638c6fdf6f6a73340f84a5a3e093937fe221f5300
fd1e17ca37ddbc3304c81c36e0db042d1b408b443babfba50feee81eb9d6b308d1cde74ff8ff20d12e9b484416189f38f024cd6c3ad3ef4bccf8c6d0482dbf48
b8b5e5fce0d926f28b19c70d5c1cf0e4bcb85df7a639e662cc1a5125e99eee0de841fe1bf12fdf1f04c5eacd11def1fdbeb8fba7aee4e605f81b4cb057cafcd9
d44caf44fcfd630248cb03c60d32fb1d0177afd2b93fe7f2ea6519555ff052880aaf6237bec722da04e72abfe699275d22b8bfe8320ecb15c6ed0ac7c8d959f5
d8471d0fda3eed04f7c2a41a0909a154e7c01d5edbee9f3f06d6149543bffc14ddede79f1046a7daaf605c303200f3f1fc0a399e43c53cebe8d032a1f32ef402
4eefc3450d2b36b9d1ce22d63be9d625f5f25561c79da33422b6fbf427e62bdafa1ca9cac60b3f1fd3f0d1bff1e4bc12f3f94c22d9c4fc1318f2240e47f1ddd3
d9b98ed82360f41bedd4c4a8c3fff9263ff910a52af4c83dd7d91ee0e9e2aefcb4eceeddf4c8cc648c0a29ffab15de27d8a9cc33f430d5f81ae7e0e0e3f495d7
31f7d8faed08913f05f8de1cf8bc464541174d04f7ce27ccd22605b11a162833023d242aaaea1e36cac2ac2524df640b0905e5bcf4b567b4b4074e26023117f2
0edebd4c34483d265dd658eb3ee0104f041d8f1440cc18d110060a29bffdf3411220e928111b56ec0b390d3a1638d920bf0ac8419d94e5290dd4fa1d65d60eeb
a78914c6e55601bafbd3e3472cb323ed3526e51bc5c0eb8921f335f6133d28d60119585e0001eced2bbbea725bec52073718fed222a0d54f02aa32d80e0273b5
02d82a1ff4d8c8f945113ac720e82ef9391814035ba2f73926a6a4dbe0e621ece9f7462b5dd023b6d6512ecfd145cfc0daf412d388300a062ef58f654207a804
edd6dcf51f45d4a131c33442a9fbefebe963374ee9c3294d4fc2c92acafa17e3fe3b0743f8090af49935ff1a1cb602eac922e8fc251ba77ddbe89e0868e72a55
542b19cbee195dfde9e125deb2ca6a005bf93652f7042621e8d9d13e09f5d66b191842e126f7d1b2fd10e819bec7ba371b011aec0a25ba31c0d00e391418f334
222fc60147c69bad44ad044ac5c95e0306d8c7212c01fbf942fdda05e2eed71b1fd411f9f31114dbf3e41efcf5463e37a556d3e31231fc0828ffae0fc7b5b454
060d24d194cf00f993e3befb6297c634eebb2616023afffe43901bf31e1beab507fafc29b5ecbdfdd64ef7051acf443b2f5f425d14e6ff47482cf3d7f15a50fc
f16c35154037045cf92f420526fe051e3efbd604ef8d5f25c25faecd600b40a3dbe737eee7aba2514afd9c5e22ed976c071f4b1303eeffab00c5c01bcaf0ee31
15321e6138d609755cd142409a43fb39bfb3b52ae2c249ee0e130b384fd909cf17ebb334c35d2d35da1de7781445f42bf7cb03f7b3fc0af5e8b3dbc31030a9d7
b8d3ab0020c9c83ab0ee4704992cf3fcf7d4f512bb040bdfde0b1a01d2bfeeffeb151f2a44884ee0d80f19c691b32f30f5c0e7d70a042901612347f039fcb2af
c9ef1737c5beefdaf238dde314c9c4d5a952911b0da42af4b534c4eacd1c2d66021f5e4f02d25ec2ef192629afcf0ed0e5bc283052f760f31bfaf5e112cdc5e5
af18902a54dbff2160a8f0c11afbfaed63c221af34eda3b42a2433a0b1bf053f1f0a052621c7281206f707252dc6653fbae6706062e90ee030cd6ea31597ddae
4936e4b801ff01fe52318fa7d7cd4112e6bee1fe350abb6830be0d01a73d114eb8e900b1141fea2720bcbf72411debe0e9cb6dc9ecf1ebf6d2b5bef5ce47050b
31bc13ec19f9b334ef60fe004beeef3b26f5958659183bdc9a5ca4c77107d2f8e6f3f108e7e2263c56f2d21c03c90a9fff672c4711b1fadf69f3b23ae8ae9d41
c4e9ce0110e8d1a01ea4eb324e1b0100c61ff22bc839152a09576915fdddc6fce6f5b819c6dcb43749b15cc8d5efa8e67feaaaefc35440dbbfffeb4fe8cd8ed6
77e9013437b11269e10636d9f79a0204d717d59106112551ebb2b9f2d4ebe42788e64fecc045e2ba4df3b9b5035b18103982f4dad6360156269823e52b5b03f0
aaea1cf2bf054ff102c3f9d25cf323fe13cb9a45fb18ffbc0e30f0ca389611320d003b532df5f0c227d5cdf754c9fb610e416d0249040a0ef986ffcbcc08c71b
c2b237a59ef9496ad2faf7bcbcf8be18f3141420dca6351635f41064ee4994d0e415376b29ee7ae018cce3d9e4230539e5f404b11f1be238b921e8f260bdc342
c64ceb1b01e4d2d32c0eddf6087351c92810114eed1fdaae5bcffff0c362e418b00c121e0af7f230b2cf47514cc06b20e2fed04311df6de032cf33c8e1d815e4
b5201b01b738e34de5ea07abf5fc134d570fe4d823b2a12f284bc021ebc303e895b54f1ff29f2f4c0bc9a629d6c38f1edcdae2fc61d4d12d5c36f5bfec231f38
0e31c9eff5b7d46532f8d439a104dd182df9d485edfd16153b4024f2c00504e0e15c02f0ed4b03ba48d7433caf2df7f3e92fb90a33bbfc0dbf11523ef1a94ec6
e8b81d1ebdc5ba6c0a29ed48c806043531dc15fde919e341cdeb201243e51946d308c2f9fa3e23ed3517ff02f7194440a8d713c407120dfe280c1c2725dbd5c2
fd5ae7c339617a19fd0be002123e1bf30e35fbb1d8f5d2284834dccb685608ead14021cd25a6fa71d7590d06321cfd0397dbcf2535fc87dfdedba4eaea4e0509
f5f9b5ba48206bda52062504ad9c2803f00ae8fbef46de40035af2fc0a2d0a4def2ee4fd21515cedf141353debf20f3eda64d6e301cdfdf7a4f7d70bd0fee81c
e0be426a16c4230d9ed3e035cbf7fd1905ddf2c11b2630fb4d64fbeb58f6f0fbe93906df26d40af11f241d079604ad14d4ef01dfa9f6e2da170c985c3913f0db
f3d0b620263913c9d6bc27c84df5f9f93bf6f7bb3c37f0d609f907e9a5e71859e41af8fde9e7063e0ddaa01bd04bce340dd314fe71ccf0cf2a3505b7d6351210
09442cdf1438b5af1354e54017bb18f6d701320eff3eacd9d856fd022dc7af53ef08d02ccfbc439f37f24b94f1f6180f2909cddbf445d2c5b23803e2effab1d5
cfde39f5eb024c0350def5073edb48153668345504fa0cf34ccf2dc5fbe8321e9c42af29dbf9192d124820d352d5b12b68f7cb01475ac5a7ac024dcbddecdd3f
3ed8d4540858ded6c250e7ed3a161e1247bf2cef1cfebf280418b0f80ddd2fb4e121ebee1cdc0cd13eac040e47f5a00cdd464c9d9092c1bcf53f9db4c545ea22
f04b5c5d118af8e5ca73db0cfab971f225dc05fc2c0032136d43c321fe5aac1b19f190d8f60feea35ee692f9dc5bdb04d6845c346622fdaefd4355e018f4c624
dfbd2273ef15b934ffe2aa104df34d04f7d654db9a9b21e707d02bd8dd12bd670011253de801d54ad5663627d461c2402c12e8e2231bf9f82757695d232c14e2
f798e2ef26e5fc09c3a2c701efbf58d227bd03d160e9d40550bb013870b0c6c6ed4b26f9a019efdb181ade2737083d320e3d1512200b0d48daa943a4dcd05af1
bb5445d840eb266c2ce7062ef4bf26c5b9155509d5fcdf1b981b0f43285abd931c624670a0d3d20907bb25fde7f10ad2c602abadfde80bfaefd613456ef29033
feb5693105fc14f0befad33a475cbee5d638dc061154042f4512caed04b72dc4f2c1cbef0af608c1f519133314dff40f3ececcd1e9594813dd031a17d6c6324d
c50bd76dc234f11a0d2a35deef27efd6bc61ecf33d0117f4272517f2243cfad8c73efcd3c5cadfcffdbdfcdae2b5c64e49205f5deee801cbf9dc3df402d64835
d3d7e7f34df0e36ffc8ee8e4e22355c7fb1c25bc1df72e50ec96f2150babaeec065a4cb0fce31c4f3cead4de1c065bbcf2f60209bbc50722ca09d423f7642053
D: ethosu_invoke_async(): OPTIMIZER_CONFIG
I: Optimizer release nbr: 0 patch: 1
I: Optimizer config. product=2, cmd_stream_version=1, macs_per_cc=8, num_axi_ext=1, num_axi_sram=2, custom_dma=0
I: Optimizer config. arch version=2.0.0
I: Ethos-U config. product=2, cmd_stream_version=1, macs_per_cc=8, num_axi_ext=1, num_axi_sram=2, custom_dma=0
I: Ethos-U. arch version=2.0.0
D: ethosu_invoke_async(): NOP
D: ethosu_invoke_async(): NOP
D: ethosu_invoke_async(): NOP
D: ethosu_invoke_async(): COMMAND_STREAM
I: handle_command_stream: cmd_stream=0x2200b750, cms_length 127
I: Soft reset NPU
D: ethosu_dev_set_clock_and_power(): CMD=0x00000000
D: ethosu_dev_run_command_stream(): QBASE=0x000000002200b750, QSIZE=508, cmd_stream_ptr=0x2200b750
D: ethosu_dev_run_command_stream(): BASEP0=0x000000002200b720
D: ethosu_dev_run_command_stream(): BASEP1=0x0000000021000040
D: ethosu_dev_run_command_stream(): BASEP2=0x0000000000000000
D: ethosu_dev_run_command_stream(): BASEP3=0x0000000000000000
D: ethosu_dev_run_command_stream(): BASEP4=0x0000000000000000
D: ethosu_dev_run_command_stream(): BASEP5=0x0000000000000000
D: ethosu_dev_run_command_stream(): BASEP6=0x0000000000000000
D: ethosu_dev_run_command_stream(): BASEP7=0x0000000000000000
D: ethosu_dev_run_command_stream(): CMD=0x00000001
D: ethosu_dev_set_clock_and_power(): CMD=0x0000000c
D: ethosu_wait(): Inference finished successfully...
RUN 1 status=0 cpu_cycles=900007
OFM_DONE pass=1
I: NPU driver handle 0x20000e50 deregistered.
