3827
-7389
31279
-25375
7629
-13656
-9061
18638
-15642
28371
-12841
7313
17673
-2416
-29809
-13704
20644
12161
-6478
3691
-17999
28041
-30960
7028
31709
-5336
-11110
31847
30056
6259
-17059
-16271
3218
-21203
-29462
6482
-9577
-23920
-19448
-2644
-26967
7945
28693
7178
-21106
-2232
-24115
-18426
-11975
-1016
-22042
-11847
15663
9096
30193
13215
14806
-10225
-31002
-24457
12475
31980
-31925
13823
-31477
3101
31743
20916
4718
-17311
17670
5114
9232
-23639
1790
-682
-16525
21785
20290
31100
-10104
23320
14446
-2382
23119
10818
-17172
3389
30562
-11115
-24492
10989
-4265
-30647
22522
30861
29486
7002
-24460
32672
-29328
25822
-11452
-1594
30744
8
32711
-2639
-4144
24522
-4576
-24928
9565
-7748
-12924
22335
44
20816
17564
-24261
-15264
10803
11453
4970
10062
-11549
-23953
12528
31711
6325
-11961
-16370
-5082
-31161
-22139
-20795
-1599
-21201
70
-17706
28331
18129
-1924
29952
-27475
-20444
1888
-1097
18254
27167
16903
-31586
31911
9718
-18478
14929
13336
5854
3084
4149
31374
18841
29793
16640
-4981
-6263
9672
12662
9816
23283
4547
20027
-2890
31839
21873
15052
-27319
14206
-9088
22255
-16415
22268
15366
-31286
-25564
-3089
28953
31018
-26804
23164
5085
11854
5287
-16604
-20072
-9443
-29367
26252
18461
-14712
10984
-4591
27741
9964
16132
7386
21554
-10215
-30436
-10944
-18431
-17680
32469
-10998
17781
3150
-13468
22768
15593
28177
27133
32433
-31784
4888
22838
-9872
-19292
20419
2757
-12026
-4174
9338
-12859
-28417
30870
15876
32605
766
28594
9692
11364
19978
12259
975
-11811
-6296
-12238
-18288
-26145
16857
-12243
4752
-20506
-12897
3734
4045
18345
30394
-13816
6127
-28832
21096
9141
25176
-19155
-22059
32420
-9744
-5524
-7766
-2470
-16241
11735
-21456
26518
25114
-22042
29993
25133
6428
21347
24887
22703
-18121
-14764
14592
-20351
28326
-15385
-31926
25837
27121
-13617
21327
-1324
26085
-32037
5153
-19624
-6394
-9579
-11889
17006
20050
-6909
-21177
-18116
9439
14670
2558
-3651
9177
18628
-2930
-7282
-15519
-31501
1832
2828
3647
-19348
13975
25956
-2930
28906
28454
322
29069
25194
-154
-24673
10748
-7090
-19761
-30637
31482
-22375
28941
-12694
21824
9630
-17912
1105
5550
15687
-2375
-22262
31610
10258
-1581
1689
-24961
2243
-32275
-27999
-16510
17814
-11129
13821
-7719
22538
4807
1381
5427
-21385
20604
24921
-4492
-21406
-30236
-17497
-8602
26432
-21405
-26143
2677
19326
8494
-26665
1373
-6597
27092
2056
-27713
-5708
9243
6768
-29193
-22048
27647
25267
-8439
8859
-23874
29562
-14620
7014
-20510
-13636
-32225
-9670
13897
-27072
22504
-21593
14964
29424
10787
4930
10664
23439
23201
31444
24324
-21281
-32435
17920
21367
-8055
-32542
-30906
15483
-11380
-22665
-3491
-25859
-3490
24998
-20859
9808
29103
-8429
767
21880
-24023
-12612
23645
23311
22226
17677
-7210
-867
15294
23959
26957
-878
10552
5526
30841
-13831
27743
6279
-21948
-16281
20614
-25487
16100
-21291
-19251
5075
-29077
29620
-32077
4
22442
-28868
-7038
-5785
-24724
-11908
13867
12388
26755
24957
21306
-5714
29990
27131
-30606
5492
14002
-8716
-16791
-27508
14798
3201
28325
1529
-13035
-31530
-2729
26624
28026
2224
-8691
-5174
-23926
4082
-20082
19049
3956
28419
116
17601
-13357
-8143
4883
-6540
-4387
21007
-27338
-15824
29961
2940
-13529
27273
-14503
31096
5722
21609
16382
1395
-9667
-25675
-5493
2052
-31532
12433
16755
11448
-3921
29065
7680
-13596
15892
-2183
-21759
-23993
25452
-3367
20357
1889
-7917
11740
13298
-31476
-6800
-16598
-7359
27420
14987
352
7377
-26519
-2754
-7043
26777
-28615
27957
7475
28398
18123
-32598
24002
15313
-17437
-25371
-3993
28151
15925
4663
-18459
-4825
20128
-3122
-10159
-9725
-5334
-4691
-20984
-19909
12808
23810
-19363
76
20559
-17666
32634
23092
4492
13224
-18762
-32671
12041
16069
11626
23888
3785
-10354
-24989
10210
22702
-13537
-25366
21031
-947
7866
-16456
-23837
30551
-14838
19819
8293
113
20054
12525
-15027
-32440
10647
27383
-3618
-29865
-17392
-11484
26159
-8820
-14445
27579
-21935
6950
-12090
10815
29550
-15408
-5770
26950
24718
-10308
-10315
-8272
29505
5997
-4143
9101
-4338
3212
14810
-20784
22214
27688
-23373
-23912
24120
-15802
-2182
943
-28051
-18621
28829
-23583
-20113
24745
-10834
-27594
31679
25727
18103
17861
26965
-13282
24301
8183
-7004
-21026
-6993
-20958
-11133
26882
31138
542
-2002
-19196
17929
-13564
-29788
-16451
25833
26229
16298
-28120
32303
14428
28363
-24946
8918
16253
30128
-17394
18300
-4353
22144
-1718
30265
-28368
6687
9626
-164
-7204
22258
30326
-22396
-6299
-13314
-11550
-23435
30162
28058
3661
-360
-7069
-28151
7308
29289
29834
31266
17601
21431
-21299
-135
2513
18647
-4417
-14940
-14646
-8964
28487
-23646
-16101
21006
23160
27734
3633
-9728
-26105
-17759
-22361
-1870
11458
10457
5071
14202
-31246
31228
-17368
-555
28307
-7920
5390
-360
-17125
4861
-31116
-30428
23832
-10988
700
-18164
-31414
-8250
14189
1682
5329
-10566
-6580
26277
-20050
25399
18987
-31310
8387
16532
-11592
11057
17398
24291
6164
28864
16617
4186
3382
-6903
-5579
8763
29379
31680
-6409
8057
6839
-23051
24697
-31849
-10138
-5349
-4960
-6705
-16905
-13369
18726
28225
-8294
26491
15764
4089
28973
17749
29831
-16950
-23811
-8929
-10903
-23417
-12914
-5220
589
5585
-19828
4666
25756
-32085
-17953
1368
-9208
20388
-25042
1019
-5809
-13631
-13795
-19654
-27238
-29492
403
12605
23677
2867
-11664
1547
11615
-22878
-6744
-1913
10411
-4396
-7298
-21953
4940
-25742
1508
24638
9938
-13114
3779
25034
11944
-4333
8894
-2728
1457
6988
-12142
3708
10417
-28520
1823
4359
-28830
-19677
28447
-2255
26790
17657
-23837
-30040
-13450
15007
27285
6127
-21297
2308
21891
-24288
-15096
7367
12195
-30030
32510
9077
-31273
16319
1315
12717
3431
-28682
20868
-19685
-1258
12390
16272
6671
-2795
12434
2608
1781
27115
-10494
-11770
17732
17067
-16454
-118
15798
-14783
16444
29050
24978
-29324
-1214
-32503
-1156
-4757
-27070
-20911
-25666
22868
21001
8657
10508
-17354
-5238
25232
-31081
12196
7954
-24057
-23677
30532
24547
16869
-16346
29704
19761
-17679
-28127
-13334
-4596
30049
18608
-3404
13638
-22021
18253
-760
-20966
-18870
7439
20715
24095
10651
25006
-9134
12327
10596
12242
-23646
-32195
-29182
-7903
-26302
-30908
-13826
3089
-29903
-10821
3281
16644
14983
15810
-27710
-30773
-22312
23555
-23143
29081
-22789
-13985
31703
-21408
7848
3233
29238
22858
14399
13089
-28266
-30758
3120
-30338
25142
-20155
-12033
-11065
-18904
-21813
-4326
13863
-16572
7434
8829
-11534
3582
17457
-1569
4957
18591
21291
30315
28169
-32008
23613
25618
-17806
2454
4584
3760
10901
-23394
-6759
-31234
-2719
-5043
-2129
3948
9561
5862
11713
14468
-15143
-7705
-30112
-6090
30799
7740
-30461
-19599
-20709
27545
13107
22486
-7862
-30813
-16321
26345
7990
23143
-9546
23733
-15749
-31720
-18508
-1640
-11002
-19499
-22776
7138
18835
-14424
-1674
-23171
-27185
2345
11351
26282
-360
30888
4374
-14346
-21873
5567
-16659
-2747
11054
-20158
12925
-12684
-25684
-27026
11046
19922
-15073
13028
-28491
15442
-9609
16287
12687
29065
-11099
3770
20
26725
22502
-26968
25770
-9829
29880
-24702
19523
-23353
30385
-22057
-20367
-11967
25829
-25166
2389
-23547
-15662
7064
0
-10645
20903
11144
843
-7508
5764
432
-1514
-20103
-2635
25318
-20622
-25153
-25355
-8877
-8323
-24186
-17297
-23965
29832
17097
17059
32705
-27095
-20865
-20686
19775
-28735
-7455
-26346
5276
16296
-21218
-5847
-2021
19978
-25007
-4924
2422
8621
-2426
-1842
-11851
-4735
-28088
-802
4779
28893
-32712
-153
-16972
-13789
3134
-20153
24013
8322
-16328
-30748
-3772
9296
-18946
26906
-32411
-16994
24627
-22170
26945
25874
31444
-19504
29710
-9545
-13129
4755
-30771
10588
-4125
-479
-9647
7236
-16793
-19795
-24776
-25615
-25109
29942
-18494
-10910
20316
31778
12210
14711
-22593
-28343
-18286
-27449
5288
10672
-21615
13699
31485
-19507
-2807
-9554
-2209
-18731
-13945
31160
-11475
-27064
5444
-91
20498
-19866
-15329
1681
-22713
19526
-28051
-24807
27218
25186
6623
-5066
23079
-17700
-11672
-25292
-10146
8985
-18198
23430
12289
30334
-29352
-9915
-7377
-407
-6820
19970
31504
-25163
-18013
11747
27047
24110
-13841
-23053
-10843
-30528
-29183
14842
28944
-29197
-16956
-27919
-24872
-15478
-7211
17729
32021
32153
24590
16442
-19288
8296
17137
-7827
31634
-11294
10222
14339
16936
-20199
3543
21495
-19674
-28762
-18457
-32595
-6679
-14194
19179
11622
25322
-24326
19729
16458
252
-29551
43
-27353
10630
-3207
31996
-26167
12829
-9997
28345
8537
29444
-32560
22189
-26514
-17062
2229
24210
-4880
15130
24347
-4365
14481
-23542
-10440
24308
30275
-3558
-21114
6209
26609
28623
1082
6014
11780
5471
-14685
-17270
32398
-31561
-9090
-22238
-3007
23354
7617
-2006
23976
10741
1046
-16219
-30529
-28950
-7788
-18006
23716
1580
-21479
15639
5051
32433
14561
-31369
-10575
3788
6234
-17593
6152
16411
-7002
18527
793
-16476
478
-2315
25144
26147
31928
-10456
-21008
-8961
2733
3839
12236
-9974
24048
27356
-357
5552
-231
10705
24014
24855
11550
-23735
-840
27706
-12077
-20929
-1560
15820
11787
29771
-6962
-28367
-15401
-27055
-27454
-1587
-16016
23658
31675
-26623
-15299
27222
26927
16828
-20544
-18935
12999
-19800
30787
10885
-9999
14447
-6363
6387
11993
-9960
25618
26050
1361
-6029
16403
-27458
4661
-11943
-29475
10779
3182
26598
-2908
30734
-3866
29038
-27253
5435
-15780
-20120
-1737
12668
-30860
-26673
-31718
-3612
-838
-3151
-25512
-27364
-5201
11983
8514
-30704
-21720
-30992
4617
-4544
12811
-12923
69
-14893
2795
-25023
-8355
-2849
846
-25771
1594
-13922
3174
-12391
25003
-11157
-22486
17154
-9839
16125
-1836
32597
13314
-19238
4607
17461
23401
-23293
-17934
-2317
-2488
-24296
19405
27730
16332
27237
-10266
-17461
-24424
31939
-1573
-31898
-5314
-308
8909
25149
-5113
-1383
21493
-17396
21814
9245
-5141
17543
29388
-15732
13366
11068
1167
-7518
2077
11137
5208
-17645
8783
20131
-8006
-9997
26138
551
-19890
-9773
-16034
1164
4182
11971
31570
4163
-14376
-10446
-20696
25155
22647
15607
-16559
-31901
12061
-1663
-12916
18534
-15719
-27226
2009
-14043
-18996
9564
-2783
24070
7996
-22275
-18872
-27929
19634
8108
8478
25461
-14306
-10664
-28751
5249
-9435
-23639
7993
19783
-17382
30636
-5923
-26652
3593
18872
-43
-2657
-32071
-6547
-14437
11868
21112
-31521
-20917
23481
-19880
195
-11999
12751
-23041
7992
-10666
-13390
23200
3099
22914
8944
-6401
15290
-19067
5311
17818
-12948
-11431
24867
-16683
3351
-8892
-6705
5912
3542
-14780
-24574
13640
-19479
10563
-20
-31409
1879
20580
-7879
-8944
-16847
-241
-9322
21589
26893
19776
1710
-19964
-21893
23527
30825
-14452
2030
7894
-22442
-13145
8038
-2226
-2511
1169
21079
-869
-16676
-4265
15257
-19775
-6383
-27008
-18528
32640
-18054
-18997
7693
24577
29222
19939
-9353
22869
16732
2990
-6557
-2912
27492
17570
28789
32273
12779
-4837
-24319
13217
2346
-27451
-5605
16167
31550
31753
-3336
21444
-8950
-8475
8384
24226
-22357
19738
-31013
10968
12211
28377
20287
-6322
20971
31458
21456
-10603
31679
31284
7476
-18402
-29847
18260
20449
-21981
29892
6471
12692
-25045
-25588
-11695
19749
-15861
21127
9615
4836
27541
28010
830
11163
-15432
-29394
-27661
27895
-31553
-5228
-9802
-27430
-26270
-29919
-32559
-28805
21137
-11284
9435
-5998
24567
-5485
12478
26209
16495
-32047
-26322
-7212
11232
-7871
-13659
-9166
-10370
1353
9207
-4218
-24106
-11015
-26283
-5697
-29463
-30495
-13777
-9640
22284
31195
-28886
-8989
11640
-22421
32753
475
-16483
-20477
-12023
-27920
-26498
5949
2117
-6054
-14686
21840
-4852
22194
-8166
-21866
-21029
28312
-30514
32339
31574
-1123
-18427
4671
13249
17828
17425
8098
5224
24202
10246
6259
-13242
19632
-3111
-6153
-15727
-13846
-2658
-6152
-15872
8982
-26685
-8595
15013
23749
-3376
10184
24314
26560
15731
2219
10899
-1346
27921
-21555
-1171
15652
-19051
20475
12303
-10353
-24062
5302
24148
28527
-983
5713
21206
-27852
-6395
-16203
-13218
28148
-23345
-20291
8663
19277
-8391
-27143
-26510
-19010
1072
18114
-13519
9797
13913
-28266
5084
-16218
-14721
31348
-1668
1352
-1952
28676
25497
-30050
16599
-5858
20458
-24386
-9371
30104
11870
28198
-15614
11922
-9562
15271
679
-28126
27717
-17021
8585
7581
-30957
15686
5757
8595
-31391
-22623
19021
-3227
-21824
-5789
-19833
-25500
-25507
6978
-19045
28109
3323
6805
11679
-4646
-7967
15196
5928
17632
32286
-31401
25194
-31219
23861
3576
2452
-8590
-17331
24111
6181
-18278
19215
-4629
505
-15437
-19740
-10905
11930
-24340
-27722
-9989
15192
-14242
6973
23136
22897
-27416
-22182
-9437
30860
14063
-7016
-1628
6249
-7801
31988
-19660
-31556
24984
-8329
-30143
-15573
20150
30297
5106
21943
23820
10122
18081
-23996
-10542
18853
-31389
-4264
4148
-11748
26969
136
-12270
19193
21025
2030
21976
-28730
6631
-27538
-6048
-16205
-32366
-10608
22773
15644
21106
30596
-15990
25625
16102
7186
-26940
30746
30154
13741
-8000
4324
-8441
945
4371
-28101
-9736
-18025
-10
-13896
-21480
21330
-23074
-11180
30011
-8476
-16441
-10986
16283
-22042
2025
15914
-4565
26674
-2758
-26831
11083
27413
16361
-32334
-19277
-10208
-5959
13279
-13093
-28019
-22352
23827
-9750
-31265
13641
-6073
9096
4881
-87
-4910
-8038
-19286
13301
-29818
-2483
-20916
-27467
-28127
-4676
-7457
15444
12010
-22140
31150
19168
-25147
-6503
-9039
25172
14373
-27729
13557
25980
-22150
13303
-8536
-26538
-16238
17581
26240
-17943
-11029
-10443
7360
-25915
8746
27714
-26661
1613
-16356
-14607
23555
16573
3307
3147
16274
19668
14460
8848
24847
8881
2671
22286
-2450
13346
-16104
3743
-21346
-4872
21987
2633
28699
9012
22435
2599
1747
-10294
-22238
10748
-29406
30713
31810
22226
29648
79
3546
-6258
-9098
27915
-23272
21633
-23278
20649
28557
-15409
-27267
4632
-32715
-23022
-9719
-16168
-16680
-27401
-29075
17887
11099
-12765
-28780
-31462
22526
-23773
-22183
-500
193
18393
16467
-29521
11845
-2941
-30664
-3459
18906
17977
19867
22531
-27204
-13308
-18711
11864
9514
7886
-14429
13682
-30363
-20413
32624
-18237
14300
-13948
26174
-2115
9827
-32229
-21364
-8261
4099
24789
-15893
-20371
-31441
-9870
-14636
30765
-10832
26292
16048
-32668
-14748
-5283
5383
22709
12194
-18052
6433
-23341
-2471
-18656
405
-7242
14757
-25351
-14725
-24927
-4482
-24236
31277
5731
-28428
22076
12011
-3147
-22407
14883
-29613
27371
-6903
15233
-17976
-23446
-23139
-12018
-22715
12856
30750
13430
14306
-31826
-15893
-1234
26759
-11446
20629
-32565
18173
26600
3043
-21920
32740
18060
-3203
-388
30977
-9284
25780
-8301
-4583
-22424
-31636
15369
15020
22328
22708
-19695
19573
30879
28317
11796
-4223
3737
-24261
16886
-6879
6430
-769
6603
4345
-31394
26759
-9592
23565
-677
22221
19992
-10040
27078
32739
-26212
-6304
-31600
-1397
23534
19727
-19180
-17024
3231
-612
-26107
10145
-17997
19617
9159
31581
-16603
-11634
-11453
7184
5459
-12940
31715
-6434
26064
-25051
19012
1672
-23521
-16578
-21988
10979
-23016
15154
13219
925
-28683
9549
29160
8803
871
-20257
-16812
19530
-566
24269
30527
-13116
20282
-21430
28861
-22715
-13774
5419
-8395
4164
9222
6956
-23809
7001
23701
28903
4150
-1974
1102
-26276
-13410
-23904
20350
6039
24833
4561
-6034
-18976
24908
-7110
-19124
-6892
20926
-19495
-10834
22991
-16203
23079
-16299
-31362
10969
10927
-9089
10962
28648
21323
-10694
24756
-10103
7735
-29810
-4512
8899
18050
28188
585
3472
30754
-1638
-14212
-3298
-21010
-11096
25096
-16411
-13963
20837
15361
24369
1754
8062
1947
-22087
-13358
16451
13296
-30287
-21919
-26144
11683
-19239
24470
5269
-26898
22193
17073
-3429
10048
-3196
24466
-28259
-12317
32583
18720
-26154
-14762
-13485
-22925
-26819
13447
26453
-1996
32003
25322
31486
-25355
5866
-31234
-13880
26644
-10336
23075
389
-3699
-24456
-23466
-23003
1249
11500
4961
-11311
16913
-786
-27736
-10592
-835
-13664
-5132
10311
-25867
-25338
-7506
4634
-31875
8664
-1383
-13879
-3235
14784
12326
-908
-28454
29568
-21308
28986
-21805
18529
-18536
48
-9512
-20932
22948
-31964
5416
10647
-2150
-12795
1965
-795
961
11776
-27886
-29334
16625
15170
12867
-8076
6397
-7973
27140
1297
-12233
10142
-19413
29150
-19424
30787
7919
20927
-4496
-3292
-8465
23693
30371
-30661
24849
28700
-25865
-28876
-25633
28149
31488
31634
30637
-17272
-9534
5674
-19743
-24677
-14821
-23468
10872
-4896
-30118
4514
30960
-15508
13735
-32443
-25220
19325
5580
-10908
-8172
-26369
26469
-2335
27088
-8946
7592
-28643
12958
6646
-30169
22973
10251
-3869
27583
31874
-1629
8856
7061
-24259
8924
-5167
2996
30034
28214
12247
1850
6502
-12639
23127
6542
-17676
-3913
-2553
27365
-7266
-31479
6255
-17592
5324
-25003
23160
-15845
-9501
17889
-24569
-20326
2910
19517
1960
13636
11658
15783
6013
5672
445
-29562
-30409
-23750
25825
-31539
-6244
-4772
21265
24965
-22592
28193
15486
10058
-9081
5066
-32705
-2087
-10256
-25750
20867
16043
-27223
3924
-16331
-25334
-20991
17448
-16101
-2715
3973
9105
-26845
-29204
-11008
30856
16880
268
-12537
-32519
1381
31762
-30808
-26063
-14549
18037
-3985
-1043
18952
1108
-19861
-8615
-886
24121
157
-13561
10782
21356
-12913
-7515
12664
10036
-18062
22360
-29929
20215
4208
32129
-527
7583
20771
-25601
-9844
27619
-24218
18625
-14178
25601
-10696
23447
21323
-8025
3860
-3092
18753
-10083
-1316
25706
-5178
-7640
-5826
5924
27655
29518
-4369
6165
-26587
-31695
21659
11240
-593
23111
-8948
-12366
14445
-9974
773
15217
11584
1866
-12852
4536
-1113
-3
-21093
-17497
-19093
-12608
-10003
9314
29512
7590
23937
-31148
12887
-10998
10741
18635
-17854
-3418
6792
25742
28817
-20390
-22141
-17344
9133
24053
-12579
-20465
-23858
-11154
-12110
-15059
-26357
7192
15963
-31157
14889
5582
14316
-31243
-25992
-17822
-3086
-19726
-27462
-27148
13481
-12226
-27966
23655
22209
13428
2572
-3218
10825
-22663
16310
16200
26843
10854
-13416
-10190
-22788
27172
15493
32415
-27141
-28809
-3060
22527
-11658
-27407
-15652
8489
-14389
-20871
24100
-20856
10343
-4596
-28507
-19789
-26347
-2949
-8610
206
5423
16597
-31451
2468
20530
-15291
23919
-27514
-6669
-4758
-30492
-5035
-29580
-15267
1684
-12714
-2610
-15300
6347
19120
-15369
15896
-24978
29314
-20415
17167
1957
2873
5301
19162
-8436
30357
-5333
3505
7489
18885
13967
6515
31715
2950
22869
12408
-7818
1911
-8959
-5927
-27033
-21643
11070
29097
-21444
-3180
3253
22831
-4009
-15335
-8971
7208
-18613
-15355
14204
13025
-10220
452
-22087
-4397
-23245
-18548
20817
-17879
-22573
31556
-10063
-15881
-26060
-17785
11382
29254
-19928
-4328
5122
-23139
28580
30535
-24801
-14420
-32416
-1487
21482
-604
11730
-2108
31535
-6986
27582
-13636
12689
28251
18036
-2413
5216
-28941
11297
7639
8757
-11203
3897
25904
-24223
-16613
14469
26192
8686
15249
-10774
14761
-31561
-3859
-4195
-8695
24710
17824
17387
3756
-12232
-14239
10676
-29933
-13419
-19700
1543
28295
-15674
18846
-335
14536
19039
-6251
-25408
-483
-2780
-21109
-26312
-16173
-13012
-25603
-30024
20391
-29766
21899
-10870
-8691
-18827
6443
29105
-2058
-5181
-3471
-6344
7756
3286
-10573
-9087
14583
-2613
19284
9016
18239
-22512
-12134
-19723
12377
-16586
3530
24314
-8371
-19423
3091
-631
-570
10554
-7811
-22833
-4245
-11006
11928
17286
9252
10475
28359
-8490
26624
-18753
23989
12832
-25266
-18545
-21343
-25314
-17228
27901
31522
-3773
16953
9060
-15594
-31409
13370
25904
-461
6829
-147
22974
15634
-29729
-10726
13373
-30794
-769
10100
-26939
-3750
26586
19673
-32609
-30703
-4439
-16223
6764
-12593
-19404
25746
30971
-4123
438
5616
-21470
18765
7899
-3369
5860
1471
20721
15247
18821
-7684
32721
-1262
4685
-2755
-22134
9150
-18991
-28703
19191
-31521
-4434
1981
22092
29724
-5420
8213
26705
-14616
-4196
-6541
-10103
23728
-23127
2632
-18048
32196
-19548
-20848
13681
3020
9999
-10313
20134
-19504
-12175
-5348
23165
-21839
15901
-31101
-27531
17845
15350
-13399
24512
4468
31388
-14961
5870
-26770
3159
-18801
-15304
1854
-26737
29184
-27999
30297
31370
19920
22744
-24059
-17812
-5866
23125
29265
-4968
13430
28354
5188
-25349
13230
20160
-32297
-30263
20632
18503
1468
-685
7041
751
15982
-1791
14113
-13124
-32343
4882
-24044
12729
20999
-2911
20037
-3372
27265
17987
-3130
-26110
-23777
7518
-6781
-30867
-12716
-1255
-31523
2970
1835
-24130
-1379
-2634
31185
-25703
-23293
3017
15373
8099
6852
-14812
1156
7692
-28396
16871
-19599
-27267
-18168
-18917
-29051
8166
17294
8951
-14495
-26997
16209
-16052
10907
-10091
25660
13120
577
20221
-8270
-9912
1913
-22167
-15889
11578
-4522
3385
-16584
-12724
26567
13502
-18896
22804
-15511
-7245
-13131
30014
-29283
-4002
-15878
18712
19764
-10099
8310
31201
-23905
-21466
-18510
23178
-6416
13457
6656
27662
-26754
28016
-29986
-25225
23959
24093
20518
52
7033
15851
20971
533
-25309
32018
10129
-28637
-27458
-160
-20087
-12710
-24592
-31390
-22631
18856
-26811
-27652
19685
-16172
2629
-23954
16525
27545
16955
17754
30086
24645
20578
13236
-15551
-15621
3908
19863
-4309
-31206
18200
-357
30634
-1927
-10665
-7008
-4173
-9660
-18311
-28154
19349
-16146
-16915
3273
26894
4755
-8755
8391
-14612
-4068
-18296
19553
18986
-8951
32438
23823
28911
-7786
-9239
27971
26298
5878
23435
28900
-21281
-6585
-24538
-15639
-4723
-6807
22574
24837
18077
-12537
-7937
6152
14583
-9130
-4308
-9896
-27065
-6911
2545
12790
-9389
-9414
21729
-17739
-30667
-10912
2784
18020
5190
2110
-17466
26743
-698
-24792
-24809
-1601
14009
-31788
12330
-28094
-25339
-18837
16641
-5923
6481
7631
-27195
22371
25301
-12498
4317
-25682
3905
-16527
-20531
2319
-10341
-21063
-29670
29959
5204
3012
-26998
-8491
20006
5548
-8721
12770
-22564
-19992
-29624
-5581
-579
2568
18064
6791
-21319
-25409
-4240
26666
29909
-12703
-13133
2568
28824
-13456
22717
-5356
22074
31639
-27576
-2205
-12866
-7345
-15074
-9623
-5762
31778
-22647
28496
-26459
29347
27173
10028
-27415
-19772
2650
-15692
-15747
11367
-15708
-17155
12427
30955
16642
16144
9975
-2303
10083
27756
32543
-30322
-15680
-9669
-30850
21640
-3824
28829
34
6465
-24097
22966
-31872
-18119
-12606
12971
-19953
24081
-7023
31617
29346
-15044
32013
340
11470
-31205
-24754
-32004
32146
11921
19988
-8067
-27836
3062
29175
28464
-6368
-18266
19541
1483
-31364
-17505
10051
-29095
-22619
-16059
3816
-25200
10315
-6327
-7984
-8720
30556
13174
3405
30918
3261
8242
-28097
19997
-3034
30074
-12339
-27997
28739
-7806
9474
9736
-535
22274
14888
-6978
10934
16274
-7507
3603
-20162
-17922
-24577
-18738
-10830
-28303
-27406
27638
-26647
25996
12347
-30589
-25060
-18089
3379
-31808
-15439
30953
7818
-19333
-15085
-25964
5889
23335
-1138
-4573
28734
-9369
19449
23862
21160
-22389
23397
-2970
-7315
23215
5482
-9660
-13077
27529
15706
-16068
2409
19143
-5408
-30442
-13848
8399
-21844
23587
25624
-1858
-30316
4896
16727
-15578
-32095
-29565
2728
4300
-3226
-6440
25536
-8749
19772
28947
31513
-14412
-21981
-29815
-11740
24625
-5655
-32281
-30911
-19904
32474
-4645
-29246
16340
29529
29704
-6988
8340
13591
-24276
18887
20333
24381
-32220
-12246
1757
-1724
14219
10673
-6042
-31060
-24368
-27711
11223
29044
-28385
28575
-4114
3038
-3140
-12331
5588
22816
31622
11155
18185
17655
29806
-31891
19994
18155
12322
-30859
-29566
-10228
14863
-11201
-23693
4373
2802
-13745
-6035
22639
-29391
2476
-3988
-29816
1326
6038
-25481
-7028
16311
29273
4756
-7151
15299
-3316
13263
-19387
-20127
-28158
11931
-2497
13212
-14092
3787
-9770
-10877
28929
19384
32716
-6117
-18421
2342
-20474
3613
-24504
7476
28045
-13748
28735
-18826
-1554
-18322
15521
-465
-7751
-8430
13350
4870
-27607
11849
-12639
1162
-11395
-30797
24618
4207
-31728
-31311
-28190
-23573
16514
-12253
-29953
-11944
-26568
16690
-17406
-23511
-2822
-30179
2439
14309
-504
-16317
3661
2994
-26722
24401
-7053
-26875
1620
19883
4190
-19893
13053
27988
-20223
4659
28471
-18663
-3598
25174
331
-15273
6274
-8121
-15520
31166
12159
31368
-12872
1368
-13379
-24626
7304
587
-29628
12919
28821
-15522
19394
-21282
27438
-28172
-32411
28949
-32406
31453
-13778
7136
-17601
6024
-32209
31535
-29461
32393
5737
27297
4827
31212
25514
-5282
8814
-5000
2803
-31673
19969
6642
-31892
-17376
-31021
19926
11491
16547
26046
-18235
-8778
32725
-1023
-8339
12866
-23785
-13582
-21170
-19131
13605
-9009
-15581
-272
26654
-25811
29734
22252
-23214
-2600
-32235
-22412
-19229
14955
-11854
-4691
20377
9115
-17775
5604
-25094
-14484
-14623
19833
-13565
-10675
22052
32761
-2797
-13123
-1631
26746
-25598
-3820
-7490
-14966
-13808
-11438
5809
-29928
-29586
4057
-11263
-23336
22499
2901
-24029
-12609
-8983
-20015
-24112
-30793
-15133
-18503
21540
-20489
13325
-25503
-25745
-9739
1947
-28065
-9486
16143
-32642
31045
20483
2414
-5678
13398
4840
-2317
-3979
110
-19375
-21287
-24721
-28062
-28924
-25119
-9503
-21892
-4822
30113
13453
-22770
16962
-4433
-31032
17552
20260
-3249
30338
29332
17295
27997
-32324
13571
-11242
27414
4892
-22582
-16805
-17870
-20871
28426
30765
-11271
-24513
4971
1607
25944
-32726
-15804
20583
5143
12918
32259
31171
10948
5292
5363
15917
-11660
-28242
23407
-20650
-10781
-16984
-2436
-607
-17786
-11523
-10146
22629
-18015
28238
4464
-18784
-18014
-11084
-7803
22546
209
-20559
12413
7374
-5081
4349
15727
21165
11347
4900
-29519
10668
26722
16481
25494
-30595
30284
-19988
-16152
-30687
3662
21418
30870
-3723
17400
-26584
2208
-25811
-17256
-26046
9776
-14668
-988
-19162
29849
-9463
-13751
25196
-27513
-28503
7531
21898
32653
9321
11726
-20391
-3218
8439
15740
20365
-23730
12290
1694
5864
-11154
18300
-4508
14755
25278
26767
30853
-28502
-14313
-27118
-3478
30353
-25291
-4342
-11620
-24462
-14539
-15609
-26470
21166
-22196
29504
22290
-31961
-7594
21055
32342
-19453
-17396
25814
-24182
-25033
6005
25054
18237
24210
19483
-30230
31078
14572
23595
26955
20987
3820
-29314
17101
-10638
27351
-24501
-4680
-31526
-7648
22641
-5629
29374
31044
7632
-30345
-22121
-3559
1109
-7905
30923
17650
-8311
-7093
28523
4678
28321
-2321
-21637
23193
2778
3848
3752
20069
8345
20332
24323
-1571
-28544
14981
3207
24177
-5351
6260
-10096
26112
6831
3347
-13665
-20422
7267
-6588
4787
-17832
32149
-8754
796
-4714
6664
29774
-2731
3324
27880
14333
-3629
62
-32097
19220
-5091
8437
26504
31591
14466
-7434
-28264
27536
17334
14388
-27715
23602
28182
-28308
-14004
7170
19795
-2869
12267
-22117
-3255
11282
-8521
6539
-26082
29849
7225
-28283
13176
27537
-15081
5127
18677
14499
-10169
26336
-21357
-28550
-23820
15480
-14707
-3279
27025
-6331
3832
18822
28665
21264
6209
31216
42
-7266
-2448
5601
-5461
-11557
19805
-27622
-14620
-4602
21266
-19284
14356
-7001
27763
-24957
2872
18460
-7764
15568
6080
-22727
25495
-1683
-9983
4775
6082
-18312
30109
-833
23881
-11387
-22813
14797
-18626
-17945
2494
11662
18210
-26738
31467
-19167
-20157
-22610
-1432
1887
-10568
2626
5751
-29012
18392
8031
4440
-27639
18880
26535
-31994
-13621
24556
24365
23282
-16265
12654
-9651
14777
-23284
1405
-493
8279
-5107
-20102
-24422
12397
-8933
26471
29505
-21560
16551
14026
31383
-3989
-22713
-3920
29732
21815
27701
-11545
22576
-8128
21200
-11910
16042
15347
14836
-3903
-31835
18177
-14568
31034
-27421
27484
16695
-26636
-11428
2534
3081
-31359
4522
28691
18832
30011
-11428
10306
17250
-21835
20515
8172
-28502
-26669
-4380
25635
-16614
-6
19321
-6730
-14425
-1549
-4468
-18923
-811
-10759
8405
-30309
4716
-8644
-27518
-13321
19853
-28382
-1916
28102
-19744
9254
4913
-4951
-19761
-23306
-21537
27121
-2787
22105
8980
2595
-17702
20620
16772
32343
-21237
-31083
-16328
-4679
-19818
21568
16225
6046
-9611
9974
-16789
11152
-29633
5797
-20830
-24572
20862
-4647
-19543
28313
29577
24599
-1148
7050
-23328
28359
-29020
-17813
25848
-26048
-12573
-8054
-24371
-30286
-31364
-7222
-18306
-18548
-23218
-8336
-25526
-28758
-32246
17539
-9723
-8746
14686
-21720
30465
15082
-21346
-13229
9176
-30845
875
8353
-27688
15111
6229
-27692
-4017
44
-19103
-820
-14144
7327
-20106
-31904
4127
-4584
-22879
4382
-987
-25844
-696
-8336
-5481
-14898
3742
-12886
1615
20340
-3455
29768
-9084
2747
26605
-4684
-32005
-15809
6820
18368
-12203
-21919
-14892
-4143
18370
18110
9284
-24944
522
17904
13361
-6994
-11301
-13877
8702
25783
-20257
-7622
-11774
-26852
-18732
-14227
8229
-7267
-5097
26472
-20515
-31726
17795
25488
-1314
-24773
30473
18984
-27116
-560
-4372
5897
10745
3308
1576
-26192
29450
-12263
13968
24032
-2577
15207
-19216
-18992
32198
20267
-26560
23871
3994
1793
12937
6203
-18381
-11642
-14382
6985
15505
-22450
6946
13080
-22629
27244
23429
-24081
-3420
608
-3275
17979
-19315
16938
-32504
19607
12655
28473
7404
16521
-31045
19372
-14755
-22096
-27095
-8512
17327
2238
-6380
-23593
19298
-22547
25986
3915
-21158
-26718
19500
8075
9330
-5419
-30652
13435
-26211
-21994
-7890
-18567
-1892
2523
21779
8355
-29692
-8806
17
-5786
-13452
-26856
-10960
-10724
28889
8254
7239
10499
-28305
21086
1468
-3966
16535
-31060
-16907
-22926
18911
-3019
22974
-22226
-4071
-20244
-14350
-26731
-24915
-24858
6511
19553
22796
765
4150
16128
-14623
19766
25546
23711
-28576
-14821
6073
-22695
18886
600
10312
-6788
3486
-24164
-12296
11305
-2084
-26305
19929
4975
15162
12773
-24302
-7382
2573
26695
-2966
-13071
-27385
-29776
32229
-2796
16264
4668
22857
29568
12033
-19916
19421
11652
26007
-8444
20505
8978
25733
-9149
14935
25213
-21886
25778
27609
30610
30603
-28135
-32107
13606
27056
-19165
-15168
12996
-27922
2565
17821
-13705
18305
10986
7610
-14394
-21155
-13692
-20427
12618
6232
14549
21000
9287
-15138
29879
12670
13171
7944
8765
6761
21340
-21944
-26037
16717
-32734
436
25858
20667
29999
-4080
7514
17619
12657
5657
-25199
30906
22213
13757
19957
31705
12110
-5521
-31067
20712
32569
-679
-30389
-27116
26889
-996
392
19687
-7213
-17808
-2797
1625
13060
25365
-8834
-13957
-17391
-13872
6111
-1693
15785
7515
-7430
-13253
32134
-32279
29391
-32633
-13529
27292
-21953
2460
-11986
28758
2161
-6955
8396
-15583
-10109
19775
-25402
21295
-1219
17700
-11894
-25192
-21145
-10983
14323
5533
3337
1704
26126
11600
19085
4930
6067
20251
29064
-23604
12480
23844
-27220
23496
17476
16540
8515
-6257
2598
-4744
5881
-16499
5311
-18165
-30099
21854
9116
-717
-25689
22072
-424
-12382
4931
30445
27573
4338
-29236
-32715
26966
-5456
29496
-9968
27193
8620
-20947
10408
-9280
12319
8515
17510
14337
-21205
-32162
10917
-17233
-3371
24738
-23433
-21723
-15679
7656
-15186
19108
16904
317
-29055
17948
20464
21451
9205
22741
-26762
17171
-20352
-26455
-31825
-17925
-18309
-26138
26672
-20577
25484
-15370
897
10893
-1
-11232
-23440
-25230
-21479
-8260
-8569
9391
-2631
5300
-15649
7544
29436
-20750
6525
27334
19468
17588
-2222
4623
29929
4460
28572
9011
-2674
20243
31311
-26992
-8330
-13391
24316
-19683
31868
-1136
1871
4779
23055
-28660
2064
-5556
-19474
2266
28415
-28705
11936
20904
30499
-18685
2665
24232
-9390
27992
27595
-28668
-25909
13946
-20303
-23160
-24781
-15890
-4213
-13777
-5881
3251
-10649
3297
20592
-13555
12402
-6602
-279
13663
-25467
31993
2200
28198
12971
-31845
811
-23990
15296
29126
13717
1888
23204
24297
-31568
20014
-26136
18307
6982
-14818
-14450
-15179
445
1897
-4038
31473
4243
17187
28909
5559
-7261
-19580
11319
9485
-11832
8082
10186
-22080
-11791
-13046
18646
7938
-1788
-30312
5271
-23906
8982
-2169
8552
7838
-4497
21242
-3082
-26945
23941
-6865
25829
-21801
23553
26083
-18512
10088
-4534
-11597
-12645
-20123
12393
17233
7538
28604
-29422
17335
-12312
-3541
20008
-5607
-25193
-14047
-3675
-7389
15397
9275
13125
26087
21323
-29633
26709
-6718
-11546
-3707
23341
-17744
-7470
-7022
-19640
-21973
-24982
-29480
-668
18597
-3547
24647
25991
-1113
-14627
1881
-20452
-20484
10552
9753
29109
18071
13771
17418
7481
-24065
-4468
4206
13145
-6490
17046
-22383
360
9060
-15389
-19551
-13647
-5012
1763
-19149
-17197
16351
19669
27941
-9973
25679
11049
-1911
13317
-28593
-3473
30123
-22738
-7691
9450
-9715
25189
18967
28162
-28498
-32076
27593
26333
-12085
-12903
3405
8154
27278
-1464
-22968
-387
-22540
5576
-30462
-12336
-28321
-7263
-28851
13981
-14974
2182
3399
3093
6113
-6343
6139
26756
9195
-5510
-5754
-14641
5383
-27979
19177
-21601
-3583
18395
22069
-32755
-25321
22710
25858
6493
-21260
22988
-3098
24398
18465
-706
-30385
-3238
9575
-8307
13477
-1074
-3719
-15724
18782
-5722
-20643
24315
11838
19819
-27389
-9319
-29689
-1729
-22304
-7298
-8792
-766
21863
-24430
-21964
-19317
4175
-11856
-10338
15926
28889
22528
32249
-9835
-6921
24238
9847
31501
17246
-27883
927
26387
-29555
32452
8212
-28354
12386
28958
-11360
-12813
25079
26465
7127
-6827
24444
-30783
-819
6737
23378
-23923
-21489
30316
-4516
26897
-12996
-31485
-1112
15872
-30392
14224
-5526
-25254
-32081
14761
19496
12181
-15746
22853
2866
-23952
-11721
-21873
-14067
21970
-21887
15816
-24380
-26952
-29255
-9695
-11730
1135
-29381
15804
-16138
21706
-4138
21242
30006
6901
-16902
-26617
-1627
-32396
29754
19664
-23754
-29268
-7608
-14787
19383
28154
7720
14220
-23242
22268
29561
10262
21382
19349
1082
13835
8518
32738
18790
5677
9764
-29449
16089
32746
14589
7918
-8025
-2061
-22075
31060
-12170
-5649
22514
11217
-20457
21317
-14878
29186
-1335
-2379
2278
6572
-6718
3507
-8099
-5867
10488
-24852
10646
884
-32269
-6122
24106
25969
-1962
-30502
-14182
1009
30996
12116
-9642
-25039
-7590
-23432
30771
-4009
28721
-1226
-9494
4761
-29764
-10976
19832
-2766
-10971
25997
5619
30594
-3416
-4307
-8630
26707
28418
5363
5953
-29663
26725
24951
26903
14755
-29234
18391
30411
-3476
28859
28635
3380
2641
-23837
-16770
4141
32552
16410
20571
-15135
1135
-26618
-25170
-12922
5877
-9646
-30996
8700
22062
-23701
-11050
7108
-17918
-1394
-13507
-10743
-21564
-29516
26093
-28318
26308
-11076
-11709
-12920
-15597
4141
-19550
-26880
-24376
3241
-27962
13654
24237
12591
-20865
-30003
-15570
-14911
-11386
-28698
-28230
-3413
-6980
16885
22843
14873
2565
-26154
17809
24799
6996
23513
-11482
15778
-8511
26601
23199
8963
23887
22269
16512
-14001
-30210
6670
9380
-3268
26268
30516
-32650
-20153
-22718
28332
29646
-21700
26167
-1780
-28822
-534
2787
-6893
-3909
-8762
-25377
11688
-13153
-29872
-14225
13638
-16421
-18201
28907
8547
4264
25377
28310
21894
3847
2903
-490
-11004
-737
19903
1167
21509
-26764
-32229
14050
-30059
-12479
-21958
-17349
11533
-12904
-136
19144
3021
-12184
-28381
-3546
-13749
23360
-2248
17225
-784
-11979
-20943
27617
-22719
-5226
6707
5579
-4722
6976
9678
8684
-32068
13034
-28384
-21817
-17215
15161
-25611
12016
-32175
10734
11192
-19773
-1626
-9666
-5827
-18398
3309
-3596
13670
-23107
-30246
29178
12678
-10478
-5663
31732
-21887
-8539
5317
-18208
13799
-16420
-23578
-28189
-23304
-2978
-12565
22755
-10546
20134
-25010
19210
15707
-25407
12163
-28083
18767
-12900
15299
-14862
23337
17920
30143
8204
16360
-23890
-26769
-27351
24664
2191
-3045
5827
-3512
28037
4221
28268
-17
-5190
-24760
9272
16657
-5626
-13732
-5829
-11243
6053
-11134
-5118
24638
9308
-10462
22588
13376
22024
1142
-21942
-25387
-9756
31696
14468
5565
-3079
31367
30886
-13598
-14724
-30685
12178
-22189
13776
-20794
-2052
25073
1011
-5768
-25726
-5896
32435
-7233
21609
-8189
-23464
-13144
-16898
17249
21888
27025
26241
27393
-29966
8460
-29732
22990
3246
-14326
-20061
2343
-22670
29439
-12486
-20007
28641
29633
-924
-27845
25164
31480
-11257
-10233
-22659
-29742
-4596
2112
-16993
-30240
-6801
28693
11996
-14818
28519
16924
14460
4368
-5265
-8102
3471
-12864
1452
-880
5871
1091
-27993
-26384
-2311
-7829
20272
15524
-8850
-27769
-17099
-8714
16410
13192
31406
-3163
-642
-18411
-10904
-23971
-28411
22274
30398
-9781
-21539
-25125
-24990
-21847
18853
-1097
22278
-19216
29537
16602
10147
-27676
1523
19722
11953
12490
11555
28408
1053
-16765
-15097
-20314
2196
-6494
-23175
-10371
-15450
-22801
6333
7105
22977
-2089
12046
17549
27794
16867
28038
-18685
53
23922
-11631
-19145
14129
5755
-4499
19126
-18052
30768
-3016
-28559
2013
9156
-20619
15722
6287
-24807
-22122
-11823
-18747
18484
-6375
3163
-18410
6698
6828
-11217
-31520
22926
-30241
5015
-27891
-1441
-6939
508
-29619
-20710
21202
-26054
15246
-12445
-6932
10367
-10002
-19090
1675
11926
-357
-377
-17521
-22691
13751
24584
-30815
12873
5724
11943
17468
-15358
-1339
10128
27185
-21122
-2699
-23774
593
-9169
9633
-26366
16978
-6206
-31075
-20914
-1223
668
-17320
32193
-7777
-14945
-4036
16923
5551
-18215
-5432
-2794
-30600
25456
27360
16551
21730
-1222
-5431
16454
32477
-20081
-26330
-19386
21134
13672
28713
6885
-15230
-27255
815
-20892
17958
3223
-693
-17867
1497
16095
-32727
-21840
-29098
-28249
-15886
27757
9179
5216
-9326
32186
-2796
-12648
-15409
1096
18861
11846
15308
6566
15453
15208
-3609
-9701
-6388
-21521
17528
9271
7597
-15842
15694
11596
-26367
341
25236
31660
7631
-9628
-2117
27974
-28960
-4791
16612
-1711
14960
12864
-11249
4940
-25379
-10895
31027
20002
24852
31362
26067
22428
-2309
23979
11196
-7051
-10837
7701
-16681
18206
22030
-14063
24008
329
-8387
-27252
9579
17458
32141
119
5063
-4968
16728
4507
8079
-18165
3357
-13434
-15410
-9739
2664
-18599
9038
26563
3881
13794
18980
-7236
-15093
14504
-7331
-1964
13817
13778
-10900
-8210
9927
27139
22672
3764
23878
-31457
6407
14930
27206
13101
-3376
8208
-29944
23070
16977
2082
908
-1620
-13440
-16941
-23120
-29791
-27003
13001
9025
-12910
-16159
14916
30113
25810
-24395
-15605
29114
-12433
25417
-31963
5885
-22047
-13330
-5708
23493
-240
-24722
21877
7601
-22550
-18154
16271
-9027
3267
-8909
-27203
-24565
-21287
-5976
30545
-26342
1491
-16509
-2769
2868
-22015
6635
-20474
32132
-30936
23899
27106
-19356
28623
19241
32563
-2671
11021
-26381
-8776
32253
23286
-14009
-10223
-11277
22200
-6860
17632
32424
-5940
16798
-11332
-3841
13873
-16773
6163
-13552
27304
-10807
14699
13486
11898
18979
28668
-25851
12490
-30210
-5846
-29315
-17285
-2705
-31410
-22393
23024
-19406
-6972
28322
-23393
17733
8534
26925
726
-12454
15597
-1360
-10743
-29569
8931
-31301
-10598
-16863
2011
-16854
-14991
-25850
2821
-10333
-13199
24194
-2434
5653
22812
-17266
-7266
-30804
-16856
31225
-12404
-16210
-18271
31665
30285
5026
7918
15410
14185
-8202
29172
-19144
16247
-12506
-14915
-6427
-28050
-12736
24362
-2268
13510
156
-32268
-28871
-18673
-25155
20712
16661
14053
-27684
29599
-2056
-4378
20975
-6873
-27616
-28772
19862
-29884
29865
-31885
-14031
-18541
-31921
12577
-1616
15876
16012
21735
-32631
8525
-25368
-12704
-24230
-7936
-2489
-19670
15072
-31602
15780
-15803
-3673
-10401
573
12049
4895
-22863
31458
19049
917
24533
-10637
13100
7166
28000
-21321
11844
-19545
-10957
-20074
-22335
26171
-19235
-20898
-19566
7952
-19253
-6776
11662
-10398
-14689
16925
-20864
-18663
-14959
4179
-30955
-6938
-2679
-6987
-21398
19645
18476
-135
31918
-11559
-19037
-2952
21319
-13199
-25865
6541
8722
24413
9211
-5541
17903
-32413
25113
-24917
-19927
-4835
20622
-29796
17844
-32445
15339
16087
-19368
4464
25820
-5376
-3797
10194
-5358
14508
14385
8519
1825
30809
16960
-13896
-2758
-22101
31308
16943
-12798
-28899
14315
-2291
24282
-8687
2513
-12190
-27990
-32653
31029
-18583
-29906
24665
32517
-4227
18257
-26830
-23343
-14373
-28914
-23393
2362
6555
-21604
-9979
13473
-14913
-8741
-15207
18937
-10208
-13189
-7824
-27303
17832
28165
-14015
-15218
-10548
-9737
9933
52
-24875
-18322
-13947
-8516
10925
4493
15549
-29447
5355
-4578
6053
-5855
-27934
-1
-9160
-1662
-17432
-18767
-10713
-27701
16140
19371
-12667
22288
-24041
-22989
10152
27768
12528
-8859
29157
-19792
-5541
9808
-21376
-30901
13733
-12797
25856
-10603
13149
28377
-27766
12454
-23300
-6226
-291
-9891
20955
6307
14332
10469
23127
-11337
-3091
29237
8543
-10627
29805
-13429
-24279
6181
16371
8422
14352
24045
-11920
-8091
19268
664
-6659
182
8193
2057
31962
8791
29885
-7307
1466
13160
18088
-18221
30892
-25084
-3206
7197
-601
-1837
-23294
-1866
-20869
-27220
7066
-31249
28152
17595
21237
4492
-20135
6793
1263
-1929
-11060
31995
28356
-10287
27574
-30302
11863
-2891
-21321
-2162
-7033
11098
-31618
23331
-23739
-1008
-925
4570
14741
22715
24948
-28563
25473
-9706
-29386
-24428
-5956
-12304
5618
279
23604
17335
22053
6873
12049
25822
-1194
-6038
21988
2133
-26713
-21672
-3232
-28726
-21569
16702
-31428
-20894
-2671
19007
32112
-22266
-32643
-8723
28408
13367
10519
30125
-8838
-11329
21601
32152
-8941
-8672
-27076
32579
-11469
-3049
-12281
-19735
30699
6333
24573
27107
-12959
4895
1773
-28342
-12954
-17583
-7752
-31704
15517
18609
9076
-30875
20010
-22420
-10952
12426
15466
-14065
-7816
22503
12219
5564
-1517
-26791
4386
-7354
2575
3445
-13660
-15361
-10970
-16252
-11329
28808
20348
19090
-29372
16908
-29442
-24975
8583
-14857
23743
14613
-18267
28213
27672
8779
-19742
31858
-23592
-7900
13956
12211
-2121
7004
-9868
-25570
32404
-25494
13406
16931
-29340
-5019
6427
15374
-31606
15208
-30000
-717
-10715
-5833
22301
-15851
16452
-25420
-10873
-22880
26376
11408
-11342
-15431
27125
22983
23299
10520
7023
29320
-11268
32275
16611
-12042
-19680
-28953
-26547
3228
-24047
-5814
19191
-10123
-1936
-17108
16345
29662
-29288
12044
-27083
15878
-18287
5212
-7742
22589
20693
27240
22757
13183
19469
-28616
24383
24903
-16026
-7641
-9136
961
-25906
-30600
-12958
6352
-17031
-14656
24872
-2469
28255
-1474
3272
-23514
-22869
-4124
14776
3639
25550
13074
31545
-13290
-24352
29312
-25442
-14118
2005
-20439
-3526
6114
-10139
-28160
11151
-20500
-29689
20099
-9438
17241
31476
29909
1935
22848
22716
3570
6778
30170
27594
7305
4784
6647
-25711
28660
-25353
821
7893
32058
-3860
4488
-17378
7733
-28616
18171
-30555
-22520
-9771
25669
19946
-16823
11677
-22498
-8855
28625
-12105
-9899
16720
22742
2690
-26181
-13438
-20222
-20364
18990
-20135
29862
-28488
17393
-16312
3777
709
32760
-25300
3316
-17390
-13703
21276
22640
11155
-26544
2830
-32068
-8680
-31893
-30268
-19351
31938
-26645
-2358
12065
16708
-2543
-5912
-2270
-14506
31721
8114
-4404
-13199
-15282
1129
32736
-9432
703
-31588
16997
26964
6211
14040
3972
28642
957
17267
-21809
-3168
10277
6654
25275
26597
-28069
11653
19559
5085
-30229
-8251
32619
3659
-28096
18156
-7370
31346
-26940
-29330
-23352
6306
-6743
-3104
8568
11217
2572
2858
25661
-24384
30471
-5445
-21182
-25872
-12515
-3159
23564
29142
-27436
-25775
32761
-5809
31321
-3534
-17107
9683
27470
576
9099
-6091
-15474
-1135
2955
29666
-16449
3471
-22577
-17787
-26971
-6195
30302
-5625
30237
22832
-6359
-3486
-29389
28009
-4204
-2981
-10072
-10628
-5461
12004
24271
-985
-31891
-31171
-8818
-23070
-8715
-14114
-121
5196
7011
16986
-9300
2376
11859
640
31721
-17200
-32016
-25969
-8756
-15388
-15847
17229
9617
-10354
-24049
-9125
-7157
29868
-13673
14261
-15632
1723
1842
-16771
-10695
-4860
1055
-26923
-19689
28809
13149
15503
15643
23035
7803
19956
-7135
22939
-28692
5846
-27811
25820
-23353
2195
-4392
-12853
9797
19457
-19978
-23988
18436
31157
-20567
6309
-5771
17085
14889
-24326
-19519
-28919
-17943
12276
9706
-21661
18609
31543
10231
-26883
7705
-17813
-16746
31926
-7266
22664
4860
-9122
11279
-27899
30988
32160
17340
-22096
-27606
28477
17326
7223
-5050
-32297
8451
22363
32213
12185
5520
-12174
-7242
16858
24996
-22014
14850
29865
31492
1703
453
-7876
-3401
8512
10823
20933
31473
-5371
1157
4763
-23567
-23435
6948
-29098
12704
-9351
-17001
7332
29068
-111
-25211
-20575
-32663
2326
449
6804
29229
-9003
13524
-27193
-29385
19164
-5697
9236
6336
16949
-4337
-6684
-2570
2040
-30413
18309
525
-23905
21546
32625
5607
-16704
-9350
-24906
-30776
-32232
-11540
3688
15883
-4090
8219
3024
22318
-22798
-13843
2218
-13617
-31596
8028
4353
-17598
8978
21999
-4030
-20105
-23176
6327
3554
-13597
-7293
10328
-1672
5923
-20127
22351
10514
17996
20230
-17619
28892
13542
12412
-32654
-14821
10766
15120
-17794
23225
-15999
-5530
-569
-766
-1796
15006
-11933
-18780
7581
4602
32056
28939
-10677
21924
-559
-11260
-21871
28198
13636
11136
-5535
-14145
-26886
-8170
652
8076
11491
14983
1379
-1541
4089
16395
7453
-20908
9432
20387
-7729
-31175
12172
768
22936
-10805
-11041
-10706
9242
-27614
5238
30272
7530
-20753
30204
26963
-6535
10500
21021
1491
29009
-25775
-7972
-876
-25259
7089
18433
-27930
30565
-12878
-26534
-31477
-17722
29538
21305
7872
4108
-21945
-29513
-23913
20463
-3984
-14538
3308
-5707
17855
30749
27132
-18623
22627
-27211
-22285
13741
-9718
-23891
-30047
-10762
-20382
-3284
13285
-29887
12150
5276
-25287
32538
-21913
-7311
24921
-1529
-679
-4128
-40
146
-17436
31980
31027
-22448
24442
16009
-16242
8029
-1688
-14174
-30521
-10200
-2243
5367
-3249
-26582
-7001
11879
7432
-32530
-9732
22938
-21206
4360
-29103
1914
-8602
19357
26076
31438
-8980
12242
-4250
-25453
-21417
-24350
32
9346
-29861
-6739
-2285
7407
18073
-3685
-13516
3191
16842
9321
28421
-26351
16856
-23255
-32550
-3467
23390
15103
-17080
-12793
-9408
18690
-3242
27596
14424
-21712
-13183
28990
9688
11581
4552
15694
8482
-13447
-5884
-6891
18752
-11981
-26929
-18373
-17450
-24822
15238
11159
27701
-14299
22205
-5679
-8286
-22889
-16126
28454
8787
9420
2497
23336
25778
-3003
19295
32483
3239
-27690
-10217
-2875
5284
17655
14940
11081
-21413
-4615
13744
13854
-27875
8225
-18316
-29890
-9351
-25807
1909
11668
9241
-16559
-23337
26551
29315
-7367
3631
-11473
16926
-15289
18832
3800
2254
5352
19071
-29
21269
-4504
26225
-6871
20548
3484
-17812
-6893
29879
13386
-29457
20055
22076
-14794
22969
5502
9087
6397
-25678
8658
-17841
-28307
-5271
-15684
7618
5942
-9809
2691
-17357
-22446
30916
1349
-22355
-32767
-19263
-6877
30436
-3673
-3738
13058
6712
8131
-3408
31413
-26653
17357
23693
8050
628
-19749
6651
-13108
-6728
-26650
-12588
6704
-9775
-25826
30622
24258
2212
-11716
28766
-15550
4468
-6831
-5524
1480
-8710
-23576
22404
4132
12099
28402
2156
4142
29231
3196
21362
-30928
19305
-3965
21121
-29019
-14967
-7985
-25891
6337
-24434
-2951
9184
27511
-1377
12844
4649
-21967
-27377
-2048
10999
11462
-29043
24502
-26464
1864
13511
-30850
-32192
-2285
-12696
-27344
-22317
-28101
31228
-23208
-32527
-32708
31943
2787
-31145
-5531
-31674
-14384
8062
16760
-25701
9413
-25672
-13495
9713
-20602
-25399
-26870
12210
10921
-714
-12468
-24699
-6407
18371
27622
19804
13695
13503
-2519
10233
-16397
30261
11476
19637
13050
-6582
-27852
10464
24790
16279
-1342
27308
-13011
14805
-3415
10328
32381
-15752
-26779
-892
-20042
-28176
-31811
23918
28137
14278
-17840
31059
-32378
24516
1412
24183
13487
-25660
12168
30189
-16313
-4700
-29125
2702
19825
-12626
14454
18723
-20222
-16075
-13570
-32565
12180
-4165
-8011
2154
-3436
-4862
-28684
6028
-10296
14551
-13071
-14345
-18638
-24023
32421
-4895
-4646
-27667
25624
-15524
23039
13776
27909
-9261
7797
-635
-25111
-15791
970
11884
13526
4123
22481
-29774
-28821
-528
21269
-4371
22129
-19492
22679
-190
-16783
19479
-6673
25908
-21302
-10407
-12690
-24576
25034
-31207
16512
7323
-15040
15290
9821
-17771
16285
-15656
31023
4707
17556
27274
6537
-17538
27844
-17699
28932
9981
-25220
-13442
9477
-21934
9745
1889
7787
-16215
-5979
-22550
-28176
26836
-2876
1543
19705
-3048
-15594
-11425
7569
19978
-17474
-14863
-24330
958
32484
22218
2399
14290
-7765
-13759
9827
18339
-17482
21159
4847
2330
8696
-12885
17213
1613
-18149
31932
-6459
-14774
13904
1559
-4561
-6090
13496
-15677
-11427
27958
28217
13801
-2426
-21920
23244
16537
-21732
10932
21186
5946
-4603
663
-27142
-13858
11627
-21609
23235
-26964
-23262
27585
24390
-4988
15903
3316
-15614
-29723
-8429
446
-31745
-21154
32193
10774
-16447
-19925
1565
354
565
12729
-5809
-10849
6011
-385
5145
22013
-16454
-5040
-26088
26134
17673
-25847
17941
-11152
15296
11998
-14368
-481
32262
-27111
14268
-3244
-25969
3509
14377
-29731
-23632
3262
-25738
-7342
-21861
-8936
-29272
12388
6253
-31607
-21558
28947
-15067
-30130
-13399
-15217
-12338
20172
30063
-20012
20918
4526
-5523
-8016
12455
-2483
-6446
20557
-15986
652
-12952
11571
24092
4010
-29946
-27145
-18776
25962
-598
-6089
20161
-16255
-11428
784
-1539
31648
19792
-18410
-10193
-23673
32400
-28400
-4835
-21408
29194
-16722
-14611
18940
21323
-20012
4161
22376
8180
-8777
7333
27119
-18362
-2423
-21025
-20888
-4914
-12069
28113
-15137
-6904
22973
-2091
2718
935
-18967
-21626
-3408
-23022
11267
23514
-21385
26047
26742
-4197
24664
-10696
24182
1345
721
-22086
19852
-24859
9054
-22927
-20613
31232
23995
19369
13381
10835
-356
-32277
-25746
21133
22701
-7143
-22949
14244
12388
28905
-16466
31194
-18035
18082
12698
-23226
-17459
28672
-19392
30096
-2238
-20467
-10893
-19987
14090
13001
7673
12225
20740
26614
-20530
-269
29086
-10533
19991
16593
18165
30419
-19278
6524
-21661
-13678
-24259
-12788
-3169
16710
-30532
3871
-15817
16743
30113
8699
32206
283
-27272
-27660
-15929
11490
-26442
15590
18380
19715
-12373
30196
-27995
217
-14135
20131
17602
1685
3570
-9053
-7390
-21567
-7418
27515
-13260
15825
-29495
18711
13913
-26016
-27509
-11896
11993
-29312
21136
2178
-24579
21607
-19183
-25952
7190
17579
28841
-8324
4943
724
-28698
23450
6261
-31444
19441
19282
18764
9208
-13419
-23989
5074
-27097
29708
-26961
16938
19557
3208
-30992
-18536
29725
8127
20928
-2344
18616
-12442
6097
13813
-27256
518
-27936
-661
-25340
-12555
31543
20313
25711
-24968
-27538
25035
3210
20145
23233
3825
-8093
-18854
-30469
27425
-11002
-25092
32514
-31996
-13667
-5530
-32266
-8982
-4977
2280
-10719
29082
25305
7405
10973
22025
-10013
-18074
-13237
14909
-19627
18666
2839
-20603
909
3844
-22855
19250
-23580
7146
7801
-23448
17734
-17258
-4839
-19355
10121
28108
4636
31961
-16202
-1972
-8739
21107
32193
-31567
-8816
-17470
-20459
20782
13221
8305
3511
-1497
-29085
19748
25850
-19340
12867
-477
31610
-19268
-15509
13935
-27754
-6450
-1921
-7707
21909
-13730
-7555
26834
-2814
-26582
-2260
-11340
3236
3147
24692
-26470
30190
22137
22771
-13314
-3519
-17812
-10298
29346
-5126
22581
-29832
-20937
-32000
-26654
-21627
1662
-5600
-29774
13774
-27079
-31925
-32545
19143
-5715
5681
29386
22854
12981
-9485
-22355
20005
21750
-27738
-14705
5880
-28768
19455
-27646
21446
29305
-17306
31191
-21533
-14378
32460
1895
-15277
28804
25003
-5433
-2443
-7939
15088
-12360
14138
-14387
-24477
-2429
-16355
-15180
14152
-16203
4590
-21202
-12567
-21556
29725
21991
-14080
-11848
-5542
30500
-2362
21134
30621
-9587
-8441
-12810
2688
25957
-8594
-9816
14368
20837
-21567
-31675
-22720
27723
6288
-30286
-12732
-22657
-13064
-4540
20363
-16117
32721
-1392
-2483
-15272
3389
-5197
11682
23144
125
-17104
7490
8343
17596
22541
8898
-30788
-19279
-17748
-21119
-12746
13386
31353
-31195
-856
-22493
-28506
-10950
6638
-2187
-10634
-22792
-4014
-19787
13962
16730
28963
28337
12578
28656
-3957
-12311
-17026
1366
973
-20835
9370
27533
-13095
-347
-2482
-30354
13214
642
22230
-13458
14970
-27424
8580
5656
25221
17140
7302
9042
-10465
23025
10960
-8227
22785
-18697
9566
446
-22755
-14167
4043
-26186
-28922
-4138
8407
252
-25936
21303
11840
-28560
18554
-1456
-31215
-30448
-7951
5040
18347
-3358
-31393
-9647
17420
26263
20750
-28802
30340
13774
-8028
-14601
-23049
-1198
31939
-15498
-26354
-23315
-3591
529
-15756
8999
2088
14413
-4895
-20113
-26176
-26608
5218
-20005
19514
-3285
5758
3820
-15469
-16863
32312
1878
-31045
-29734
-8187
32109
20782
25843
29024
26981
-21325
21846
13860
-3845
-19311
-30984
-24460
26616
-19683
-11557
7919
21953
-1174
-12364
21719
-20376
-29341
24440
17278
26274
-15935
-16572
1059
-16547
-25722
4276
7727
29964
-178
12389
-16682
28145
25081
-7968
17502
11225
-27854
-21494
-13582
-9078
-8115
28106
-2878
-19969
-18172
9812
-12361
18078
-15598
-6583
5470
-11781
-3743
-31636
-26606
21053
-17589
-11713
-29332
11473
-28013
-14879
19264
-30624
25444
-1407
-14338
13158
24462
16157
-9657
-11531
-32569
-2657
11819
-2606
-14427
1709
-2240
8834
25429
-10028
-12710
-21466
572
-23742
31832
-1567
16690
-6377
15003
-32074
30028
-26892
13122
-1993
23090
-983
2146
9530
14942
-13326
8551
-10614
-8773
11591
-12617
17802
-10415
29253
-18818
-11438
-5955
-27001
-10675
1049
29284
17390
-16373
9018
-4094
4234
21177
-4758
6398
-6555
5713
-28304
3496
2482
13118
8553
23245
1815
-10502
11586
-9248
-29329
25478
-27646
28626
9130
-11710
30776
-15880
-14594
18317
-15015
3845
-30516
1785
2292
-17613
19171
-8057
28270
-8826
-17986
-22026
-31284
23136
-20410
-279
8443
24428
28176
15259
11088
9709
-25079
371
-18445
-31900
-4540
30248
29873
-11112
-8898
-6123
-24290
21806
-5955
24941
18
13605
-25513
10972
32211
9172
12943
-23163
-29284
-14557
-31618
-5842
-9395
21209
28951
-27472
8870
-27882
-1256
10868
-20331
-14081
2924
-30587
-24121
10764
-16269
-24503
-23161
31876
-11839
3592
28921
-16362
-21419
9345
5995
13184
-32104
-31795
2110
26715
30987
-3601
10898
-16872
30676
2317
-3679
27936
-4585
-29801
-19768
-23556
27411
17320
-13372
-29611
-25616
-2725
-24797
8020
14745
-22557
30529
-12614
31512
-28343
-30142
7460
26100
11286
2396
16051
-742
18079
14120
-30845
-31235
8001
13189
-20569
-7470
-30446
32673
-26272
10301
19091
-2202
25459
-9575
-19837
-16380
5836
23002
5223
12958
-12502
17240
4893
19941
18118
29354
-6936
24029
-6312
-1231
-11553
10581
-27658
23494
-28514
-4191
-12000
-32151
-16238
-23610
-15608
-31055
20894
-4560
14818
-16891
-11509
-4355
28435
16741
-23330
15348
-28243
14418
11082
18681
32076
-14488
27116
2746
-25783
-24426
24046
6886
-3992
3944
9118
1578
28936
25633
-27728
1197
30795
23527
29549
29590
6554
6687
-7720
31198
26381
5903
-26915
22770
16582
-21785
1745
-9156
-2050
-6008
-13142
1862
20361
-27072
-30513
-9143
-19356
-15006
16352
21880
22101
-9433
-8743
21802
5688
19536
6186
2673
-12786
28317
-21279
-23515
29824
7368
30152
5304
22950
24823
-24377
-2650
31466
13797
13852
-13281
5880
-19249
23812
10722
9441
-7621
24781
9939
-16268
28226
5312
9135
-27427
-20526
650
-15444
2897
28622
31150
-21645
4543
-21271
19157
11166
-3495
-27835
12333
3670
5579
-20216
-7839
10112
-22581
-9974
12967
-12376
-30100
15671
17535
6713
20952
6435
-7684
21094
26234
-24086
-31203
223
31015
-13618
-10763
-14756
-1751
32468
30334
16728
10141
14925
6636
-6791
31115
-26584
-15639
11903
27435
-31830
9843
28226
8758
26066
-21112
-31190
-23083
25050
21619
19407
-24510
15404
-219
22287
-23063
-27291
-1605
14445
17164
-15850
-25379
17626
-32627
7362
9990
-30041
6823
-171
-22106
-15563
-21980
15278
-20772
-2157
17870
-5106
4505
-12287
-27955
-4771
-15505
9579
24910
-24430
-29594
-118
31415
-9457
5378
-27322
-30658
24230
-24152
5639
16624
5206
30646
5089
5324
-19783
8288
9512
27063
-18422
-18746
4039
-29867
-8468
-1213
-29150
9955
1513
13299
17994
26668
19918
12139
3899
-29447
-16981
-25927
3708
-14316
27189
7027
10247
-23756
-28107
14135
-19789
-24969
-10912
-27146
27891
1314
-29305
-9997
31375
32514
25245
27787
13915
-27563
-25749
4985
-14350
7784
-8490
-23582
-19440
25689
16126
-17597
-12884
13420
-14820
3237
-16635
5193
-24355
-6375
-21365
-10413
-511
4870
15771
29575
-7332
22438
-13278
-11569
13854
9285
-27445
4581
26395
18846
27257
-18144
-27397
7602
12592
-21446
17097
-30972
1718
-7803
14166
-31965
31498
-19783
8925
7443
-24523
-15215
-12324
-12344
-21676
-21317
31706
-8072
12865
5925
-3891
6471
12615
18268
12193
29515
26336
20019
-23687
8266
14845
28405
20805
4462
-18964
19251
-7314
1687
-10244
25411
20088
27513
-30829
-16196
-25734
32537
24914
24815
17499
2895
-25042
5468
-13381
764
4176
29005
11761
-5749
-23116
-30922
8694
-12569
-7784
10399
8388
-20225
25214
-16194
-30330
17299
14035
-24413
-32341
-1692
17882
20224
-32521
19101
-30292
-4388
16451
20646
24571
-13346
4072
-7869
14512
-31527
-6539
30655
32285
5808
2491
20118
12209
2088
-23263
9218
6820
-18974
5059
20757
-25734
17868
31005
805
7907
-32126
-739
-27157
-22249
5702
16232
7598
7749
20689
26552
12383
2441
-4781
-6010
-8216
1019
-7486
-32758
-29782
21869
-14736
2338
14907
3285
-21507
-2085
-1456
-26657
-28525
23189
-11374
-29276
10962
4982
28610
-20663
-30429
-9518
2604
6017
4150
2456
779
-17795
-3837
-29523
14425
20041
11631
17991
30069
-5469
20089
29651
-28233
25707
4226
-27098
-2879
11191
-20185
-31573
4219
-21337
-30324
-32247
7501
14487
-3922
-32277
-26479
28864
9285
-420
-3296
10595
-9547
5280
8760
23790
8086
11629
25332
-28605
-16847
12772
16652
-9320
-8114
21385
-14416
13217
-5782
-3915
20291
15267
25510
-17713
-31072
-27022
-12398
-18153
-26120
21067
29002
-2257
24517
29646
11889
10530
7129
2107
8993
2647
-4072
-7677
-8815
12066
-30358
21285
8906
17077
22131
-20276
17152
-25869
11934
-6330
-10382
24035
-27241
808
-22133
12076
-28426
-29702
-1070
-1858
1978
15889
31249
19207
-13276
19913
-1209
28622
-20752
-12885
-10351
29295
-7814
-9683
21431
211
22657
-25479
-14733
25742
755
-28338
-6900
20081
13462
-13389
26667
29623
11669
-13502
24452
12715
19510
4497
18196
-26743
6429
22867
-32346
-2582
-25522
-17259
-19251
15877
26237
17403
-4664
-3483
22640
459
-29228
-4274
-16209
29841
14096
14364
16739
-15427
-31768
21096
-8496
-7980
-26600
-12740
-28045
11596
-4132
-11931
2776
-25933
3398
21443
24718
-22104
21475
496
-19664
61
-13805
14289
-3244
-30116
24340
-3608
-3566
-20778
-1598
-15272
-23469
29396
12959
18074
-17399
6888
-13286
8081
29574
-188
12824
-4434
-7739
-7126
-18409
22953
-4204
-20151
-28666
17446
32192
9054
604
-20841
19884
2182
-5971
16513
24013
27940
8433
3473
-871
13120
-30254
6368
-14786
-2825
-15463
-27239
-19939
-5095
28937
21333
-25428
17177
-242
28586
12631
-16766
16501
10347
-32392
-9677
-31262
-12298
-14280
30283
-21713
28291
-4444
18501
20755
25405
31652
29877
11069
-624
-1186
-6420
31889
13077
-16412
18086
-22812
-10587
-29716
4282
-10606
-17955
15921
1371
25887
-13736
18662
20274
4388
-22161
8451
29888
-1519
-25580
21644
1122
337
235
-21998
7158
24379
-29481
21033
5917
-13600
31361
-5251
27748
-2802
31874
-11586
-10512
-8911
1345
7966
-5550
-10003
-7335
4394
17132
29941
29674
-31140
18408
5565
8641
-10307
-9633
2579
-16276
17464
-23327
-17058
-19919
24289
-4425
21767
-24299
-30828
4317
-13189
21794
30831
4831
24863
-7552
13839
-24305
30784
5004
-1597
-13818
14881
22495
-30334
-16383
-9623
-264
3456
26591
-10643
-6025
-21014
11347
11600
19665
2948
4643
-12385
10230
24867
23105
-23862
738
-14621
25141
14204
-28011
23333
-3186
-11890
7890
21558
-11511
30880
7801
-14886
-8131
-5356
16467
11548
-1937
129
18139
-24763
-4498
-4722
18108
5094
-25839
21148
6017
-28163
26023
-8409
24112
-27175
-28336
16523
6520
32205
-17664
-24097
-788
-23928
-7045
-138
-9918
-32560
13066
-25584
5196
13564
32179
8653
-931
10125
-23538
5361
-9742
7198
3423
-17023
-1746
-25677
-25814
-32659
5098
13262
8275
5985
-18752
23517
-18765
-18134
-16033
27461
26672
-24036
-20921
-15539
2005
-32600
-18937
-157
24006
42
32056
-12997
-25750
-28680
-21891
4337
32332
-494
29163
-25926
-31099
-9709
-15100
-25119
7194
-12934
10886
-5110
-10269
26284
-17100
16072
-22948
13536
-11287
-21621
-18385
-10471
17257
-15848
11939
-5357
13198
-13856
24366
-4374
30826
-23645
8637
-6057
16285
-2718
1289
-1622
21537
-14234
4792
9604
7947
-8919
26557
13917
18006
10779
-27097
-21574
22713
-5488
7103
5521
24130
-25761
-687
-12331
5972
-23785
-31250
-1961
-15933
10410
-1207
1939
29972
5190
3633
21552
30226
8736
24270
-15856
21973
14559
-30507
27930
-5037
24454
16357
-5468
25681
-13028
-18473
23775
19289
-26780
17489
-1770
-24119
-29266
29962
-21281
-29653
27217
2802
16253
-8616
-18088
-26747
-25550
-32387
-1714
11012
27442
-31804
-8759
22679
4596
-10427
3033
22490
30735
-19160
-21570
-21281
9262
-2598
26179
-1062
5852
-13670
-21855
-6523
32696
-7112
2476
29561
28658
15600
-28262
5686
-30707
-21479
9604
14352
25204
5989
-14853
-19753
3894
18573
29988
-6758
14479
-8540
26485
-4864
-16699
31454
-30278
21890
7874
-3617
-10425
11742
16769
-20276
24301
16174
-18487
-13823
25680
19221
-27503
-8327
32395
-8012
21823
-5583
-17396
-8885
-11324
20486
16993
12459
27420
21139
20415
5937
17027
15435
2816
5343
4034
12204
18693
4004
9596
-26046
-9334
-31454
-31215
-25348
-11347
-28274
29117
-3192
13577
-6662
-27257
30992
26246
20831
-19652
14250
-27612
12860
-25058
-3972
-6712
29334
-15353
-504
-12797
-3533
-29129
-30438
29254
19321
-22507
-15005
12377
-4316
14629
19322
-22076
19007
1390
-990
-17490
13362
9184
12286
-7502
-17031
-25329
25431
25073
32343
-3452
25877
1776
-29178
-14163
7267
-13003
2580
-12423
-18938
-21194
280
-2337
-18195
-15914
20194
24690
18343
24165
10046
-18417
-27244
-31293
-28826
-31078
9024
1030
6257
-24306
27250
9219
28129
-22754
42
-17234
18065
-20390
-13954
2544
4799
-8094
19454
32328
-7877
-23198
-14981
-25348
13571
16130
6340
3152
-30216
24825
26688
6900
5660
13889
-29272
24237
-3249
-11363
28582
-3031
7374
386
-12963
2273
-7708
-7349
-14975
-32267
-6369
-25286
25268
28976
13327
-24847
-6215
32125
-26715
-27640
-4710
-1889
-14244
965
-31103
21135
-8700
24526
-31204
-21116
-2364
-1697
28665
-9473
31822
-22360
-3756
14705
29768
27433
16065
-12098
-21093
-17271
-20169
20243
-2892
-21407
24138
7911
4927
-2689
18622
6023
-27530
-13307
-16534
-27473
7185
-5537
2868
-13789
10572
-32623
-8311
-7647
5657
-9610
-23952
29248
14842
16213
-1529
16007
2504
-1520
7744
-32298
-30291
-20321
-15107
-21921
15732
-13435
-271
2987
-2960
17450
-31521
25754
4552
28803
18853
1876
15402
-19234
-12700
-11019
5059
8013
-18302
-4749
13423
30477
18171
12599
-4350
31099
-8817
-19369
-13422
-18834
-30809
9432
-21975
28611
10345
4050
-9123
5538
4290
19166
20696
32327
15745
1897
24763
19100
13863
3476
-15412
-24524
15361
-26125
22636
-8126
-15091
-12025
-11668
24346
27669
-15219
12260
-3528
24079
-14434
27401
4626
-2536
23521
-26143
25203
17509
13417
-29479
27019
24941
30911
-26511
-25486
-23053
15752
6842
-24911
26267
-24491
-27315
-27895
-23375
5666
25629
-30058
-4449
-32601
28458
7988
-3872
-10131
-17286
6150
22322
-13119
31669
-22122
-10265
-27366
-29579
18073
-25363
30543
10715
14579
4647
3142
12352
-25947
6319
-3803
21199
12794
87
27462
-2105
-15719
29368
-29604
12720
14544
32442
-4309
-22454
-5144
-9723
-8484
19251
-5906
26364
5846
29825
12670
26799
4803
-17335
17204
11880
1220
7919
-14441
18609
-1941
26816
14032
4100
13571
7790
-29125
30744
-14118
4226
-21711
23722
30409
11369
-3947
-3401
28642
-28143
684
-2714
-29303
121
-22546
-12146
-922
-28796
-22458
21068
-19371
22099
29524
-17626
-30399
-32692
-1616
6196
24904
-10638
-13683
875
14046
21354
4598
-15746
18773
-16373
3863
32402
25976
8817
-30561
-8254
-15358
30629
-18567
18284
13717
19821
-20380
-23845
17428
-29567
-174
-31384
-19785
-26819
26334
1027
-26425
28209
14570
22749
-24064
1398
556
8394
21631
-7923
-7331
-22513
1569
-16982
23678
15131
-1570
16232
11821
-1617
16892
-14016
27896
10374
27246
-17286
1749
-28427
-26979
29390
9544
7284
25762
19875
-19884
29741
-19461
-24682
25143
15769
12908
-27740
-14376
19546
-23427
13107
-17061
31227
28734
30079
-30088
-16896
29180
30878
-19870
-3097
4731
-2476
1827
-20491
14185
27052
738
30438
-29720
27315
32477
5144
32478
-5769
23371
-9067
8110
-3555
16112
-12112
31210
8120
-26185
14378
24091
12297
-18297
9697
-18642
21431
29867
29705
-22272
18889
10255
-3738
10221
-639
-31934
-24731
28739
-11727
-5249
-28660
8234
-3427
899
-363
-20458
-154
-360
-25946
29960
13419
10006
-17693
-24993
-26840
25120
-16374
27738
-9504
-10150
30462
25581
-29394
3317
20849
-32289
-28106
18485
23754
-29393
-25659
-23344
23994
-11278
-10962
11770
-29608
26363
-12655
22226
28732
-29923
12053
-24797
3665
-11048
-1622
23551
7786
-7161
2987
-31150
28499
-27686
18983
13464
6450
24887
4085
-8639
30238
24102
11822
-12736
11813
-25425
10158
-32029
22215
2483
29571
-28639
20869
-7385
-16284
-25024
837
5866
8077
4048
18269
-16492
5382
-13794
-8747
1661
18124
27798
21116
-32555
27230
28027
1257
-4902
17613
25226
-8248
7592
-21692
-14710
-26295
-10567
-9636
28767
-1751
11926
-5317
-29486
-30680
-8991
14327
252
23229
-5593
-12381
-11400
-15347
-26062
-19397
-11884
11237
-5496
-9835
24915
-21659
22026
-6647
-20868
32468
-14023
-2175
9569
-30715
-30638
27376
-8074
24977
-5669
-13910
22769
12694
-24652
28571
-25531
-3101
8215
-27943
1170
-15893
18775
18017
4843
-25989
-30240
-12318
22779
-13922
-12384
-17831
-27410
2141
-19294
-29102
-1988
-14695
-31528
-28741
-2518
-17696
-6066
-21502
9758
16112
-30234
30984
-13942
28232
-111
-6771
-30274
17783
31945
29912
17787
22848
23224
-14218
22711
9781
-19871
32748
-4343
-3048
16709
-23260
-30932
-16980
-9410
4559
20186
17662
22236
15121
-8682
-27953
-24316
-29962
-28162
-3517
-9808
-31870
-8902
-3478
9743
-16501
24520
13736
-27540
30004
-28002
-11210
-19462
-32088
11971
-21552
26366
1087
23248
-29388
-20952
910
31065
-10993
2491
11780
-9972
32464
-9489
21477
15571
-2531
17171
13232
3809
29760
-19878
1604
-8358
-21605
-32729
-10514
9522
27773
-6899
14679
-3766
-5053
-15005
-17274
15279
-26622
-23670
-4802
-16633
4720
-13926
28575
26593
-17281
13745
26188
-1024
6863
20117
-13620
-15745
21103
12991
-10132
-630
25269
27417
-7171
11853
-12356
-15410
-32759
1325
-3825
32032
21401
-17686
26528
23464
-22148
-26606
-29147
17886
18950
16380
-30949
26600
-14144
15192
30003
-579
14713
6701
10274
17223
-23104
18025
32248
-28731
21563
4694
-30290
1412
7953
-28436
21073
-18551
-5228
-21054
10379
-2420
-16930
-16278
-24388
17354
-32686
18404
19930
-20390
26302
25438
-19481
-12561
-11907
20057
1231
23143
-29091
-31082
16363
2713
13852
-29192
25527
-26569
-8288
8317
29744
25029
-17318
9791
12298
-21613
-22801
-4129
-5154
-11272
845
16192
-23382
3446
-16407
10330
-13023
-8061
31843
3927
-3109
27459
-7825
-20575
-12315
-12067
-16123
-5405
-26591
12108
15504
-25978
24030
-13344
-18556
9214
26668
17150
19957
-25415
28883
14744
-24252
-12519
-25751
-9076
-3603
22319
24020
-25864
25595
18715
9570
-22070
22691
-19308
24843
19420
-24326
-28305
-25937
-18302
7009
-16612
-30425
-679
-14374
20596
14004
6799
-31994
-23264
31291
-18067
6265
-8208
14359
-5049
-8450
-7491
3405
30289
5179
7796
-1802
-5695
8967
-19156
-7580
-12881
-28558
29079
-25178
-28496
21174
12427
-6527
-13545
10467
-17612
-25520
31394
-11387
6906
-15317
6102
23101
5010
-1778
3895
16468
-24378
-1191
-11015
7341
-3330
-18100
220
12987
3762
28017
-27706
-25525
1742
-11365
-17062
32661
28788
-11817
3674
-9278
-15602
4778
24032
28738
20287
16360
8533
7370
7808
22226
-3216
-5459
12487
-8569
6214
15938
-12118
27718
18900
-10190
-15829
26543
11551
23475
10724
19115
-1238
-7858
-6765
2523
-28566
4760
-11362
-8182
-10070
13413
7584
11177
19061
-14052
-20347
32620
-18978
-5944
-4134
-29512
-3882
25881
13545
25912
-31165
20368
383
-8083
-7894
8938
7127
-22527
-369
22665
-20204
29814
-3010
-17005
18750
-4230
-11248
-4788
-24927
24247
-24806
-18595
21530
-8061
15873
14078
24174
10217
22669
10587
-23634
-12900
-21117
-29755
-13384
726
-25594
903
1078
21576
-8153
17943
-30177
-5803
-26490
-8676
17457
28580
15799
22446
-19604
27978
30432
-889
14883
850
7758
-29874
-30872
29017
14766
-14412
-4666
-20453
-22964
5268
32018
2802
-10282
13359
-25871
22515
-21661
24119
-3026
-22802
32038
14466
7807
-29063
-27225
15591
13813
-13998
-28346
24289
-25512
-17380
-18009
28485
26284
-6557
29072
-27441
-8445
-29383
-13965
-26391
-29731
-10292
-18184
-17677
-23912
-7349
-12501
-29414
7088
24969
-16535
-28538
29669
28906
30741
24950
23807
-20496
10501
-26381
-22296
17361
32627
21138
-12485
-31899
14000
-27386
-22171
10042
19735
15141
-5740
26871
-13124
30040
-25236
29481
-7524
18134
4724
23118
-24193
-15084
-10710
-19089
6294
-19752
27093
-10999
-11348
20351
29562
-15275
30646
27825
18502
17319
-18534
16087
-5262
-32269
-24202
-8195
15164
1465
9151
24146
-14753
14746
-29501
30715
9284
17988
-12408
-12477
22465
2609
24957
1259
-16457
-16039
-17315
-14130
-21442
-23061
9493
-15215
21850
9867
-76
-10249
1546
15312
27083
-28741
858
12465
8505
23455
-2927
-23572
31383
10115
20232
29749
7177
4973
26421
-9175
-11386
13245
-14758
18339
4608
-29913
27521
29965
-31720
-21234
597
23508
-27960
-16469
30939
-13240
23608
13256
-4330
148
8669
-2538
-28651
1020
25825
-27289
31694
28113
-3845
24316
-6327
-18225
-32584
-32182
9074
-10664
20031
-14100
-12288
-16531
14365
2702
4233
-21759
-19560
18000
-9332
-6620
6858
-30172
1492
-5773
-25911
17081
-7137
23385
-6478
-13960
-13237
675
29626
-10328
-23508
14076
-81
-24992
-754
2440
14982
1917
-4789
9539
6740
-24118
-7877
-9585
16506
17552
6927
30423
-18729
-26310
29002
-6184
27370
-6580
-19953
2750
-30705
-1525
25408
17705
-21990
32503
14773
-9947
23406
-12496
16936
24637
24657
31006
24412
-9449
-11683
32583
25101
-9714
-20077
-32194
-10620
-18894
18513
-947
-3640
32432
-11956
3116
27534
-32413
-12195
-3671
30026
19760
10897
12007
10201
-27015
-4197
8435
18504
29340
12064
-17049
-20768
14890
-21994
16062
19293
-3914
-25757
25125
261
363
-10575
-1333
-21205
21305
-23026
-13668
25043
-9894
-4122
-20757
-28792
5893
-9916
-27673
-4640
31237
30664
12205
30497
-27706
30080
-18848
18565
-31481
-15762
20889
9287
13821
28566
-16839
-13177
-15973
1162
7789
-25033
-32058
11850
-14361
-11166
-22083
4221
-2517
25762
26990
-20245
561
-19046
32170
-29464
30312
-13012
-14499
14194
-13091
6632
-5534
28649
25258
848
20855
-20798
20904
-27134
-31787
-32
-11642
-25206
-4851
2740
30227
27838
8663
1884
4894
18588
-14664
-19441
-19368
-6128
22388
-10779
-4423
-13228
12336
20844
-9121
4158
26013
23199
-4445
-28959
-15421
27438
13610
-20502
6136
10608
-32065
15244
11180
25839
-3396
23600
-10951
-18274
-11007
-21478
18752
-11468
-2652
14308
-6571
26762
27133
23853
-2783
15600
-32110
-15338
32542
14436
19504
-5221
10760
-16287
-28857
18696
6364
-12192
28957
1652
-22555
-11000
-15248
6040
29159
6904
-32154
-24662
-23908
27583
-5199
13337
-20226
13511
7863
19143
-196
16131
13355
19847
-1039
23680
14529
18998
-27861
29945
17097
-25496
14630
6845
25395
26918
-6250
11066
-25629
27946
4354
-14747
23294
-26627
-16429
26779
27805
18643
24412
-3204
10300
-18061
-31779
-18699
11909
22116
-14998
-4693
-25019
21393
9103
-21209
29704
-21660
-21639
-10444
-5444
22793
12413
27776
12628
-31162
-14841
16465
24201
-555
-30960
-25354
25432
-18968
21427
-9285
-25967
-14963
21682
3950
18103
31041
-28789
20620
24784
19763
-17475
-29004
1738
19351
-30619
25738
-31434
6143
-7769
-9680
-4309
-15196
9223
-14294
13890
540
29078
-19817
-3452
-8805
-5467
10179
23273
7565
-20055
-4209
-24219
8011
-19051
903
25279
-16415
3924
32575
12522
-8727
30158
-6460
-22086
30375
23977
-22380
-28073
5665
-3448
8463
-8307
3082
30189
-27137
2485
7513
2531
-9604
9152
664
17665
32204
32226
-32355
92
-32639
12860
-1075
1858
9033
23408
14242
-20254
-4468
-29043
4800
8827
22222
18145
-24994
-16908
-24603
-32355
11689
-32423
-11151
-31742
23968
-27252
20464
23716
-26696
16909
-12974
-1392
-32687
9279
7991
17875
-13827
-5457
10830
-4200
-6822
-28257
21630
27447
-22323
-6417
-9120
-21849
12296
24414
11522
-23251
-29117
-1129
-6902
641
14111
24689
17714
591
17598
14808
-19832
-27781
-24275
27205
-10234
-11374
1356
3186
11722
-26914
-15522
-14971
6113
-14275
26882
32057
-17000
18410
-6404
19856
2854
32221
18725
26455
-1684
-22492
19699
15444
32174
-1007
-14257
26897
-11709
-11908
4608
-16144
31668
20735
-25094
-25175
-22730
22242
5222
14295
26431
361
-2868
-25932
-9333
20518
-15004
-23488
-12194
4308
14630
-27480
-20544
-18040
-25903
-9561
-23779
2002
18701
-21799
-13973
9675
30780
19259
-30677
5151
22512
-27761
12163
-30690
-19449
1038
11905
20671
-18049
32091
-10473
-32733
-1808
-10003
-19976
22115
-28515
2820
-30604
14616
25971
-24722
20707
-18970
-17464
25785
-13463
16613
5977
-5767
10917
9091
2528
894
-28913
-28065
-10846
-12516
-6259
-20138
-31727
26724
24506
21055
-12229
-18568
-8930
-29939
-18780
-2763
22298
-6449
-16256
-11413
472
-30412
22477
29105
-19920
2815
-11529
-24085
-18109
-15371
-6106
-27262
25373
21184
-10640
2509
-2689
28788
-5467
-24890
-29939
-26895
19732
10253
-23136
8144
27563
-16351
-14724
-28757
9773
-7837
-6853
26374
-12070
-4202
-21231
19709
391
-2608
16247
1348
-864
-17814
-30210
19614
-32469
-15555
-10598
30134
21203
6917
-16301
4123
14038
11721
21559
25276
-29509
-9709
-22544
-18991
-40
5645
-15505
-26482
-5498
1092
-24727
-10438
9786
31823
12475
-23178
32759
-18041
29204
-16768
21252
24871
-6759
7257
11454
27759
7299
-27261
5602
-2617
17233
6089
2110
23593
4255
12167
25724
-10505
19071
18948
31593
-14592
16114
-29185
-25080
28738
15975
-6560
-29889
-28093
17507
3175
9631
-13951
26368
-31911
27867
-25392
29754
3107
5315
27718
29330
-24804
22514
6845
-20318
11407
17773
18402
-4567
31605
27084
-7345
21714
28389
4500
-1484
20849
-19928
15975
28828
-25654
4824
-6162
18827
-1340
27126
16941
24081
9887
8095
-7870
6282
-16940
23234
9503
9243
-2026
-5930
15081
8163
-19443
-10358
-26616
14839
17439
-12202
-9307
18678
24098
-24639
23179
10283
-21054
-16682
-22920
-2380
28575
18698
-12910
3140
-16448
31772
2081
32700
-31204
-12003
-2605
22643
-18919
15655
-22378
31399
-14874
21218
-31718
16771
-31065
-3217
23167
-14489
10980
-13485
-20280
-3348
-30870
10719
-6804
18258
26066
-30556
-15021
-31955
-15002
10947
-26395
-19012
-25377
-17036
15377
27173
-22202
20797
31547
-12823
12990
-17731
5894
-24177
-18623
-28590
-11343
16348
22363
16804
-12606
-25900
28434
-1622
-1797
-25999
28227
9111
21005
2748
28839
-7289
1323
29036
-9277
-22045
21244
23777
-288
-24936
5317
2212
-21048
-19961
-8694
-29889
-6609
-23497
-16761
-28575
-23315
-9134
-5867
-23965
11732
22835
-418
9160
-25560
30287
8605
23887
10437
-11940
-8567
-27609
-9186
16401
6910
-30728
-14038
29189
-5881
7440
9551
-31066
-28645
-18300
-11997
-12509
-25544
-8714
-19874
-20627
-5565
22452
-23863
14702
9977
-5937
400
-32279
-20150
19169
-28687
-16286
15296
6282
-28937
32098
14047
-19048
-21674
-2305
11311
18134
15067
29704
32164
17461
-11899
13680
-21007
16077
12910
20480
-11676
-15613
22735
23604
-20637
27383
19323
-5788
19605
24735
-14606
-4304
-1173
27590
24135
-30457
1309
20776
-27978
-22189
1899
-4708
-23869
-1087
-2047
-21728
-15810
3513
-7895
-7303
3668
984
-9763
28097
-24692
-21171
-19904
5362
3076
-10612
16784
18256
-23347
29500
-17845
27746
14
21545
-30776
-22734
-5781
4934
-31384
29682
-25015
4225
-26213
-4921
-26131
12341
9966
-14123
4558
-32496
-15665
28914
14035
-31586
17652
7854
-17903
13554
23915
-27967
-11136
6981
-46
-19413
-2529
-16222
28624
24214
30646
28391
-12137
-8588
32760
17866
-12804
9184
19562
23092
-13824
20917
3428
28222
10649
15423
21357
-6728
-12651
-8342
3057
-31790
25284
19602
12799
31226
-9372
5618
31390
-22744
-9872
10799
-26271
3340
-20316
14869
14679
1586
-5851
21343
26022
26452
9733
-20090
-16739
-6613
19263
-29618
-10680
11501
8119
-10840
-22582
13159
10111
30462
-23752
-5146
32433
1514
-129
-19505
-4029
3765
15897
28518
25400
25958
-30796
-24344
18777
8580
-3121
22847
-4273
-1110
-27703
16704
7659
26027
-9204
19192
-2692
-12765
17221
29325
15232
6054
3237
-16098
-14015
-10388
25494
-6879
10147
-20751
11256
-6257
17092
13738
-20088
17826
2542
30079
-18539
-277
10957
27279
-3881
-14585
-11545
5419
14379
-18073
16353
-11982
1499
5540
28712
-22976
-22979
28320
30217
31154
-21989
-11550
18465
-24239
18520
12634
-22472
25180
-21409
-13345
26727
-4394
14597
-309
30890
-31894
-20923
-27364
29378
-16737
24061
3671
-6349
30018
-25721
-309
-15358
-22898
26695
4640
-29699
-9858
11590
-12719
-18953
-24004
-19523
-12324
18250
-16475
11129
-20231
14684
-16019
-19518
4655
-32197
26720
19065
26107
1855
11137
11463
25300
21886
-29323
1851
26514
-6328
-14952
4309
28011
1928
27372
9175
25443
27278
26060
26721
-22906
22600
26754
21244
-32431
-13342
-5247
-20761
10102
5859
6918
-1150
-25832
-15742
10529
-14628
-20763
-31463
6297
1538
6608
-21049
22691
-31888
32630
-17878
-8501
-2135
12017
3862
-3463
11345
-16782
23749
3241
-21968
32699
13723
15464
10866
1838
-2392
5311
17100
12326
-30035
-7905
12109
28905
15780
-17326
-13463
31205
242
-7460
-17605
-18853
-5586
16260
18071
23593
-17202
-25884
-29807
-15302
-7788
-19170
17243
-22233
-13679
-32440
17897
-23970
-8954
23164
28529
-20023
1843
-21585
-11423
-31235
-27443
-29620
-21319
25419
27369
8532
-27937
18205
7352
15748
-25672
-7031
-21526
26050
-17333
-25613
18620
-10846
-8782
-7605
-21058
20675
19588
-20795
-11296
7823
-7367
-9301
19482
27043
26484
-27859
-9885
-18776
-25035
22340
387
-8259
31046
-10849
20855
65
-10707
-884
29655
19639
22533
16639
-14910
-19041
-14779
8412
21213
-23827
14509
32660
-66
-20260
-5454
-13239
-29060
12896
29970
15533
15783
-10852
29260
-3731
-7162
26606
-15218
-10364
24278
18373
-19333
18773
-22420
6289
-27759
-15811
-25210
762
-24260
-6962
8147
-24196
26671
18059
23275
-19414
4802
21768
24269
13171
-14672
22321
-10627
5877
-3272
8999
12912
-16831
13775
31124
30601
-20570
-19141
30988
27925
6989
12654
-17108
-12539
-8785
27342
-12652
-32511
13138
-11743
12863
-22864
-20774
-20309
-22087
-15984
30986
-10963
-4762
23737
11458
-9756
24871
4148
-27587
-24766
4689
7524
15794
-26384
-5243
-18615
25456
19620
-27796
-4926
4835
8362
-6548
23263
32427
-7621
3737
31807
19811
-11310
-10574
-4768
23154
-4868
14211
19804
-24176
-30946
8265
31287
-5801
-27800
13568
-17721
-26780
-23144
7900
-6437
-8538
14184
11188
-9372
-9583
-30815
-8274
-23407
-612
1067
23706
-10886
2353
-23917
-16505
6729
12480
21657
-3816
-17209
-7345
27170
1137
20322
-12592
-15863
-19731
19981
6782
32008
1774
26147
12963
2880
-5470
-18681
-19882
28700
-28630
-26438
26249
9394
21934
-2548
11470
-17883
25044
-605
-23825
29244
16534
16336
3233
-1392
-27733
-15381
21103
-19146
15322
-1732
1807
-24287
-30363
-909
6655
8270
3827
25913
-9678
-24215
-30670
-13386
-9646
-20458
-5365
28560
19976
-31123
14513
-5179
8882
-13234
28159
-31008
23180
22198
-2358
-2853
-20300
22615
10113
-18913
22813
28545
-21169
-8015
-32420
13466
-1743
-16894
2736
3084
11406
-20356
-1041
12586
-11857
27695
18476
1590
-595
-28221
-4039
28479
-21514
32007
-4154
-4053
14534
-7756
18048
-31152
9890
-26415
-1993
-3332
29299
-28160
13571
-16146
-14428
15702
-17149
-24999
22651
32169
30558
17900
6206
12611
19308
6324
-4178
-11494
14781
19625
-22959
-9146
2108
20087
30890
-4687
-30028
12749
-2579
22213
3078
-19657
-20322
19120
-25163
31992
-12116
284
16700
-19998
18921
-8776
10737
14389
509
2668
-20731
-8260
32191
-24644
11795
-3708
21149
9960
23499
8239
-9426
23995
-19866
-24940
-22357
28617
29362
-21364
7811
-27030
-6373
16046
26598
29289
-1226
-11702
5090
25155
27338
25635
-4404
-32058
4074
-19447
16926
-17265
7741
19306
9855
12716
24889
-10065
-27435
7456
-3673
7290
-17648
3942
-4762
-31958
-6321
-28598
-26449
-11945
-26455
22512
-15211
-31091
4483
-26818
32633
29162
8254
19624
-8941
-2743
17508
26605
26383
6572
23890
1327
17467
-14179
-20927
205
17133
-3153
-8929
-7823
28435
-18217
-6848
-17980
15581
13365
7596
31519
18420
-1664
19264
30030
-29257
10954
-1201
-8539
-505
-32042
-17966
-19655
-7852
20325
-1827
-6009
8785
-1636
32560
20925
12570
-22532
-25204
-19530
8228
-23517
18454
-10004
-26562
-3681
-29671
13091
-20821
-20908
10532
-24636
12694
9541
-11561
16423
-7221
-4428
25790
-31719
-4517
-25511
-24845
19766
-29693
-526
-20363
-3979
29509
8342
17542
-18100
31017
-14057
-19843
20388
16544
933
27302
-25449
11128
-14138
25784
-29104
4422
-2742
13454
-7561
14579
-11450
18779
-13339
6242
-29638
-29165
4122
5301
-31524
-26900
586
-2776
20351
4494
7247
-28502
24878
-29144
29972
12619
32268
-3513
24148
25412
4564
-31392
-24936
17993
-6375
15279
28354
-9328
6704
19616
7149
-385
-15973
3738
6400
6250
20058
14868
29743
25454
-26468
30629
17495
17828
3122
-13845
-25591
17444
26192
-18605
5528
26110
16420
30594
-2485
-23056
-8050
-5035
10201
-27363
32556
17487
25360
-3718
2611
-3678
-29863
-8332
22311
13573
-28700
1636
-31315
27104
-29953
1849
7932
2660
-6161
-11707
7261
31573
11424
-28210
-26698
19406
-24512
2833
-7738
-31452
2551
16142
-17734
14893
-22123
12490
6689
-579
21284
29790
11460
19175
30058
13467
21437
26172
17546
-22411
-31106
17204
32582
10713
28498
13919
-29758
3861
-23231
-32279
525
8375
21162
-25920
-19254
-28290
13779
-32489
-2248
2005
-4632
15261
-14180
12685
29148
-3588
-3275
28143
-20073
-8731
-16727
-2659
17573
-23193
-3421
-24852
4286
-20809
-14421
10267
-28204
16355
-26698
-25059
-23771
-31800
17033
20714
-19631
15899
19130
22485
13870
18830
31523
-3658
-17880
-5555
-10742
24252
-31099
-29230
23195
-12993
9441
-2596
4795
29040
22279
-9925
-9455
32759
27451
-24331
27744
20725
-15501
7168
7374
13853
-10054
-26958
-3134
5681
8100
19593
6710
-25435
-9817
9661
-30746
-22156
26186
877
30680
-24818
-26311
20177
9806
12581
7676
-10827
-31924
13358
15115
30727
-7250
27631
-24265
27452
12782
-11947
-7945
-9364
-16957
31799
28816
25395
12039
7262
-68
32410
2235
10104
-29273
-19672
31577
24521
22468
-18278
-26829
-20110
32187
10470
29332
-11630
23588
3569
32198
-19189
26410
-23617
16170
-1607
-23765
-1297
-28279
22594
8655
-19964
14019
-19086
19430
109
16025
1351
-4658
28020
16594
22258
-11709
-5961
15390
-1580
16809
-22823
-29326
-21988
-31004
-60
15551
13795
14349
-11514
-4335
-28631
3111
10357
-29567
1689
-13497
-1932
-27291
7719
-12759
-21842
24159
25883
30519
25887
21533
-13167
-1168
5005
19815
-5929
26424
7126
-21096
-29977
-6631
29932
-17078
-19702
-31920
22709
-8209
192
6433
-24445
-16008
32527
25577
-11305
-16211
30817
-17624
-262
28004
3026
-7639
-5396
974
-20962
-13515
-25402
-23948
5175
18604
-15877
31854
32398
-18781
27304
-27467
-3583
3798
9503
-16425
11522
-24380
-8203
3860
-7174
-26264
-11488
-28922
-8724
-22542
32008
-21415
7735
-17219
-22094
-25835
-13215
-31974
-28808
-2375
3963
5144
-15653
-8473
12085
-15610
22041
8432
-23897
27498
-21176
14569
-32362
15790
25702
-4421
-8041
11432
20106
5524
25496
28530
19275
15702
3330
31530
10922
32354
-20528
21282
-2418
16135
26163
7543
31752
7399
-32729
27464
-8482
28843
-8027
-28066
2588
-6929
6276
11705
-11399
6894
-17928
14344
27992
9898
-15487
21479
21506
-20382
-29503
24140
-2511
-23744
4279
21106
-28109
5049
7798
-5031
-16373
-32082
-2697
-20050
13353
5094
-14606
14461
-9175
31216
-20542
-4698
-486
-29541
-31671
7157
-14356
-30016
-1365
2105
-26747
21181
-16567
-11618
1285
-29556
-14910
24938
-19968
-1498
10527
-21365
-6247
-3782
29111
-15724
-4823
-22852
27575
16562
-27229
-23776
9604
-12238
-3822
20571
-29174
-12389
-4566
16721
17240
26375
12285
18699
10678
-16294
-2546
-876
-1491
-31424
1348
-19452
-8239
849
31184
9846
-28446
-14100
570
-28025
22023
-11156
-22368
-22631
-21405
-11252
12813
28203
-22623
15885
-26255
26189
-31530
-8608
-23525
-28958
17983
-6132
-16710
-17517
-16406
14769
-32501
14642
-18561
-20619
-20378
-2784
9071
32569
543
18144
-19209
25767
9339
-8500
-25647
1426
-6465
-14197
-429
20486
-10707
4133
7451
-6761
11211
-11287
-294
-5001
-31937
18590
25169
-31706
-9961
-21117
20635
26893
7734
-5095
-9490
6691
-15445
30110
6207
-28131
-32582
-28232
-27783
-7625
-15478
17980
-2185
6936
30202
22543
22226
-24777
-31091
-17105
32018
4796
-19016
-7042
25173
16279
22124
26552
20840
-28927
-4262
-23605
-2278
12919
-2994
-32535
12317
32415
11638
-15618
-11482
23478
29725
16889
10458
-1990
-15815
17783
10690
-16896
-20718
-18316
-6566
18309
-8576
23055
-23086
-32086
-16784
-7171
4088
9309
17713
2188
3159
-29327
13460
-10667
-2406
31932
8569
-19905
-19644
-25054
10908
19661
-22284
-15381
-18705
25307
6377
-22093
-8510
12935
26559
12913
26126
28117
13946
-19732
-14302
4767
6927
4929
-532
-7363
-32130
-21472
24659
8493
4060
25728
-29139
-31733
-4842
-22092
23184
23525
31364
25084
-32123
-23315
-6374
-15894
20039
26148
20085
-27451
13354
18295
-8523
-3492
779
18543
-11524
1095
14435
18320
4143
-27538
13487
7664
17078
15567
12094
11815
-23758
-25373
17501
-10782
20147
-24593
7192
23096
-8085
-32465
-16645
6709
-22070
10090
-32556
1414
-3100
-25429
31474
-29963
-13179
-17126
1781
-26843
-5804
6792
11651
29400
14768
7646
1350
-27641
20282
-21149
-370
28261
-6738
24878
-10598
18091
20477
-4693
-25826
-8714
14711
27880
-15723
-20639
16435
28934
13346
-12250
-15801
-20861
2681
-14169
-31450
13833
4992
20761
-21614
6103
18138
-25112
-31451
8078
24683
31726
13312
-12815
-20052
15254
-27240
17637
5667
22023
-19801
-17040
27407
2014
21327
8722
6346
-23619
-31642
1688
-13013
4024
25094
-21450
22806
-6791
30585
5267
22186
1432
7520
-12605
31416
-6838
-21027
-10430
28486
10516
14963
18768
-4428
-30106
15038
29332
13417
13283
22042
-2371
-8257
22095
-23399
9324
30265
17452
25424
32237
-7418
-718
8663
-23568
31249
-30852
-4813
22758
9409
29439
7658
-17106
22005
-14787
-769
20864
-2790
-12362
20680
31286
-15992
-12799
-11941
26943
7213
31624
-10120
32188
32701
13226
-10337
-6242
-15949
-14025
-19368
11226
27095
4205
-30873
31016
-11951
-7191
-9459
28784
981
197
18006
-23847
18756
-7882
-18018
22412
18661
10537
15003
-16723
-28281
-10075
13056
26738
5430
-14737
-30813
-6345
-12291
-15312
-32630
-17174
-21762
-30005
11598
31794
-18157
-2532
-3329
7184
16180
1034
5328
-31854
15944
11376
-12770
-17500
-6066
-19718
16695
-17290
31246
-7470
-8743
22315
-29277
3946
20324
24941
19787
-23368
-16194
5304
15932
-4479
15344
27824
870
-15229
-23853
-7530
23425
3651
-27776
-32218
5608
-8333
-19966
-16720
8083
367
-3445
-9124
10877
13810
6987
-5044
-19110
-14432
18663
23606
13718
-15896
-11749
-9335
-20574
11029
-22162
-28599
866
-12942
-25845
-15900
22601
-17600
24501
6021
26961
-14440
22965
-15121
-12871
-29520
-32410
-16332
-27334
-18539
24474
2473
1551
7437
23563
-21361
1059
12320
14238
3721
-15579
-32457
16799
21093
-25381
5678
-28359
-5990
21888
-22012
4149
9388
8164
-32705
-28398
-21664
-8510
-13150
-9227
19497
23733
-9158
-19339
20228
16009
-3743
1008
-3345
-8081
-25751
-9304
2590
-26114
10397
7529
28371
-24832
4338
21384
-29782
-31083
13095
10876
5312
31595
7135
-13264
911
16277
1692
-18891
12715
6375
-13237
9355
649
5929
-22085
-25257
3713
23055
32371
2624
25805
-16513
-25344
15471
-5061
-1489
-7476
-14906
23892
19869
-12510
-26763
21236
2106
20104
-26977
-10720
-12599
-65
30463
1042
25418
-13494
2581
-9835
2015
5250
-3319
6061
-22847
1381
10382
29097
-15960
10285
-25282
22480
1350
-31746
-6902
23723
-922
-1853
24160
4768
1852
31780
-29957
15494
-2677
9959
16926
-18449
5180
-10330
-3993
-7355
-11664
-9342
15586
16740
798
12825
19793
29013
-14400
24308
-26557
19964
4521
4659
7196
-26040
23575
19267
12577
31573
6923
-2528
21074
25185
-6221
21418
-25218
1809
-9788
-14664
13976
14997
9655
2311
24409
-1142
-31705
468
-20596
-17774
-20443
-3420
-924
8749
-17869
-16007
-11559
-7979
27748
27907
17688
10309
27781
-101
-14737
-26226
10371
27305
-10009
-9148
28977
2794
6531
29310
10161
-16309
18801
-2603
19927
-24901
-31554
6747
973
5773
19213
4164
6286
-9295
30012
6742
-11771
-16442
-26634
1827
1394
-23741
12439
-2884
25419
-11180
-2621
7553
9521
22919
-22903
4150
1010
15962
6054
21925
26777
26735
-7662
4750
29095
21534
21316
14615
-24975
-16717
2420
15332
15214
-30976
-25808
20279
-19671
30339
17689
-16475
-17633
-3438
22872
14054
-11673
28415
-20100
31892
-13223
-1751
-14401
12925
-11520
4189
-10424
-32134
20325
-21826
9449
16403
5467
10996
-26657
-14692
6552
-911
2342
-30415
-21277
1743
-12601
2647
18610
-27005
-31438
11798
32248
25564
19519
-2596
8337
-32658
-13957
2355
10656
19163
14753
22108
13087
13100
15906
9752
-31593
9492
-22142
-14180
13135
-24811
22324
32688
29764
19835
15886
-21970
-11951
-3374
-15721
-13447
-8065
-20667
-22225
20573
-24335
-31791
20439
-7175
-15392
-17232
9748
-2379
-15628
-13083
22782
-31528
-11408
-7711
-31390
31282
-16418
26173
-23573
18221
3059
-31739
12859
-20072
4427
-5363
26733
-25142
-14853
30142
636
26891
20377
4639
2795
-5243
6600
-30574
-22374
28530
8842
21100
23859
25
10515
-5356
-27422
-19184
13470
23291
18806
-15202
-3612
19923
19298
-5155
5599
-14147
207
16371
-5896
6267
26219
-12729
-27960
31315
9144
-28465
25709
-2869
12308
24366
-18794
-30587
15681
25740
11629
-7789
5760
-3016
7560
25664
30019
-31342
10087
29924
-301
2027
1160
-2600
15429
1316
5342
-5737
-25933
-17978
-24054
948
30652
-11484
6142
-27603
-29520
20751
-8368
-10124
-13787
16859
-1146
16549
-2470
2629
1434
-7211
15014
-9960
-18228
-20311
-14794
-6986
23149
19874
-21024
-25469
-14802
20075
-5125
10087
32353
-1018
23875
-9391
-13883
-26174
6258
1478
-30130
-2732
-20603
11775
-17631
-20577
-29069
2123
-25860
-23125
8130
9230
-23134
1829
-14981
-4555
30748
3991
-26415
-22713
-5363
24639
-20015
-28405
-22263
22441
-31682
10487
-31367
-7559
-20976
6195
-3902
-32383
11600
8324
22526
-809
13416
22786
1232
-565
8683
24289
5386
6056
32189
12143
1224
-3030
27839
-6645
-29899
12311
-3532
8529
5263
-5637
-5201
24332
-17976
18674
12839
-11577
-19896
24975
17426
22382
28603
-11327
5162
-7961
-27752
24116
-5471
-26251
-21040
-3004
-27900
29688
-5717
-15017
30402
-11696
28248
13073
24862
-8317
-23777
-8129
-16334
531
-12409
32703
25624
-10390
23184
-1801
-15587
-28272
-776
-28788
8266
-5834
-31464
13448
-15492
-32444
-16102
382
1023
-28976
7025
-24476
-9057
12977
4445
23742
24886
-28517
25118
-26074
1662
4267
-20301
13132
11757
13302
3108
5289
26902
8263
18506
5978
25872
32546
-21852
1842
30989
-16372
10774
11007
-12549
-18388
25148
-15362
8888
-29030
4024
-9618
15707
-8415
-13266
-22731
-4306
19699
11185
19269
-7291
-27437
-27877
29540
-7210
11264
12452
-32474
-2932
-24035
415
-21973
9674
9752
5390
29250
-20743
29414
-14544
30154
-26611
-18870
10264
26647
335
13320
-3463
31569
-21166
-26433
-17569
10353
-11173
-3116
-31146
-127
1734
-3946
21689
-23157
19425
10592
650
-4044
-31267
-4736
21403
6755
-15619
15179
-10535
-1528
-28628
16165
-11899
-18626
-29759
3529
29915
1193
618
14109
28134
17491
23605
11595
10352
-29843
25562
-23173
25420
-1657
32465
-17004
25596
-29208
-22580
-11295
11639
21980
-503
-8097
-30597
-23424
25316
-28984
-12284
18580
-21007
26218
-9433
-6098
-12708
9889
-13265
1304
-835
18622
-15579
21783
14807
-24350
-32293
27893
16288
4965
20584
-1047
508
22712
20379
26316
12363
-21075
4653
-31157
-24790
-7861
6037
-7599
14426
-32350
-14300
7803
12077
-21246
-17065
7024
-26313
24105
12812
30415
17819
-18376
-16202
14832
-23102
23268
-15738
5965
25061
-31893
5322
-25944
31729
-28535
-1955
-22749
-12972
6378
24958
22806
-17567
6449
-21885
-12224
-26528
22064
-9268
-30161
-12513
14640
31911
13261
2437
-28997
-30713
-30361
5317
9142
-22353
6944
-15300
-31095
10586
32144
-24323
26188
9243
-32243
-9299
29527
-13622
26417
8751
26800
-28884
-20788
8521
-32346
-2522
-13373
-20510
-23897
2183
-28754
-9098
-10612
-19927
-23475
23035
21180
-9921
-29074
-19791
-15983
9384
13267
-30018
11888
-2217
30019
25101
-21167
-19218
-25266
-381
15261
-9967
-22408
-11420
-3981
13334
10440
-14372
-16252
-11033
-15490
-14674
-456
-14541
-15167
-15939
422
90
-19958
5305
29606
463
9238
-27700
12643
3445
-22858
-31345
29649
-23338
31986
-19105
-2780
25966
9088
29360
-870
26995
-27644
-3684
32405
-25830
12078
-13719
28989
8934
18471
12030
27384
-30483
-28264
-6284
4626
-30772
-12000
31872
3780
14554
-1721
-24293
-27669
-14533
-30474
-27627
16137
27518
-24929
15215
17875
3998
-4132
-30510
14059
14796
-14097
-28052
14803
-25221
14945
-5106
26087
-8815
-433
14603
-21958
-21651
15713
-5102
-28975
19632
-30487
-27211
-29752
-1865
19845
-26270
25952
1917
-25338
25550
20254
-31476
-10829
-9491
-24248
-6660
-31732
1102
-19561
17467
-7522
19722
-28148
15269
2390
14476
-16113
7612
-821
29463
-16474
-17055
21867
-635
-10559
26135
19485
-9119
-27904
27266
10741
-895
-8828
-26051
-28808
723
15714
-22285
11081
4726
-7851
12321
5311
31075
18252
19639
13337
-11457
-5051
-25060
-23634
-18813
-14464
-17144
-7608
-11121
-19632
-18673
23162
12577
-23626
10675
12424
14846
19192
-29109
21553
-16741
13456
12099
28819
27317
7854
18104
-9552
23230
1227
22885
-9431
-4446
-10522
-8878
17359
26665
1880
-8729
18483
-14950
-6437
23327
9108
15556
-23603
19615
-28597
-1152
-25390
-13308
-17576
18555
-16263
-16401
-22666
-27569
31333
20889
-12039
-10848
6941
-11461
15959
-502
5980
-17227
17978
25944
-20815
-24656
28437
-26220
-31989
-12748
27336
2080
6968
24760
-17487
28459
24419
-11979
-7246
-6448
16624
-13825
-11939
-12652
11354
21191
-30142
9373
23660
-20331
22373
-8753
-1991
4372
-15355
-4170
4062
-15131
-17108
-21076
12528
8926
21983
-3037
-5214
-15673
15234
26248
6369
-547
17756
-27567
-12656
-13344
-2581
2319
-22230
-26256
30230
23575
31913
-29273
-2095
13675
-3901
149
16144
-6387
-14657
-1528
2715
11617
-25615
2241
18656
-20204
24253
-5912
-6918
12315
23411
1265
29429
29670
-20846
17965
10654
-12244
-27592
23162
-27148
-21476
-20626
18883
18789
5726
-27692
19559
-28833
-24590
-8429
24965
-26719
32286
-11133
-10024
-6969
-3965
32430
-9728
-32304
-23930
7131
17124
12386
5176
-28572
18569
13794
29110
29892
9084
-5502
-20670
-16028
2245
23308
5591
-20040
22254
18770
14593
2531
1337
-301
-7938
12947
-3610
20254
-29362
10197
19584
24290
12046
-29985
9053
13101
30819
23071
5878
-29912
-31792
24758
8920
32090
-11496
-15697
-369
-9770
-25772
7720
21825
32426
24038
-17395
29629
-17698
21096
27082
-1990
17849
3715
-31996
-7813
20878
30195
-724
-4950
-16995
-32704
32258
23996
-17686
-15331
5153
-13503
-10298
6246
-24578
-12932
-19593
-10141
23015
-16299
-12013
-21069
-30878
25047
30237
28529
-24772
32494
-17352
31578
6717
-10663
-4530
-18966
32701
25809
-7133
-24853
-21901
-21570
25392
-29839
-5556
-19474
3139
31298
5128
-4944
15271
-20864
18694
-2654
-11240
-8756
-7804
-26325
-14823
-28782
-7139
-1950
24239
-25273
12444
13089
-9681
-9136
27473
-14680
-9035
-17582
4143
8875
-19778
-17581
6168
-8242
6706
25729
-6370
31523
-10141
17951
26478
2320
1254
16744
-10177
-11289
-24518
-22230
-25422
-18521
13387
22661
7222
-17350
25640
-5602
-15633
-6162
26831
-30731
-4858
25678
-2553
13842
20436
27805
-13713
31612
-10782
12276
-26767
22412
22766
-18975
22989
3898
-11311
-25576
-11502
-27552
19080
-32516
-29061
-23265
12911
11979
22599
-7318
-14393
15212
-11660
20161
10423
-7408
29897
18478
-12293
-22330
25092
24231
1122
25868
25411
21096
7567
-413
-30709
-2726
-744
20683
-30662
-8710
-13774
-1048
-1404
17773
-3542
-19004
-32701
-3594
-3392
29958
14507
-30918
27930
18129
28432
7735
6310
29729
26093
-27589
-23993
-13489
-10607
14677
21779
-24891
-14385
29304
22725
4888
18418
-28179
1263
18477
-26573
2359
-24775
25817
-8520
-16599
17704
16621
14155
-32263
28916
-571
-1431
-23119
6630
-23345
-4209
20286
-83
23344
23639
-6570
-8763
-15317
-14224
-13069
-2798
12586
29248
-30247
16877
-27506
1940
6589
-26802
21530
-24235
22095
26482
12779
30229
-23957
23998
14005
29384
-26982
4599
21207
-12070
-11165
-4806
-21490
-21215
19865
-28412
11169
28900
13316
-32358
-22348
-7888
-19988
-1164
-28459
24034
4482
2691
28909
-6133
30729
-19332
-1066
19470
-24006
26309
-10985
-31415
-26216
5453
-8755
-1419
-19479
18724
11032
-575
-10418
7338
23766
-27026
32160
-3164
-29607
-4778
9395
-13676
21016
-13121
-18155
9291
16463
25936
-10056
-14282
10776
29200
-3799
3899
12044
233
-979
28398
24205
12492
17558
-22827
-9705
7108
582
32405
32494
-27352
-23992
3961
-20086
-29394
6594
7465
-623
11182
-4440
13192
-12092
28753
-6788
-5690
-25620
-18122
-25848
96
29133
-30363
24310
484
-16669
-3288
-24649
-9469
-32267
-11265
-6610
-16007
12350
32154
2446
-13298
11640
-31012
-9301
12010
-7565
-26124
1879
-7345
-22847
1117
28815
22765
23067
17295
-4683
26294
-18115
26200
21832
-19662
-30998
-24017
-28447
-5783
30476
-2373
16961
26308
3490
-25467
1266
32736
21044
-17012
20725
-3031
-30357
27811
24791
12485
17198
-1525
30415
-15660
-13223
32007
-12504
-13575
-15168
-26453
-29063
-5438
8735
24097
-19068
-9614
-29130
-19975
-10541
-8834
-5929
-1836
11008
16552
25846
-18099
-23604
8444
10542
7002
-12233
-28108
-27406
-7886
8904
-28578
11195
-2957
16937
27320
-31854
-15938
-5061
9088
-31438
-449
6919
2580
-11217
-16813
-11046
12653
-15800
-11756
-23601
-2063
19544
26019
23201
-16823
1515
-23348
30237
11737
-24639
4100
-9861
-30751
-2657
-6046
-17162
-27181
-27784
-9303
6194
-30849
-28421
31610
6118
32517
26451
20010
-6437
2379
30124
-14806
2016
-11965
27463
14834
11441
29184
9632
23958
9971
-29479
-6588
-5024
-26543
-15094
4138
-21486
478
-8746
7832
662
-30017
-654
-24368
6898
-3681
16728
-8312
12267
30682
-19400
289
169
-17754
-6971
-20524
-1576
29255
13066
-30062
-6436
29282
3501
25418
10229
18338
-14427
28314
1129
-29979
-1461
-11334
-4675
30511
-31622
30569
9607
-8099
26733
-28439
-14722
17886
-9928
-19874
-29036
18836
31284
-14814
-24312
-2959
-21369
568
26174
-26337
3875
420
-31280
27453
17963
166
22999
22871
31035
10288
-2458
-21797
2791
-20314
12331
3036
-13718
-25572
-25683
1347
-26798
7397
14108
31688
-16924
22649
8099
-16232
26264
-19315
-10330
31776
-7303
2820
28871
-2807
-10159
-28050
3324
-3532
-20386
-6915
6769
-8931
24084
-28886
5189
21788
4550
9698
-22813
-15415
22042
32556
30030
-6938
-105
-21734
30250
31239
-25345
17668
8284
-22279
-30521
26092
28183
20342
-25368
-7548
-19034
10901
435
-32412
-24697
-5881
-29168
-3060
5766
-23936
-9697
19098
-14356
15161
25472
-18751
-378
22313
-4246
8546
22856
-27739
20295
31595
19260
-22704
5794
-27012
20630
-10758
19972
-971
12740
6782
-25337
22488
6181
-13956
16664
13105
-31211
-7458
-31201
-22845
8491
713
-18353
8667
-7756
12375
13622
1548
-6723
31045
21738
-1384
7294
-4215
8127
-23140
-27093
-18207
16586
10619
-24896
18033
18197
-30385
27262
-1918
29913
22506
-6424
-20145
15881
31888
-21801
6509
-12894
22184
3235
8372
15733
-6862
24140
22439
-8492
2270
-15522
-31172
24832
22736
17981
-8248
13974
-4981
-20287
20744
1318
9588
-21123
-15943
-6463
28513
-3700
-4015
-17957
-22745
19082
-27105
-21951
-15098
11694
18044
-15023
23335
-14388
26233
-29116
-1812
24919
30457
28422
6043
5608
23208
1623
23366
-2536
-23421
-5654
-27103
-22082
655
-8519
-5703
-656
-3471
16388
14176
-19923
-3077
-12879
-16042
3863
-27569
13212
-32590
-32229
-2108
9450
3645
2383
-11909
-7303
-8073
-2651
29276
31460
-15417
-10712
-3949
11486
23993
15718
-12675
10979
-17157
1167
-9289
32241
-30779
-5986
-13990
-12125
23651
-7074
23608
-19204
15246
10945
30930
16640
18998
16015
22976
-2269
-21869
-29291
-10603
-28801
-8789
31760
-21531
-2394
20173
32684
10018
-14719
-29923
23058
-17361
-7588
-12829
-15531
-24302
-9178
-2487
12488
3633
2351
13126
-24382
23490
19978
-13424
1912
1870
12172
20037
-28594
17097
15562
5003
30925
16286
-31460
-22883
-5023
28617
31425
363
18155
31805
-15610
28779
9049
-5780
-21637
14327
15993
-4604
-19096
16075
3691
-23637
-27040
2344
-12926
-32491
24608
22843
-3228
26260
4171
11401
5345
-31794
14077
24519
21463
-22539
-24522
10614
-30999
-4060
-13366
789
-7360
6423
-24960
23498
13784
-23650
-1851
-21902
-7484
-7228
30661
11847
13291
26216
-16839
1250
-7062
-22222
2283
29799
13487
-5204
14552
-20990
-28503
10082
26089
26018
16674
25583
-13465
2255
8112
-26807
8548
8326
-22081
-28768
-31875
15454
-17513
31341
24825
4517
-24458
14973
5113
32335
7559
-4753
-15510
24543
-27885
27504
-5736
17497
4947
993
-894
-14784
4858
22566
10322
-17564
26418
-29107
-22101
-14037
1437
-19774
5965
-28116
-10151
169
11002
9497
-15276
2085
17504
7283
-15496
-11774
29449
8062
24552
16399
-29063
-17624
17189
12431
1784
-31772
11238
-23804
-2577
-5871
28007
-30863
5327
-31345
15747
-13372
-27317
-22619
-31879
9856
-7725
-20830
-4975
-7829
-28798
-162
20393
-21448
7831
-4202
5718
16693
13166
-28173
-25457
-26941
12676
-10765
-16261
21962
2234
-25371
25834
3255
-10425
20316
-4380
-18692
-5659
-13295
-16598
-785
-28561
11965
20000
-22630
12538
-29032
27651
15314
-11814
-9045
-278
-15457
-16216
-10744
27451
-2779
-16372
-30767
-1189
-19726
10681
-27587
23051
-23485
6865
8558
-7707
-20822
7355
-9683
10174
-30568
-7380
-8795
-10255
444
24705
22739
10924
16659
31254
-8839
-7824
13832
-7422
18809
18412
25230
-19327
16628
30855
-24899
11455
-18246
22391
27636
-32678
26613
9996
13831
12216
-29932
-7100
19302
-19225
4653
22059
28076
28051
7265
-3219
-10995
6110
-19943
-3841
-6170
-13827
24031
29188
23526
-26416
-10769
13600
25905
-4893
32448
-29507
-17431
-9372
25541
1982
23212
-3939
-13453
28088
-13715
823
-2208
16358
-24328
-7045
5255
-30357
22788
-19261
13042
5050
4482
18246
28632
13739
18522
12488
11355
2804
16963
-32336
-18140
18940
9334
-4916
-14928
-10005
7787
31344
-28570
21730
-4049
9551
13911
29476
29672
-5391
2457
16909
8675
8268
-7511
20866
5958
15947
-27855
-26491
-17986
-971
30431
-4657
13501
20795
20950
7468
15585
-9410
-28
-8926
-19549
-14608
2785
-17937
27504
7530
-24053
10410
-19980
-24432
27982
-19411
14573
2692
-31694
28272
-14831
-6539
-30034
6393
-22254
-13186
31048
-32697
-24680
31854
19085
30646
25487
-317
14511
21985
23002
30027
-2882
-6317
31506
-22217
-16815
-11996
-9890
-31615
-474
-28778
7541
24471
112
21555
-30148
-5217
21431
-29374
27330
-1512
-8784
-24438
-5763
28512
-18067
-13461
7308
27198
15315
9135
2904
14626
30454
13757
23721
-11468
30381
-31856
-10304
26761
30368
-23076
-9739
12646
27001
1917
-17205
26264
-2599
-4241
-4861
17023
-31980
2166
-2782
-6126
16997
18663
29577
23107
-27748
-10392
25322
6937
2178
13347
-22835
-5616
-23897
917
-14395
1453
20514
2726
2100
-32565
26159
-8719
-2665
-26160
-10836
-3145
31449
26690
-27751
-31345
-20393
5057
-31065
-6409
-11759
-12417
-3120
12444
-12979
1310
-22318
-19464
9128
-31532
-25869
-23880
6315
-3245
29078
28838
9959
-12458
14568
-8556
10286
30782
-12898
-4450
-9287
-12884
-1801
27423
5918
15000
10796
20339
-10455
31991
-22734
17655
-23264
18254
-20299
-1813
5510
-26947
-7126
17113
25168
12087
27717
-11030
29442
-23490
29584
-1665
12389
14617
-29289
-451
9374
-2944
-13282
7015
-15902
-7431
16396
3900
-13607
-28342
-23362
-28169
-30245
30037
20995
14816
5678
-6343
-4007
-12954
17704
14915
6121
23065
17854
1381
9006
4983
-1592
17338
-23647
17749
29914
-13605
26518
5960
32195
-14848
-27793
30303
-5044
-21192
-7555
30665
-24100
-29773
-29571
-26683
225
-19212
11124
18419
-26461
23023
-8017
-2144
-13150
18490
-27533
-21676
1692
-5597
-2977
5792
31458
7285
24040
-19544
-28216
-26049
9940
-10817
-6084
6705
-8170
-3757
-22860
6679
-8600
17587
20197
-6197
647
10091
-19876
-11530
-4318
13582
29198
12365
-24053
11487
13739
32343
-22814
17854
-6608
22502
27349
-11982
9729
-10907
-31326
24319
-26206
24646
20522
-24246
-30424
30671
23247
7512
-19532
10745
-31906
13774
-110
-12044
-12063
29309
969
-27998
-9905
91
-3494
-19158
-8481
4944
-3409
19340
4847
18479
21254
29335
2372
-650
12957
24649
-3989
-21230
13659
-21687
-30463
9401
-926
-18254
-26800
-14856
-30461
30984
7926
-16405
27024
-18520
-3554
23242
-13908
25200
-3476
-9394
-22817
-6207
14899
21497
29191
13737
-4928
19191
19473
204
-13570
-9672
-10972
29122
6464
-30673
-25247
-25237
-15895
-6172
-17481
30253
19360
-18745
7885
28651
4541
-21840
11557
31998
24067
29895
-18088
-10625
212
6650
-31737
-20684
-9979
-2765
14795
21854
-2972
-22692
206
24575
29824
11963
-29278
-26431
-18602
7445
6407
-460
-17308
8968
29516
-14493
-3603
-23829
-21873
11664
-21936
23255
3887
-9163
24773
11535
14228
7473
-3374
-28335
-19517
-19749
13639
-9215
17126
-26956
16095
-14476
-16940
-22972
-21688
10182
-19669
-8971
25901
-13309
-31093
-10560
9845
9258
30863
26873
23120
-27963
11782
-14370
28284
-11673
32199
-28124
9923
19259
-6248
-25211
11360
-12758
11466
22408
4610
-27773
-23244
-22266
5248
-17483
15904
-10958
31628
24461
8102
10689
6772
-2734
-25842
20630
-31681
-1860
15280
-8069
9760
7238
30277
-1599
26900
-24029
11117
-12479
22469
26139
29790
22540
-5639
8716
-9396
10507
27362
10985
-22473
-23249
20735
-11168
-29523
32277
-249
20673
-8513
-5035
-11574
1092
5562
32011
-18696
-6682
5597
-25841
-1455
19822
-28705
21074
-18570
-15049
3623
26431
-10783
-8108
7916
-10718
9010
-17388
-16722
-14111
2112
10176
17735
3578
22034
-16618
15248
-32483
-8887
-30555
18507
-24802
-8590
-22306
4632
6127
-30801
32631
30521
-21741
-18746
25385
-27917
-30479
-22867
23060
-32155
-10613
1892
-4989
23909
30042
32687
30869
-14774
17390
-26730
6946
-29504
21041
4370
-21301
-23933
-28617
-21678
27696
153
9280
15877
-31748
8637
-25669
-28224
1639
-24261
22900
-4672
22527
-18777
463
17701
-16862
-5182
-4328
9487
-19524
-29069
-5071
-32761
-1129
-18960
-6595
-19287
23878
21017
11402
32655
2482
-15357
-16316
-21078
-29526
-15664
-531
3538
1718
-28908
-8014
-8330
14050
11298
-11118
-6584
-10012
27168
-6043
-20373
6310
13970
-13262
-15114
-29123
31724
-14209
-2485
-20913
18790
-821
-26732
-19873
11651
-11797
-31583
-15029
-1503
31576
-28260
27184
-24211
26126
18603
-1312
-787
-520
23976
144
26199
-25849
1166
-14048
19883
21793
5850
-28412
31239
-27245
8680
-422
15520
-10724
-7528
20160
13597
20401
20422
-15691
27174
-9083
8924
-1900
-15808
19350
-32395
9763
-28032
-13721
21576
-21721
-9113
-15390
-25238
27107
-24609
24424
-19188
20261
13497
4637
-12298
-4600
21801
30149
11415
14824
-7952
12371
28754
-7121
-19640
-17309
-7089
-21314
-31701
17745
3952
-7699
-20738
5995
-20452
89
11693
-1709
-26868
16739
-15636
-4401
-9680
11420
17206
27544
21943
21052
20996
-29700
1485
28426
-29117
-24050
-21526
-21996
-24607
-30990
20368
11370
24471
-12387
1720
-16783
-4997
29926
-11306
8485
-12523
-26449
-13092
12883
24412
-18685
16042
3868
9525
-30830
3059
-2685
-1552
-6752
-8191
13739
14272
-4587
25187
10528
-19194
26025
-25328
4041
-354
-28268
14653
-5749
23992
25102
-5878
-17329
-29492
21343
-23246
13580
-31302
-31907
7544
-20794
19620
-28283
1491
6646
-25350
1628
4210
-7492
15426
-18587
-28614
-900
-7186
-29216
-12160
-5799
-15250
-29535
8657
9380
20810
12624
31733
-832
10986
-9117
-17893
13240
7266
24793
-30682
-19049
6366
-31324
-24383
23656
20620
3369
-7978
14563
-32460
7251
8456
-11823
22534
-22738
-23316
32306
-9385
-22017
26586
-11938
3355
8511
30995
-18988
25349
-16600
23346
694
2661
-18456
-18535
-4896
-12068
-8126
-32129
-16675
7256
28223
11515
-21643
528
909
24462
-4064
-28121
17716
-70
-27721
10771
14920
-2345
1885
2613
-2316
22363
31140
-11620
-5055
16664
18544
10669
7859
-2062
5124
15886
-24604
11902
-7366
-24355
29312
-9328
2883
-23164
-7929
11687
-8776
-32230
26522
-20639
-5998
-3612
-4440
-7541
22616
-18566
9425
14795
21696
-24715
-20546
-24944
16509
-16284
-23529
-21892
-4135
-16757
31247
-27031
-20899
416
-27257
-4552
-26773
6584
10439
5936
19996
-8064
3856
-23785
-28817
22752
-575
23148
-11965
-8807
15003
28519
1530
-12848
-7417
12945
753
1338
23901
-21472
-5588
-24689
-32100
-15025
11134
-20321
2957
10801
26967
18617
3629
-2193
-30736
-3034
22332
26912
24017
982
27807
-11062
3397
2168
19293
24724
-31702
-4925
-27618
7229
-11980
-16775
5985
-3309
-5445
-599
-4522
24710
-30341
26176
-21704
16090
-12866
-24003
-29618
-11645
-4941
24245
-11976
13981
6829
-12934
16162
-23076
6412
-15881
31643
-4339
28187
11809
24562
-26200
-27777
-25761
-18729
6041
20397
-13465
-25906
-25553
20092
8777
20318
7041
469
26593
-8083
8300
4027
6475
5795
-29015
-2071
27203
-29743
23925
-10777
-16993
18987
10132
3343
-30030
22412
-3685
13065
19531
18358
10312
1590
23998
22854
-9014
17982
7964
-29337
19790
18723
26331
23198
-29729
14075
-26207
-26424
7188
-22946
18042
1619
-21363
22253
-14226
24956
-11807
-9165
-385
25717
23389
16876
-32457
-12653
-21943
-334
4755
29895
-6892
-7209
1600
-21066
31086
4682
24641
14437
-5680
-5467
23003
6261
712
-9971
-16547
16820
-26973
-9860
-25684
-27903
32354
13869
487
23512
-4632
17949
7836
-22310
5417
-12199
15065
-32682
-19526
-14693
-5603
2480
793
10338
-20165
-20630
-3270
-19753
-31375
17257
25098
-24598
-18062
-14067
-24399
-30350
-25051
-2900
-21170
-25642
19394
10649
-18986
15091
28386
24855
-26699
18366
-15162
3604
-6232
4217
-26015
-21845
14139
-3658
29555
-27276
993
6265
5356
-69
-30841
-5112
-15641
-2090
25732
-17668
16044
-15245
-3034
-8521
-19116
29472
1918
2121
19723
4842
29608
-19612
26547
-27979
5080
15502
23031
4793
-23950
10072
4110
-29303
2262
-30795
-21678
-26454
-25191
11670
24013
4120
-11308
27461
10681
24943
12718
21048
-13306
-32420
-29816
2985
7147
19685
-8160
29488
-19069
-9827
-4529
18982
-19016
6889
-2904
18534
-6065
14883
-16638
19569
-19346
372
194
5886
-13167
-22153
-4329
22799
28396
-23603
17477
20968
-7310
-2419
25999
-30662
-32192
30622
32449
25834
-14987
21610
269
8634
18859
31172
1233
-19467
14819
-14086
14446
3511
24859
30763
14135
5668
-15483
17099
-22323
-30179
16530
27316
-6588
26901
11070
11247
12249
10329
-19885
-26041
-14496
-9603
4141
14145
23
-8371
25160
-14510
15929
6030
923
-11164
-6290
-7965
-3127
-3363
16899
1289
-16023
-29483
-4981
-13778
-27969
-10509
26295
13155
-16497
17178
11529
-18164
12160
-4782
12494
16726
-18756
-20651
7067
23019
-7456
-14881
12994
-28581
16123
-15183
22817
-23016
30688
16995
-4076
-15790
16136
27864
23217
-14043
11858
17576
12739
29955
4092
1524
-15368
9427
21696
7164
30927
-11562
-11573
1580
11359
23444
1691
26438
19360
-32389
-10253
12513
-1167
-8957
-20880
-12139
-15171
-9714
-12687
-23830
-31590
-6915
-4867
30294
-19958
16779
-29933
5576
32540
58
-20219
3068
24872
-12944
7086
27792
-7552
24184
-15772
22878
-31821
19820
-443
-15234
214
-8352
-6263
24202
18861
-22907
1535
28888
-24050
-30264
7485
-21171
-15857
-31277
30157
-28928
13204
2095
25204
15196
-24817
13246
-28316
-16828
-13835
-10807
18287
6592
-26076
2815
-25479
24966
31049
12178
-14526
-18470
-5208
-8885
9291
26310
-25407
2133
-7219
-24943
16958
-12919
-2273
14240
-9386
15877
7040
8129
14875
-3813
-16528
31034
-809
31604
-1650
-31877
7859
-1031
-30914
11349
9592
-11854
4334
-389
6278
27970
8294
-7711
10022
-13394
-5245
-10682
-11313
6473
-19782
-13298
-10689
-32489
-24106
29126
21480
-26793
-28144
11282
15580
27697
30841
5403
-31591
-12955
-10810
-23650
12550
27615
-30063
-4570
29676
3245
-31997
15078
-9217
14158
-19764
-22336
31498
16853
-16276
-24434
30175
-15823
-9113
-24590
10054
-24838
-22621
22542
-16737
-9871
-6543
-337
-503
-25111
-18361
27706
-23195
28643
27428
-7755
24887
-21509
-24645
-22324
9818
22551
-5823
-18070
-31968
16699
-15219
-11264
-10105
19326
-31428
-31903
-26211
-11052
-8157
-10560
18774
2410
2678
5850
5396
-6138
14504
30136
-19482
-17425
-12382
31890
13915
28303
-8412
-26652
2946
1987
-12204
30397
-17035
-2316
-11027
-17680
20663
-15237
-23687
-22569
-30713
19588
-8767
-28340
6485
15258
-30346
-22643
-157
24714
-29624
-18273
27355
5943
-4312
11326
545
12153
-15756
-4184
10274
-29161
30309
15049
1801
-12901
2493
-21098
28570
16651
9211
-16201
21516
22091
-16212
32427
19296
-5894
6268
30832
149
-5720
12182
-31044
1103
-5437
-14969
26294
-23850
-18240
14709
264
14648
31000
-27892
32328
-9552
23963
9208
17658
24449
24675
8379
-26639
6201
18240
236
31597
30837
-27018
-29064
-27362
27290
16283
6081
24059
-23866
19843
-32169
27501
13418
-17760
31057
-16619
-6180
16765
21139
-30996
24565
-9561
-31816
-13361
765
8035
24336
-23292
-23094
10603
-28657
20909
31367
-7464
19434
-23190
-31462
4559
-628
-13004
-10024
29084
22235
-4937
-27268
-14230
16210
27513
-27842
30646
-22999
24443
21936
14741
-29930
1331
-31309
-10612
8007
-8092
23413
27061
6744
5021
-32180
15965
-4994
6900
-4489
6548
21041
-25830
23378
6756
17913
3589
-1122
-201
-2195
-25145
-10272
15215
14766
103
10956
21982
-10358
-211
-18022
15213
1055
-28772
12080
-7658
-12236
17390
-3634
-20274
21248
-27721
32405
19313
-3775
9227
-1047
-7305
-15186
-19341
-17403
-24919
-13742
148
6227
5722
23532
31552
20413
22533
13703
-23205
-21130
-10156
19467
2776
-2625
23293
11060
-18398
7594
-8770
-21210
-23498
8651
-22072
16923
1541
22328
5018
15735
2724
-15131
-26256
-27054
19275
-30664
31632
-28427
-16258
2191
17332
-5113
26401
11628
-1378
17580
-5430
4957
-10681
-17975
17245
309
29558
9815
14624
-7716
-19660
9429
11611
27025
15118
-24734
-6378
13369
-29571
-20841
11110
-15939
-25836
-21399
16531
3643
-17768
-4658
2174
19194
28681
22253
26425
-4345
-8931
8319
-20797
26388
-31774
16003
4000
-13862
-3762
-6787
-4792
-2290
-5902
-31096
-1838
28341
14727
21835
2245
-1084
17993
-5282
13824
-22462
4440
20928
-8898
-21766
11640
32566
2068
28716
8611
2777
10877
23724
24431
31518
-4795
-7639
20746
-27952
27358
-16836
22515
-28164
18306
-23493
-3662
22117
10534
-15182
-12898
19545
20150
-5388
13125
30641
-15168
-21370
-12083
20567
-12510
9496
23910
-4784
-7891
-27676
29334
-20671
-22412
-24022
-981
17287
-32103
-31727
-16532
10652
13641
13562
29274
4784
19894
16474
-32323
-21085
16351
19127
-22734
-16487
13111
-17781
-24250
-19169
-10893
32374
-7968
-12134
145
-32686
-10878
8135
-20160
14444
-9597
-13651
16791
-32549
23933
-17123
-13218
-16000
-3006
-3498
4517
-12245
9935
-10001
-21818
-2799
-12934
1894
-5473
5339
8353
-19005
18579
9915
9964
11362
-935
28368
-32260
9343
-24139
12698
30355
-23336
26473
-1175
-4814
-6260
19928
22482
-10539
1644
20392
32762
15718
-6935
-12332
9664
5594
7208
17412
-27115
-8483
-15541
-21000
-16266
720
-19282
1206
9206
-16101
-8535
-32659
-30205
-2668
5960
19135
-27922
-19122
20877
-30046
-13875
-13871
7059
23732
-6875
20585
-10244
-6118
7572
-29803
-6913
-22866
-2292
16369
-19322
-26968
-5411
17759
10226
23067
3235
15807
-10199
17684
-24911
-22296
-9995
-29561
7418
11358
-11265
13096
16064
-25458
29311
28488
30110
25000
20966
-5336
-29621
-4902
-13407
21956
-22953
8955
27511
-19790
-19387
-7709
6331
-19702
4293
25307
2114
5450
-17601
21534
-15212
-6077
-24693
-17851
-5324
18463
30069
-22372
8103
-22601
-6937
-3935
28626
-20562
-19367
-8348
-9354
-6153
-8761
-16504
-25299
-22835
-22218
-2393
23203
513
4325
-20848
-6908
17782
-14728
28877
3018
-32664
19055
-9112
15576
-57
-366
-31828
-6418
-5534
18646
27730
14463
5515
352
-19086
28570
8346
8503
-3716
-31918
17077
-15995
32099
6257
22169
10428
15819
-14942
14053
9316
31860
-16254
11403
26512
30324
-7393
3860
-9197
31537
-7080
-6494
-11066
-32103
-12570
-12295
17809
-6508
30826
-23654
5262
-31751
3399
29699
-945
26238
27339
-26962
24563
-1587
4338
-6060
-21817
2004
9421
-10695
-11216
-9685
-10209
9140
-24582
11511
25739
-1200
23424
12263
192
16255
-17779
-5461
1359
-19044
14395
-7901
15004
26092
1122
9550
1984
-15321
-23279
-14360
13549
6795
12158
2849
938
-7867
-6539
20799
-4084
-23589
-6922
14088
-16515
-29492
-28954
-26004
-13190
5149
30626
-5751
22909
-3394
-32392
13135
-17394
32245
-23981
13768
-18209
-17804
-3849
16667
-31180
10133
16669
-27418
5935
16122
-829
23072
-7033
29114
1736
-12118
30871
6290
-18412
18223
8013
-18488
22015
23629
8652
5445
28444
7106
25908
13210
10318
-21937
16583
16915
22645
8032
18796
-6912
-17364
-18442
5026
17703
-6178
28506
17915
10868
8321
13463
-10808
21201
3606
-30042
15041
11988
-19327
17563
21327
31349
-28341
25105
22745
-27985
26322
20429
15947
-27743
3691
4675
-4441
12221
21880
2821
-23589
-14027
-21986
8317
-9507
-8791
-29371
-25877
-22097
-27768
8379
-4937
18657
-30703
-31219
-16001
1532
-28680
-21342
-29492
9558
-18459
-17998
8176
25585
21232
-1575
6415
-10047
-14969
31861
14013
-27484
18013
-1902
-26267
13584
-17171
19564
9532
29040
-24517
17334
16598
-2938
-30139
9503
4881
28482
7554
-11372
17991
-25013
19388
-7130
6136
-390
21892
17747
10996
-13116
-15846
32167
-23725
-21520
-23160
27588
26086
17664
11344
918
-27466
-15730
-12652
-29165
-14858
24482
-15994
25816
7974
13428
32212
23752
-22198
26755
2590
21906
31059
-12802
-19317
-23634
7285
-27349
-18820
13721
-71
5062
21482
23115
28106
-3278
-18765
21592
-24598
20653
-32098
-31099
31521
30883
-19182
-19752
-7015
-7960
-13266
-23456
25142
31421
-10367
-17097
23557
24192
8433
-10818
28928
-22093
14916
-17067
2572
-16271
-3674
-309
-25519
-19500
-32090
12704
18392
-16678
-1369
19798
-18865
430
-10037
-44
27024
-24625
-1451
4597
-7372
-19503
-11061
4291
-1972
-27775
6966
6428
-17352
32198
1870
17097
31753
26659
24710
-7687
17182
30263
8972
-15518
16603
-935
4471
-19321
24762
-25721
7068
30881
-16720
7832
-14479
-15367
31187
30657
-25575
18258
-486
-7879
5876
17185
25437
-3082
14633
-12974
-13380
21078
-11336
-9643
-5380
-16078
-14391
-12015
-17702
-30919
-25982
-24140
3811
841
18074
-13836
-21713
24320
-7755
6890
-6741
445
20661
15856
3497
-18732
66
-5617
3526
-12753
-4522
-25428
-10701
25759
13040
-52
-32427
-4344
-21253
-29747
1616
-23494
1327
18117
17674
-13883
-21153
-22078
-20533
22865
-20845
24614
-9498
-6248
4187
15316
8728
14564
-24279
-8342
-16892
-32454
7279
-22800
22264
-28739
18527
17030
-26288
-2384
28242
-1227
-23304
-7087
22503
-1772
8345
-17135
1577
15234
-12198
-19094
-27117
11892
31437
11833
-23750
13317
-18047
-25829
1668
10692
-29147
-2195
-29492
-18812
-24391
13495
16652
-26769
9202
6633
1007
-17452
-19835
-15498
-6452
-7419
-25014
-8975
-7125
-5145
8857
-12581
-2483
-22292
32635
31115
-28569
-14272
-19837
-22084
-1033
-26944
7617
859
64
4466
13044
31168
-30497
17755
-31340
-21832
25643
-7036
29130
27502
496
15807
1778
20688
-4991
-21025
21780
-27030
23460
-29020
-24625
29022
-18067
25476
31034
-31377
-500
9421
18421
3905
28544
-15722
-7620
-32464
14658
428
-28724
8956
30978
-30060
-32187
-26093
1350
-27732
30762
-12938
31409
26383
9893
-15720
-10981
-14916
-6315
-8680
-17496
-16947
20557
-195
13935
-12646
7629
26468
-29952
6676
30798
18715
-17776
22516
-31996
26624
6190
20370
-21700
29897
22300
-25690
28010
-1626
21207
7737
-9702
26095
30180
6819
10596
-26635
5084
3434
28470
25172
23175
-12680
5021
-7876
-29153
-21830
-23067
18793
30007
-5719
22432
11202
12153
22656
-31242
-1276
-11978
5151
-23525
13615
31463
4679
-21395
-24973
-6572
-22482
-703
31449
-19081
-23730
3935
12756
27134
3871
-2866
-9576
-5029
31247
21851
-15023
-5502
3331
4592
-20517
26422
-17480
24249
28002
-14416
-3260
17608
-18176
22037
8126
15456
-25151
30361
20622
-18166
-27567
-20344
29799
-1391
30339
8012
32765
-17391
-19346
14942
-32525
-23310
1297
-17737
16948
832
-43
-445
29398
-28945
-28631
-11630
2535
-26378
-21877
6942
-29015
22382
25040
9301
3636
26488
-17024
6322
-2874
28476
16019
-15524
-18527
32268
17868
-1746
-2493
-19011
6318
-23522
28888
-15121
7977
-32725
-23975
20202
4857
6175
5762
10151
-28624
12
4263
-31216
28198
22396
-21055
-2064
-14500
19600
-3218
27300
5278
7156
-299
18772
24385
15835
20287
-15125
-18557
-12441
-2025
9380
-10889
13292
10122
24349
24853
-3469
4775
23293
15465
24999
-8634
-10237
31089
2999
-31566
-14691
-19027
-25644
25956
-13917
12005
20352
-1880
-29717
-4632
17647
16190
-21752
-15958
15404
7588
-14034
6958
-22873
1186
-12435
-4406
-20647
3060
18940
-30004
18934
23667
-26614
6967
22322
1822
-7753
11592
-2943
-23278
-12859
7754
22910
-573
-20530
-15793
-11322
2480
-18312
4313
-6386
2458
15402
-23297
31140
-9219
-22752
-24109
-9712
-9881
5314
17159
18408
31372
-26404
25411
-26907
27906
-5349
-9327
-240
11718
-9852
24178
10719
-24721
3792
-15647
10421
14182
20392
-9775
3002
11435
19185
-23021
-21411
-30121
-23947
23519
20172
9610
2831
8508
-18405
-17874
-18758
-10610
-4880
23609
24099
-14736
-23398
9957
14502
-29045
7373
8282
20091
-11486
3661
280
16419
-18258
31359
-14564
8486
28055
-29804
17563
18170
-29417
-16704
-9288
-30981
85
-15742
9296
-7399
-22574
-8865
-10654
-5952
5307
12998
3184
-26657
-15855
-25495
15031
-5587
-26247
20542
-11617
-30661
21186
1499
-7347
-9939
3538
-2171
4957
12198
13813
17706
-27244
29295
-28223
14280
27546
12579
28720
-31281
-18003
31605
-15943
10348
24911
-17950
29411
24571
-11819
-31196
-1281
-3085
-24993
-31368
-17925
-17546
16304
14344
20363
16017
15518
-16730
29222
-22726
6956
-1323
-18188
-25187
8809
18509
8707
-32721
-30103
23462
10614
7836
17584
-31054
-26142
-54
-1021
-19079
20423
-27127
26616
-15815
-13647
5937
-6074
26804
-24692
-3299
-7458
29346
15944
-31518
-4988
-1654
14228
20728
20519
28646
-15490
-18763
-31111
-22097
-18934
1105
10183
6269
-5262
29503
-20896
31162
27064
-1946
-8536
-17336
-534
27736
-21640
-23220
-1872
13913
-4632
10247
6193
-16292
-20636
-14434
3678
27344
-18574
19808
-15610
3421
15993
-23208
28074
-21633
6246
12462
-26124
9203
22114
21441
4321
-4481
-18435
-21939
-18478
22049
18895
-5756
-15536
13585
8985
28961
28649
24521
24520
24407
7262
-14721
-17288
3807
-31897
1172
20551
32180
28991
-30425
-11337
-13420
-32071
29002
3220
-5042
4922
-15557
330
22197
-31293
-2084
11786
-26950
-6115
31046
-18606
18405
-22014
25201
-13303
21120
26385
31440
9289
8607
5762
27832
-26011
5409
-12184
-3591
20471
29280
20084
-11152
32380
3574
-2951
27148
9199
8989
1312
-8718
11332
19042
5253
20736
25454
2338
7303
-30802
-18667
4529
14010
-6119
-2256
13302
20304
-24271
13264
-26913
5303
-1890
-17192
-8007
14078
-7592
27388
-22384
-11737
4351
-28361
-19534
-26668
31486
16052
28663
7056
-4564
19098
13347
-29833
-24217
8537
-3521
13714
1114
10048
-20845
23409
7973
20238
5827
5179
27013
18562
9662
21175
-27493
-28422
31128
16512
-9815
-17454
-760
-27760
16087
26779
26669
1921
23967
-7532
-28376
15253
-7295
5595
-15600
-2405
5849
21466
30990
29875
-17774
21524
-16071
-28734
6728
-6500
-9816
24583
200
1945
-25941
-12117
-22254
18642
3678
25544
-29776
-32092
-17724
-11605
12949
12738
3776
-25682
29435
4778
21469
13056
-40
17325
5306
27626
15256
-19821
22653
-16845
-1802
-319
-7194
9044
21767
29717
8916
7089
5202
-21524
-15051
-12642
-27852
-10306
29666
18074
6499
-11234
-12030
-27994
-3963
-31076
13661
-29187
31090
18519
19768
27942
26411
6666
30096
-18177
2022
9287
19266
-242
24788
-7407
27153
18357
-3666
18080
-32255
-10882
29081
30300
5931
-18374
-5898
17615
15090
1308
17984
-9070
28729
13982
2825
-24938
-20231
19306
-22858
-12042
-11863
-18597
24829
8543
-7409
-3707
-10678
-13264
19176
-18642
23318
-30480
-26978
-27709
-29512
20029
26342
-32136
-1839
-11304
32256
-1042
-5893
-31724
26230
10308
22479
4937
-14027
-3219
-21624
-29601
17719
-15293
3487
-6794
-26892
-18174
-28216
26803
6383
-26256
25275
20641
-9070
30267
31717
1494
1277
9433
-14869
-32704
22360
6965
8240
-23128
-12632
18132
869
15498
28080
12314
28230
-11161
-198
-5421
5645
-25360
18776
2095
-4885
24499
30968
16304
-27951
-10017
28979
-30518
12140
-32657
9768
26024
-7457
5692
12198
22135
31860
-18644
23203
19454
5426
-29072
25182
15206
32390
-19427
-22635
27265
26123
-24546
-23189
-2157
12163
3909
22119
12185
-21965
-18120
-20161
-12736
11709
-3960
-11982
-7118
-14169
7280
-32384
31409
-8364
12610
26006
-12516
-4358
-23352
30066
-1652
22180
-1415
-14782
28041
2443
26705
-8983
3242
19450
4079
-23536
-20429
27004
1425
497
25575
23121
-16544
-25590
-12518
-20994
985
-9339
3138
25177
28808
10980
12482
869
387
21555
26679
7982
-20543
-2250
9836
-19597
-21921
-8580
24095
997
16183
-23224
-3988
1693
22813
-28459
5188
-3736
-24856
-28294
-16918
24273
31793
-5745
5295
31660
31448
11111
22862
-19335
16292
18601
-9313
20055
6797
4631
-2818
9477
-22205
-17492
28813
-22750
-20094
-17045
6541
-15431
17445
-20552
14482
-595
13310
-7709
-9452
27831
-3654
1729
12474
23225
-25321
8494
-2855
-23980
-17478
-28716
-27579
-11591
-2039
23746
-9020
22015
-6151
-27280
-2193
-24481
-1084
2291
-21737
-3817
-22893
-14636
-5299
5303
25234
-7644
28505
-6255
-9160
-18539
24418
-19490
-13165
16651
-18245
-19150
29173
6233
6548
-10026
29571
10262
-26050
7854
-27081
25235
13822
-5016
-12956
26660
-21171
-23318
21311
29365
-22312
1313
-6470
-17600
676
-744
11111
21475
-19492
-4762
-5044
-5767
16685
-16859
-7764
-21738
-6976
5975
-1048
-31921
2836
15533
22212
14804
30320
30666
-16677
-13747
23748
16001
-11665
-26253
12635
-13661
-8236
20581
26608
14917
10170
14473
-19524
4447
-21750
19205
17618
30816
3459
-27467
-29578
-19981
3640
16038
10961
-17826
-28433
-23720
-7913
-23519
-19261
-29239
-7049
-19893
1773
9970
11277
-14996
-25862
-10041
-26234
-6411
7214
18602
3374
-28583
12545
-29152
26589
12296
-29859
-17749
-29005
-6364
-9160
-10821
-19462
-2140
-13731
27073
22099
-20353
23813
15218
-21139
9381
-3565
18229
-1721
18037
25191
29341
27001
28544
-23847
-24951
-24727
-4759
-20770
18209
-32195
30502
-14437
8576
-3911
-16461
24008
-24717
9274
30292
-21849
31518
29463
13587
-16167
-26084
26598
-24046
-24359
1649
28782
1829
15687
28855
7061
30702
-31334
6316
25481
17788
-27879
-27508
-20238
-4938
-29095
17932
20477
23322
22515
22171
-641
10858
14202
-21609
-16275
-481
-30544
6286
30648
-7741
-26437
-18917
12290
24193
23556
-22970
-17866
13948
-9981
-3246
8792
-29500
7703
-30587
25096
-15279
15442
8534
-30778
4826
-30787
-30634
-15213
-3923
21684
32401
5294
7915
30691
-24793
12789
-28624
-26850
-13580
9886
-21387
16686
292
-28394
6102
-9877
22934
-5646
-23593
-16196
-16633
16856
-163
-31463
31232
-4859
957
4981
-5668
-11328
-21899
14755
15251
12028
-4368
5518
1924
15314
3791
-22065
12937
1500
-2729
27371
16994
9405
19291
-21020
30995
30178
-515
30824
18715
-15118
27366
2636
-13879
-9677
26524
-3048
17811
-18217
21725
-28251
24333
-11627
7930
-7542
-7169
-20225
1706
-3656
20996
24319
-23014
15432
-17581
20622
-26346
27136
-1678
17937
-31424
22972
-7077
-15233
-16579
-22871
-7317
-1831
-19949
-16772
-29802
10120
3638
-7306
26043
7035
-25786
-21134
-15564
5475
5533
26108
2699
646
16082
-24675
-25382
14389
20144
2581
3881
2964
-22227
-5257
11778
28225
-10303
21174
7831
442
24
-29969
8254
15683
-31256
27699
-1623
2454
6307
11682
28916
29159
29941
-11180
3892
-25358
30876
12463
25204
27617
15177
14394
-13838
-28129
-29956
30381
29052
4852
-23778
-31568
11684
5701
2076
-1031
-27331
16767
-31378
17322
6329
-2440
6821
-28573
-21423
25054
-31206
15843
-12865
25600
29967
19563
27743
-19233
3588
1126
19096
-14219
-22024
-28493
-29621
10234
5644
4831
-22354
18619
-6038
-15
17694
-2203
-2983
-2972
6980
22661
10564
8860
-22700
-13210
15432
-7351
422
9035
31844
-19086
30490
-23538
-6794
-8888
-6142
-5792
-7995
-2983
-26113
22952
-3270
-14252
12001
1943
10541
22067
-13181
-13174
3852
20342
13635
268
-31897
6875
1457
-20739
-30909
1581
17326
24059
-4968
-11167
-30106
-7507
-15512
-28726
15583
-32228
-24747
-30735
-25271
-14014
-25637
19775
28071
-1563
15456
16911
-32016
-25985
18697
1804
23123
17730
-14017
32246
-28657
4214
30397
15004
-5407
17761
13599
-24194
-8046
30008
32400
29885
-25163
17426
-18140
15375
-11907
30304
25677
-6484
8903
-20272
3479
1929
-22479
-19499
-6195
1718
13596
-30667
-8428
-18629
-25545
-1790
26306
-12568
3778
29938
30400
-10007
-22755
-12652
-30481
-16980
31539
3590
-22695
28059
-6238
-7061
-5726
-32682
25780
-29994
24340
-13899
9902
695
-17444
-732
22835
-21102
-20020
-9238
6299
-23419
-18241
1850
-31345
-22152
-12554
-25360
-21020
-15982
-4534
-1476
12612
-21209
19481
-4249
-21790
-32695
-17084
-29178
24855
-30251
-24481
32503
10996
-25092
-30019
27745
11529
-19159
11205
23085
26283
-24044
-1015
20555
-13012
-11612
2062
11117
-17536
-19975
-19870
28608
19302
28781
21347
-234
12889
-9715
-9898
-14321
-24085
31586
-31477
9453
22977
-2440
-26852
-827
28612
30441
-25190
30552
17584
-31405
513
19841
18913
17032
1705
-27860
16251
27205
5634
145
13217
-32499
30096
-3670
-19317
5162
-10666
28970
-30534
-12217
-24024
1660
-4052
-32127
-8648
10057
-2273
-23529
-24058
8838
-5915
-2778
2460
-31028
25648
26752
-22971
19651
-27865
-2064
8974
-16919
5577
18664
-1353
32512
917
-32718
15809
-3040
-16722
-8303
21771
26061
-21835
-5998
-24670
-11716
11355
18922
19534
26094
28022
-12570
28862
-30652
10312
21282
-20976
1223
23717
-17606
19495
15323
10544
23282
-20546
-13702
14717
-14306
8335
-5266
13330
-28600
-15162
-29086
17327
-4024
15454
-30430
13828
-3576
-19891
13611
25978
14076
5200
4962
27176
26274
12246
-17464
27808
1098
16731
31085
-18509
-6445
-5261
22634
11834
-17145
32441
5518
-12202
-25955
-3039
27108
-24054
-25900
32143
-8180
23629
-25493
9047
9777
29178
17037
22039
25727
1058
19346
-30670
-8803
-6334
-13183
-22753
-26884
19308
27481
-10946
-22254
-26962
-12806
-7744
26194
386
28175
-838
-29219
11557
30434
-7567
-2016
-17121
-15291
-30283
-21632
-15773
-28614
-12743
-2427
-31202
-2233
-9221
18708
-6965
-7539
-30370
-31096
-28762
18840
21536
-1006
-26986
1238
8375
-17789
5416
8516
16060
6175
-6432
24041
25956
14459
-28377
-10765
3635
14423
30704
-1638
1646
20983
9460
18868
-9367
-4030
3816
19922
18351
-18311
16171
-27547
748
30319
26219
-17094
24974
6139
30812
29227
-30828
25040
-26614
-4541
16394
-4102
-8965
24181
11502
-26448
-1207
-21171
12618
-22900
-5015
18762
-949
-8326
-29483
14144
7821
526
10195
22528
-30345
-26704
27683
-290
853
17317
18967
12525
29973
-12101
-18032
31048
-17950
-7701
13489
28272
9786
-7320
12656
-1203
8529
-15999
-14177
-30210
-1327
30777
25220
1204
4845
27982
16258
-20456
-25221
16983
4333
10796
-14500
-24127
-2294
-3636
-18921
-30866
30462
26781
-8184
27116
-8076
-16236
-24550
-8805
-24460
10947
25152
22305
-18587
2707
26823
13930
19248
-19933
-13057
-23933
5750
-17534
21979
-6198
-11332
11120
18695
-4724
-21541
-10589
-25472
6987
11451
-6176
3640
-14625
11874
-24475
-13710
-8788
22173
20346
-10684
24031
17382
-6666
-29130
7987
-23173
-27886
17401
357
-22545
-13864
7918
-9086
-29316
31623
3035
11728
-14080
-30545
-5721
-8285
865
-32336
-25992
-830
-20057
-8433
-23301
16283
-2239
25347
18706
25214
-18825
21752
29532
28627
5600
-29677
3603
20397
-152
3008
19816
19940
20128
-4984
-17976
-16791
-25241
-16540
-10369
-2131
-6613
22768
-19183
19510
-22528
-7733
-4205
27008
-32236
23993
-25795
-19491
9675
-2888
22503
-8864
-22649
11485
29157
32054
27433
-13741
-30725
-1853
5165
401
20086
10998
10206
-13523
32566
13521
7578
-26950
14663
8666
11293
-32072
15450
-18204
11161
7249
-19105
25306
31661
15878
17208
-21639
15350
-5797
23589
-14409
20564
1430
-5014
13994
-26493
-28129
-18134
13645
7840
8447
6589
-10953
3317
-11275
-32073
16732
8567
13786
-20330
-31290
-29447
-3210
-31168
28859
32660
8770
-26423
-10379
17206
-27058
25592
29742
-5213
-289
29435
-11052
-13052
26672
28887
-12322
27113
17132
16298
-13714
-18685
-22863
-11771
22779
-19223
4028
-22015
-19638
-15368
14376
24605
-3169
-19481
1915
-3626
-14962
-21419
27164
-6455
-5127
-20587
-11465
-15275
26558
-11215
-113
-25241
-12094
-30130
18992
-475
2104
13030
13950
-24856
11344
3678
-16577
-28457
-890
27219
-8374
-21487
14488
-1751
20398
19187
20181
22732
-18384
-11034
13255
-26233
12139
-11819
-2497
-14776
-27992
10314
-29934
-7296
20383
-24362
14073
26218
2236
29643
650
-18628
-13657
-22297
10836
13057
-24915
30615
13086
-5519
18343
-19163
-18587
25227
-19224
7276
1818
-20924
28591
24278
17072
25770
-19869
12305
-6772
24741
7018
30160
23928
-21884
-2422
-13655
-4042
-9782
7876
32297
-1751
26090
31507
24033
12137
14209
-30267
-5305
2061
-3829
6666
-28315
-8721
5644
-12787
32570
5219
-7186
14599
-7654
-28777
30812
-15279
18518
13271
-10611
-1036
14206
-28647
-19367
-24801
-8459
-21535
-9789
-17742
11627
-23757
-11814
-14234
18959
4267
-18644
12613
-30588
-29451
16052
-2740
924
-6537
10337
-15201
1985
-23861
-2599
-21918
-12672
-13906
-16995
11091
25670
10804
2411
-31206
25664
-3994
-30937
-21344
22669
-14771
-16001
17292
23762
608
-22123
-13668
2972
-12246
21054
32139
-27453
-30705
8669
7647
-14412
-23925
-17371
21895
-9943
4169
31244
14746
7493
-10371
-7121
4872
25772
22257
9588
13077
15038
-32130
1479
25763
12347
-22100
9793
-21889
20179
-27262
28490
-19039
1916
-8710
-7091
12303
-26208
-14395
5036
6997
5039
-4610
8679
-1698
29739
-13182
11368
8357
10221
-5854
-29193
-31626
-3754
-21351
-9063
-24838
9029
-7829
-25838
27613
-121
-24741
30693
22081
-26577
28214
-30780
-6604
-30680
-4507
19257
-24943
-7037
-23846
-30793
-14300
-12026
-2320
11178
5883
-23434
-13587
-23882
-26878
13229
-27696
9498
16698
4165
-13535
32176
4333
15882
-26360
17558
-9142
-25836
22074
-21530
16060
5157
-12894
-29250
-12367
10419
10257
26739
17270
-20030
-18315
2291
-9057
24380
10303
-27680
-4400
7588
11810
-8880
-98
-14362
-4802
-12558
18645
-16157
-21289
5742
31790
10784
20126
6678
-14568
25787
-16176
31158
-26472
-16312
10280
-16938
-27974
-7663
-16508
2710
-24871
-23378
-15265
-26035
-15557
-7012
-14606
14014
6546
25999
12705
18481
-28920
22513
2624
-13791
11591
-25532
14460
19917
30908
25649
-14851
15972
4788
-26529
19476
-1139
10424
-9222
19258
-17128
-23125
-12939
9083
9877
-23946
1204
11227
20472
-29191
-16989
-27024
27453
-9692
-1236
-12073
-28270
3609
-15972
6735
11688
-29364
-15090
3178
-9202
12879
-25724
-21334
25058
31994
-19767
8237
-21560
26461
-30871
8936
16614
1785
-5168
-21088
-12076
-23757
-425
-8088
10839
-5844
22870
10144
6011
-8020
-32273
-17705
-26513
19235
-5870
19577
26349
27141
-11813
29436
5296
-29776
17043
-25403
-7703
9182
-16680
-19834
6602
-11089
-11880
22392
-11580
-19269
-19356
-14260
-15578
-1169
30623
25506
15651
506
-30459
-492
26304
21185
8230
-25384
-25071
24006
-20912
-9996
31110
20911
-30767
16334
30396
-3867
31417
-15046
-21343
-25741
-16103
3985
-23627
-6876
-29291
-27795
2295
-1424
11986
-26655
22388
-14144
3186
-14366
10486
15289
-27113
-15244
25976
-10411
30128
17305
18951
-26300
-15415
4272
-19592
-23671
-13600
-30253
-7287
-19763
-4681
18389
31181
-17755
3220
-4369
-9316
27779
-9172
17746
3941
-24069
-17785
6088
-21952
1979
28168
-4612
10879
22858
-15342
25033
22311
-29017
20955
-30947
-3174
24414
6780
-6919
26034
29063
-15609
16640
27598
21941
-4971
-1992
-11601
-14059
28789
-5198
32232
-17355
-18744
2025
-30116
9456
31864
-2970
15510
-2582
29248
-29394
-29555
11982
-25410
-3540
21052
-26282
17029
24884
23911
24512
6886
-24781
18905
8058
-15811
21476
3183
6760
-30174
26345
-415
9836
-19051
-5499
2456
6623
8382
24371
-27067
-29705
7446
19803
5257
-10114
21810
-16081
26075
-22072
20257
-22023
30829
-27555
-366
14898
-10535
-2794
282
6611
19486
16353
-13643
11486
22269
12235
20382
19228
7452
17110
-18719
-18760
11784
-10288
-31834
-20286
-13942
-29699
-842
31407
22279
-377
18976
-17703
-955
19930
-30084
-23158
27727
-13901
-22631
14643
24821
-2003
-16300
-10699
9515
23372
12380
-6386
-895
-27783
4604
17943
-14096
-31019
15877
-2223
31858
32194
-15755
28531
-18570
-27215
-4633
20070
-8271
1714
28299
7623
14952
21527
1350
10413
-445
-31162
6462
-30293
-6914
24813
31801
-29593
-5035
-20603
23622
-21793
2276
18523
-8514
2269
15600
17997
13345
-5005
-29596
18298
-25420
-15045
-899
-31059
-32414
10290
11651
4622
704
15721
-15673
-17089
-32277
29288
816
-4253
-13684
-29932
-28252
-14882
-24197
6299
23402
25630
-7991
13524
-23643
-27012
-19992
-18325
-19353
-30777
14369
-20063
-28497
12641
-30117
-24243
-14006
-30900
10111
3077
-14637
6423
23843
-13651
4472
-16891
-11791
191
-11185
-31115
28907
4673
8413
7528
31476
29965
-28365
29748
-11169
5944
-13410
-29943
-801
-11329
14226
-16105
29485
17145
-7770
10503
12057
18007
-15016
-11171
-8539
-8427
-19886
16967
18580
1429
8191
-17620
25165
-20194
-14327
3942
-31500
18856
-30566
7187
-32431
-2277
-14973
-18951
10631
17
-19035
2011
-26734
14284
31819
-7715
-14213
20047
2317
-11756
28215
-21046
24798
31240
25543
14836
-28997
-4590
2892
436
-28656
-32051
-22340
-28387
-5146
-25981
23797
-10827
9240
9454
29076
25289
30973
6409
-11028
-544
-11392
-25018
6305
30991
14695
16848
-31793
24606
27640
11439
25760
-8987
4871
-2809
2812
-13796
10919
25822
11364
28011
-26225
-1332
1194
25774
21747
-9324
23360
15509
31750
20023
-30046
18154
-23525
-18645
-14262
-6064
32400
-17233
-8956
1725
-25407
29555
-8706
-17623
-7527
-13820
22211
-20870
5514
9389
-10982
-16123
12678
14134
19154
-23594
-16767
-7150
15249
10594
12102
26405
28172
-9477
16302
-20550
16220
25440
8287
14964
17735
-15948
-7210
-29496
-18774
-22087
-11387
-22808
7986
9902
28015
18246
-15313
5459
31350
13356
-3312
15174
29356
11041
27416
14018
3442
1898
16862
-30385
-17321
11078
31822
-7273
-7553
-15360
2423
3224
27352
-7027
-25633
-9564
-1794
-12394
-728
10641
28078
26535
-7776
-23134
30236
-264
-22377
-21823
-29302
-8420
-28057
-14676
-29365
-9033
30123
11979
445
-8489
4616
-27976
3677
30958
-9502
8087
26608
22201
-16195
8234
18518
-15747
22384
29606
-21706
23166
-1975
17164
10211
7191
-21490
-24985
12561
-25442
23836
20840
11961
15309
20738
18423
24542
32384
5837
-20771
11664
-30869
2050
31479
11060
24050
-2254
6018
2675
-5902
3486
4452
-23525
-11274
26765
-20272
-18853
-24837
-4607
-4327
22123
-13283
3775
-26764
6574
-792
4227
20955
14942
-20010
-3562
-14371
-13916
21371
1199
-29478
10238
-4397
27929
719
-5397
4032
-1400
17976
-5822
-15029
12120
20935
-20185
25759
32440
-6369
28239
-16184
-14595
-14659
11561
-6403
434
16734
-1298
-28112
28534
-18603
8997
23595
14281
-4569
-6362
32263
16107
-16492
-26710
-28174
-4055
424
17050
24627
-1130
8835
-14893
70
-14437
-3633
-23228
21833
-1917
-21625
-2458
-17498
-14661
-16008
-31870
19728
-23165
-9493
-4239
-19389
12458
23197
8210
-4878
-23636
259
-27266
-18294
-20687
14187
-23393
30438
-26314
-19820
-20197
15287
-25228
-2610
-27034
3321
-2797
-14663
23283
-3025
-22823
-10639
-6926
14182
-20371
-23911
27621
-29222
24806
3146
-4667
-21705
-15887
-10063
22774
-14676
-25817
-3570
23474
30962
18919
19233
31638
15460
32750
30551
-8290
-16005
-16651
28947
-4329
3244
-3732
-6551
-15458
19408
-4443
10016
-21375
13455
-14243
-2510
30087
22852
-23151
7388
-15418
-5510
-6780
28461
-1283
16204
-27128
6098
25531
-21140
-8638
28553
-18773
-14574
-15344
-28860
18203
31849
-6118
-31546
454
-9028
-1992
-1282
24089
5428
12753
7192
-7855
14752
13522
-30163
30829
14135
15159
-14290
-10720
31249
31366
-30848
-12116
792
-31425
-7583
16789
16230
12452
-4790
13508
19425
32234
22834
13476
-5111
-13152
-25582
-7683
-5071
-13090
30875
-19050
-9282
25303
21371
-31909
-25147
-17165
11340
17986
18877
23285
7385
30814
-8398
30472
11902
18248
-26190
26024
-10593
-14765
12508
16415
-7015
32016
15695
-8911
18429
-1007
-23057
10754
-16153
-8350
-23485
-6457
27874
-13844
26327
25270
-5093
-151
-22225
-21978
-18273
10734
-4328
1592
12503
-10622
-7380
-31464
-17587
-21995
29327
10367
16839
-2166
-25434
-6025
24046
-32615
-7065
-18950
10034
-17745
-24708
-12152
892
31305
-13856
-12540
13674
21235
-9929
13120
21520
15210
-21837
-15069
-1959
2662
14348
-22522
23523
-25894
-11424
10717
31105
25831
-25245
333
7657
-14602
14625
-7105
8787
-29516
-21190
20222
-27839
-30771
32705
1132
9020
-9001
-16161
6601
-17561
-6446
-15559
-4926
-29229
29643
4472
-11575
-17667
-28599
-4672
-1239
8714
28570
-12770
5965
29843
-12463
-32327
17257
-28232
-294
-16043
-5196
5292
-15584
19902
5198
-9089
12801
5763
-11609
8648
736
-7629
-22797
-32741
-29099
22482
-23670
-3852
-31741
3878
15929
-3543
20982
1419
-4816
7805
4638
30595
-22343
982
-6896
-23388
17673
19259
-30979
-20187
19638
-30337
-13528
-29371
14000
-25062
-12177
-1666
21524
-20783
-27116
21392
-26822
-28790
14092
18562
14638
28265
25118
8
-5974
16881
25760
-23727
11537
-32641
-19662
15213
-2577
-4580
-29543
-3734
-5564
4642
3646
-14570
-15721
-1420
19270
25785
-29288
-11660
-30459
-16785
3004
12314
19442
-29788
-22139
14464
-13805
3960
31233
-2399
-31264
19702
12546
2054
-22547
5992
-11682
15483
-10341
10676
-10319
-15676
30468
-14263
-16048
-14968
-26785
28465
-18002
-1229
29221
-23696
16021
-8746
6073
-5469
20391
-14605
20647
17189
25447
-9870
-27047
6276
27990
-16554
3
-31291
-23462
-16887
-5365
-29927
-2788
24669
3058
9527
28767
20260
-13381
31230
28492
-20320
-23259
-31028
-26058
13757
7308
-25226
-23226
15582
-2096
6893
-29551
32002
1785
-26363
28314
-11954
-3319
189
30245
8403
30645
-7737
-20913
14635
12349
23040
1441
3536
-18309
25438
-2527
-32498
32458
21761
11985
-24511
32025
-18186
-3471
9526
31739
24002
32030
-10851
-7273
-27356
19513
-31511
27037
17565
-10649
-19360
5664
-29958
24511
-6480
-17250
-5480
-11288
27778
14961
-12119
1370
-7980
30303
-26631
2377
23226
-32496
22035
-9848
-28168
-22541
-10508
29842
32313
-17911
-9680
19606
6659
-6358
25572
31885
1893
16180
-29934
-11748
-766
-14465
-22233
-9298
-29432
-8351
-2602
-12777
-22530
-23173
22676
5252
-28160
1354
-3391
-8287
-32552
13255
-12560
-19848
9824
-3794
7881
-12047
3532
-14979
12910
2441
27809
3992
-1089
-27313
-17549
-28862
1888
8489
3950
-11665
-2373
-24487
-13666
9700
31593
-31296
-6342
-24673
25634
6199
24879
5291
-6562
-18774
-22667
26301
30724
-5390
10374
-17836
10846
26916
-5159
24746
5994
29294
14524
-15310
-5154
30953
-24430
28328
18759
-4044
24923
12995
1853
-17482
-17126
-2703
9700
-4258
29287
18472
14068
-25601
-27605
-10491
-31888
-6257
22352
19429
15235
24704
-19089
-2699
-15524
12173
-12224
-27906
22949
-1312
-27508
-28407
6876
-25200
27019
11545
16909
-3265
-22184
19690
3347
-7797
6602
17209
18318
8366
7185
-31175
12592
-24449
-3537
15565
-650
-8359
-22053
-2936
22351
12370
-13086
21238
29605
-2166
-21197
-31084
6483
11058
-11768
-62
-14204
22137
-4519
-24701
-12795
-17324
15971
7204
-25911
-20100
23881
-24850
-12968
-17129
25304
16265
-14797
-9797
32231
31204
22752
14406
-6112
7364
21777
-11715
21114
9699
-20083
10488
18027
-22194
16774
6791
10382
16134
-31706
30968
3358
3440
12334
-11192
28270
-7942
14440
-12594
24142
-10331
-11970
7191
26821
-467
7607
-15052
21589
-11491
-30115
-32345
-5322
-16229
11351
28449
8678
-32657
-16160
11805
29189
314
25328
15466
-19117
-27980
-24097
23321
354
209
27970
-26039
-27145
-10577
-11625
-29912
-32042
3712
-11554
-19326
25960
-11312
4684
-5870
25337
-16114
-28571
-21393
-750
-4875
-143
-12066
-14903
-5165
32560
14674
24023
17967
29881
13743
-11070
-15958
21960
-27902
-16674
574
-791
-28749
-25034
9777
-2837
31685
-13580
17203
3037
-30169
28468
-8841
7131
-25634
-21594
3876
25151
21886
-21839
-21217
10701
31747
22086
-14971
704
-11442
19950
-12730
-27852
9791
-11140
13558
-30680
7890
9515
5235
29946
270
-22204
-31437
25138
-11936
12288
25823
-1858
-32552
-14033
16068
-251
-8720
29853
14702
20799
4286
12514
16874
22814
21183
8951
-17947
-27770
-9361
-17422
-4316
16730
14515
-134
19177
23401
-27024
-24766
13431
14559
25692
-6685
2494
-16704
-24592
30414
9434
8652
-26575
29070
14452
-28304
-21783
-2741
9392
32254
-27976
30372
22934
-24801
-21057
-15439
30784
8608
-7235
-9077
-8442
1133
17824
-14756
-12475
31923
-13894
15654
26589
-11911
-6601
31753
24651
-14514
30963
-22051
-26405
10062
-2653
13593
28482
20425
880
6146
31240
13159
26332
20438
26494
-11470
3412
-8981
-5951
-23089
-19881
6305
8405
-27204
1837
6731
-26615
-17529
18307
-11588
15791
-14011
634
-21241
9776
-22182
-7589
9183
17791
-26259
26966
32591
14137
-20738
-21725
-23732
-10661
-8713
29028
-22415
14155
3256
6320
-22660
20964
13811
325
10744
15474
2472
5497
14774
10692
6164
28331
-21773
5625
13964
7424
6410
23924
-5977
-224
-8470
-26362
-3537
25397
-22277
-10097
2430
-31491
15882
-2633
25384
-4148
2610
-18194
-18973
-17704
-21449
-1882
-12374
26964
-7536
-5892
-19081
29532
20763
14132
17762
32268
8661
17993
14907
-355
2499
-14421
1280
16227
-30895
-4493
-5698
-17111
-13929
-9611
14726
-25947
-2820
-23994
15280
22277
25503
25073
9802
31974
-5653
3185
-18939
-25667
-24993
28920
-10495
-26896
16348
31166
12604
-4034
-28378
2630
253
-11727
8662
16844
27244
28636
-6937
-1126
28667
-185
31679
-16556
-20588
15897
24010
20691
-21957
479
-27109
26287
19523
-9565
32242
-27367
-13975
22208
-11343
-15492
10089
-31951
15649
27610
-25360
-12745
-32229
-10128
-25615
-31927
28595
24460
351
10781
29045
31795
942
7989
27169
-7540
32570
-4142
23302
-294
-30789
-11924
9121
6668
19445
7221
296
-8734
21597
-16957
25614
18504
10497
31162
-12584
31108
9408
27398
-30616
25951
-4659
-25304
15953
19251
-17097
-31227
-3890
-6126
5625
-22788
24124
30774
24701
6944
-17859
14184
18329
17245
8887
-32508
25529
-10228
-25755
-28902
-7003
9815
8476
23919
-22025
25381
-20946
-18705
6984
-31964
-12967
-16158
13394
3616
15666
211
-27633
-17007
30211
25789
5885
1668
-9434
-17634
-8256
-3553
-15826
-6777
17778
-4923
1454
-17709
28635
-12711
22417
-11428
-5947
-14751
-29422
-6742
21574
29299
-7285
4824
-9683
30407
-19721
-24517
15787
3974
-1549
28843
-15579
-28751
25066
10630
20946
-6953
-5740
-29858
-3565
10974
-18307
-30391
-25270
-5243
-13092
12091
8611
-30748
27273
-11164
22856
-32583
22547
-10794
-32015
17770
3375
-21120
14038
-8792
26682
2095
10690
-29985
11936
10455
-22677
-27459
-16769
7550
28923
-5337
11693
8
-7658
11799
10134
21890
10177
-1985
-7880
23188
8542
31998
13514
7950
3116
3185
-25989
951
407
-2764
-32768
-32078
-22701
19612
-13013
10812
13552
5275
-28220
-3447
-9611
9
-15410
-4504
16348
15592
4276
-6775
-11785
-6190
10293
-21542
-27625
-30378
-13254
6709
-8136
-2183
22079
26546
24359
5889
908
20919
10815
9107
-12831
27928
-14712
-28271
20364
-16515
18288
7491
-7632
-3721
8580
-3555
-14417
-9645
7672
-28502
21058
-5345
26893
28097
25499
-27958
-4376
32301
-30282
-13325
22728
-25723
23421
18414
32254
-10615
-14707
4079
20059
-7120
367
-418
-27126
-20464
3344
3011
-16358
-26969
19141
29719
4850
29395
4609
-19588
9733
-25236
-23499
-25845
-30902
10708
10065
29551
-14156
-14875
-7817
-15927
-6415
32508
-23576
17883
-20327
-5702
8696
-29392
-10673
25516
-1732
-25979
6116
5991
26767
7858
-27549
26316
-24295
28330
27611
22286
3504
2844
21784
18743
6054
29968
-26881
-5410
12456
-10440
-27313
30529
27355
-4383
-24544
7979
-20905
29626
-8729
-98
11548
10338
18028
9581
23233
27395
-7231
6918
16660
28084
-25224
24414
-3313
-13894
5787
7953
-27999
20019
32338
26357
-1699
-23449
-4747
-25930
-11353
281
-20248
-29338
4365
26770
-5403
-17803
25827
12845
15846
14754
-2727
-12805
25547
24127
749
2139
-4949
-30829
-1457
30141
29227
13397
17362
28945
27608
27136
3270
-23563
-11715
1206
-3496
8938
14835
25308
166
11436
15715
12072
-9623
-25441
-11786
30829
10607
14889
21246
-8123
-196
28071
-10788
-28186
-12620
11076
24972
12498
-26042
18897
10452
7109
28443
31765
-5260
-7072
-11437
7048
-21481
6772
-11232
-14499
-6747
31014
8290
21528
-25520
24450
17917
12732
19474
-12739
12634
1808
3496
4128
11739
-1564
14993
4689
-1958
-2659
-22872
25303
23928
-23468
10106
-23665
-12028
17338
30514
2540
12264
31187
-18233
-28742
-32589
3563
19821
23495
-23852
21151
24087
-30065
-12395
-4864
-985
-2445
-14023
27418
25745
11614
-15761
-30411
-5743
-2737
18303
-11954
-12278
-10930
-10727
3155
19629
-15402
-25379
16238
1697
32502
8120
27948
-27181
3212
-23820
-6746
-1784
13901
8238
-30438
12391
-12022
24310
20542
17115
-3010
21383
-30779
-10237
-11550
24323
19547
3094
7278
-20793
-25537
30910
10076
-14129
30843
20519
-15038
-14354
-29559
-11860
27274
1255
31507
-24284
22110
10591
14481
-5953
10185
-16054
-17882
25192
-26405
9078
14676
10992
-26242
-30263
-16861
-27250
-7881
-22004
3115
-14104
26148
-27609
27876
4080
-17884
22088
-23369
-9361
-6663
-21717
25764
28584
-23438
31248
690
2925
-21079
8622
13511
28303
29478
-17701
31852
1742
-26646
-9411
8991
21073
-11502
29396
31210
3919
-32037
-28768
-12147
1708
17337
-28935
4726
23929
4255
9439
-9599
-17414
10484
14028
13604
1480
-22986
-18543
-6124
-24605
-4974
-15070
8518
28617
-5417
-28890
174
4645
-20162
-17754
-152
-918
21368
-16540
20340
12225
-25032
22755
-16335
20288
24454
-11719
14287
-27730
22348
1028
-16936
26606
11897
-9930
-28583
-5090
-19713
13188
-27423
15110
-17580
-25738
15110
19477
-22565
-1637
-15082
-14018
-5712
-31400
-16395
-10120
30054
29421
15619
8426
-14493
7527
-6285
-13689
-24244
-18145
30657
17820
-25612
-962
31405
3967
-4819
-3089
25285
-2064
-1438
-27568
-13408
-5932
-31268
-30148
-19927
16973
29162
-19515
-3239
23580
-4211
-19182
14968
14044
-25840
-23436
21440
-6571
27662
22095
12496
18995
6896
29426
8451
-13560
24459
13504
2944
1217
-23743
-13774
28355
28469
21942
-1493
-31051
-17335
-27785
28156
-5849
12985
13068
26417
-11202
21030
-4195
5911
11126
7480
6191
15623
-22419
30207
-12456
17623
12503
-4977
-12805
-4823
14625
23564
339
-19569
-15055
-1075
-15021
32311
-6714
31730
382
26389
-23211
20435
11580
-2920
2539
9868
13340
-22836
-12204
18498
25435
-16981
14428
15099
19003
28794
-30111
16810
15594
13888
-6805
-21664
9919
17531
11827
-20045
25014
-10580
-9575
-5081
-22660
17646
15176
-7035
-2415
12613
14876
-31991
-2076
30491
-22724
27752
-26171
-19381
-633
-26856
-21285
16054
-26369
24920
-31492
21488
-1046
-9356
-21440
-8579
-18405
26314
-13235
3874
23199
16865
24537
-284
-16325
2261
-29092
3437
-21953
-8098
29237
9019
-2742
9191
2410
15379
4847
-16622
6621
-16996
-16870
-2130
-21474
21290
8421
-12643
21656
21475
684
-5248
-272
14246
3881
16900
6599
29759
10690
27052
25789
-19842
-22291
-6439
-4535
2458
29779
-27686
-11278
21
-6427
27245
-2876
-31760
-3080
-12030
7437
7387
17937
-28242
-31349
-14950
-5523
-2191
15828
-28424
-4494
6419
21209
3772
-10953
3147
28012
-16096
-30154
1433
31244
11624
-28213
15606
-13210
-19945
-10117
31793
-23038
26205
14186
7351
-3359
27176
-20411
24484
-17611
10730
25753
-24096
8578
-14746
-31249
29998
-25174
-5312
2092
-14586
-1992
4238
2837
15688
-1393
28093
22456
-16296
-15529
-20919
-8094
-19488
-23271
28764
17969
-9526
-11064
-32427
-21177
7137
31737
-16961
8761
1965
-13244
-4148
-21230
28762
-3828
-3653
26426
-11803
-28431
24974
-7451
-10832
7773
31848
-29010
11697
14927
-13825
-1485
8581
-23598
28808
842
28808
4313
18984
26468
-12875
-31778
22891
20867
-25358
-22595
1742
-3887
-23220
21524
30814
-19629
-9336
19988
4448
27720
-30329
-15208
-9434
-28324
-3708
-30204
2369
-15505
21592
18736
27853
5755
-20149
31071
-13786
32153
5099
-25725
21531
23080
-29680
22703
31330
28166
-31484
-9310
-8809
27832
27622
-11469
17331
-27807
1232
10769
28978
961
-10601
-1418
3712
21793
31825
1720
29807
-22051
-23217
1461
21962
3923
-2207
-5192
-25938
24246
-551
-27746
29310
-18785
-12201
22085
25021
-26244
-24572
4154
-16464
-12587
-31577
6787
15450
2205
30426
21222
-31372
11919
-12949
8211
11908
18319
-27391
-2527
26046
18353
6673
2609
-1442
-27040
710
-25918
29733
30718
25476
-16413
4783
-23988
16342
-19956
6526
-6093
-26666
-7496
-16650
-54
-23461
-38
-17336
-7232
27095
23892
-27964
-4200
-13932
-20982
28944
-9764
-32067
-15075
-12518
-15560
-6469
-13715
8830
-4137
31242
-8485
-19632
3715
-4832
-26953
1907
24229
-16561
10348
-12402
-1675
-26208
-21776
13834
-11596
-16132
-4111
-1916
28815
-9785
4376
-14381
19799
-13413
-21193
16755
5301
14295
-24784
-20832
30350
10786
26329
-8576
31598
-22008
-2433
-30634
-17228
3958
-11864
-31490
-5101
14596
-18202
-28457
-762
5222
17842
-18800
-3266
28280
7254
-6226
-30441
21305
-27154
26150
28916
12325
18089
-15716
27314
19856
3948
-16793
1109
-32157
-13425
-10776
-30241
24852
-10007
20059
4147
15406
24377
22338
29600
-6488
501
8716
-25292
30712
2336
1028
-19761
-1281
12806
-19661
-24370
-12162
19461
29210
28954
-14885
6651
-16604
-26889
12553
29202
-28142
6875
14096
-30492
7240
25585
31411
28127
-22469
24753
-4805
29101
-29062
-15261
20380
-28051
-5376
-29216
18346
-3642
-14519
-19820
-28556
23350
-18248
-23033
6927
13598
-17743
2630
-27669
25718
14876
14745
-30322
-26707
27168
5975
-15731
-22637
30431
-10548
-22165
28025
25849
-27761
-28692
-25925
-29963
-11897
7215
8634
1714
-30976
-14113
-5898
-9080
-9266
19852
-11904
22280
19659
-27346
6954
-8634
27732
2490
-27463
-26207
1311
-22329
-2302
-16221
-25779
-24057
-9080
7155
-17861
20837
5717
-20157
-14229
32162
24511
3863
-17458
-9594
14605
21126
-15724
23574
25597
27468
7533
-17754
-14545
-30681
6399
9695
-5774
-8272
-21792
-14411
-6123
-12361
4002
13224
26904
-29784
3897
399
32141
-12797
16714
-14065
8921
24736
-27745
1298
19629
32504
30669
-24949
-18469
26744
17282
15067
21688
8998
-1973
-32030
-4446
18392
-4894
6917
30333
19659
-7460
-31682
-10088
-22580
-23514
14114
28198
7536
8399
-25010
26326
-11411
3285
29779
-3740
-6982
30216
14497
-28896
14706
-2674
-3998
-32259
10166
7565
5151
27635
30365
26662
7578
-25605
-5108
-4759
-8317
-13216
5451
25084
-5651
-28486
2145
21135
14243
25556
14620
-1422
8646
-14110
21582
17230
83
-23190
-25274
-8257
32300
28948
30482
23855
-20647
5845
15054
-10326
-24134
32683
30673
-3537
22383
-32072
420
10669
27846
23160
6927
-27581
5282
23230
508
-26933
11608
-29108
