

















OFM_DUMP_START model=u85_mem_ladder_conv1x1_64_64x64_r4 inputs=1 outputs=1 cmd=1624
I: Initializing NPU: base_address=0x400e0000, fast_memory=0x00000000, fast_memory_size=zu, secure=0, privileged=0
I: Soft reset NPU
I: New NPU driver registered (handle: 0x20000e50, NPU: 0x400e0000)
D: ethosu_invoke_async(): OPTIMIZER_CONFIG
I: Optimizer release nbr: 0 patch: 1
I: Optimizer config. product=2, cmd_stream_version=1, macs_per_cc=8, num_axi_ext=1, num_axi_sram=2, custom_dma=0
I: Optimizer config. arch version=2.0.0
I: Ethos-U config. product=2, cmd_stream_version=1, macs_per_cc=8, num_axi_ext=1, num_axi_sram=2, custom_dma=0
I: Ethos-U. arch version=2.0.0
D: ethosu_invoke_async(): NOP
D: ethosu_invoke_async(): NOP
D: ethosu_invoke_async(): NOP
D: ethosu_invoke_async(): COMMAND_STREAM
I: handle_command_stream: cmd_stream=0x220101e0, cms_length 398
I: Soft reset NPU
D: ethosu_dev_set_clock_and_power(): CMD=0x00000000
D: ethosu_dev_run_command_stream(): QBASE=0x00000000220101e0, QSIZE=1592, cmd_stream_ptr=0x220101e0
D: ethosu_dev_run_command_stream(): BASEP0=0x000000002200b740
D: ethosu_dev_run_command_stream(): BASEP1=0x0000000021000040
D: ethosu_dev_run_command_stream(): BASEP2=0x0000000021080040
D: ethosu_dev_run_command_stream(): BASEP3=0x0000000000000000
D: ethosu_dev_run_command_stream(): BASEP4=0x0000000000000000
D: ethosu_dev_run_command_stream(): BASEP5=0x0000000000000000
D: ethosu_dev_run_command_stream(): BASEP6=0x0000000000000000
D: ethosu_dev_run_command_stream(): BASEP7=0x0000000000000000
D: ethosu_dev_run_command_stream(): CMD=0x00000001
D: ethosu_dev_set_clock_and_power(): CMD=0x0000000c
D: ethosu_wait(): Inference finished successfully...
RUN 0 status=0 cpu_cycles=849797
OFM 0 1 0 262144 29f625c5
8080a180808a8c808080909087808080a18b80948086af80b08097808080928c828e8080af80a5bd848080809e859d808280a3a180809e80db80808097809480
8080808f80809380808085b080ab8080a280808380b1cf808089bd8180808a8d808080808e9d81c380a2808080808780aa8080bb92809080c88780a2bf808680
8080808080808180808084b89e808080b58080828e949e809c87c08080809e98998080808f808db2808080809280c580968093a192809f89b9808080bb808e80
80808c808080a08080809b8c80808080b49180b6809ad280a980c7808080acb8a9808080a28098e880808080c780c780908089a180808080e7808080b680a280
80808380808c8c808680958096808091ed8b80988082ac80af80d7808080a7a593888080cc9780e48a808080bb80b8808080809096808f80a78080808f809380
80809180808094808080aaceb98080808d808087809dc080ac80bd808080b4b280998080a6a89ea18080808080808080808095d993809780cbb380b1b4888080
808093888093838b80808d8d80808080e88080828088af808480b1808089b28b898e80809c848abd808f8080a680af80808093aa99809f80e080809885809780
80838080808e808086808ea29b808080b080828b808aa980c880c580808098b08f8c8080bd808db8808080809f80c080a88c8091888099889480808197808080
80808780808798808180949fb3808089e280808c8085a980b780c2808080a3d09b808080f9a19ed580808080b480e1808080809086809480c180808085809580
8085808080828080808091bca9808085b5808080809bb380ba80d3808080b7b384808080ae8096b4808080808880b1809c808aaa808080809880809b97848080
8080808080899780808098c1b98080808480808080b9c080b280b2808080a7b7ac938080adb0a3d18087808080809980a28080c88080af9099b08092c6808080
8080808080839d80948080b2ac808084b880808880a0cf80bf80d080808088b881808080e8a180c6818080808e80d280ab80809092808080b78d8086a4808080
808083c9808080808080a09780998080ab88809c80a4f1a18087b0808080e1808080808080908adc80878080b494a180808080c2808080800480808281808480
808080808080b8808080a98e918c8080d98680a98080d7808e80d48080808cc68580808ca88e96d280808080c380be80808080a380808080f380809494868980
818080808f819f808080b19a8b8b80b1cba780808080a680a080b5808080999297808080c78c80a080808080a888be808080918db380aa80b78080a190808480
80808a8c8080bf80808092b8949880809780809b80c1fa809e80b3838080c59f8080808089a780cb808080808080b9809c8080bf8080808bed96809bc5808080
80808b9180939c808080859680808080bd8080938096ca80a980a9808080bc9a808080809c80a1ad80808080a2888d80848088a080808a80d280808b92808080
8080978080809580808099b0b780808c9e80809580a2b980bb80cc808080b3c297938080b5aa81ea828080808680bc809a808ca58080a38dca808080da808080
808099808080a980808080a690808080cf9780928096c5809980aa808080b4a4808d8080ab9d8ed780808080aa80be80808080998e80a580f8808086ac808080
80809480809a9c8080808e93d480809ff789aa8a80809780e580e0808080b8e1cc8080805380950396808080b880cd8082808f898c809e809e80808099809c80
80809c80808f80808080979cc9808080c182808e80a0b180e380c6808080d6b3b5808080ee9ca00380808080a580cd808980afbe8c809580a885808093809c80
8080c1808080e6808080aa99a3808080f1d180b48080c580e580cb80808095c785a680802280b4be80808080c680a48080808ea38e80c380fd808090b7808080
8080978080809a8080808694b3808080c18080928098ac80a180ac808080a4aa93948080a8aa80e8808080808580b1808a8091a080808080a48080859e808880
8080808080868f8a81808a9389808080b78090989081c2809280d680808097a5958c8080aaa280d880808080a780ad80ab80809c80809488ac808091a5848080
8080a78080809e8080809abd93a58080b680809f80aed995b780b5808080a9b080c180808db880e68080808086809c808080a1e584808080d6958090aa808180
8080908080989a8085808e859b808080b7908ca88091c180c980dd80808099a296808080f1809ed780808080b880bb8088809ca480809680ca81808dbc808f80
80809980808c9b808080a0a088968080dd808092809adc80b180db808080afc180b48080a09085dc808080808d80aa808a80a3bcbc809480d3808089b9808d80
808080828080a98080809caf80808080ae95808e8099e780bf80d4808080a4b498808080d180d6ae80808080c7809a8080809c9f80809e80f5838086a7808280
808080808082808080809ad5a4808080da8080808098cc80a980e38080809ca580808080b5a6aeda808980808b80af80998092b5b9808880d48980868a8a8080
80808083809881808080979080808095b38a80808084c180a091c1808080bb9880808080b58796bf80808080ab80ce809e80809299809280a680808480808c80
8080808080829b808080898080978080ec8080a88a8fd889b084e18080808dd4a4db8080a080a1f580878080c480b980808088c79880aa80bba48080b1808d80
8080a5808080ab808080adbea5a080809c8080a880affa80a287bd928080b7b28db4808089b580e9809080808080aa80a48099c8a0808d8ef19180a3e7808080
808aa3808091ab808080a8bbdd808080ac8080a180b6e280e880d8808080b2eda989808016b8970b808080808080d180ae8086b380808f93cd878080cf808080
808080808081808080809eb98c808080a880808080b0d0848a80cf808080aa9b91808080b589b8d280a78080a980a280888080b182808480b8a280809f808280
80809880808080808080b1c9c2808080c980808180a7d881a582c8928080e2c48099808080c69bfa808080808080cd8080858ad287808b80eb808097bf948380
80809480808f80808080a3ad949780808980809280a9cc809780ad808080b79b8091808090a88bd1808080809280a0809b8080ba80808080c5808091a2808080
808080828088858080808088808d8080aa80809280a3bb808f90b58080808aa081808080948087c3808080809480a480a8808092808080809e808086ae808080
808080808080808080808a9880968080c080809980a7e180bd80bf808080b49a8080808080988af780808080a480ce80a080a8c380808084da80809b9f808080
8088a4808080b08087809f93b4808080cc9180ab8091c280ca80b7808080aec8808f8080cb9989d2808080809b82d58088809cb380808a82cf808087ad808780
80808b8080808080808080bf80808080c5808085809cbe8098a79a8080a8b3978a988080808e9ad880808080968bb8808c80a7a89080a680be80809a9d808080
8085a280808e808080809298948080808780808580a2ae809480a4808080aaa387808083ba8ba0c4808f80808880908086808db980808080bb998080a9808c80
80808080808080808080a7aa97a18080a78080828094bc88878dc080809393868b8d8080808080c180818080898791808080bfafbd808080d283809180878780
8080b380808091808080c4d5bd808080ad80808080cd2380c380b6908080fcd2a9a68d8083e49627808080808080e080b280badc80808e92f09080bcdd808080
80809f8080909c80808091878080808080bd80af809ba180b08094808080839596808080cd80a7bb97808080c186b7809280808f80809a80c8808080a3808e8f
80809e808090bb808080b6a9808f80808797809580ce0280a2858d808080c780839f9080a58aa2b7809180808e8eb280c4809eb090808980bd8080a0b4808080
8080808080898080808082a095808080a68988878096ab80bd80b4808080ae8e85808080b68095c28f808080b180cf809880808c83808080a880808088808580
808098808086a68080808eb79e8380809380808f80b7ca80b880a8808080bcb880888080c69192b2808080808480a880958092aa80808c86c29f809fb1808080
80808f808085ad80808080a981808080db80809994b2e480c080c5808080bac18083808091809bbf80808080a480d580aa80a2d08180a293008080bccf808080
80809a808084a5808080acb9b5808080c580808c809be180ce80dc808080c5c49bae8080bfce8bef808080809280b780968097ce8080a78ac29280bae3808080
8080c2808080a9808080a58d8a888080c99480b98080b380a3809e808080b5ab80c9808084a28ad380808085aa80b080808085ce808096800c808080b0808e80
808083808081a38080808ca7a98780808c80808e8094b58098809c808080a89c80958080a2b380b3808580808080ab80a48080b680808797af8e809db2808080
808085808080a9808080908480808080aecd80b78087b4808080b880808080928e808080ab80b7a4808e8080cf8baf80808082808080a480f680808cb4809686
8080a0808081a9808080a49d87828080de8080bd80aa0080d080f3808080b0e190bc80809787940680808080b480cc808780add283808f800e888080dc809c80
8080808080a191808080c2c5b2808080c980808080b6e5800380e5808080d0d49b808080eda5baf280808080a580ba80ba80a4c58a80bc80ba8080919f808080
80808e808080808080809dca99808080cb8080988093de80be80cb808087a7ab8092808082b392fa808080808680c18080808dc08f8095801c80809aac808080
80808a8e8082ad808080999d91808080d68a809d8096f180c080c0808080ddac808380809e87a4d280808080ae80d38089808fc98080a093f880809094808080
80808180808097808080a29c80808080c082809e80b7f680ab80c7808080adb88995808085a490ec80808080c487da80a68098ae80808880e0808081ab808080
808095808080ab80808089d0a9958080e880808b80a7e18ba880c49b8080b9c196a88080b996b3fa809580808c80b5808080a6eb9f809080fdc08080af809780
80809780808685808080a396a3908080b28080a18094d68caf80ca808080c8b98080808c8d80a7d980808080bc89bc80808082dc80808080ee80808197929f80
80808080808b8080808084b780808080c7808080809ce8a88aa6ad8080a7cda980b280808093b9bb808480809c80c080828080a792809e80eb868088a9808080
8080928080a28b80888089809d808087ebae989280808580b280b2808080b0a098808080e6808dcb98808080b980a28080808e9a80809b80ac8080808080a380
80809780808488808080a08b80898080c18080bfa5b1f580b080d3808080afb291b080808680a8df808c8080b480bb809880c5cfae808f8800a48096b7809380
808080838087a7809a80b88fac808097e2b180998080a880c980da808080a6ad80808080d68694c280808081be809b808080add48480a080ce80809a97808180
80809e808092868080808e9082808080909e80a68091ad80988096808080bc96808780809d8ea6b080808086b792be808f8080b28080918bde8080a48b808080
808080858098bd97808091c086928080a580809380bc0c80a880c4808081d3b480808080b4ba80e4808080809080d180be8080be808081a2de95809da2978080
8088898080839e8085808fa28f808080a7888da0808fc180ab80ce80808099ab94808080bd80a2c1808080809a80b7808080a3b180809580cd938080c5809480
8080a6808080918080809abc97a58080bc8780a0809fdf80ba80c5808080cfa4838580808c9d8a0c80808080b680b9808080a3ad8a80918017808080b8808b80
808080808080a780808095ae8080808080a398cb8f80d1809e80db80808080aa808080808b809698848080809a809c808080808099808e80ed8b8086e9808180
80808d9280808080808097a288808080e28e808080a4c680a280c0808080d18580808b8094aa9ce680818080c180b4808b8092898080b380ec80809280808080
808080808080808080808de58aaf8085db8080808092fcbe8094e78080bf888ea196808080bb80f2808080808480988098808896aa808080b180808495808c80
8080a680808f89808080898585808080d19080908180a480b380a0808080c29880ae8080ae80a9bd80908088a98091808080a4c59480cb80e78080a688808380
808080808080a880808087aa91808080a4818cb28099d980d580cf8080808cb380808080a38095b9808080809780c580838099a788808f97e98d8085c9808080
80809b808080ba80808084a186808080b1a280a68099c380a080ad808080ada180908080b48798b780808080b180b780818082a68080aa82f180809fb4808080
80808080809893808080a7a285958080dd80809380bff081c78008808080b7b691a78080aa8380da80808080be80bb80b280858d958080808e8080849b848280
8080998080918c80808090a392808080c69180858099d480bf80b7808080d09d80808080b38d9ad380808080a480cc809e80a0b98b80a380e18080a2a9808080
80809e808080858080809b999e808080a58180808095b1809a80928e8080b4c0a0808080bc82c4b1808480809f80b8808080a9b68680ab80de9580a480858680
808080808080ac808080879ca98080960b8080878083ea80dc8200808080e8d38e838080d5809dda80808080c480f6808d809484ad80bf80d487809c88b18080
8080a18080808080808090a384818080a380808e809dbe809f809d928080a4da90a580809e80c3998080888088809380808093c4938095800198808fb0808680
8080af80809fac8080809dada5808080908080a980bae180b680c9808080ba9e808a8080dcae88d7808580809c80c1808e8080c480808080eeb0808bc4808080
80848080808b80808b808b8e81928080b18080828093be80a280c58080808aab80858080b4a683ea808080809f80bd80a98084ac9c808180998d808095808b80
80808c808080a48080808bc59a8480801680808f80c01aa4b680f1a28080c1b590cb808080b18e18808080809180d18081809fd295809280e7918095c9808c80
808da780808086808080ae9aa4908080918080b88097cc80af80cd8080809abd80918093b9978cec808080809880bf808080809b8d80808008888080c5808b80
80809480808394808580999bb7988080b78080928080ac81b780ae8080808dabac8f8080d1819cc8808080809a8091808080a1ca83808080a68d808298809680
80808080808882808d80a0c99d808080c58080808090c480c480c9808080a0c3948a8080e880a4a6808083808a809d808c8098b4af808380a78f809891808080
808080808093b5808080928094808080148080b78396cd81e8800080808080f585818080e78080fa80808080be80d4809680aeaea1809880a7808080d080a080
80808080808d958094809dabac808080b98398858083be80cb80db808080909a84808080da808fc280808080b680aa80938080888e8097809f80808080808080
80809b808080a48080809ca2a6808080c28e80a2809dc680c480c5808080c3cb96808080da858af580808080ca80e58083809db180808280ef80808a9e808b80
8080809380809b80808095aa93948080ce80809380a2fba78080d1808086b3a28fa0808080a981f9808080809180a580808084a286808080e5808080a7808080
808080808086998080808099979c8080bc80808880a7bd9095809e808080b78480808080809380cd808080808c80a0808f80a2c78e808c8ce18080a6a5869580
8080ac808097878098808392a380809effbf819a80808080cf80ba808080d897808080800380acbaa3808087d580cb80808080a28080c780e280808080809f87
8080af808080b9808080948a80808080cdae80bb8090b3808280b08380809ca880948080a380a5ba808f8080b580a580808093ab8080b280fe8080a1b580a880
818080a5808083808080a68c8ab28087a48980a480a0de839580cb808080aaa180808080848980cd86808080af87af80808080a08c808080d680808094808080
8080a98080ac97808080b4aae1808080b4808080809cc680d780cd808080ddd9b5998080f5aeb5dd808080808080b380a782b1de9180c596bb97809bb3818080
808093808080978080809dbaad808080918680998096b680c380a3808080aca880a4808099949cd08083808080809b8085809dc58580b38cd9948094be808080
80808080809f84808080a5a580808080e68080808090d180ce80e8808080a0cb80808080b8809eb480808084d180b680908080858680ae80b78080808f808080
8080a08080808080808083b08a928080c080808080b3e380a18fb98e8080d89280808a8080a3a1e2808080808084be80ac80b5ad9d80a280ea8080c6b9808480
808080808080a880848089af8aa08080ad80809c8098bd809480c1808080958780ac8080988588a2808b808096809480808080c480808380b7a180b5a0808080
8080858080918080808094b189808080c980808b809ccc84ab80c2808080a4be89a18080848ab7cb80808080b080b180818080be80809480e6808080a4808080
8080be808080c0808680858898808080e7ac80a38081b580ab80ab80808090a2829780840780b9b980808080ab80a280808090af8080c680f78080aca2808380
808080808080958080808fa181808080d980809a80a0e380a48fd88080809ab19b94808080899fe380808080aa80cb808f80a59a9e809580cd808083b6809380
80808080809e80808080919080808080c28080808088c480c180b3808080bb9b808080809a81afbb80808095b380ad80a8809eaa8480aa8bba8080a080808080
8080928080809280808081978e808080c9b289968080af809880af818080afb28c808080cb8092d987808080b280b1808080808588809980e080808099809380
8080858680808e8080809bc996bc8080988080a280b804b09c93c5808080d5a88096808080a7a002808080808880a680808092d5a2808080faae8080a5809080
808080808080998080809aa49689808fc49680908080c280a780d580808097b38c808080c18780d083808080c480bd808080808089808180bc8080808c808080
8083a08080af9680808090808d808080e691858b80809580c380a7808080beac818b8080e6809cc68080808cad809e808080b29da180b580b580808088809480
80808080808b8880808093a8a7808080dc8084908080b380bd80d980808081cc9a808080ba9a8be192808080a780b9808080808a8f808580e48080809c808680
80838080808f8080a1809b80b49d8080ce8080988096c480db80ca808080abb79f828080dc808dfb80808080af80ae80a181cbd193808a83a380809b8c808b80
80808b80808796808080859f9a808080bc81808a8081ab80a68097808080ccb4808d808094879faa808080808f80ce80878093b18c80aa80dd808091a3808380
808085808080a1808080889380c08080b28080a280b1e880c980cb80808090b980a88080a78596e88080808099809b809f8093d280808d80c39f808bcd808080
80808d80808090808080a6adb3808080bf8080a780a7de80da80e4808080bbbd8b878080b8b48009808080809580ba80a6809bc68080809bbe898093bd808080
8080b88080809e80808092a688808080b48080b480a8d080c180bc808080bebc8e8f8080968ca4df80808080a783d7809580bcb6808099920980809ada808280
808080808090888e8280879b86808080a08d80878080908080809c808080918b85808080ad9a80b788808080a380a7808c80808980808380af80808c80858180
808080a78080858080809ea0808c8080ab808092809f068e9c9ca4808080cd818080808080809aee80808080a98da5808480a4c980808080f28080808d808e80
8080858080908980808098b5ad808080c6808080808ebc80c680b4808080a5be87848080d38090c5808080808980a880808095c79d808980c787808b808f8080
80808080808f80808080a6a7a8808080c68080978096cc80c980dd808080b7c596808080aba19af980808080b480d1808c8080a280808080dc80808b9c958c80
8080b9808080a5808080a7a28a808080c78080be80a6f280d980cc808080d59881ac80809c99800c80808080b184d980a780b5c28080a1a9e48080adb3808080
8080918080918e808080809898808080c280809b80849e80ab80b8808080b8a680808080c08099c88a808080a980a8808080809a80808280ca808080a2809080
8080b0808096bb8080809ba6cb808080ce8480ad80a0dc801980db808080dcc0868e80800680bceb8080808fb080d0809280b1c68080b3beee8a809ca6808080
808080808095808080808aaab6808087b68084808088a180b080ca808080b0ada6808080caa8a8ca808080809080c2809c8080a3808094809782808095808080
80808e8080808c809a809caaab80808fba9784838080bd80c880e4808080b8af838e8080f483a5da8080808092809b808080a3c1ac80bb80b4a380a5b1808080
80808b80809490808080919786808080a193809780a2bf80ce80b0808080c1a8808d8080bb808cbf80808080a680c4809b808c9c8f809080bd83808e9e808080
80808080808e8f8080808da79f808080c280808e8088b780ec80cf808080a9be80808080b580a5bd80808092ac80ac80938580998080a785ad8080a091868080
8080878080869f80808095b0a0808080cf80809880a1cf80c980e78080809cb99ca68080c0929ade808080809e80b9809380a0b38e80ac87b6928098d4808080
8080808080809a80808095c19e808080aa80809180a4f8808088dc888080b2ae89918080929ca6df808980808f80b680868080ab8b808080f1a5808bd2808080
8080b0808080a2808b80aab28da68080bc9780ac80b0e280a480bc868080b2888aae8480a4a080ea808080809990b780a680a9b68480ad90ef8080c09f808080
808080808085bd80808097a786918080ab8080af80a8f980bd80ee808080a9ab809f8080b98a96d280868080ac80ae80a2808bb08a80979fcaa88098d7808080
808080828080b280868093b79b808088d9aa818e8080ad80a980c58080809c8a86808080df80a1bf80858080ba809f80808093c28080a680e383809498808080
80808080808086868080b4caa5808080d480808380a5f180b480d7808086a2d7969b80809ec18be7808080808e80b480998093b5a0808e80f4888098a58e8080
808083808080a5808080b4dfd2808080b980809180add2800880c8808080c7c18ba88080ceac9af2808080808280b3808e8489b68680bf96de838086b2808080
8082808080808c80828080b2a4808080ad8080878096ab80a680c680808089b780808080b28595a780808080a180c1808580808085809486b8838080a1808080
8080878080938080808082a688808080ba808088878095809b809e808080a4ae8c9c80809b85a1a580818080a2808d80808080c08080a880c28080949b808080
80808c808092a8808080838782808080d29f91a28c91af80be80ce80808097afa7808080f48093dc80808080c980bb809780959080809880b3808080b0809480
80808080808d92808080948280808080d09e809b808188809080a1808080809da9808080d480a2c280958080c980ba80808083808e809980c78080808080a58e
8080be8480809b80808091a7a2a28082c58080998098c882988291858080d2868099808084bd80ff808080808b83b3808080b2ce95809b80ec8080a893808080
80808c8180839180808089af92808080ae80808080a3c3899994a3808080b29ea3948080a89fa1d9808080808a80a180928096b180809a80948b808caf808080
808080808080a5808380808e969c8080d58080a98096b780ba80d58080808fa389808080c58099e780808080a480a6808080abbe86808a80bb938080b480a180
80809580809180808080b1c9ab8d8080a1808080809cb880bf83ba808080e4bf85a48080bb91abc58098808080808e808080b9ea9e808c80b0b380baac8f8080
80808796808686808080819f808e8080b680808180addc96829b90828080b1808296808088879fde80978080808095809180a7c995808e80c29280908c809780
8080b1808080808080808faa9a838080b5808080808baf8a8b868e868080bd9680b0808080a49ee6808380808b8090808080abbc8d80a480e78680809e808880
808084808080b780808088a880808083e0ad93c38080cf809d80e8808080b6c680808080c780abc980808080e380e080808080938080c280158080afc3808480
80809d8080808080808082bcb5808080c2808080808bb880b280d1808080abac95808092e680a4de808080808180b280808094beb3808580cda980879c899b80
80818080808c80808e809da4a2808080b78080878097bd80a880d2808080c2c897808080b1899be180808080b680ba808a8080cf80809180cb86808097808080
8080808080958080808093bd8e8080808a80808080aee180a582a8808080e1a0808080808386c1c6808080809a85ca80a6808eb290809080e595809e839e8080
80808080818d8980848081a890958080a78080808090a5809e83a9808080839580938080999f80a8808080808d80a580a28080a28e8083809189808889808080
80808e8080809d8080809994b08080a2d2c9809780809480d880ae808080bda096808080e2809ab395808080c981e68080869a8cbf80c380d880808280809280
808080808087878080809da69a978080c9808091809be68aad80df808080bdad8e9c808085c38000808080809880bf80ad8080aa86808080a9808093a7818080
8080c5808080a6808080949e80808080c0a3809e80a2e580c0808e9880800c91809880809380b8d880808080c090d5849f80c1d98780d29cff8280bf8b808080
808080808093808080809383a49d8080c780808c8088c380ce80e88080809bb380808080a18084e280808081ab80ab808c80a5a99f808080c48080808b808880
8080a8808096bf8080809a80808080809caa80ce84a1e080b480bd808080ab9383a98080b98098d780808080b685bf808f8095a980809589f1808080bd809380
8080898080808080808080a89d80808fbb8080808088a1809588a58e8080c5ba98898080a790aed1808080809280c780808180ab8080ac80aa898085a5808680
8080ada08080948080809c9188cf8080888080b280a0d4b6848fae808080a79280b3808080a780f880808080968c9180808087d680808080ca9e8080ad80a180
8080808080809c808080aac5ac808080f0808084808cc580d480cd80808086b988808080f580b2ca808d8080cd80c680808092bf9f808680e980808880818180
80808e80808c958080809fb6b4888080be8080928089b880aa80c1808080bfa8808f8080ad8a8cd4808080808880a580808086cb8e808080db8f808f80a58780
808097808080b5808080b18985808080eb9480e19c8efc80fb80f6808080d5ac80cb80809c92841380808080c380cb808380accc8080b8b301808080b9808080
80808080808084808080809a8c808088b49180a1809cba80b780d9808080a4af80808080ae80b0bf80808080b080d080a68080808080a694c1808086ba808080
8080c1808080a5808080afb593818080fc8080ac8080d482a180b1888080d3b280da808080b89bfa809680809680ad808080a6f49c80aa804a8f8080c1809180
808098808088a48080808ca590808080d297808d80829180a3809980808080ad8d808080d480ada5809f8080a780a6808080a6a89a80a980dd808086a0809480
8080808d80808080808085a680808080d9808080808ff8919da5c4808080b7b78091808080a9b9fb80808080b280c4808e8080b593809480c799808289808780
80808980808ba08080809dc0a4808080a88080808095d280a880c7808080bda2838d8080ba9f99d18091808080809980838090d083809580cc9d8090c3808080
80838c8080808a8080808f9dab838085968080998090a3809f83a480808081ab8b8d8080bab180dc908080808680a080808180968080808090838080a8808080
80808a808080b68080808cb485808080808080a580badc80ab80af8080808a9c84808080b6918dad80808080858093808880809b80808080ddad8082c7808080
8080958d8080b0808080a1af868e80809d8380a780b6f280ab80bf808080c19480918080acab80c6808080808683b780a480a5cf93809a97f38a80b3c9808080
8080808080809c8080809eb09d808085b49480a0808ad4808980ac868080b1a485a68080899b85de908080809c80bf808080809580808f85d980808096808080
8080a8808080a7808080bab8b9808080a18e809f8099d080e580b0808080a9c090af8080bbac99f0838080808080a0808080b2d68080bb8fe58b808bd1808080
80808080809080828080a8b288808080ce808080808c94809880b9808080a4aea0808080cf9ec0a2809a8080a680ac80a1809ca7be80ba80ba8080a280808e80
808080878080ab80808080a180808080b0938099878dbe80aa84b3808080aa8087808080a88085b880808080ab80c4808c8094a280808a81af8080898f809580
80809b808089a0808080808a87808080a0b580bf8085a580aa80ac808080a590808c8088da8093c293808080a482c980808080958080a080dc808080a8808b80
80808080809193808080a6be918080849f9e8eaf809a9880c680cd8080808190ba808080d58096b0a0808080b580ba80a380808c8085aa80b0808087a4808080
80809680809a98809f80a399ca80809bad939c9b8080a180bf80d780808090ab9a80808002899fb38f808080a980b280808080a180809182b380808b93808080
8080908080808080808098a498808080be87808380809b80a480ad808080b398809f8080808691bf86808080a7809480808083af8780ae80e480808492808080
808080808080b580808099a595808087e4a780948088d9809780c59a8080acb687868080a5909be180808080be80c280808080888d808c80f0808084a6808780
8080808080808f80808098a197a78080af8080968084d6a28086c78080809fac9f85808089808dd881808080ad80a6808080809f88808080cf8080809d8a9580
8080809e8080a1808080969b8e8b8080ab808080808de2808087b38080809e80858080809d9586c8809a80809580a5808080819093808080d0818089818c8080
8080ac80809ec5808a809a94a7808080b2a980a28080a580da80b480808088aa838f80800a80a3b283808095a880a18080809cb58680ac80cc8080849e808080
8080808080918080808099b5aa8080809d8080808091ae80bf80b8808080a5ad8e808080b48eb3c6808080808a80cf8096848eaaa1809180cd808080a5808580
80808095808095808080958080858080cc8b80ac8080b39a9980c08080809fb3809b80808280a2c980878082ca809180808080ba8080a280d78080809e808e80
808780808086808083808b9894808080808080a98099cb80c380b6808080abbd80808080b680b6d180808080ca86d680908080a580808086d683808081808080
8080bf808086a88080809c8e9c808080b08a80ab809cd080ce80b6808080d5b489b28080b5c084f880808080a980d480878088c28080a289fe858099cd808080
8080af80809bb88080809e8087808080a9ab8bbf8889bd809e80bd808080a59d9fa08080ef808dd280808080bc80b380978086ab80809585c7808096a5849a80
80808c808095938094809194a9808080d68e809880809e80c180d08080809eac80808080ec908cc780808080b380aa80808080a18580a380bf8080808d808080
80808280808dae80808095c3a8808080c580808080a0e680d780a2808080d3dd8bb58080a8bcbad7808080808380b6809f818cce8080d192c99780acae808080
8080808d8080a4808080a9a980a18080c380808b80a512849395dc808080a9bd8b8080808d80b3ed80898080ae80b98080809387a9808080ec808080ab808780
80808d808080a5808080a4a59aad8080c98080ae80ad0d8fa080f08e8080b2b686978080909580f980808080ba80cd80808080c586808080fc81809bad8f8b80
8080808080849280808096d2aa808080c18080808091ea80bc800880808091a899808080cb8580db808080808080ac8097808cb5b4808080b1a58085a89f9080
80808580809cab8080809fbc9d8080808f80809a80aed580b480c4808080a69780868080c28d82bb8080808086809380b28084b6808080809f84809493808080
8080808080818e80808080a088808080aa80809a809ba380a380be808080a0b780808080a98e8ebd808080808d80a780948091a480809784bc898094d5808080
8080ac808080d980808082938f808080bfc580bb8080aa80d580a980808099bf869c8080de8098c380808080ab80b8808080a6a28080b186e6808088d6808080
8081ad808087aa808c80a7acbf80808b999b8ca78098b480c280db8080809a9f8f808080fe8095c38580808089809d80808095be8f809f80dc988080cf808080
8080ac8880809a808080849285808092bcc7809a8080a680a3809f808080f2978080808099809fae8080808abc80b980808091b28080c185028080a8a1808080
80809780808b8e80808085c592808080c08080808094ca809980a5888080e29b80a3808092cf80ca808080808080c0809e8080ce8a809980e68080afbd808080
8080808080808084808080c385808080b2808086809cd480ae9ab6808088bbc98080808080948ac0808080809a80dd80a98080ae80808092db8780a3b0878080
80808080809299808080a6b4a99d8080c380808080a50698b1a5d3808098cdc08a80808080809fce8089808085809f80af8093baa3808080b092808495858080
80809a80808584808480859faf808085c880808080849380af80ae808080b09aa9928080c1a995c3808080809680a58080809abf8080a580958e809ca1808580
808093808080898080808bc4a8808080da80808080a9d080b580e6838080b1b78c9580809b969fe380808080a080af8088808abe8180a180d092808ebb808080
808080868086a2808080848f808080809d9280918084a68087809e8080808d908d808080a88087ba80808080a58096808980809080808780ab808080a080908a
80809d808084bd808080a9b4aa808080b2a180ab8095d480e980c3808080bcab829a8080bf80a2cf808080849880ab809480abcb8080bfa6f78080abbf808080
808a878080808f808080becad19b8090b080809380b7e985a38006808080d4df8e9e808099a490f6808080808080ae80868090ed83808080b4ac808ab89e8080
80808081808088808080809180928080c2808090809ab983a699c0808080a5b48280808080809edb808080809780b6808980adac80809880bb80808abb808e80
808ebb80808db58082809c8092808080a993809e8090c780c280ae808080b2a189948080d4809dba808080809c8cb8808080b6be80809080d8808089a9809580
8080a0808086af8080808fab8d808080f09e80a786b8ce80d580dc808080bce189868080eb84a3e680808080bf80ce808d80afbc9180c680f880808ec4808080
8080808080809180808088b891808080cd80809789b4cd80ca80ea808080b6b680808080aa8f80c980808080cb80d1809b80808380809587b6808085a0808080
8080be808087ac8080808786a2808080e3a8809380808380b7808e808080acc1988c80800180a1cc80808080b080c18080809ea28c80b180e380808484809b80
8080808080808f808080809881808080d280808f8598b780b180c4808080a4a0978b80809a9192d980808080ad80b7809b8098938180a684a080808ca8808980
8080918f8097a5808080938f80808080dcb280a98085d780cb80b4808080cab480808080b680b1dd80808080cb80ce808a80aaad8080b68010808080a4809180
80808e8080a6aa808080aa89809d8080c38080ab8c9ed380b080d4808080caae80d08080a08680bb808080809e81a3809b8090caaa80a580d3908099b5808280
80908a808092838095809690a9808080a58080828091b380b680bb808080a5a89d818080c68ea7c1808080808b80a5859580a6b380808e8c9d9180879f808a80
808080808089878080809a95b3808080d38080958080bf80d280d2808080a7a890918080bfab84f880808080a880c4808080899e96808180bd80808092808c80
80808e8080998080808098a9a08080809e808080808caf80b08099808080cba2808080809a8f94b7808080809380a18090808aab85809280cb80809886888080
8080a980808090808080909189808080ad8a80ae80a8cc80ab80b98080809ba982a28080ba93a8e3808080809f86af80868092aa80809c80dd8d8080b9808080
808080808080828080809cc2ac82808ccd8180808096c180bc80d2808080c1b4b68080809ea389f8808080808c80bb808080b2ae8e808f80d480808ad5808980
80808380809d908093809b99a2808080c1808d8d8080af80aa80c580808094b593808080cc8893c380808080a880ac808b8080a780808080b9808089828f8680
808080a98880b180808093a480c18086ac8f809880c3f8838088a8808080a58080808080929980b8809e80808a8b8280a78086b191808b80d58080c9af808180
808098808080ad809a80a7b19d808080d5d980a38080ae80c580d0808080a7ac80898080f48fa4b780808080d7809e80808080c88080c380eb8080a3a9808080
8080809c808597808080839d80818080ce80808b80a22780b9afcc808080dda6808a80808084b7e380878080ad80db80b0809abe938099870a8580a5ab808080
80809780809e80808d8081808e8080a1c79d8080808080808d8096808080b58d828d8080a99b88b797808080a688b480808080858c809d80ab80808b80809c80
8080938b809480808780888685808080d98380828082a680ac80b4808080a59d80808080c880b5bc80808080ab87a58080808eae9c809f80bf8080808080a280
808080808081808080808d9889808080ae8080808084ce809386b3808080ac8f80808080859297d3808980809a80a48080808f9ea1808080db8c808d89968c80
8080938d8081a080808095ab8f8580809c89809b80b5dd808b80b6808080b99880858080a99a80e5808080809e80a780928080ae80808080d78c8080a3808080
8080958e8080ac80808095b780808080dd80808080a10e85ab80b4808080be9f80b1928080c786e0808380808b80b2808b8098cd80808980f58080acbd808080
80809f808080968080809cc8b2ab8080a280809a80b3ed91b680d9808080cec082a080809ca1a1008080808080809e808080a1ec80808080ddad8089ba808280
808080808085a5808080909e88aa8080e580809680aff08fbf80d88080809fbb84b18080ab938b0680ad80808c809280a880b5c9b880a380d1918091c680a180
8080838080809e808080a09480808080aeb380ad8086bb80b680a8808080aea98e808080918095c581808080d880c9808080809f8080a284f78080968d808082
808080808090838a8080809380808080e28080898086c280a281c6808080dac180808080a4939adb808080808480c580bf8095c68080af80eb8080c2ce809c80
80808080808f8280808080d59f8080809f808080809db180b680be808080cab186808080c18fa3bf808580808380ae80aa8080a28381a480aea280aeb0808080
8080a280808095808080adc5a9978080b180809780b9ea86b380ac828080d59a80b0808080c1820580808080868ac88084929fba89809282e28080a7ab808080
80808080808c80808080a1ab9c808080d180809e8880bc80ab80e1808080b7cf89838080928f93d5808080809e80bd80888086a68080af80f1808081c2899580
8080808080889880818082b0a08c8080c080808080aad580af80b78080809eb6938c8080bf8e89d8808980808680b5809f809bd486808080b2b480918e858080
8080a280808bb88080808899a9808080b98080a08091cf80b780cc808080c2b480808080c4809db9808080808180b8808d8098b08e809c86e9808092d7808080
80809a808080808080808cb3a8808080a580808080aec8808b80a8a78080bcb49bae808080b8aed0808080808080bc80968080b980809b80b0a8809ac7898080
80808b80808787808080a7a785808080b88080998ba7e280be80a8808080bc8d8a9b80809a968ced80808080a485a6809e80b9b194808c83c68480829f808080
8080ac808080c98080808ca08c808080b2b6809e808ad480d1809b808080c89a80bd8080b2958fc180808091b780b880808086b98080b499f58080a0bc808080
808085808080ac80808099dcaf9b8080c280809480b11e9d938edc928080bcc697bd808095be9c168080808080809d808e8084ce8d808080bfcf8087ba808080
8080838080809c808080a0e899928080a48f809a80b1df80a680d0808080d3b8808f8080a78b80c080808080b580ba80908080d480808080d3a680b497808080
80808980808e8a8080808d9882808080b0908086809ecd80a1809b928080cda280928080a080bbab80808080a68cb28f9180a0b791809980d19c809d80868280
808096918086ac808080939080808080c1a08092808ed8809480a7808080b8c08d808080b680b2b980858080bc80a38080809fc084809480ea8680809b809680
80809b80809592808080b1c2cf8080809c80809c80a0d6800080c1808080d5cf86838080cba39ce1808080808b80c5809a8097cf8780a4b1fc808098bb8d8080
8080918080808480808092c5ae9c8080b480809280b2f580a580c08d8080d2a08098918080c48413808080808080bc808a808caf98808d80fc8980abc0938080
8080808080939b8080808bac93808080b48080838091be80cb80b480808098c080858080a3809ea68080808aa380ae80988080a980809e88b78080918f808080
80809e80808ab680808091aa9c8080809b9d80c180a8be80ca80ba808080b5a581898080d68089d880808080b180d580848080a880808486f6808080c4808080
80808080808893808080b0c89e898080d98084878099f38d9c80fc808080b79f809980809ba680d48080868098809e80938080be80808080b881808f82948080
8080968080808a808080968681808080e180808c8080cd80a080a7808081bc9383b58080979994f680808080a58cb6808080c2a4a680b680d680808680808e80
808090808085ab808080a2bda08080808a8680a180a1d780cf80c6808080c59f80808080bf80a7c880808080a6809e80828088b18080a38efa8a808ac3808080
8080808f8080898080808fb780888080ad80808080abe5808081ba8c8080a8878080808082aa8cc3808e808089809f80aa80809e9b808680c38c80a68a9a8080
80838080808080808080a29f80808080a38080b287aef980b880e6808080a6cf818080808c8093e380808080c680d480a68080be80808087de818080c0808080
808087808080b2808080979680808080eeb680b38080b280bd80d98080809cdb8a9c8080c580adc380808080d980c280808088a88080cc80d980808fbe808180
8080808a8080a4808080a3ba80808080a581808080a8de809e89ae808080c39a80a780809eab9acd80948080968096809d809ebb86809780bf9a80a1c7808080
808080a080808080808080a380a18080d580808080a9db8091a0b880808aa9a380938080829f8aed808080808080ac80938080ad99808d80be868081a4809180
8080a3808080868080809a9e8e808080d88080958084bb808880c88f8080acab83ac80808b86a4d880808080aa80a080808094c69580b080f1848080b5809f80
8080828080a890808080978c848c8080bc808092808fd780c780b1808080e1a580a58080b38099dd8085808eac80b780aa80c2c0a880a880d18880af99808080
80809180808080808080aecdd3808080a18085808095a280bf80dd808080b1a9aa818080eab080ef8080808085808080808080c08080858091a38089a2828080
80808080809a9589808083bb808080809980808080a4cd8097849f808083c9a68080808087a09aac808080809d80bf80b180809e8080919ac88080a5958c8080
80808b8d80808080808088b389a58080a980808a80b2df808080c4808080b7828080848080aba0f080808080ac8fba80808080948b8083801180808592808680
80808ea48080a9808080acc793b58080cb80809480bf11a0ab98bf808080d1a180b1808080e1801a808080809f80af80808091ef80808080e08f80819d808080
8080808080808c808080a4c2a5a38080b480809180a7e495a080de808080a6a3949380808ba080ed808080809180ab808d8091a68e808080af808090a2808080
808088918083b4808080908f80878080bb9280ab9dafd8809d80c3808080a48496898080a58280dc80808080ab82b8809c80aab680808f89bf808095af809580
80809b8580808d80808097b8849e8080cc80808b80b8f6a0ab88b08b80809e9985bf808080ba97ff808080808e80a2808080a8e68d808080c3a7808da3808680
8080af808080c1808080859689838080a9a6809d8080a4809780948080809c8380978080c98083ab828080809a809a808080859c85809580d78080899a808b80
80809b808083ad80808086a392808080b78d8090808ed580c5809e808080caaa80808080c98090c180808080a380c48080808fb08a808480f380808089808080
80808080808080808080b1ad93808080f597809b9399c180e480fb80808097ceb2848080bc84800380808080cf80c4808180a4998c80ad80cf808080c4809a80
808084808080a28080809aab91808080bb88809a80bce980c880ba808080c1b2a08d808099b2830980808080a180d380af80889880809c80c9808080c3808080
80809b808085aa808a80999399808080b593809d8096c580b280b38080809ea8899a8080c98f95b980808080a784b5808e8093b580808e83d180808d99808080
80808780808fa8808080b89b80808080d180809f80a52f80d580c5808080d1988288808090a1940680808080ae85e180b680c8d78b808b9e0580809e93808680
808080818080a980808086a380808080c2a4809f808bb1809f80b4808080869493808080ae809aaf8e808080c680a4808080808880808c80cd80808088808e96
8080808080808a8080809ebc97808080a480808080a31780a0a5d280808ebdc48080808080a0cad1808080808080d080aa80a1b5a7809d80f6b98090c1818080
8080808080808780808087c1a8808098b380808780acd080a680d7808080f19b80808080a385a5d0808080809c80c9808680808b80809480cb958086aa898080
8080b48080809180808094adb1a38080a38080a680b4ce8a8080ca988080b8a280948080b0ab92008099808080809480808088de80808080ddb5808dd6809080
8080808680808380808082d3999a8080fa80808080afe2a98086d99b8084ad928090808080a894f5809b80808080b280808088c0b6808480f49380849d8ca580
808080808080998080808ac0a6808083ef80809980a7cb80e280eb808080c0a5b1808080e58086ff80808080b780d5809080d8d58c808d80b4838080be80b280
80809d808096ae80808095b198808080a58080918081b780b680a2808080ddab80a58080bea998b5808080959180bf808f8081e48080b695f28480acb7808080
808092808080808080808ca899808080c880808080809f8096809e808080a88f89998080939d92c285808084a680a38080808caa8580a680b98080848c808180
808080808080a58084808ca298808080a99a8a8f8080bc809b80c1808080808698808080c3808fbc89808080a180a2808080808880808780d180808191808080
80809f808086a58080808ca49b80808095858089809dbc80908096808080b59380918080a48895ad808080809080aa808b808ca881809282c9838093ac808080
80808880808796808e80868ea780808db0948b9e80808f808e80ad808080a19695838080c48c85c79c8080809b80a7808080808b80808680ab80808095809380
8082828a8080a4809480808092808080b19580898083a0809680a48080808a9287808080c98096b280838080978093808080a29980809380a38080919f808380
808080808084808380809da8909a8080c38082b08aa6f280d2810c808080b2e693aa8080a6829cdd80808080bc80cb80b58080b692809390aeaa8098c58d8080
80808c80809da8809e80ada7ac808080e695938080808c80be80c680808080989e80808005959eaf8080808cba80a48080809bbb8080a780d980809881808d80
8080ac9180908c808080a380808d80809e8d80b280a8df809c80b5808080bc8d808f80809e809ad480808080b393b0808c808dcb80808380f180808a91808f80
8080838080a48c8087808fa8ae808080bc8080838095cb80d880dd808080c9a982808080e68f9fd4808080829c80bf80a7809abe9180ac8cbc9080a4ac808080
80808080808f82808080bca0a1ab8080e38080a480ab0681d884f5808080bbe39cbf808096bd813c80808080b680e780968485dc8a808080bd808080a6808380
808c948080b1a2808080a080d3808080f38082bc809fc8800380018080809bdaa48d808021878d10808080809c80cc808480adc09c808080b8808080bd809b80
80809d80809ca5808080acc4e3808080e48086948080a080ed80e5808080cdc697808080188792d0808080809080bd80809399d38580a280d080809397808080
8080a7ae8080918080808b91809e8080ae82809c809ccc9280888e888080ae8080a9808080859ec880a8808099898c8080809dd38a808e80f382808995809780
808080808080808080808fd499808080da92808080869780b980a9808080809c9a808080c984b5d480978080a7809b808080b8c6ab80c080e8868085a2808e80
80808080808ea380808095b5a8808080b080888b808fcf80bd80dc8080808eb2a7808080dd9180d1808080809580cc809780809f84808080bb97808099848280
8080968f80849d8080809c8580a78080c48080a98090cc819a80a9808080a38a80c08080839a86de8280808b9c899e80808086d180808080ed82808090808f80
8080818080808080808080b689988080cf80808080a3c0939180b28080809793868080808d90a4cb809d8080808084809c80b2c7ad808080d08c80a29d80a080
8080988080949a8080809c8687998080c78080a98099cc80b280de80808082a998bb8080ae8991db80808080a680a3808b809aba89808080b7808080a9809580
808d8080809e9a80808093b28a808080a9808e848089d580ab80ce808080b4a580808080bd809eb580808080a2809580a880808680818080a780808280888080
8080a98080808a808080b0dda0878080a2808081808eba8c8880b5a78088c99980a5808088a4a59c80808080808080808080b1f8b0809480f3c480cabc808080
80808e80808080808080939e80808080c89d8080808ed480a48088808080d69b8483848080b1a6de80808080c280e68085808b9b8280b0801c808096a2808980
8080868080898e808080878b808080809b928092808c9180928098808080878990808080a7809aa680808080ab89a18080808c9480808880b180808097809280
80809d808080808080808fb087808080929580ae80b6e880e180b9808080d2a9808080809bb2a1f281808080c780f3809b8080af8080979013898080c5808080
8080938080848788808080b691808080aa80808080aeb8809480ac808080b8c286808080aa91a8bb808080809080b480968090b880809d80dd9f809cad808080
808092808088808080808f8a9f9c8080bf8080898091da90ad80c2808080b8aa8096808087a080e980808080a280b080828093be8f808080f2808098a7808980
808098868089b4808080a68e80808080faac80b58091eb80c480d9808080b0b48098808098809bde80808080e080c28080809db98080b18002808080a9809480
808080a1808290808080afaa809c8080b480809980c22b93af8bdd808080ac9c808480808089a20680808080ac85b4808e8097b182808080f78080809b808080
80808f80808087808080929b97808080cc80808b8092ab80a680b680808095a994808080bf80b7c680a780809e80af808280b6bf91809d80d1808084ad809980
80808d8080808d80808093a5a2a08080e7808095808dc683a580df8080809cb391b98080a7ae80fc808080809180aa80808088b38e808080b4808080a2809280
8080838080808580808086b29f808080b180808c808fb1809987af898080c398808b808080909cbd808c80808e809a80808080a180809980ba8c809ea4878080
80808f80808096809f809da1ce80809ca49687a38092b280ce80e280808098b6a080808006a891e19e8080809680bb80838080a780809787a1958080bd808080
80808e808080a4808080adf08b808083c880808080cd3f8d9db1c59680800cb689cd838080bcbefa809a80808c80d0809980a1c895808e80e5b780c2d8808080
8080808080808080808080d583808084dd80808080b6dd9897b1ca878082a3b584808080809ebcd9809780808080bc80af808ab68d80b480c09680b5d7808080
8080808080838e80808089bc96808080b08080808097b7809780c5818080a7a4808080809b9c98a9808080808680ae809780809590808780c185808fb9808080
80809e808080b2808080908080808081caa580ba808086808e80ae80808085ae94818091d98094d481808080c480a7808080808080808480bd8080809d80b080
808080808095aa8080809d8f80808080aec180bd8080d980a280af808080e7bd80908080a680adcc80808083d580db808b8080808080be80e480808592808080
8080808080808d8080808bb09d808080f380809180a5e390b380dd808080acbe80808080818581ea80808080bf80d080878080ba80808080d680808e96808280
8080808e8080ac80808082bdaba48080c680809d80ce04929d88e0808080ce9b8680808098b38004808080808080c080a48080d786808080db9e8098be8d8080
80809c8080ac918080809983838080800f8f80998080b180e980d7808080c6b489a58080ca80aced808080a2d380b0808480b7c08080ce80da80808788809f80
8080808080808080808098a1808080809581809380aa0380bd80b9808080c0a780808080809ea5db80808080ce80e2809f8080a18080879102808083b8808080
80808d80809884808080878280808080c280809b809ac480b880ba808080b5b280808080a780b8c780808080bb80d480a280a2b584808e80cd80809590809680
808080808080948585808f8080808080d888809b9680cf808b85ba808080ac96968c8080828083cd80808080c580b980868088a38e809783d78080a487808780
8080bd808080a3808080b7c5c5808080d982809e80a8d380df80da808080e4df80908080f0e985fb80808080ad80de808e8089fb8080938f048f80b9c7808080
80808b8080808080808092af99808080d18080808087aa80a680d3808080add5a1808080a680b2c5808080809e80ad8080808ea78a80af80d9808080cd808780
8080808e8080b88080809da980808080a78280a580a4fa809280d5808080c2af80808080b280aee680968080b580a8808980809380808980f0808080be808080
8080858080809c8080808cb9c9808080b48080968096cf80ca80da808080b7ca8c808080d6808cd1808080809180d8808b8080a886808080bb858080a1848080
8080928080868080948096b3dd80808df0809c808086b280e280e0808080dac9c68080802580bcf680808080a180bc808480b4b78f80c080a180808395808280
8080a8808080bb808080aeb08e808080d98e80a48097ec80b880f8838080b6b2808080809f80b3b7808080809b80af808080b9dc938093802c8080a9fa809880
8080968080808880808088a088818080ac8080808080a080878088808080b29880ad8080809b9bab808f808080809880818098c1a180a580d58780a292808280
80808d968080be80808087ae98a68080a58080a180b0f6899a87b5808080ad96809f80809ba287eb808080808c80a6808a808dc880808080cca68089ba808080
8080808080839980808097ba8e988080bc808298809fd78d9b84e38080818cb58fa98080928f89c5808080809a809780918080b8868080809d888080a6808080
808080a580819c808080929f80958080a2808086809de9898191a4808080948680a8808080948ccf808080808f809f80828080bd80808080c6878080ac809e80
8080a5808080978080808c9b95808080b19280998097b880d580aa808080acb287808080db80a8cf80808080bd83c780808080ab80809980cf80808098808080
8080868080a2988094809c91aa808080e080809d8081a180c280d280808099ca8e908080e29980cc80808080b180b7808080809c858090809e80808098808080
8080b18080808d8080809fa09e808080af8b80a78095c080ce80b9808080c3bc87928080d1908fec80808080af80c280888094c380809b80ff808080bb808080
80948080808b88809e80868ebd808080ad8081968087ac80cc80ba8080808cc4a0808080db8087dc808080808480bb80948094b388808080978680809f808880
8080818080808e8080808cd2cb808080c080808080aaea80e280fe808080d9d288808080b894a3dd808080808080e380aa8082b59680b79eeda8808cdc868080
8080a08780809c80808099a1949e8080a280809680b5e8849480ad808080b689838b80808f948ae9808080808ca1b0809780c5b698808080dc80809799808080
8080808080929180808090bb8d808080c280809c809cf080e480d3808080edbd808080809880bfc180808081d080e580a18080a68080b3b7ff808099878d8080
80808080808d968080808e958b808080c88d80948d84c680af83d8808080bdb397808080ae8091cd80808080b880cc80a780818b8080a690b280808aa5808080
80808180808080808080a1918e808080c58880aa8e95be80b680d98080809fc98e8780809d809ad583808080d980bf808680809f80809f80c58080809f808080
808080808080928080809db69ca58080c9808097809103a98784f18080a1b2bc80a7808080b181f58080808080809080838080b09e808080e5898080b4908f80
8080808080a18080808084a080808080f0808080809ff380c09cd3808080daae808080809c86b8e680808080b980f080b68490a99580a180d380809880808080
80809c8080a09a8085809a95cc8080800080809b8084b080e680e1808080c2d18b818080e5808cf480808080a080b9808080b0dd80809080db80809497929c80
808287808080908084809bc4ca8080809d80808480a5b380c480d580808095b1a8808080e69791c8808080808180848084808ab3808089808da38097ac808080
808080808080c0808080afc5918a8090d68a808d80a80b93c394db808080d3b3998e808093878bf880808080a480c8808a80b6a988808480d4808084c1808080
808c8080808092808080aebbc09e80889e80808780b3ec90a380f2808080b4c29b8b8080a8b6800f808080808080978097808dae8080808099808080b3808080
80858080808d9c80808090a28e808080808080af80b3cc809c80b98080809d978080809bad80a1c4808080809980b280988080a280808080cf808082b4808080
80809d838080a28080809bb180918080df8080a280b9fe83c980ca808083bcb980b8808080b1950880808080a580ba80818083b180809b80e7808080ba808080
80808080808080808080a6bd88948080b980808880aeec8eb78bc880809080bd84b780808095a4e58080808090809e80838080bc9b808080c28b8080a3808080
8080808080808d808080a7babe808086ec8180988090d480c680df808080bcdd8b828080bcac94ed80808080bb80e8809180809b8080a489e3808082a2808080
8080a080808080808080a58688bf8080a48080b480c2f98dca80cf808080aeab80828080a481961380808080a4a6b0808080cacea6808080f49480809b80ac80
80809280808080808080b5d0cb808080b88080948080ad80d180f1808080b3d48f828085d39db6e6808080809580ac8080808fde8f808f800889808bb2948080
80808080808f8e808080aba3c9808097df8080808088ca80c180e5808080beaaa5808080d7ad80f9808080808b80bd808d808ea89a808080a68080809a808580
8080b58080809a80808080ad8e878080b28080968097bf809d80a9908080ab98808c8085a28098ab8080808083808e80808080a586808280068080a2b2808080
8080808080838d808080b9be988a80809680808780c50c96adb0d6808080acad928f808088b2a309808080808880ab80a08083bc80808080a2928080b0808080
8080b9808080dc8080809f8680808080019780d280960680fe80ed808080cfed80c68080b980b0f380808080dc80ea808a80b1ca8080bda31682809ad2808080
8080a180808089808080818093d28080b280809f80b7d99f9980b8808080ac96808e8089a7809804808080808c8988808180b2c38e808080e080808aae80ac80
8080ba8b808091808080a09380af8080b88080a780a8fd8f9c80b3868080bcc380ba808080a19df0808080809f80a680808095fa848080800faf8080af80a180
8080a680809385808080a5ccbb808080ad80808080b6c280e980a2808080ceafa3808080e3a8c0c780808080938099808180b9e78a80a780c3a880b88f808080
8080c0808080a1808080aba9888f8080c88580b9808aba80c080c080808093ac80a68088a980a7b380828080c2809a808080a0fd8980a3800d8080b2b9809380
808091848080a1808080b09482928080bd8080a380a501888688c380808093bd8db180808b9794f2809880809d809f80808080c682808080dc808080b7809280
80808b80808c818080808c9a9f808080a2808080808fa580928095808080a0a7889080809a889fa6808d808089808f8080808cac8d808380c88a80878f808080
80809c89808080808080979180808080ac838093809be4809e80ad808080c49a80808080808eabe380808080c880c4808b8095ba808098800d808085a5808680
808080a080808e808080a1cb80a18080cb80809b80b42d968093d8828080ce8780808080808b89fc80808080a580c480808087d5878080803b8080a0b3808080
808080898099b8808080a1b280808080d280808e80acf183b480c9808080b6ac80808080ac84b8cb80a18080a680ab808e809dc297808880e0808080a0809380
8080a08080809f8080808da5a9808080ae8180a48093c980c080bc808080b8b180808080b7979bcb828080809380cc808e808bb980808f9cf4858093b6808080
808098808080a48080809e9e8d808080cc9480a18093d080bf80b1808080b7c083808080a79891d880808080b580d380908096b180809683f5808083b7808880
80809b80808080808080a9bea980808fc58280808098b780a185ac988080e4bb8096808080b693df808080808f80ce80809398c88080af80ea80809db0808080
8080af80809495808b80979bab808080d19f809880809180d980a6808080abb988998080e780a2bd8080808fae80b48080839eb58080ae80dd80809992808080
80808080808080918080a3a180878080b68080908e91eb808f92b380808eabaca28b8080808099e980858080b480b3808080bea9b4808b800f91809183808080
8080b988808091808080bea790b18080ed8080a280b72680a180da808080c19e80c29f8080bf8036808080808c81be80808086cf8080808013808080b2809b80
80808c82808098808080869d9c8080809e9080928095c28097809c828080c4938080808080a68fc387808080aa82c480848080928080848eda808090a2808080
80809b9680828f8080808f99809880809b8680b680c0ee809780c5808080afaf808b8080819f9aec80808080aa8fc6808d8080a3808080800c808080c5808780
8096808080978b8092808d8bbd808080de80a39180809280c480d9808080abb8ae8080800a8295e3818080809980b88086809b8480809980958080809580a080
80848080808081808080929e988e808093808090808fc8809283bc80808087a78d82808792819cd38080808080809880808092a698808080c28f8080af809980
8080948080a180808380808785808080cda4848880808080a180a2808080b9808d8b8080b78091a59f80808ab0809380808089928780a680b180808087809985
808080808081808080809f9680808080d3808092808fed80b892ce808080afac8a818080809c9df280808080b280d98092809ba790809280e6808080ad809580
8080828080a09e808080958b9b878080bc8080a48080be80ca80c2808080adc180b48080d980a4e080808080a980a48083839dbf9f80b280c792808698808080
80808880808f8080808084948e808080c78080808096c180d080be808080c8af84808080b880c0ba80808080b182dd80b1809e968080a68cc58080a589838480
808084808082c6808080ad938c828080d3ae80b08888db80c480de808080afb580bc8080c8808aba80808080ca80b58080809ab7a180ae8cd98c80aab8808080
808080808081a7808680998ca2808081ce8d81a38080b280d080dd80808081bc87808080df8097cc80808080ac80c5808080a39ba4809680ae808080a7808880
8080908b808aa38080809896808080808b9580aa80a8c880af80a98080809d818085808097809eb180958080aa80a7809380a7ba80808689cc8f808aac808880
80808a8080808f808080809c808080808f8380978090b5808a80a180808090a0808880808380aaa580808080a580b1808080809680809080e28c8081b7808087
8081808080808c8080808ea89a8080809b8980938081ba808c80b0828080979e808080878c8092bd89808080aa83c4808080808088808080de808080a2818080
80809a828080a7808080b983808a8080d29b80ba8097e3959f80db808080b3d480a18080a49593f480808080cf80bf808080a7ce80808d800f808080b0809580
80808080808e9180808089aaa1808080c1808e8a808cc580c080be808080b2b180808080bc8093ca80808080a380ac808080809f93808480b88080808b808080
80808e80808080808080a6bc9b8080809280808080a3b780ab80a4808080b69885a3808080c588e788808080a680a380808080b680809780d0868080c8808080
808080818080a2808080bac9a48b8080bc80808080a907a59bb3d4808080a8bba0b0808080c88bf9809480808080958089808fe08c80808099aa8080c8808080
8080968a8080b280808093ac83808080b180809e80a9dd80b380af8080809db481bc8080a29391f080808080a1809a8080809bc780809780e7a38080c2808080
80809396808c94808080ac9780b58080a08080b380bd0487b880cc808080b0aa809e808084a798f580808080a397ba80868083cf80808080eb8880809f808080
8080ae808080a080808092949680808012a580bb80809380e680ca808080a4e19fa480800180adf984808080c280b5808080b0b48080c28001808080b680a580
80809880808aa2808080a89e878280800080809c808dd880b880e7808080bdd780a98080999b87d4808080809b80c880808097b5b780a68003808088c880a380
8080c2808086be8080809d8887808080bbb680bb8085c180ad80a7808080bfb280978080d480a5c280808083bc80b480808095c58080a6800f80809cb1808280
80808080808c8480858081a8ad808080a18085868093a080a680b280808091b498808080c08e8ab7868080809580c7809b80808f808c8f80a38480809b808080
80809c80809880808080b7b3de808080c98080858098b780f180e3808080ace5a08e8080e8a6b7e9808080808480a7808080c0f98d80a296e6a78084a0868180
8080808380808280808080b69daf8080aa80808480b5d5a99c8db2808080ba9f808580808a869ce88094808080808180808098cba5808080dda7808aae808880
808099b78080b1808080af9e80808080d08080b080c43a80b680ca808080ccb3809a80808680ad1b808a8080b980c6808680b9cd88808e8034808080b8808e80
808097808080848080809d8a93808080c89f80a780899780b480a9808080a19b999c8080a48982d79a808080ad83b98080809a958080a680db80808091808480
808b8080808089808080a4bcb8808080a480808b809cc180ac80c9808080b28a80828080b49a86d1878080808f808f808880809380808083ba8080809e808080
8080918080808f8080809ca880818080ab808092809ce58c9780a9808080a29a80af808080a18fdf808080809c80ac80808080b380808080ea808080bd808080
80808d9f8080ae8080809b9b888f8080878080aa80a1e180c280ac808080cfa0808980808e948bdc808080809a80b280948084da80809693e59e8094ab808080
80808080808b96808080a2bb82858080da80808780af1089b59ed2808080e7a280a9808080b78bfb808e8080b580c880a58089ad9180a685e680809da3808080
808080808087808080808a9da1808080a18080898080818088809f8080808a9787808080a18584a5888180809d8093808080809181808080ab8080808f808089
8080808080938080808096b097808080ca80808a8080aa809e80d38080809e8f808280809e84aaad84808082a180a080808180948080a480dd80808085888080
8080908080809680808080a3b2878086b881808b8099b480a380b8808080a99a83808090dc8b9ed4808080809a80c380808092a38e809f80e38580a3a7808180
808080808082888080809ab48e8080809b808080809be0809683c6808080b99480808080949cb2b8808380809680bc80a58082a499809a80cc94809aa2808080
8080b68080809c808080a0b29b8d8080c68080a7809cdb80ad82a7808080c0a283b4808082a389f2808080809085d3808180bbc595809b80fe80808eb5808080
8080a2c08085a1808080808080cd8080be8080b480cee7998880b78080809c80808c8087988098de8080808095a28380818097d180808780f580808fa280a080
8080ad8f8080b0808080929e99958080a6b880aa8080bb80aa809c808080b68080898080ad8791d580808085a88093808080aed28880a2800a8080a1b7808580
80808faa8080ad808080aaaa80808080b183809880c13483a98cad808080d6988093808080979f1080808080b281d580a480b6c380808480ff80808ab1808080
8080a280808086808080b69b998f8080b08580a3808fc680aa80b080808092b781c48080999589bd808080808080a0809a809cce9080aa80ee808097ad808380
8080a18080809a808080989d9b80808abf9e80a38080ad80b7809c808080ca9e809f8080888f8bce80808080ad8dc980808c82b58080a388da80809991808080
8080848080868080808094b3a5808080aa8080808084a180ab80ad808080bf908b808080a2ad80db8087808097809f808080809c80808980be80808a9c808080
8080808080809780808094b380818080b080808a80a5dd809480d1808080929880808080cb9680d0808080809980a080a980809289808080c280809691808280
80808d80808da380808091aca5808080ca8f809a8184aa80cb80c4808080d1a480968080c4808bc780808082ac80ad80808288a69380bb87cd808093a3808080
8080808080808180808095a79ea48080c6808080808fbf979f82b680808091a984a8808097929ac5808c8080828089808080a0c3ad808880c190808f92858080
8080808080808c80808081babe808080b5808090808cb380c880d9808080afa580808083b78084d0808080808d80ad80808080b885808780cc808080c3808080
80818d80808b8780808088999a808080a5808087808ea0809180a58080808f9c87808080b380a2b2808080809480a5808080809980808080b280808099808080
80808d80808299808080a2b393998080c08080a48092e49c9380d2808080b08487808080848180e08080808097859c808080b3b49c808080f78080999e808180
8080878080808c8080808c9886808080a1ad80848084ac809f80a7808080b59784808080ad80aab080808080ab80a68085809c9d8080a680c480809ca0808080
808086808080aa808080a39491a38080c68080a8809bf596a480d680808099b696ab8080b09d801d80808080b780b08080808ba88e808080be808080ac80a580
80808080808c818087808a8b95858080cc80809f8095ad80b880d180808092ac87948080a6a180e580808080b280bf809081809780808180978080809b808080
80808c8080908b808080848a8c808080ab83808f8093b880af80ac808080a6938f848080c9809ecf808080809a80a3859480aba894808b80ab9380809e808f80
80808080808882808080a385cba98080f68080a88095ca8bd8800580808084e7af9d8080caab821c80808180a980c3809280a3b59d80808099808080a980a480
80808b80808a8580808099b0b29c8080b580808d80afe2929380d0808080a48d858c8080b2b880fb8082808080809880868080ab8a808080cd8b8080a6808080
8080848080808086808080a5988880809c808087809bbe80a180a8808080c2ae808080808d8599c5809280809280aa8097808eab80809282ed9a80a2b7808080
8080a6808091a8809b80a882aa808080e89684b28080a780d680c5808080a9b5809e8080ef8086ca80808080bd80a28080808ab391809f80cd80808c88808080
808b8a80808f95808f808080a38080849885809680808f808a80a18080809e8a8b878080a58580b9848080808781a1818280888c808082809a8080839a808a80
8080a2808080a2808080829b82808080e780809b808dc980c580af808080c4a98c938080ad879ef380808080a680bd848080ccb98180b280d2808080aa809280
80808a808080a0808080adccae9780808d80808380b2f381a6a5b2808080b29f82b1808084dc85de808f808080809c8092808ae583808580b3b480a7b9808080
8080898080828e8084809ca29c808080958c80958094bd80ac80a0808080ad9d8c9380809c9a8cb782808080a680b180a080809c80809b9ac180809a92848080
808096808080a280808094b38780808008b580ab8080c580fb80eb808080dceb8db08080ca8092db80808080de80d580808080a38080da80e5808080cf808080
808080808080998080809ab788808080b8808080808cbc80b780c280808096a5ae808080d8808f99808080809e80b1809f8098aca68082809b80809680839d80
8080808080808680808096c698888080d58080808094ca80c980cf808080abc2808a80808880a2ce808080808580cf8081849993b180ab80fe808091ad808080
8080c0808080a880808096818a9d8088cc90809d808a9f8085809a8f8080be9a80b38080afa596ba808080838e84ab80808087a882809f80d98080b198809780
80808e808080a0808080839c96808080ca98809b80808b80bb80af80808095b18a808080cb80a7af80808080be80b780808091988380ad80d1808080a680888e
80828880808e868080808badc5808080b6808a858095a380b280d080808092c1aa808080d5949ac8808080808380c180898083a58b809d80ae898080b9808080
808080808094868080808eb4a18080809780808b809aaa80a580b480808090928a828080b7988aae868080809980a3808880809383808080be808086a7808080
808084818080ab808080928f80808080cab080c08692e180af80ce808080b3bd808f808090889be380808080cf80d580868080988080a480eb808080c5808080
80809a8080808080808083b3808080808080808b8098d2808880948f8080c1a78080808b8185b8a7809c80809680b580808080af8080848010b380a0b3888080
8080828080888780808090a49b988080c680809a8092d180c880f2808080c7c0809a8080a580a8e280808080a480b9808580a6d89d809680c1a280b0b68b9380
808085808080a1808080a3b180a78080c980809c8098ee84a480c380808080b091b980809b9b9604808080809580a58080809cad8c808080d1808080a2809080
808080938080958080808e9f808080809180808e809fe9808080b380808093838f808080838da0bf808d80809886af808980808083808080ec80808b95938580
80808380808680808080809da7808080d587808080808080b4809d808080989e9a808080bc80a7b287808080ae80a7808080989c8880bd80b280808081808d85
8080b580809589808080998a80808080ca80809680a2eb80e280ba808080d09c90a28080ae9d9bfa80808080c080d980aa80c5d08380a294df8080aaa8808280
80808d808093b3808080938c80808080a3a080ae8087c680af80ba808080a9af80938080b0809bb180808080b480b0808680859f8180a585ce80808bba808080
8080808e80809d80808096d6a0ab8080da80809780b81db080a5f79c808bc7938e9c808080d78026808080808f80c2808a8080bc8f808080d49c8080c4808080
80809880809a8880958098adb0808080d98080808088a580c880b98080809dacb5838080e089b0c6808080809480a2808080cce69880a480ba9280949180a480
808080808080ae808080b1f48d8d80808480808b80b6f880a880f1808080a89b80808080b48fb1b380ba80808f808080848089cc81808080d2cd80abc7808080
8080808080808c8e878099ad97978080c180808880a9bb80a680c8808080809c93948080a6a180d78080808095809f809b8083a89f808180a684809984808080
8080b5808080a48080809b9a80818080ca8080a680a3f986a780bb808080ce9d80a38080809f8efa80808080bb80c0808080abca80808b8032808096c0809380
8080808080939380808099bc9a808080ce8289808081ac80dc80d680808096aaa5808080eb80b0c280808080aa80a1809280afb68e80af80c4808083b6808580
8080808080a1a1808080948480808080ce8080ac8098ef80d980df808080bdb580808080b480acdd80808080c780c0809c809fb28280a090e7808081ab808580
808080808080998082809c8db0a18080c58080a88090df80db80f4808080a1d683818080bc9080fa80808080b080c680888091b88e808080c7808086b2808080
8080818080a282808080889b91808080d2808080808fbd80bd80cb808080b894809a808099809bb380808081a380a7808a8099b29b808680c78380a18c8f8e80
80808080808c80818080a6a280808080a280809880a5df80a592c480809880cf878d808080888cbb88808080a380b280a280809898808280c5808080af808080
8080808080808b808080919688808080cb9880a38080aa809a80bf80808084ad8682808092838bcda2808080ae809e808080808793808280d5808080b080a080
80809480808796808080b0bfd08380808d80809a80a1bf80d280ce8080809fb89c918080cea78fd4808080808080a7808f8099d188808290ae8f808cb6818080
80808080808092808080a8a8ad808080b68080948098d780a88bda808080bdac8a8080808ca091e2808080809480b880808080bf80808080d7808080b8808080
808086808080a280808080b2a480808ba89080978096b580ab80b6808080b29e808080809c8a84ae808080809980bc808c8080a080809399c580809bbc808080
808080808088988480808faa86808080bd80809c80b2dc80ad80c4808080a5c69593808096a785e680808080a680b9809e80809e8080868ab480808eb1808080
8080ae808085808089808d8791838080a884809080819e80a18092898080a0999ba28080b780aca38f80808082938680808096a396809680d38080808587ac80
8080a9a280879f8080808c958080808aa9c7808f8086c580a6808c808080008a808080808f809bab80808091b482b78080809cbf9080b680fb8080aa92808080
8080a089808088808080828080808097d3ac809080809980a780aa808080d68e80808080bd80b4a580808085a98caa808181999b9d80ce80cc8080a18680a980
80808b808084808080808a9389948080a480808a809bbb808080ad808080929380978080809e8dcc808080808b809e80808080a28b808080cd858080a6808a80
8080808080838080808080a380808080ca8080808081ad80808bad808086b09e938080808780abb6809180809580b980878093a18d80b480df83809b9e839f80
8080a6808098828080808f8c80808080ceaa809e8080b980a280af808080ceb08c808080a190add480808080bf80d28084808da68080b38011808095a4809b80
8080808080808080808095afa6b08080c980808580b2fa909986e4808080b5a78280808080ae8013808080808780a58099808cb69e808080df808085ac878980
80809d808086af80808091bca7808080cb80808f80ace880ad80cb808080bbc18eb98080aab693f2808080808080b58092809de08d80a685e4ae8088d3808080
808080808094a88084808d939c808080d78080918094bb80da80c780808080c980968080e79880cf80808080a080b680a0838eac88808880a5808082a1808080
80809b80808e8c8080808a9488978080c080809c80a8c9809980ac808080bfba80808080ae80a5d580808080a380b28082808cbb87809480ef8080989e808080
808080968080848080808aae80808080a680808480990f808396b9808080b4b3808080808099b9df808c8080a080c1808f8080978080808003928080b2808080
808081978080898080808097858b8080d98080808089bb808e94b4808080b09e80858080809e89d2809880809880a78080809bb7a3809b80d58b80a09b808080
808380808080808080809ba6b6808080a3808098809ab480dd80ae8080809dba998080809d9383df808080808f89c48094808ca28080838fa180808f99808080
8080808080928680828093bda1808080da8080828080b280d480de808080b7bf80808080aa808fb88080809db280bd809a8580a58080b48ccf8080ac889b8080
80808e808081ac808080a59480808080cc8280ad8591f280ae80ca808080c0c480a88080839280dc80808080ac80d080958098d88d808689f3838087c0809180
80808b80808097808080b4c2a2c580809980809a80a3fca68095d0948080b684809e838080bb8fe78089808094808c80808085b393808080ef948080b8808480
80808080808a80808080a69ea88d8080d480809980a3de80d380db80808080db82b38080aebe800b808080808e80c280998289a49b808080918080809b808380
8080808080808080808091ab89978080c380809280adfa869f80d7808080b6a4808b808080b280f280808080b580c6808c8080b88080808014878092ad808080
8080808780808c80808080aa869080809980808e80bfe180a694ab8080809d9e80808080808694c2808080808780aa80ae8088b480808080ce80809caf808080
8080808081808680808099baa0808080d180808c808ace808d80a8808080b79b818a8a8080c480ec8b8080809480b280818080a080809983d6808099a1808080
80819c8080808d8080809ea6ae808080a18080a980a2da80c880c2808080b5c58a868080b19a92e1808080808e80c9809c8093bb8080888eea898080ca808080
80808c8080828080808089a7808080809b80808d8099db808189a2808081b58080808e8080969dcb80848080a187a480838083a680808c832a8080b2a7828080
80809080809e82809880a0afa2808080d2808080809fce80c880bc808080b8b2808a8080be92a0b6808080809588ae809480a3d78f809080e48080a180888080
8080a5838080b780808080988c818080a28880ac8094b3808b809d8180809c9e80948080b280a4ba808080809d80a880808090a788808480e59b8080b8809380
80809fa7808097808080858c808080808b96809980a6d880a18089808080cf8f808080808080a2d680808080b08ccf80888084c180809480eb8980809a808480
8080c9808080ad808080a5aa9b808080b48880ae8098d180c280aa808080d6ba80cc80809992a3e980808080a080b580808097e2808098801a988084cc808180
80809c8080809b808080a3abaca08089bb8080a7808bc4809d80ab808080b89d80b2808082de80f4808080809883b980808080c380808080cf808081a6808080
808089808080a7808080c4b880898080e49880a7808deb80ad80c880808089c4a3ba808080a680f0808f8080aa80ad808080b1d0a280b7801080808dd7808b80
8082808080949b808080898080808080b58e80918084b680aa80ae80808096a088808080d980a0c780808080b480ac808c8096918f808480b98080808c809480
808080808080b9808080978fb1a68080ca8080aa80b5ed80bb80ce8080809ed089808080ae9380fc80808080b280d180988092c480808080c9808087b5808380
808080808093808081809999b9808080e980809580809980ee80d180808098c99f878080e787a4d780808080a080b980938eb7b1a580ac80a68080949d808980
80808080809f848080808299ab808080ce80808f8094ac80cc80d7808080a6ab93808080c88c84da808080979780af80ba909db281809d839980809cad808080
808083808095aa80808094829280808af3b08b9880808b80bc80bb8080808ca6ad80808004809ad680808080cd80c4808080a6869580a780c18080808080b380
8080bb808080a48080809984948080809a9a80b3808ebe809c80a0818080c3a280988080a98098bf80808080b099c580808080af80808f83f98080909d908680
80808a808089a3808080809580808080cd88808080809d809e808e808080a6a287878080a28096a5808080809680ae80808099b68980a480d580809291809880
80809080808093808080a7a9a2808080a78080a680b1de80b280c0808080b39e808c80808ea583cf808080809c83b780998083bd80808895e68080999b808080
808080808091a08080808bbcb4928080bb80809080a9d680bd80dd808080bfaf80978080b69880d8809480808480a380ab8089c39a80938eb4a2809bc0958080
80809480808080808080c1b69c928080a78080a480b1ef80be80c9808080b3be8096808084ac820680808080ac80c580868091cf8e808080f7808080ac808b80
808080808080c3808080b7b5a7eb80b5e08080ab808e07ad9d800a8080809ab180c88780a2be8005808080809a808c80808080c98f808080c78380a4969d8c80
8080a380808080808080a8dad2808080b880808080bad5a5a088e8888080d6ceb2968080a7d1a419808080808080a4808080a0e880808e80bfb58080d3808680
80808080808080808080ada793808080d68080808099d5978189c9808080acc89d93808097a7c9f080958080a080a4808080a6c79680a380dd8b8080ab808e80
8080808080808d80808098a998808080a98080ab80a0de80c080dd808080b4bc808080809c9595db808080809680c280918089ad86808786f1808088d8808080
80868e80808080808080a5aaa5808080a68080b18087a680b680b680808096a2809a808097b080df8d8780809980a480808081b180808f8cda808080af808080
80809c808082938080809b97a6838080b88080b180a2ca80df80dc808080c0ce829d8080b6a585ef808080809d80cb809d809aba8380948cc08d8091cd808080
8083908080aebf808080a9cdcf808080b680808980c1ee80e580ea808080c8c5968080801c809ecb808080808080908086808ebd95809580c9a38080b4808080
80809e80808080809b80939aca808080da80808e8081b680d480c3808080d5d8959d8080e49cb2f7808080808080c2878b80ccd9a780b580c39e809fa6808a80
8080808080848a80818084d5bf808082b580808a809eb580e380d78080809ec291808080de9e8dcc8b8080809480d6809f80809080808f8ea7828085a3808080
80888a80808c8c80808097aabf808080d88080838087ba80c180d8808080c7b097808080c58096d8808080808b80c5808a86a9a180809380cd8080919e8e8980
8080af8080868b80808093afa3808080b48e8098808ead80cf80b8808080b6b891808080dc80aec180808080b980b98083808aac80809d8300808082af808080
8080808080a2838a8d808e9b82808080b7808080808aa580a885c48080808caa92808080bc8f84b78080808098809a80a2808094868080808080808d90808780
8080a680809988808080a6a7b4808080e98080ad809dc8801e80eb808080c7da99928080f69ba10b80808080b480ea80a78badc78080b298ee80809da9808080
808080968080848080808dac878f8080b080808880a3cd808182b38080818d8280808780809e80c8808080808f8fa2808080809080808380ca808086a2808080
80808780808ba08080808bb59f8080809c86808280a8cd80b580b3808080ab9692808080d580a5c48080808096809d808e80889880808f80af918088ac808080
8080b3808080af8080809ac2aca38080cb80809f80a8dd93a780c9918080c2c98fb38080aea4afec808880809b80ac808080a1e980808a8016a5808ec2808880
8080a380808d85808080859caa808085cb8a80a28094ad80d180c1808080e1c284808080eb80bcd780808080c68aeb808180808d80809480d980808097808180
8080ae8080aaa7808080978589808080a48381a1809ed380c780d08080808da9af808080f580bfd880808080ac80b1808c80b4ba80808f80db918082c280a280
8080808480848a808080a4a780808080c68080998097f492949dbe808080c28080a9808080ab8be5808f80809780a8809480a9bca2808080dd86808bab808e80
8080858080809380808080a09e808080f58080af8094dd80f980f8808080cfcc80808080c185aef680808080c0800280a08088928080a1aaf3808090b9808080
8081a58080a290808080968b8e808080a98080aa8098ab80b180b98080809a9780a08080d880a9cc80808080a480958082809bb880808880d091808096809280
80808080809699808080a58c938f8080dd8080a88087ddb6e680e2808080a6c280998080c88897fa80808080b58088808b80a7c599808e80b980808091808380
80808080808082808d8091c5a4808086f08083808085b480c880fa808080a6c581808080f78092ca80808080ab80ae808480809d90808780a0838080808f9480
80808780808994808080a08880808080da8080a88099dc80b080d7808080cda49dab8080b28092eb80808080bf80cd808280a6aaac809f80c68c808d948e9e80
80839e8080908080808094908780808098808089808cab80978091888080b2a680958080978aa8a9808080809185a180848095ba86809080ce8c809299808480
8080808080898f8080808aa580808084d28a808e8080bd809891d7808080bab691808080a58092ca80808080bd80cc80978080808080a680c58080889f808080
80808e808097908b808086a29b808080c18080898085a680a680a4808080adcc84898080beac86c6808080808a80bb808c8080b780808d80c6818096a5808080
80808a808080af808080aec8b88d8080d48080848091f080a382c8808080c39b80a6808096bd9ad38094808082829a8080809bcba380ae80f19b80aea0a18080
808080808089828080808099838b80800980808080a9079fc6a2d8808080b3b480b3808080b08415808080808b80ce809780b3d7b4808b80dd94808fc4809d80
8080b190808ce0808080ab93808e808092a480b880aaf680a680a0808080b59280a98080b1809ac980828080b880a8808180a0b780808280f1808080b8809280
808080808089a48080809ebcba808080dd80808080a8da80da80e4808080a3d3b4848080fe80baf2808480809780a3808080b5e38780aa80aca8808da4808080
809680808090a080808080a099808080f0808080809da980cb80e98080809fd38b8080801d848ae5808080808a80b880b380cbd593809b80b7858096d9809880
80878087808780808080949780808080d08083808080f680ab95e98080809fc494808080a38ba2e980808080a480c180aa8086a180809688bb8080809f808080
8080b9808094bb8080809ac2aa80808090a480a980a8d880f380a780808002af80978080c18ba4c380808080b780d180938080b98080c7ad188280a6bb808080
80808c8080809180808080bf85808080cd80808380a0d8809683aa9b8080c4bd808580808095a6bf808280808b80c88082808cd686808e800b988099ba808080
8080a0808098a48080808ca0818080808a80809980bad980998090808080c18980808080ab80a5ae80808080ad8cb780968080b180808080dc80809480808080
8080808080909f8080808cad88978080b480808f80a5ce80bf80ca80808088af809a8080ab808abb808080808f808d809f8095c299808080b788808ea5808080
8080808080918080808094a7a3808080ac8080908094af80a080b480808096bd8f848080aea48bcf918080809e80c1808f80809d80808080a480808097808080
80828080808b988080808e8080808080da9a95bd8c80c5809d80e580808089c18ea08080ba8096e983808080b880b680808082808780a580c8808080af80a180
80809c80809485808080ac9e9eca8080de8080ad80b1e6a8a380f8808080c3bc80b0808090b6800e808080809e80af80808086db84808080e4808080a1809c80
80808e8080809880808097ab919680809d8080918098c080b380b380808094b384ab8080abaa8cd18080808080808d808f809dde86808080a9a28086b9808180
80809b808080928080808ab8a1858080ab80808b80a1c080a08395838080bf8f809b808083b980d080a280808080a280838080b88c809580e98080a6b3808080
808080a5808f9d808080908b80a18080db8080a6809ee497b580d08080809c9c80a18080808784d980808080a6808780808083b880809a80d2808082a8808080
8080aa80808ebd80828091a4a780808aecd385ba80809880d680ac808080d6ae80818080f98088bb80808080d980c180808080a28080bd82ea80809080808080
8080a2808095b98080808097ae808080da80809f8099cd80e780d6808080cfe180808080fd80a5e5808080809880e6809b80aaa2ab80ac80dc88808dcc808080
808094808094b78080809da9a5808080ba80809b8082b480a880ba808080bc9c80998080d49e90b38087808f8e80a880928080bf80809d8ed68080a3ac808080
80808080809285808080a6a49d828080d48080858080cb80c880f4808080aabf80808080b180a4c480808080bf85b1808080808087809480d6808080808e8080
8080a6808091a08080809fb39d808080cf8080808096ca80b380a0808080dcbc86b18080af80add0808880808f8095808080b5cd9080bc80fa828088a8808080
808080808080c9808080c2cfbf808080ca8080a780c0fe80cb80fe808080b7d8a9808080f9a2af1580808080c080cb8080808fa6ab808c80e1828080ca808080
80808480808e918080809ba59f808080db8080928492cd80b985de808080cab18fb08080a6b180fb80808080a080b48093808eb59f809380c18b808bb9808280
8080808080808080808093be92808080e980808080a41f80c080ef808080dfb68080808080a19e1580808080b580f0809980a594a38092802380809aac808080
808094808088b7808080a18480848080cd9f80c78194a980a580c280808080b291a58080ae8080cb80918080b7809d80808091b281809680cc808080bb80a780
8080a3808081a7808080b6c4be868080ca8080ae80c00181ad80f2808080d9bd80828080aeae810180808080a080d780808080e480808080188d808abe8d8080
80808d8080808080808087a1858080809180809c808fba808381b3808080ad9780808083808f99b6808080809480a8808080809480808280df888088ae8d8080
8080b1978080858080809ca680808080ac878096809ae88090849f828080da99808f808080ac93e9808080809e80a9809080a8e0828094861389809cc5808380
808086808080a48080808a9982808080d0a780ad8080d4809980c8808080cdb5808080809f80a6c980808080d580e1808080809580809b911a80808895808080
8080808580808980808085a69b8d8080c8808080809bcba68084c880808097918a8080808b9a86e980a380808b80908080808cac91808080be898080a3809180
8085b28080a3c0808080928a92808080aa808098809bc080ad80a68080808eb6999a8080ff80a0ae808080809080a28099809ba280808b80c080808caa808080
8080809d80878a8080809491808c8080bb80808b8080c1828a82c48080808f80808080848f8099c580808080a88fa0808081808090808080c080808084809080
80808e8080808c808080b9b3978b8080bf8080a980a20080b780e280808096b58eab808095a9971480918080a580a5808080a0d192808080f89e8080d5808e80
8080808080858f84808080bf9b818080c5808080809cce809a89b3808080baa480808080908a8cc1809780808a80ac80938085bd8d808b80de9b809799838080
8080ac80808095838080869c808f80809a858080809abb80898080988080bf8f809d8080b38aa29b809f8080808098809e8093c38480ac80d48080ba99808380
8080808080959b808080918187918080c98080bf80a2d783c380e680808088c5818e8080af808ee980888080b380a5808c8096cc80808080c48e8080c5809180
80808b808080a6808080c5d790b0808a9a87808f80a0d9aa99a3af808080da9780bf808088a695c680848080a5808480808081d988808380c29a809c97808080
8080a3808080b4808080afd59e9a8080bf8080a6809cdca29780d3978080aebf80d4808098c5ade68092808088808a80808084e883808b80dcc2809dd0808180
80808080808f81808080a09e9a9f8080a980808f80aae195a880d3808080a5b3848c8080a19680f480808080ac80aa80928081b980808080ba84808099808080
8080b7808084ba808080989595808086ccc080a380868b80d880b8808080a1af838080800e80a9c78880808ec38090808080abba8080b480ce808080b3808080
808080808080be808080999080808080de9680cfa999d980be800480808080a18a808080d88080f680838080ba80b3809c809fb380809585c3808096d6809c80
808085808086d0808080918086808080e8d680a08080b580bd80a180808094beaa808080ff809ad387808080d180c78080809b809180a880d680808083809a80
8080a8808080a5808080a6b394808080848d808c80aeea80878bbca68080c7ba80888080919abfc2808c80808880a5808480a3ce80808f81e0c180bce6808080
80808080808db68080809cc4c0908080c4808094809de180c380e4808080c0b2808e8080bb9180d0808080808280a380858080b893808080bb818087a8878080
808080808088ae80808087af91898080b880809d8398ac80a880bb808080938f808c8080af8080a7808b8082a1808c80808080b280809589bb808092ae808080
8080a880808a86808f8091869f808080c691809c8094bb80ca80b9808080acb98b858080df808fe980808080af80bf8091809fb299808380b380808197809180
8080858680809480808080938ba48080bb80809580c2ec80b380cd808080b5ad80808080a88097e2808080808d80ac80ae809bba80808280ef8580a1c7808080
8080809c80919e8080809b8080928080b68280ad8092f380ba8abe808080c89a808080809080a6ce80808080c788b9809480acb699809380fc80808f90808780
808092808080ae808080ac8a80a28080ce8080c898a5f380b780f08080809fe188ea8080848288e880808080b480b28081808dcd9a809c80e8a48080dc808380
808099808098c1808080928b808080809ebc80a680a5f480a880b0808080c89f85838080d287a4cc80808080c480d380b0808a9d80809991f28080afa0808080
8080988080808e8080809ac29e808080b880809780a3d880cb80bb808080c6d4818680808d96b3c7808080808e80dd80938097d08080aa94128080a4ce808080
808080808080858080808ea498808083dc8780998689c080be80de808080afbc808a8080a0ab8ee380808080a480d380948080808080a88cbf808080b9808080
8080808080809a80818091b6c48c80800f808080809ff19fb5800480808089c791808080e1ae800b808080808b80a8809d8090ba93808080c480808889878080
808782808091878080808494948080809480808c808d9b809880918080809fa589808080b380a1b280808080a180b9808580849280808380b880808090808980
8080a4a1809d978080808e8080ac8080a48080ad8097ba868e809f808080cc8a80a38080878091ca808680809a8b8080808093d280809d80e780808aa0809880
8080aa828082a28083808b808b85808cd09c80988080a180928095808080b68095908081af808ba880808080a4849280808090a881809d80c78080998980a780
80809e8080809b808f8084acb2808090ef8e80808080a380cb80b9898080e5c2b8828080f280ce9a808080809480ab978086c9d29f80dc80b78a80aa89808d80
808080808080a980808085cd80808080b380809982bbf280a191bd808080caae80808080928084aa80808080ad830280c48080bb808088a9f18080b3b5808080
808080ab8080a080808085ab80938080e4808087809efd8da580e58080809e9f808080808086a5cf80808080a780a980808080a982808b80fd808080a0828a80
80808080808088809f80809ca69f8080cf8080858093de80be83ec8080808fbd90808080ac8880f780808080a280ba80a98091b592808080a89c80818e8c8080
80808080808b8080808099a0a6808080ae80808f8087b4809882c8808080a4b19b8b8080819795cc808083809f80a8808d8080a782808080bf808087a78c8480
8080948080808d80808085c39a808080b6808086809ebd80ca80a2808080bda4a4ab8080a5a896e2808080808780c180a380a29b8e80b980b8808099bf808080
80809780808b85808280899d9c8b8080b88080838097ac809480ab808080a795998a8080ba80a0cd808c808094809380808085b980808380b68b808480808d80
80808b80808b958088808080888c8080cf80809680849a809480ac8080808b9c80a98080a0a286c4808d80829480aa8080808aa58a809580b28080809c809380
8080919180808080808083a582978080e980808080a1e0908080c2968080a0898080808080a1a2d880a2808096809d80808080b199808c80088680a78f858e80
808080a680809080808082ba84b98080af80808f80bc02a38084e8808080948380808080899b95dc808c808080809980a080809590808080d880809399828780
8080808080899b80808082998080808091908092809ec280828090808080bca88a808080a180a9bf80808080a980ba808f80808b80809180d284808b91818180
8080a08080a38b808080a8a9a8808080bd8080808084a680c580b1808080b5ab8e8f8080df83a8b680808080a3808f8080808db292809680d38080898f808d80
808198808090aa808080a28c839b80808b8480b180aae280b780b280808099af80878080b3809ac780808080b891bf80888080b980808080d08d808096808080
80808c80808aa680808096af80808080d0bc80bd97b5e180b780e6808080d0b289808080c180a6de80808080f580d480ad80809f8080b3a20880809f9f808080
808085af8083a48080808ba182808080b48080958091d680a2879b808080cf8f8080808080918bc5808080808c84b1808180afcd92808780f8808088a2809480
80808c808084808182809d8681808080c795809a91809c80b080a380808096a38b98808091808cac80808082a8869e808880b2aba0809f80cd80809ca0808d80
80809680809780808080979fd0808080d78080818083a980df80e2808080b6bda0808080f787adde808080809a80ac808080a4b9aa80a080af808085b9808b80
80808080808095808080a0a295808080b68080918081da809880c7808080a29c99a4808085af80e080808080a080b08082808c9d98809487de808098bd818080
8080c3898080ae808080808e80808080ebb280a18097c180ea809f808080f4c180808080d880add580808080ba80d2808080a5c98080c4801280809e9f808080
8080968080808b8080809d8f8b808080ab8580a28090c980b380a7808080b8a0808080808284a0c180808080b8a7c68991808ab780808096d080809882808080
8080878080808b80808095b396908080c980808c809ef28d9a86b9818080c993808b808080bb80ff808080809f80bc80808081b78b808083ff808097af808080
808090808092a5808080a18f8e848080cc80809f809be780b080d0808080bfc480af8080a19c8bd580808080a480bc80a38096bca0808e80d08a8092b7808080
80809d808080b1808080b4b385ae8080c38080b280abfd90d980d1808080a1c082e88080a9a88af880808080a280a280848096e892808080b4aa8089b3808080
8084808080808080808085bba6808080a080808a8088aa80a880bb808080ab9f8080808bad809cb2808080809380ae80808080a681808080bd8080848c938080
80809180809880808080918ca6808080e3808091809ae080c680ec808080cbc094818080c481a6ff80808080a380d7809980a9ab98809080d580808aa78b9c80
8080938e808e808080808f8e88838080dc8080808085ba808080b78080809986858e8080ae9ba0e6838a808093809a80808086a89a809e80e18080808080a580
8080808180818080808097a980858080b680808d8582c1868b8cb3808080da988098808080a087be808080809f809f80818080bb8780a680f180809fa5818080
8080868080808e808080b8b3c3a38080d680809d8091cf9fb580fb808080bade918a8080ab82a7e880808080b880a48080809fc980808080ff8080809f809480
8080b28080809c8080809dad80868080d08480988086cc809980a49880809d9280c180808086a6c880968080a180a4808080afd5a080a98011818092c2809a80
80809a9a8099b68080809299878180808b8580b380a8ed80c080a7808080f29380808080b180a3c980808092a582c4809d8092cf808091960894809098808080
80808080808f838080808b9080808080fd8080928080d589bca9e08080809ebe808180808080c2c980808082bd80d8808180a5d3ae80a080e5808086a280a980
8087a380808d9e808980ac9bd7808084c480849780869080bd80cc8080809eb2ac808080189e99cf87808080af80b880808080b380809480ae80808088808f80
808089808085a680808082928b808094adad8ea480808f808180b9808080809f9a808080c3808da48b808080a180ad808080808080849e80c6808080b8808580
8080a5808080a2808080a1b7c0808095cea680918090ad80e880ae808080bbc7a1978080ccaea3ee8c8080809580c28080809fb98080d881d1808099c4808080
8083b2808091b18080809d8c9d878080ab8080b980aae580d080c9808080c2b080a38080dc8299e4808080809d85c1808680a9ce8f808b80eda98080ae808080
8080808080808780808088d0a1808080be80808080b0d580a080c1808080b8bf88898080a5b090e1809c808080809f80a28091cc88809b81cca580a0c2808080
8080a9808094a9808080848092808080dfa380a680809380ae80a9808080aba68b968080ce8091cb8280808ea680af808080aab08780a380d4808080a980a480
808080808080808080809cc1c580808bc980809e80a9d580ce80e6808080c0b39885808096c3801b8c8080809a80dc809580809980808684d7808080b1808080
80808690808083808080958b80808080b08a809f809beb808b80be808080baac808180808087a4cc80808080b780c580988095b4808098800b8b8081c0808f80
80808080808b8f809080adbc9a958080b68080858093cf80a380db8080849fa980988080bfaa80ba80808080808083809a8080bdad808080d48e809caaa18080
80809580808080808080a2a3a0808080c18d80848082b0808f80ad808080b29b8094808086a191be80808080ac81aa80808087a480809980f580808092808080
808084a78080a680808095ba8f9c8080e88080a287d41580ac80ec808080cd8c808d8080a0a9801380808080a180b680a28086d480809286e8808097b3808080
80808080809698808080948886888080ad8180ad988ac3808d86c9808080a09c848f80808e9380bf80808080a280a080988080a68a808087ac85808bb2808880
8080888080809680808097ad99808080b89080b68794c580bf80c4808080b7b3809580808a928cc1808080809a80c68080808eb29180ad9d03808088bd808080
80808380808a9a8085808ca59c808080d28080808081b680bc80bd808080abc385808080e180a3b880808080ad80b580908080aa80809780c280809080868080
80808d808094978080809e9589808080a59780988080bd80bc80aa808080c89b80b880808fad90cb8080808ca380a880808090ae8a80b089e580809cbf808080
8080858080838b808280859da7808080e68086868091ba80cd80c7808080afa9a8888080dd93a0f6828080809e80bd809280a8b78480a180a78080819c808780
808084808090af808080a4c091908080dc8080a980a4fd80b980d3808080b2e288908080ab84abcf80808080c380c180808080cd80808c80198080909e888080
808e818080968080808097a78a808080998080858094ab809180c2808087989b8080808c9d8ca9c5808080808b899d809680809a80808080b9808089908e8f80
8080a380808dc38080809a9b95808080bd9780a58097dd80cd80c9808080d3e280868080e089a8e280808080b280d580988098ad9080aa80f480808ed1808080
80949d80808f8980918097a6bf808080b880898b809cbd80e380cf808080a0b5b5808080f980a9e7878080808680c5808e80adc280808581ae908080a3809380
8080838080868080808087ae808080809186809e80a3ae80a480a98080808f96808080809688acb2858080809c80b6809c8080a480809680da808083b6808080
808080808080878080808aa580808080cd8380908da1ca80b080bd80808099d2a78380809c94a5dd80808080cb80ca809d8085a48080a680d3808084bb808080
8088808c80a48d808080969f809e80809980809d80b2e389a880d5808080a99a80808096a780b1d980808080a18b958081808d9380808080da8080809e809880
8080808080838080808096b388808080b180808080a0be80a899a9808080c09b808e808083b29bcd8089808092809b80978094b881809580ab96809e9a808080
808083928080b88080808c9e8eb28080d69380b1808feda2ab80d9808080c3af80848080988085e780808080c380c080808091d489808080ff80809aa5808680
8080918080809a808080b2af82958080e0808098808ffda98d85d9808080babf80bc80808087abe8809a8080a980a58080808cee8c80898016868080bf809780
8080898080958c8080808ebdab808080d08080808093b080bb80b9808080d7a880828080ca809ec18088808097809e80949394b7a580bf80ca8380ab8b8b8080
8080808080808c808980808f89ab8080d380809580b7ee80b082d4808080be8f808080808b808bed808080809b85d080a880b2ac8a808e82de8080ab9b808280
80808080808080808080b2c7878e8080bd808082809fadb08080e6808085a2b280868080808e93a380808080b6808b80808080b183808080d48080919c808080
808080808080a780808087af80808080b394809f93a0cd809380b78080808eb1878080808e8091b480808080bd80c5808a80809380808280df80808aa7808080
80808a88808092808080839990808081bc96808e8081a6808a80aa8080809e808a808080a78090bb878080809f80a38080808d9a86808a80c58080809b809680
80808080809080a78080a69d80808080cc80808b808dbd80b286c9808087afb9bb808080a29183f780808080ba80c4809d8082808080a480c180809e93808980
80808380808b9180808094a6a880808086808082809fb4809b80a4808080be9986858080af9d97bb808080808780a980938492bf8d809080af9a80879e808080
80888880808580808080aea887808080938080a080aad9928180df80808080ac8088808c8f919fd0838082809f808c80808080ba80808080d1908080b2808f80
8080b6808083c9808080888082808080e0c780c28b80af80af80b6808080c8c080a48080cb8080cc80808080c980c180808080a88080b488fe808089bb808580
8080a584808087808080b6a38ab88080b38080aa808fdc9daa80b38080809a9980c5808080b9800d8980808094889a8080809cda80808080e0808080a0808f80
80808080809e808080808cb894808093fc80808580acc088b080ec808083ca9d928a8080bf9980f68a808080a680ae80808080808180a080d280808099808e80
8080a480808080808080889880808080ba80808e8090c980aa80b78080809aae8f8080809a80b9c580808080aa80b2808680a2a9828099800e808091b8808c80
808c8b808094868089808dacb8808080c3808a808092b080ac80d98080809bcab0808080f496aec2808080808080ac8095808db581809180a6a08080a7808580
80809e808080808080809da6a0808080ad84808d8094cd80b7809e808080b8988597808090b281ee858080808a80bc80908089a78380a480d9808088b2808080
80808080808b9b808080809693808080c18080b69c90e180f080e3808080eaaf80808080808098cf80808093ca80ec80ac8080a98180aac0e38080a6a5808080
80808b8080869880808081b09e808080ab80809180a7cf80a380b7808080c8a5808080809b9584d3808080809080bc80918080be80808180de91809cad828080
8088808080808080808098d1c88080959e80808b80a6d0809c85fb838080c6c89980808090ab84de808080808680bf809b80809a80808097b3a28080d1998080
8080808180808d80808080a78080808097ac80a38093c980bc80ac808080d49b808080808083aab982808080cd80db80998080848080a397ea8080aca3808080
8080968080828780808084a1a180808098808085808fb08097819d808080aeaf85828080a999a5c8808080808080a18088809cbe80808780c1a28089ab808080
80808a80808b9c808080a5a480ad8080be80809b80b0f99aa280e380808083a884b18080848480d3808080808d808a809b8092be85808080cc80808997808980
808087828086c9808080a88c80808080e4aa80ae9480e080c580e4808080c5cc80908080d18d9ad780808080ca80a9808580bacf8b80bc83fa808097d3808780
8080809e8088828080808091808e8080b9808090809ec7a3898cb4808080ab8a80808080808e8cd7808080808c82ae80828097bd80808380c6808080a780a580
87809aa78080a6808080a68983808080c4bc80b38080b380a080a2808080cc84808e8080868e8bbd808c8092b486a28080809ecd8080a482078080959c808080
808080808080808080808eb0a3808080c88080808094a680b280b3808080afb299848080a98998c880808080b180b5808b8085a888809f80a08080898d808080
8087888080878280808094c0ad8080809280969b80849a80bd80d2808080839d9b808082d68093b19980808089809c80948080a480808080ab808080b1808780
8081808080978b8098808f92b6808080bd8084898084b880c780c78080809bbb97808080e68199cb808080809380cb809b8095ac8a808880ab81808585868080
80809080808a808080809c98a8808080ce80808e808aa880c780c3808080b6af8b958080b49b8dfb93808080ad80b68080809bb48480a080e280808095808a80
808087808097d0808080a7c8a0808080a4808098809bea80a880c8808080cc9180998080b98680a38080808090809980858082ba89808e81d78080abb3808080
80808580809ea480828098808f808080c88280ae918ac280b480c98080808ed195a18080c1808cc780808080b780b1808e80809f88808780ba808080a6808080
8080809380878080808080d386cc8080ca80808080cee5d49a99e9808091d78e80808080839a98df808080808080b9809880a0d1cf808080e0ab809caa84a180
8080808080a580808080a3e6e1808080168090808080a0800a80fc8080809adeb48080802091a4e380808080a880d780808091c4ab80b480eb80808a8a818080
80808c80808d85808080a3abab808080ab80809880a7ac80db80cf80808095b0b5878080e293acd7808280809b80a4808e80acb682809a81aa938092c4808080
80809980809d80809780acab9c808080d183808080a0bb80d580c2808080a5cba2808080f085acb88a808480b380c880ad808ab282809880b880808d87808b80
808080808080af8080809bab8a9c8080f38080ab86b6fa82b78ee5808080a0c296c9808080db801680808080a480db80a48080d180808080bf808085d2808780
8080808080808780808089afa68f8080ab80808080a6bd8e938ea9808080ae9283808080a39f88d680a8808080808880958099c08a808080a7a28096a4808080
8080978080838c808180909cb9808080ce80808080808d80a580ab808080b9bba0808080d79f9ac2808080808980af808080a7b68380a080b681809798808380
80848080809b80809480818082808080bf858c9a8a82aa80b880cf8080809d9b93808080b88098d480808080b380b580a1808d9080809880998080809b808e80
80808080809d85808080969280808080c08080808088cc809285aa808080bea1808380809d9f9fcc808080809387db80a08a909a95809580d38080868e808980
808b8c8080889b808b809481ac808087b987899d8080a880af80be8080809eae9e808080e58098da808080809980c6808080989781808c80a18080808c809f80
80809980808995808080808eb4968080df80808880b1b98fc980b7808080a8d093858088f680a1fb8086808087809b809380c4cb9280a480c189809ec8809980
80809f8080809b808080a492a3808080dccf80a680808d80c9809c808080b1ae80808080e487aabe80808080dd80bc80808080a08080bf80f980809e80808080
80808a808088a780808090b0bb808098b6808c96808dbf80ce80cd808080b1d0a08080800b8799cb86808080a780e7808a80808980808d80b4808080a6808080
80808f808081a6808380809698808080b39480908095ab80b180a1808080939ba3828080d2859ac7808080809880a6808a809ba080809980a380808e9f808080
808098978080b380808089ad808780809580809780c6f7809d80a4818080ac9680878080a580adc08096808098809e808e8084a680808080ec8b808bb1808080
8080978080a1858084808998bf808091dd809a8c80939c80c680d6808080b4c3bc808080109590088a808080a580c380828084a280808a809980808096809680
80809c80808d808087809997b9808080db80808280809680a280b6808080ab989b8b8080c69f8de5908080809e80a78080808da980809980d080808080809a80
8080ab8080809b8080809bbb90808080d680808a809ce2809a80b88d8080e89e80a78080809c8fd8808280808780aa808080abc79a80ad801d8480a4ba828080
808080858080818080808ead8a808080a480809280bbef809b80dd808080a4ab808080808ead8cf180808080ac80cd80978080a080808080d7808080b0808080
80809d808080ba8080809daaa4808080bbc9809d8080b580c3809f888080caba80958080aeb595bf80808080c780b880808080ab8080bd8fed8080acac808080
8080cf808180b08080809a9b93ad8084d39680b880b3df809e80ba8b8080c9bf80a6808098a68ee7808080808f81bd8084809ac68580c380238080b9c4808080
8080808080809e80808099b382818080c380808a8090d7809690b2888080a49984af80808b9792c3808880809980b6808080a2b4a9809480cc97809bad808080
8080a8808085bb8080808586808080809fc380b88091a7809c8099808080b99e808b8080bd8397c787808080c480bf808080829980809a80f9808080b2809486
8080d0808080cd808080b0acba808080d28180bb80bd1280fd80d8808080d1f88bb68080ef9fb40f808080808980d9809a80d2fc8080b5a520a28099ed808080
8080988080809d8080808e809580808ef29a809d8080a480b580b880808095af80928080bd8e8ac8848080849b80c58080809f9aae809980c680808099809b80
808e9b8080829e808080918aa0808080c58080828084a780a780b28080809eb999808080fd80bfc780808080a480a2808080b09e96808c80d0808080a2809b80
8080808480808080808093aa8fa18080c68080848098cd989680cc808090848e899f948081b591ee9680808096808e808088808f80808680ab8080808e808780
80808391808080808080919880808080b8808080808fca81809190868080b9908080808080a5a1b1808080808f93b880948090a69d808880cc80809e8d808280
8083868080a28d80808084a19a808080a1808089809d96808680a880808085969287808ec28b81b880858f8089808b80938086af848080809f838080b4808c80
80808980809d8c8080809a9896808080dd9e809e80808580d380ac808080b4b580a98080bc8a9fb18080808db480a580808085a08780c080d98080818a808080
8080a480808988808080809a848080809a8080808096aa80888093808080b58682918080a180b9a580a6808090808a80808095b182809e80d3878096a6809380
8080a380808394808a80988280808080b4b480b68087b780c180b2808080b2b880878080ae80bbc080808085e98ed280898080b08080a39fee8080998c808a80
8080b28080909a808a808e8089828080038080b08080b481d480d780808091dc86b180800480af0680808080c580b1808080bdb8a280a980c78080809680b680
808083808080a9808080809790808080cb8080ab8190b680b580c58080809cbb80898080af9b8acd808080809980cc8091808a9881808d86cf808083c3808080
8080808080808480808080af9d928080bd8080808091aa939380b38080808d808c808084aa8099b7809b80808680858084808db095808c80c286808997808980
8080808080989a8580808da98c8080809588809780a2b4808a85a4808080a1a685808080a89c80b480808080a280bf809b80809a80808084b080809496808080
8080808080868d8080808f9f96808080af8080848092b780a680b1808080a9a08b88808097859bb0808080809085ab809080a5aa87808d8dc380809a9c808080
808080808093a9808080ab9698808080b98380b59c9dea80d880e880808097d195a18080cf9480fa80808080b180bf80ad8098ad8a808f91b9808080ba808080
808195878080998080809491808080808f9380ab8093c4809880ab8080809692808e808088869bb7808080809d84988080809bae80808b80f28d8081bc808280
80808d8080809b8080808092928080809b9680948083a280a480a0808080a19580808080ad8095a3868080809880b4808780859080808c80b880808591808080
8080808080ae978080809f8786918080b48080c085b4e380e480d0808080a2b9809c8080cc8089e880808080c180b980ac8094e48080808bd6908087a4808080
808089988080c28081809e969580809196b480a88093bd80a080aa808080ac8280808080bc8082b080808080af8dad80808089b080808181c78080919d808080
8080808080a59e80808088a099808080c280829d80b1e882de80f480808080cd81808080e78084f4808080809a809980a5808db891808080aa988080b5808080
808080808080aa808080c5b8ad808088c196808b8080cf80d180e3808080b2b287808080de869dd380808080bb80aa80808097b88c809880cf808082a0808080
80808980808d92809c809380a3808080d68e80a69180a080d580cb808080a2af88928080d28092c980808081b780b3809880a89a8b809f98a880809692808280
80878280808e8a808a809397a1808080a18080818080a2809280b88080808eb192808080ca969ead808080809180a8809680809780808380a280808b95808080
8080808180808380808091a383818080c4808087808ed9848090c3808080a7a3908080808089a8e080948080a180ac80808080918d808580f0808080ac809680
80809a8080a6c1808080a3a280808080c89780928085cf80ca80c3808080cdc580be8080d684c8ab80998095a980b2809180bec69c80db87e79180c6d4808080
80808080808080808080bfbb99938080e18080928f95fc8d9b8ceb8780809bd5bcbf8080808c921780808f80a780ba808080b4b0ca808e8005808080c5809080
808080808080a3808080a6b5a59e8080af8080bc80a60080c280eb808080a9c48080808080ac800580808080a380c680808080bc80808086fb808099cc8b8080
808b93808089868080809393a0808080af90898a808baa80a080a3808080aaa7a2808080da8e9bd992808080a580bc809380888680809580c480808097808480
8080808080949b8080809aaab8808084b880898f8080b480c080c7808080caa280808080bf808eba80808080a280a380808380a284808580b68080878a808080
8080808f80808080808080a68f8080a0cf8080808090a5808b80c58080809c8080808080a68f84c191808080a380ba808380808092809080b58080808d808988
8080ab808080aa8080808a9a99808081d1a380a2808ec380be8096808080e2a480898080baa897dc80808080a585d3808a809eba8080a983e680809d92808080
808080868080ae80808098ac839f8080cb80809b8088dbae9180c68080808a8a92868080bb80c1d6809a8080b0808080808089b181808b80bd8880809580a880
80809f808080a68080809b968e808080ed8080a28099eb80bf80c7808080bbab99b68080978a9800808080809e80d4809180d5c39180a28be7808088b3809480
808092808095bf808080a4b19c8080809587809880a1df80ba80b1808080cb8f808e8080c58092c1808080809a80a680928091b78080999edd808092ac808080
8080d78080809c808080c097aac480808d8080cf80abd4859c80bf8d8080cdbd80c5808f9aba92fb80808080ab82be80808080e4848080800a928080c1809380
8080818080a49080828096abb0808080bc808d98809ac480bb80d280808093c894808080d29880d2808080808d80bc80938080ba80808080bb8980849a808080
80809580808080808080a4cad78080800f8089808088a980e580fd808080c1d9d1808080158dbe0d80808080aa8099808080aac6a480e480df808080cf808980
80808e8080888080808084a080808080c480808a8084af80a380c8858080ad96809b80808ea595c78080808ba680b680808088c08080a180d9958093be808880
80879280809796808080a7aab3808080b980888b8090d580d080de808080c4ad8a808080ee80a6eb80808080b180ae8080808ba58c808080d4808080878f8d80
80808a938080918080808fc895938080b480808080aae091bc98938080809fa18889808080b38b07808f808080809a808080b8e796808080d998808da7808280
8080808a809591808980818080808080a68d809f8084ce809c80b7808080a38d808080809b8793c480808080a88cc4809b80808a80808096b480808080838280
808080808080a080808099d28e808080e4808084809cbb80d280e98080808fd0a4808080ea80b1bd80808080c680c8808580879f8d80be80e88080909e808080
808093808086b0808080a1aa9a928080a58080aa80a5dd80ab80ce80808094a282aa8080ae8f83d7808e808095809780808085bc8d808480d39f8080c3808080
80878080808080919e808098a4818080a3808080808a9980a28ba48080809aab828080809f9391d3808080808080a08097808a9888808e808d90809098828080
8080a080809295808080819b95808080a980808b808a9e80928090808080c5aa80938080b380acae808a80808e80a380808094af9180ad80d485808f9d808080
8080a7808092b1808080999e85a48080998080a780a9e48fa380c5808080a1bc869b8080a2809cb2808080809b80a4808d8081c680808080d8998080ad808a80
8080a880808b908080809bad95808080808b808780b2d680ac80a2838080c2a680938080adae9fc5808080809880aa80998080cb80809380e1a780a5c7808080
808080808080bc808080929380838080ae9a80c398a9ee80c980c6808080b9b48088808093858dcf80808080d180b380a080809980809ba2ce83809bb4808080
808280908090818080808f908d988080a380808a80abea8ca080c080808095ac80808080a0928ff6808080809b80a5808e8090ac80808080c58080808f808680
80808180809190808b8083968d808080ca80808c8589ba80ca80b1808080a0c887998080ae888cc880808080bd80c580958080af80809080ba8080938e808080
80808080809b808080808aac89808080c680808080a5c280ae80a1808080b7bc958d8080a789c3c0808880808780b1809c80abc88f80a180ba95809991808280
8080868080808080808080b9a4808080d48080808094ae8a9380ae828080b0a3808080808b8f9bc3808480808080a1808480a0c1a4809e80e58080a5bc819180
8080808080809b8080809cb9a7808080c580809380bbfb80d580f4808080b1e6ab898080bcaea10f80808080ab80c680ac808b8d8080a083de808080dc808080
8080ad8d80839a8080809ba980a78080c78080a98095f19ab3809a808092efb580aa8080809786d580808080a6809880808086f0808080800b8f80939d808080
80838080809ea68083809295c2808080e78080968092cd80eb80e6808080a9df8d80808013a791fd808080808f80c580b580b8bc9b809d82c6838094b7808080
80808c808080808080808fc2af808080ae8080808091a0808080c88a8080b6a48a8d80809d89a1bb8085838081808880808084ae88808580be968084b0888480
808080808086a18080808ab182918080c980808d80a5e492be80c18080809bba97ea8080839995d3808080809e80ae80938081c48c809180aaa78093b4808080
808080808080ac8080808bcc868c8080bb80808880b20080a594ad848088c3b780a68080809ba7c6808080808680b5808d8083c990809380eba6808cb4808080
8080a5808093b48080808e8592828080d89f80ba808cba80d180c4808080a2b480ab8080d38093cf88808080b08cb880808090ad91809680ea808080a5808780
80808f8080809280808097aaaa808080ae8080828095b180aa80c8808080a6a58b878080c38f94cd808080809f80a1808680899a80808b80cf8a80809f808080
80809c808080d4808080a6caa9808084a1a280b580abde80ff80c7808080ceaf80a48080c4858dc980808080a480ab80a98085b68080c0a6d38080b5c1808080
8080a68080809f808080ad9580808080c692809f809bdc80b3808e808080b38083a09880818da7cd80808080a9a7bc808b80a3ac8080af81f18080ab85808b80
80808e808083848080808f9d978080809b8080828086b080988298808080ac8e8090808086948bb7808080809080a680808089aa82808080c780808c96808080
80818e808080988080809f99ce8080a4c18280a98087a480bc80df808080bcc280808080d79780df808080809980d080808080ac80808e84c2808080a1808280
808080808084ad8783808090938d8080eb8080918097d880ce80ee8080808cca989d8080e48293f8809580809880c280ac80bdc7ab809f80b3b4808db6879b80
808081958080a780808089b3808080808083809180bd088094839c828080e1958093808080aba3cb80808080b180e0809980809c80808e8ff88f8095c4808080
808092808095808280808cb4a98080809e808080808c99809280a3808080969a8b80808eb18c8faf808c808080809d80878091b694808080c888809b978c8b80
808092808080a080808091bdac808096b28f808b808bb1809a80b8868080baa180848080b09b85bf808080808b80ae8080808ab580809d80d38c809db8808080
8080ad8080a9ba808080afa7ac808080a18080b080adea80d780d9808080bcba80a18080f8b48ce1808080809a80b680aa8097cd8680929ed8a78092ce808080
8080808080808b80808084c594918080cc80808280baedaa8080d58e8080a5ac80808080848e95ee8084808080808580858098bab2808080ec9e8083c3849a80
8080a080808083808080a0bbab868080c98780a58090bd80dc80da808080aabdab808080de8d8b02808080809480b7809580bdc480808b80de808087c5809c80
80809f80808a8080808087a1caa88080a880809080a2af86b080b2808080bfb49d818080b88d8dff80808080808099808380c6c69a808080cc8a808cc1809980
80808080808a8080868080928e808080e98080808084ac80d886c2808380c0b380808080a780adba80808080a485dd80a793b49da780be8ab48080a895808080
8080808080808880808083a08e808080b4808088808fb680b0a5c5808080a0b39a8b80809c8098bc808080809d80b7809c8080848a808d80878280839d808080
80808080808f8080808095b695808080da8080808096dc8d9780f380808097b48981808096b680e580808c809980a7809a80809481808080a98080809f808080
808f9d80808080808080aac8cc808080a28080878087ba80c080d9808080b6d0978f8089bb8aa6b2808080808080b3808080a7e1a3808080cda88084a9989c80
8080808980959080808099b793988080c480808280bcda889d96c8808080b680808c808086a280df809a80808e809980958080a0a2808680ae80808398808080
8080988080809f808080a5c0a5808080a380808080bbf89ca596b0808080b6b4a8d1808098caac11809c808080808080858090d980809d80b0c78080cb808080
8080a480808089808080abc4939480809780808980b6ea91aa91a28e8080d5b080ad808080c290f680a4808080809280808095e295808a80f7ba8088be808080
80808e80808090808080a6bfb3938080bc8080a8809abd80b480df8080809dbc80998080b79493e1808080809680a480808087cc82808080ed968080a3808480
808085888080e4808080bfc6a7808080939280c080c22680ff80c5808080c6bc88928080b59e8509808080808c80d480ae80a5d08080a0b7e3808091e0808080
8080c880808eb3808080908080808080c3c080ae8080b580b980b6808080deaf80a18080da809ccf80808083ce80ac808080a1ba8080c5800880809cc3808180
808080808097808080809e8e89858080c08080978098c48ead80da80808086a5919a8080b88895f380808080a380a2808689809d8e808280a28080809b809480
8080b198808da4808080858480888080ae8b80a180b5e480998099808080bd8380808080a180c0b5808080859293ae80b580b7bf8080ac80028080b8a1809780
808080808087918780809dc392808083b78080888090b380c180d780808092bc8e878080cb8a80a980808080a580bc80ac8080a38a809a80a787809aa4808080
8080808080a9808c80808aa39b808080db80808080808d80ad80b9808080a4ad94808080d680a9bf80808080a180a68089848f9f8a80af80b280809480808a80
80808d80809695808a8091a1a7808080b1808c8a80809a80a380b4808080a1a29a8e8080cf8089a88080808094809580868987a285808780a280808c96808080
80809480808980808080aeb2a180808b0c97808080808080de80d18080808aa996808080ed80b6a3818080a2c680b0808080b7b3b180e480f780808c8880ac80
8080808080929088808080a6808b8080a780808080acc8808d92a68080809d8080808080a28083b2808380808080ae80bc8089ae91809380b08080ab96858a80
8080808080808e8b92808b98aa868080ca80808b8090bf80ba80c480808092af80808080bb9680d080808080aa80b180a38080a680808090b48080a3818f8080
808aaa878080af808080848687808080a4a080b48094d080a580d9808080a9a48f808080d480b1ab80808080a080a88080808ead80809b80f180808ed9809180
8086b1808080a58086809a9eb7808080b0848495808ea380a880cd8080809fbd9d818080fb80a9c8808080809b809980808097b48080a880c1918082c7808080
808080808084a7808080a4d0b6808080bd80838780a5e380d580e2808080a69f8b808080d19280e08080808097809a809e8080a580808183b78080868e808080
808faa808080b480808097c4ab9780809a80809b8095dd80bd80e6808080b7ca969a808be28087c480808080808097808980a0e08a808080b5b9808fbb858d80
80809d8080869580808083918f808080a99d80998084af80b580ae808080cfa480808080c080c8b680808080ae80cb80808088968780b680f8808099a5808080
8080809e80809580808080a58e808080ac8080818094c7808580a8808080ac80808080809b8882be809d80808c808a80808080a880808080ce83809499808080
80808180819180808080a9a09d808080db8f808080808080a480ba808080809d9f808080c896a4bf80858080bd80a080808087a29980ae80ca80808a80808f80
80809b8080809c80808098a397958080c68080918090c6808f80ad918080a1aa809d8080949586d28099808088809380808097b79a808a80e5808088bb808d80
8080a38080809a808080969f93808080b58080a18091c080ad80aa808080a99780a58080ac8d95e289808080a780a180808088b680808980dc8480809f808c80
80849380808c86808080aa979b808080c88080808089ac80ac80ad808080a0b09b858080c5859dbf808080809a809f808080b3bba3808980bb80808880809980
808086808080a380808089ac9d8080808d878095808cbb80aa80a980808098a18a9b80809b89a7ad8080808080809180888091b18080a185bb9480a2bc808080
80808080808a80808080bcc598808080d28080808089ca80bb84e4808080c4a9838080809584b9d380808080b180a08086809ebd9980a080cc8080838e808280
8080808080958080808096bc90808080028080808091bc80c680f9808085bf9b80808080b180a3d180808080c080c680858080808880bc80ff80808087809480
808093808087808090808f9fbb808080eb86958680808080cc80bf808080a8abb28080800180add48e808080aa80a2808080b3ac8a80b180ad8080808680a280
808c8e80809585809d809c87bc808080c38094838080a380b680be808080afa9a8808080e282a4d280808080a180bb808080a5b1808093809f80808380809980
8080808080808080808096c48e8d8080a780808b80a5cc938a80e7808080bb9f80808080b296add980818080a580a380828080c480808080b5a5808198808980
80809f8d98808480808080c89cca8080cd8080808090c0aa808ca89780a1ad8080a7808080b780e680878080808a8a8080809ebcb7808e80df80809e89808880
80808d8d809480808080859d80808080b4ad809e80809d809e80b0808080b780808080808480baaa80808088cb879e808080809f8080ca81108080909b808a8a
8082808080959980808092c2a6808080d680808080abe880cb80e9808080baeb80808080c4909cd780808080b480ce80af80808886808a80bf808080a4808080
80808091808c8080808089b7808f8080ba80808080a4d2998b91b680809caa8d8091808080929fc8808280808f809d809180888f96809b80bb8080888c808080
80808080808580808080d2c69980808eef8080808099c680c685fc808080a1c9ac808080cca09cd180808080b980c2808c809dbfb08096809380809587808480
80809680808f8c8085808f8082808080dcb180a284809180bc80aa808080a98f93808080bb808eb583808084b087ab858080b2949a80a680c280808a9080a882
808080808080808080808eb2a7808080c88080808091ce80b186cd808080ceb2a2818080ae8ebced808080809380c18093809eac8b80bc80c4958084af808080
80808b80809080808080808a90808080c580808486809c80a289b5808080cf9380a280809c9591d9808080809580a880888896a89280b180b482809d98808980
8080ac808080878080809b9f878080809680809d8087b6809e8093808080b1b3808880908080a9a680808080b980af80808080d580808a800f808093a1808080
8080a2808089ae808080918883808080dd8a80ab808fc980af80c1808080c0b1809980809f8097ca80808080a689bc808080a3c489809f80ee808094a7849f80
8080808080859480808080a18f8d8080bf8080848098b58eac80a880808094a0868f8080968097b780918080908094808780a7bd97808880c597808ba0808680
8080809c8780ac8c8080949980a98080a080808080a3eb80808baa80808080808c8b8080ba9980cc80a2808081809880ae808fac9a808080c380809f8f808080
80809c80808790808080ade0d4898080a980808e80b2e680c980e1808080c4cfa29d8080d9b8a6f880808080808094808a808cdc91808080b4ba8095c6808080
8080a38080809a808080c8d4d7808080c9808091809cc7800180d2808080b80cafa08080ddb5bbe6808080808380c2808880bfdea280c5881580809be5808080
80809d8080808080808080b0899a8080b2808081808cac929791a4818080d89f808e80809b80b3e880808080af80b180808080cb87809b80c09f80818c808880
80809e808080a6808080968a8c808080c39b80a98080a780bb80a7808080c2bb80838080ab8096c580808080a480c1808080a8b288809680f9808080ae808e80
8080968b8080b6808480889483858093cca0809f8098d6808d80ba808080be8a808086809aa180de80808080b780c6808080808c80809f80dc80809a9d808080
808094808080809d8080a7b49d808080a580808b80a2c180ac80a5808080c0a9988080808aab80ed80868080a580a680848091ae80809387e986809ca3808080
808080808081808080808ab9be8080a3c980a18580808e80c080d88080809eb6a080808ced919be095808080a680d4808080808b808087809c8080808c808e80
808080808089a28080809485c0bc8080308080ac92a90e9b088218808080c2f58ba38080bba48048808080809e80cd80ad80d7d0cf809680e880809fd9809380
80808c808080aa80838096a49d808080cc9b80808089c280a680b0808080acb889808080e083b7be80808080ad80b8808080a6b78280b080e68980a18a808080
80809980808d8a808080abada6808080ab8880a9809bb580b780bb808080ca8e80858080b3948ece80808080b78abd80828080c380809495e78080988b878080
80808e80808096808080809498a08087b380809480a3b880a580b9808080b4aa80808080b29c87d8808080808680bb80a0808998a0808b80be9c8095c6808080
8080808080808980868097a083978080cc8080868094d48e8185d780808087a4909f808091a585da80808080a5809e80828080a099808080a58980808e818580
8080808080a18080808085b28c808080a380808080a6d080b280b6808080c9ad80808080ca80c0b380808080ae80d780ac80808782809380bd80808585818080
8080828080808080808087a388808087d3968a9d80809580af80ca8080808d918e808080dc80afc898808080c880b280808080838080ab80d48080808680a596
8080808080a194808080968e8780808bd8a4809b83809980c280c0808080b08d84a28080a4878db58080808db187ad808a90859d8080cb81b380809b88808080
808080808080ab808080c4d496808080129680a68090f780c08000808080c3cfa685808080b4800e80808080bd80d78080808fd48380a28025808080e480a280
808098808080b580808080a6aa958080bf9780a48080b380ad80b0808080a79780808080b9809bc280808080aa80988080809ec48080b580ef8080b3c6808580
8080a3a98080a28080809cba80c18080ae8080aa80c519b58088d1808080af8080a695808086afe48096808094808080808080c48680808003998080ae80ad80
8080bf808080b1808080a3a4968e808088a380d580b5de80ee80ab808080b5b1808d8080b9908eff80808080b589dd8097809fc080809ba10680808fba808080
80808780809c9980808099b1ab808080a980808180a6cc80af80b9808080b99386808080c48396ae808080808a809780908088aa8d808880bf8080908b8e8080
80809f80868097808680a0aab5938088bd8080ab8081b680a580a8908080afaf80a9808093a688e4818080808a84aa80808098be80809480d480808fa0838380
808b808080808c80808097b5c6808080af808088808dac80c080c1808080b9ad808d8080c69685cd918080808080a080858a839f80809589bb8380809f808080
8080bd8f80808b80808091b096868086b28580a580b3ee809880ad808080e291808d908080c6801a808080808780c880968086c28080998b0c8080adb8808080
8080808080808080808080c18f808080d280808080a1b2969a84b0808080b890908080809880c2d2808080808e80b980808098bdac808180dc92808a9480ad80
80808e808083b3808080979084858080b88080a28099bf82a280a780808085a4849a8080be8096cc80808080a8809f8080808ba280808280b3808080a2808d80
80808080808080808080a3a580808080fa808087808aaf8099a3dc80809196f9a5808080a897c2e380828080d880d780808080a68280ad80bc8080809f808e80
80808d858080a0808d808b979c808088ce8080888080b980a280ad808080bc9484808080bf8080c6808080809880b580808099a4a0809f80c180809880928d80
808089808080b48080809ccd92848089b482809c80a1eb80a183c8808080b19c809f898086bc80da808680808080a180968080d680808580cb8c80b5c9808080
80808080808091808080abaebe808080e58080808085bf80d780ee80808086bfc08080800780a6f580808080bb80b3808080a0b39f808080bc8080808080a680
808080808080a0808080afa1a88080adcfa480af8080ca80a780dc808080cec985808080a38098d580808080de80e8808080808682808180cc8080809d808080
8080809b808093809080a8ad8484809cbbc1809f8099c680a680cc808080bca080808080b58080a180808080c492b4808080809d80808b80d580809896808080
8080808080a480808080808080a48080dd808097808fc885d68ad0808080c8a1809480809780a9ce808880b0ba80b380a580bccd9f80aa80b78f80b7a4808d80
80808080808080808080b0ced8808080d5808089809ddd80e480ec808080b4c7ad8a8080ccb88d08808080809a80bc808b8080b280808284b48880959b988080
808080808080a580808080ad92818080b780809380a0dc809980ba8080809fc08a8b8080898091cd808080809280b580808087b288808080e99f8080ad808080
808d808080809180808099cec180808098808090809fdb80a080f4808080b5ce97888080bc87adc98080808080808f80878094d188808080a4c18093c58b8080
80808e808c8086808d809badb1808091d48780888087ba808c80c8808080c7aa808080809bb284c480808080af80b980808080a28080a286e18080aa8ca08080
80808a8080808080808080ab90808080c4858080808fb3809b80ad808080b4ac80808080b888acce808080809a80b78086808197a380ab80df8080998f808080
80808b80808090808080808091948080cb80809780828e8a91809880808090a98a808098ba80a6d780838080988098808080b4b592809380ac808082a180b480
80808080808c80818080a296a5808083ee80808080808080b080c0808080b796a9828080b38080ba85808080bb809780808b81829080ca80948080808080a085
8080a2858080a5808080a49380ab8081ee8e80be8097d98d9380d8808080b09c80bc808080ad80f780868080a080a58080808bbf86809a800d808095b9809380
8084808080a180808080aea6ab8080809a8080808080ae80c580c5808080aea480808080b785a1ba8080808a9880928085848ab28a809080c081808380998080
80808080809b90808080838a80808080cf8080a18080a380a489c6808080a3ab808080809a809ac280858084a580a080808087ae80809c80c480808fa2809280
8080808080809780808080b688808080be8080808080a580ad809c8080808687928080809980b0af80828080b0809a808080a8ca8c809d80dd8780809880a880
80808f80808080808080a5aeaf808080a68080908089d1809f80cd808080c7b8888080808a89aa0281808080ba80c4808080808b8480808005808080b5809580
8080808080808880808085988d8080809f8080878099d2809885b4808080ae90808080808c839fbf808080809980b0809f80859d80808589bd84808aa0808080
80808c9780808b80808084a282ae8080be8080a780a6d98db980c98080848ea580998080809591f58c8080809182a080808080ac80808080ca8080809d808080
8080808080808080808091af91998080b680808580a2d5898d8abc80808fa2a5809a808080a182c78080808081809e80858085c093808080d892808aab808080
80808980808095808080b6ae80a880809a80809f8095e7898381cb808080c2c98091808083809fc780808080bd808b80808080cb80808080f98e8080af808080
80808080808080808080bab384808080b387808a8083bc809980c080808b81ae968080808680a0a2809b8b809b80878080809ca7b0809b80eb85808ed5808880
80808892808082808080939980808080aa8980978084d380808ea9808087b694808a808080998ec380888080a880b380838080ba8080998014808084c6809d80
80809e80808699808a8093989b808081a4b78eb0809eb180cb80af808080b19e93808080dc8094d1a5808080c08ac580978080a980809884c98080809a808680
8080899f8080b28080809eb287808080f383808c809bff80a980d5808080c9a680988080bc80aadc808c8080c080a880808080d08080a580018c80808b808080
80809180808096808080a0b39bbf8090be8080a980c2fb809280de868080c0ae80ab908080c69601808080809180d380848080a580808080eb808092bc8a8080
8080829e8098bd808080a896808080809e8080ae80baff80c380c3808080aebc80848080bc80ade680808080bd80b380998091ab80808580cd808080ac808080
80809c80808b89808080909da0808080da8080808080b280b480ae808080a4a99ba98080bca1a7cf808080809580aa808080b0c685809d80c682809fa3808a80
8080ad808080a58080809d92848b8080db8080a78099cb80bc80b2808080ba9f80c38080968c80e680808080a280a5808080b0bfa380bb80fb8080959e808080
8080bc808080b58080808bc4ae8e808093a180bf80b5d580bc80a6828080a5a28d898080d9a09c0585808080a080c480878092b88a80a380eca28080cb808080
8080a2808080a480808094808e808080e2a480948080b4809880a18080809cae8b9b8080a68b95d380808080ab80a880808097939a80a480e7808080a5809380
8084988080809e8080809dab878880808580809480c2fe809c80bc8c8080b7be8b808080b080b3cc808280809380aa8083809eb68e808080f1b68080bc808180
8080808280808f80808083b28e8a8080c4808080809fd680a980c7808080919c80808080a6848ecd808080809880ad8080808099b7808080c79980808a808080
80809e808080a580808088a489808080b48a808e8086a380a18098808080ac9c809d8080a18591aa8080808091809080808093b880809a80c380809e98808080
80808480808080808080899d99808080c489808a80829c809380be808080b4af948a8080b2808ece80808080aa80ad808080828b8680a080ab808080a5808080
80808e8080a19e808080aaad80808080e48080968089bf80d080c9808080ccc580d180809f80a2cd80868097bc80a280808097c79780c380d3808089aa808080
80849380808b838080808695a2808080b380809b809cba80b180c5808080a6b980808080c5b190eb838080809580cb809a8082a483808080c38d8080b4808380
80868084809494808080b38c809e80809e8080c28899fe80ac80e7808080bcb080a180809c8084c780808080a880ac809d8080b09b808080cb918097ae808080
80808080809a808080809f9a80808080e09c80998082c280b280da808081b8a7918080808380a3d880808080e680c580808080808080bc800880808882809a8c
8080848080808080808080b99c808080e78080808085aa808880d6808080c5ab80808080ac94b0d7809f80808580ab8080808aad9480a880e28c8099a28b8c80
808080808080b88081809fbe95ba8080fa8080be80a3148ced80f7808080cfc491ba8080ba8c80ee80808080b280cf80808082f1a6808080c1b280a6bd808080
808080858080808080809cae80a18080e480808080b6069b8084f8808080989a9c918080808f881980808080ac80ae808980899389808780ed808080b6809e80
80809e80808680808080919d80808080d29e808080809b80a88096808080bda682808080cb83bea480808080b580d8808080a0a3b180b480e480809c80809a80
80808980808084808080a1a180808080f38080aca388eb80c480f38080809acea3a3808080889dfd80808080c380d98080809ca8aa80a3800d808080ef80ad80
80808d80808d80808080b39e808080800fa9808080809580d380d7808080d7d9808d8080a58098a780808097d480c28080809bc8b180e880f68080a689808080
808080808092808780808b9190808080b78080808080928094859b8080809896a8808080b28f8db8808080809c80a58087808080858095809780808086808d80
80808480808098808080b18180808080bbac80d8c19cd680a180da80808081d59ba880808c8094d880808080d980ba8090808d9f8280b480f6808080db809780
8080a78e8080a0808080889f8cb38080b1808098809bc2809680a7808080b680809780809b8099c0808480808e808580808080c880809680de80809d9a808680
808080808086a080808080aea5808080cb808096889fdb80f48000808080b3c081808080de8880f680808080a180d180c580889d96809895a790808abe808080
8081808080808b8080808db3c5848081b280809a8093b580be80de808080ba9d84808080b0a780ec808080808680aa80948080aa8080808da5878088ae8c8080
80808080808080808080a4bd89808080ef808080808de385bb8be1808080b6c880a2808080a69cdc808080809f80a980808080c29080a580d0808088a0808080
8080ad978080a3808080888b80a48080c28080a580a0e88c9a80bf808080c69880838080878086f5808080808b80aa808080babc858080800980808fba809780
8080808080878080808080bb94808080c6808080809ed780988bb980808db1a38b85808095aca0e1808080809580c0808b80809d80808080c09e80838b808080
80808080808080808080879c9c808080dc8080948685bd809896db808080b9a7948780809b9188ff809c80808b80ab808480acad9d809f80c98c8092b0819980
8080a2808080b6808080a88da380808e91c980a880a5e280e080bc808080bfabaa808080e69397fb86808080bf80d38091808fa08080a680cb808080c6808080
808080a1809a948080809c90808c8080b097809d8096f79d8288c7808080c9b480838080808094da80808080cb80bd80878080a380808080e68080809c808080
80808580809e9080928093a9b6808080de80808080809780b980c0808080c18e80a88080ca8a91a4808080919b809e808094809ea380d080cd80809e80a18080
80809182808ace80808094808081808089bf80b6808cc4808080a7808080858080848080b58080ab808080809d949f808080808c80808b80d480809aa2809080
80809b808088aa8080809e898f9e8080a98080b380a6db80a680c38080809ca280b08080a99283e4808080809e80ad80808080b880808080d38d8080b9808380
8080a3808080ad8080809ad0be9b8080b880809880c7ea80ac80c1938080dcbb93a68080c2dc9c04808180808080ca80898093f890809a80d9d2808cc1808080
8080938080808d80888094b4a5808080d28080808081a2809980b7808080aaab808c8080c79695b5808180809480ad80808080bc99809f80ce9080a680968080
80808080808d93808080879280808080a6948095808594809780978080808b8e92808080c48098b181808080b780bb808580868088808b80bf8080808080989c
80808e81809db5808080919b87808080c58180ae8080a880ae80c0808080ab92808d808dc68093b180808086a080a28080808dbe8080a080e8808080a0808d80
80809580808880918980a08080808080fea5809780808980ab80c580808087ad86908080c68099c880808080c480998080809a9eab80c080d38080948a80a080
80958280809d80808e809f87ac9180809a8085b18094b380c080c180808093b2858f8088c28b90ee948080808c85b18088808db68a808080ad8380809880a380
8080928080808480808099b18c808080c598808b809cb280d5809c808080c6a897958080b480a6ed80808080b480a6808080a5af9680dc80d78080809d808080
80809480808fb2808080908f8c808080a0ab80a480a1bb80bf80ba8080808f9d8d808080e58492ce80808080a880a7809280909c81808f80b0808089b5808080
8080b9808080b38080808ca38c808080c4a880b780a5ac80b380bc808080a0bb888a8080f180add680808080b480b8808080a6bb8180a2800e8d8080cb808d80
808080868780808080808b8c80808080b89f808080809c80808092808080968080808b80809e92a080808080af8ea4808080808d8080a780c88080a680808593
80808f8080809e808080809997b48080db8080b38ccdf780c780f6808080a6b08a808080d9808020808080808080a680b580bfcf8c809280e58780a5e3809480
808097808089b08080809f8d9a888080da8080a480a4f080d180df808080a4b992ae8080bda280f980808080a580c5809d80b3c38e808a89ca80808cbe808680
8080a780808ba7808080969080878080b28080b680a2e880a980bf808080c1b780a880808380aeb380808080b38ea3808080b0c08b808e801686808dbb808f80
8080808080808d80808094e8c680808cd680808480a1e4800b80f4808080dee585808080c9b896f88080808089801680b38080bc80809c9acc8080a8bc918080
808080a180808080808097a680808080d880808080c12580a48fd1808080bca68080808080a0b404808080809a80c880a380adb286808480f780808099808d80
8080808080808b808080888f81868080ac80809d8084b5808783b7808080ada180978080818395c6809280809080918080809db38a808f80d1908086be809180
80809192808f8088808080a2808080809b808085809cb5808f8088808080b49080988080808fb6b0808c80808c8294808e8096b089809d80d39b80a098808080
80808e808080b2808080c3f7dd8e8080998080a080aa0080cc802b808080c7c9809f8080ce93a4d2808080808080848084808efd9a808b80cdda80bbcfa78080
80809d8080909f8080808b8c9b808080919680a480959e809b80a18080809b8b8c808080d180a3b48d808080ab8cbb808080808e80808080c380808095809080
808080808083808080808994a18080808f8693998080b0809980ce8080808d8e8f808080b98094a9a380808096809c808080808080808080cd80808090918093
80808980808091808080a2bc938b8080c7808099809fe882a286d5878080959281ab808080b380ef8097808090809d80808087b494808080e8888080cd808380
80808e80808d808080808a9bac8080809d80808180838f80aa8096808080cba7a0808080ce82a9d880808080ad80ca80808081a587809f80a78080808080a180
8080aa8080808a8e8080899780808080f28480898097ba858c80a4808080cfe59ec080809880ccd380ab8080ba809d80808096e18080da8007a780929e808a80
80808080808a8080808087c9b9808080b380808080b1c880cf80cc808080adbb92808080c48e9fcf808080808080c080978080a582808080ac888082a5808080
80808b808090cb8080809f9180868080f09180e6c0c81e80f0801b808080e8c980a68080a493801580808080f080fc80b9809ccf858098befb8a8094e9808780
808080808080ae808080a6db8b828080b48080a880b318809c8009808080aede8d808080a1809bd480808080b580ae80a88080bb80808080f09e808ab8808080
808080948080b880808083c480928080bb8080998fcede809780c3808080af8d80808080b39f80c680a5808080809980bf8093d18080a083e08080c4e5808380
808085808080ac8080809fa3828c8080e180809b8090f1869685c49180809bb08fc88080808998de809e80809c80b2808080a8cfa7808f80ff8f8082c1809680
808a9880808080808480a88491c58080918080ae808fc3949280c1808097989380ae8080808080bd808080808087808080809ab7a3808080c78880808c808c80
80809480808899808080939780808080d98080ab80990380c992bf808080bfb080bd80808083bff780838080ad80bf808f80bfdc9380b38a009a8092a2808880
808080808097ac8080808e8080808080feaa80b99080a588a580c8808080c8b880808080c5809cc7808a8080d080b88080809bb29080ae80cd8080889e80ae80
8080b6808080a18080809da1a7808080e79480958080af80b480c0808080c5b792b98080cc9ea7eb808080889e80a4808080c1e08c80c880088c8093be808c80
80809480808a8980808084a08b808080b980808b8088b28f9580a9828080a4a7809d808ba480b0a7808a80809d809380808080ae8b808d80de8a8096a4808380
808080808091a2808080a1c99e8080800880808780a2e680f280f7808080ddcfa4bc8080cc859f0480808080b980a8808e808fae8080be80bb808094a1808080
8090a68080998a808080aebcc1808080af808d8e809ace80d58002808080abdab99b8080fb80b0df80809b80848095808180ade1928080809db38087bf8f9b80
8080988d8080918080808c82808f8080b080808980a4d2808780978080808ca68ba080809a80bba5808780808f8b9d808b8091b880809980cc80808b94809580
808c808080848080808089a7a7808080a7808a808089a1809480c280808094bf9e808080c794a6b9808080809680bc809a80808a80818a80a9868086a7808080
808e8680808d8c8093809ca1b4808080a880809d8097c480d780d980808092c49e808080d78286cf808080808180bf808f8097af9a8084809c878080b2809780
8080928080989880a7809996c0808080078092838080b680ec80d9808080a0dd929680801584a6dd80808080ab80b4808380a5b5a280a480af80809285808080
8080808e8080a48080808b958b808080a89d809c8091c5848080c3808080888f89818080ac8380c98f808080a6809b808080808d80808080ba808080a6808680
80808080808080808080c3acab808080fe8080998097ef80e880ea808080c4de8f80808097be8f1580808080ec80f980918080c180808d90f280808f808d8080
80808a8080808d808080bbb080848080c6a080b5809501809d80d1808080b7c98699808080a0800e80808080cb80c780808085c58080888044808080de809f80
80808a868082aa8089808f9890a98080b78080a18eb8de809780c7808080958087938080b79780df8081808081808980b08095bc81809982c78080b2a9808080
80838c8080809680808083a7af80808ab6808086808cae80aa80d2818080a6be9c818080c68397bd808080808080b580858080a590808b80a5988080c1808d80
80809c808096908080808ca080808080848080928098bb8099808f808080a89780808080bd8c9da980818080a580af80878080ac80808080f08280a396808080
80809c80808a8080918097a4d0808080c380878080808380c880c0808080b2afc38080800780adce808080809880a2808089a7c19380a3809d8880808080a180
8080809480808080808080b9b3c88080ea80808080b3da9f8f82d1808083bc9980838080859680108098808080808b808080c3e7bd808080e8a4809c97979c80
808080808080ac808080879689808080da8b80848080aa80b880be80808083b39a808080bd809ac280808080b980b08080808e9886809180c380808089809280
8085808080a08c879c808690ad808080e68090808083b280de80d3808080a5b18b808080089186ea80808080a280b680a780a79ca8809d80a080808089808080
80808080808085808080a1928c808080a99a808f8088a6808c80a880808099a2a48080809c9494c080808080c380a9808080808280809b80cc80808499808087
808080808082a0808080a29faf8f80801780808d8081dfa1b380f7808080b2c3868d8080b7808bea80808080a680ac808080a3c6b9809480dd80809a98a09180
8080d5808080ce80808080b495808080f6ca80a380809780c78095848080d9a3809f8080d780b3b380808093b380b4808080cfe4a380e1803c8080a2b4808880
80809580809a85888080869680808080af8a808c8092a580a08099808080a6a580808080a680a7a980828080a3808f80808097a68d80a680e980808a92808580
8080a89880809880808080a180808080ae81808880b1e5808d809a878080c093809a80809995abe880808080a380bb8086808ab080809980ef8b8080bb809680
80868080808080808080a9a7ac8080809b8080a08093c680bc80c6808080aec494808080ab8587e080808080b780da80908080a280808080d5808080a0848080
8080a3808080ac808980889297878080d68f80a28091cf80c980c3808080b7a780888080d59194d880808080a180c2808b808cb08080a484e68080aca2808080
80808080809680808b80aea5cf808080e780819d8085a480f780e28080808ccba9988080d9af82f6908080809480c7808d9297a88f8085809b80808093808880
80808f8080a79b808080a689ab978080d58080ae80aeda80e580e080808096e087ae8080eb82970a80808080a680b1808980b0c5ac808080c78e8080b2808e80
80808096808080808080b4c68ed58080aa8080808099efe680aae58080a8c6978480808080a4abf580808080908a88808080a9c1ba808080da8980809280b280
8080b08080a4aa809880a7aecf808080c7808583809cc380f880d5808080cec59a8080802180b8ab80808080a680a380808095c58080b68bd686809686808080
8080808080838080808083b695828080c98080808096af8f8f97c280808ea89f928380809680b8d180a180808080aa808380a3a6b4809d80c996808a98879180
8080808080868080808092b990808080a180808080a7c7838898d7808080b59e80808080849bacca808380809180ac809180809580808580b2928080af808080
808099808080b680808092a6849b8080b88580ab80a4d280a380cc818080aaad80aa8080929680c0808080809c80b080918084c684808684d19480a9c3808080
8080808f808c8080808080a7809680820780808080abd6a39fa3ef808090c8a380968080809b8ad280808080ab80d880918080a4b680a180cf8980a6b0808580
808080808080bc8086808fad9b818088a09c80918095d2809e80b68680809e9380838080b5809ba5808580809f80a38080808aa980809881b99a80a7ab808080
80808b80808da18080809cb896808080c18080808080b18099809d818080f89180a780809e95b29c808e809e9480a580858095d4a180d581fc8280b7908d8080
8080aa808080958080809e8a93808080c19480b68093d180be80cb808080c1c680a88080a89593dd80808080cc81d58096808cbe80808996f180808ba8808080
8080868080a6a1808b808e939b808080e78080a48391bb80e680f0808080c0bd94808080f78085d880808080aa80d4809b80a3a68e80998cb4808087b5808b80
80808d80808c809085808d9a85808080d28080948a87ac80bf80ca808080b8b7a1808080cc8d97ea80848080ab80a8809980a5b08080a580c580809bac808080
8080b7808080cb808080a6a6938a80829fa980b780b31e80b480d4828080e1b180988080a3908df980808080ab80e28089808eb980808d801d808096eb808080
80808c8080808d80808094a8a2808080ca8080808096ab809480b78e8080bfc69c878080b88bc2d080808080a380c88080809aba8080a480c09380929f808f80
80808088808f81808080aea290b58080d080808c809dfda19c80fb80809e91c285908080849a88f88080808093808f808b80849aa2808080d080808088809180
80809f80808fbf808080a4a897808080ae9280808094e680be80aa808080dea280b18080c49e95c78080808b9580ab809b8099c48080b980d38980b6b5808080
8080808081808480988097a5b59e8082b58080838088ad80ca80cc8080808aaa82808080b7a380df808080809780a580ae80809d918084838c80808b83898080
8080b7808080988080808ba0a49a8080b58080a980b9d480ca80b7808080dfad80838080b2a48501808080809380c2809e80bdf080809c95f8a380bfbc808080
80808080808b8e828b80808aa0808080d3808080808a9c80bc80ab80808098bb83808080d48098cc809180808a80a4808f83baba95809f80a18780969a808580
808089b08080ae808080af9b80ba8080a58080c182ad01888080d3808080b39480a88080868097c8808c8080a5878f80808080dc808094800c808096b4808080
8085bc808080ac808080a4aea38c8080808080ad80aed4809c80ca908080baa980968082be83a7c1808580808780918080808cd480808a80ecd18083d1808080
80809a808080a180808091bcab8080809384809d80a7bd80bf80b0808080cca980808080b58d8bca80808080a880b680908081a780809399e680808fb9808080
80808a8080808080808083a398808080ce8080948096d480d680d1848080cef980808080a880c3dd80808080b38005809e808fa88b80a380e9848095bd808a80
8080808080809f80808095a28189808da48f80ad8080ae808080bc8080809491869d8088808080c081808080a880b180808080a480808580ca808080b080a080
808080808082a580808080a280958080a280809a80aae380b680bd808080b79a80808080898391bb808080839b80b980bb8091c7808090a5d295809db8808080
808086828080988089808c9383808080cd8580998096cd80b580c0808080c3a2808080809e8481ba80808080ad80ce808980809a9480a085dc80809d94808080
8080a080808086808080839e9c808080c7aa80948086aa80ba80c3808080bfba80808080d680a0bd89808080c280d080808080808080be80ca8080819a808080
80808fb880808b808080b48c80b280809e8080b580aa09879680c8808080a89d80a78080808da2db80808080b3818880808080d2808094800d868080b2808080
8080b6808080a28080809d9b98978080b68080958080b68f9f80958b8080daa580b98080808ea1c980818080958091808080abe98380a580fa9580a2af808c80
808082808097958080808a849e9d8080b280809b809fc080c480c6808080aba581928080be8081d7808080809e80aa809f80adaca0808080a689809ab2808080
80858080808080808c808e97b2818080cb8080938080b780cd80e88080809fd380808080dc929b16808080809780cc808c8086989a808980b68780808a9b9b80
8080808080918d808080959f8c80809ec6b480af8080a580c780d2808080bbaf80808080d48099c193808080db80d0808080809480808d80b980808080808080
8080808980848a808080869380808080b08080908084b4809f80a0808080a49b808080808080afb18080808bb783af80808080ad80809380d38080808a808580
808083808080a180808098b2959d8080af80808880adf180bb80b1808080aec490938080b3809dd8808780809780b8808880a7f58a808080dfbf808e84858080
80828080809c8080808086ac99808080ae808180809ba980b180bd80808094bc99808080d98ab4bb808080809d80b380a48087a485809080a18080809f808580
8080898085808080808088b29db78080a180808e80a3c1808087a4808089898088998b8084b280e592878080808a9c8080808394a0808080c780808099808480
808092808080938080809197bb808089e78080808092b880cc80de808080d0cfbb8080800183b4ee80808080a980c6858280a4c48080b080a1848080a3808980
80808d808080918780808ab9ad808080a9808080809ba380a180ab808080baaf92808080b7af80cf808080808780ab80988084ba80808680ab9480a1ae808080
8080808480868080808080af80808080b480808d808cbf8a9882ab808080bd9d808080818080c2b780808080b280bb80808080d980808380e98f808180808e80
80808a808097c3808080aeae94a0808a8c8080af8091d980a180dd808080a186809e8180ca8080ac8080808096808080808080b1808080809f808099a8808080
8080818080809080808084ac96958080b3808085809ac9808f80a3808080a9988294808080a09bc7808a80808d80af80808080d280808080ce9f808590808080
80838080808693808f80bccca98080809080808a80a1d380c280d780808089b080808080d39b89988080808080808d809a8080bbb0808480baa68091c0808080
808993808080898080809c8aa6978080b88080a6809de180ab80cd808080a6ad87bb808096c080188a8080809180bf808c8091a480808080b5808080ad809380
808095808080a9808080a5b9b6918080a38080af8095c580b280c2808080a2b380a68080a18a80ae808080808f80aa80808080b793808080f3808084b1808080
80808280808e82808080a08ca4828080ad8080a78090c580c580cb808080a2b881918080b9839beb808080809b80a5808280a1c389808080d6838080ae808a80
8080be808080b3809b80908a99808080bc9380a88083ac80be80b1808080beb18aa78080d88095bb80808080bf80b18080809dc28080a880ca8080a0a3808080
80809b80808083808080838c80808080979b808180809b808e8080808080bd808085808082a98aad8080808da880b180808080a980809480dd80809b9b80808c
808080808080808080809ba7ad808080af8080ac8083a580c380c58080808ad598808089c5948fda92808080a680cd808080808880808080d0808080ae808080
8080848580809e80808085c480808080ce80808680baf380a581c7848080bbcc808180808980d1e080be80808e80a9808080b5e2968098801cbc8097d2808980
8080808080808080808080b6b6808080fb80808080819680d980bc80808089a880808082e380b6c280808080a38092808080b9cbb480b880e98080a088808580
8080808080968a8080809ecaab808080e280809780a6ec80d88004808080bed9aa808080d985aaf780808080a180cd80a180839780809a80f3808086ca808080
80808080808380808080a79080968080cc8080b98891ef9dbb84dc808080beb4808c8080808097eb80808080ca80a08081809ac180809582fe808095aa808080
808088808089c2808080a88987a18080ef8080ba809aee84d980f880808080e3a2e68080c48082f280808080b080ac808780a3d6a0808080a39c8080a9809580
8080a580809e98808080a6b4b4808080b488809480849b80b980b3808080ab9d859d8080e48a9eac808080839d809580808a88b883809c80e380809b9c808080
8083948080979b808080958080808080b68080a98a9fd580ba80c5808080bbb883918080aa84a6c780808080b181c480a880a8ba83809a90d7878091b3808780
8080b980808098808080859388808080a1968093808f9f80848098888080b89b80898080a98096b0808d808088809b808080a0b780809f80ea8780a6b7808080
80808080808097808080b4eec2858094c980808080cb2594a4800b808080e29c8d808080b4bd8013808080809a80bd80af80809d82808080b1b0808090888080
80898280808096808080858b9a808080cc80809f8089a980a780be8080809fcc80808080aa9e92cf80808080ad80ca808880859880808d80c9808090aa808280
80808080808d8880808093a594808080e28080808090bb80c880d1808080c0bfb78d8080ce90a1ec80808080ac80b280a7809b9c8680ad808a808081a0808080
8080c2808080c280808082968d808080b49380ba808eaf80c880a0808080adaf89a28080c18094d180808080a181b9808280c5b48080a58ad0808091c5808480
8080ad8080808080808091928a808080bd8c808780809280888098808080a88080888089a480bbaa808c8080a384808080809eb59a80a080ec8080848a80a385
80808b808080948081808c96ab808085da8d809e8080ab80b280cd808080b8c880808080d2a39ebd80808080c180d880808080808080a081d580809293838080
808093808081a280808091a186908080ab80808b809dda80a88097808080b9a980ac808093a793cf808080808481ba80a1809fc993809780d2908092ad808080
808086808080828080809ebf93808080c880808c8094d586918bb29a8080cba880a38080809c8ce6809180808780a6808080a0c886809480ef8b808bb1808480
808080808080a980808094ab92808080b58080ab899bd480a580ce808080a9c895a38080a89785e1808080809b80b480918088a680809d94d5878093c1808080
808481808082808080808e969f908080bc80808c81809d80aa84bf808080c698809f80808f8088d0808080809980a1808380999b9a809c80a9808091808f8f80
8082a3808090a88080808e96958080809f8080a58096b080ac80b5808080b298808d8083c4808bc780808080a080a480868097bd80808880db8b8080ad808080
80808480808aab80808096a89f808080bf8087af8599e580d880d6808080a7bf9a8c8080cc8086e5808080809d80c7809380a6c181808590e2808080ca808980
808087808080ad8080809fb484888080a99880a780a2c680a580ae8080808a8a969d8080ac818ec0808080809e86a4808480afbb9880ad80d38080a0a6808080
80818b808086809c80808ba1848080809180808c80a5c180a3809c808080acb48080808095939eb5808080809680a780aa8083a080809683cc8e8094a6808080
808094928e80af808080b19786c48080dd9380ba809feead8080e6808080a7a680bd8080809280d880808080b480b180808080ca928080800380808ab2808780
80808080808b8080948086a5b8808081dc8085808080a680bf80df8080809ca99d808080ec809de3808080809880bb809d8398929b809f80a780808380888b80
808088808080a68080809f898c808080008f80808080be80c080be8080809bc88fa18080b680b1d080808080bb80a0808080b1b39380bc80d680808080808d80
80809c80808d9480808088a4a8808080e287809280809c80b880be808080b0a88d808080df8aa2ca8b808080ba80c980808080a480809f80dc8080818e808880
808080808080928080809cad98808080d58d80938492bf80a380d6808080a5b1808080808f908bbc80808080c186d2808780808d8080a490cc80809396808080
8080948080968080858097abc9808080c380908b80849780d780c3808080a1bbba808080fc80a1dc928080809e80c380878094b380809980b980808095808980
80808080809e818080809b9881808080b68980868093b5809280b4808087a1a99b8080809c9792cb80808080b580c680a580808780808b80b780808581808080
808090808080988080809da98d818080b08080a7809dd3809380c6808080a2a68088808ba88998d880808080a980b1808080809f80808080f0808080a7808080
80808280809680808180839892808080b2808c8580809b80a080ad80808086989e80808dc180a7c1808080808e80ae80808095a68b808580b98080808a80ac80
80808e82808081808380809690808080ba8080858098bb80ba80be808080d19c80808080a680a8c380808080a180bd809d808e948580ab8fd78080a09e818080
808ba180809793808080b687b3958080eb8080b3809bf280cc80f9808080cecf9a868080c2808f2280808080b090e0808080bbc39f808080fb8080809a90bc80
8081848080958080998092aabf80808bb680808e80889380c980d2808080b5b49c808080d48880e4998080809280ac80808d809a80808b809d80808093808780
809aa7808097968080808d94af8080859d80868e8094b180b880c08080809eb0ae808080fe80afc5888080808f80dd80ac808d8780848580a8808080a5809580
808080808080878080809d9d95aa80809e80808f80a1e880a585d1808080a1c08c8e8080908e98e9808080809580c1808b80a29da4808080e0808080b8808380
80809f8080808080808097938da18080db808080809ccc808680ac808080a09b808e808097919fd680808080889dad808080a7a7b0809780e180808e89809680
808080a780909d808080948780a58080d28480b98082de96bf80c780808d9c9080928b80808095b68080808aa5958080808080a280809480c08080809a808780
8080878080899c8080809a9980838080928c80a08092cf80b9849a808080d093808480808080b8a780808098c196c080968084ae8080ae92db80809884808080
8080808080838080808093a383808080ae80808280809f80979bab80809499a483808080808998b28080808093809d808280839e80809880c4808090a5808880
808092808097a5808080888f80808080dc8480a780b8f280ca80c0808080bfc981808080c080b3dc80808080ce80f380ae80a2c280808d80e58080a693808d80
8080a58080829b808080968082808080c8af80a780848e80ac80a280808086a1a5808083f580b1d78b808080d480b1808080898085809980d28080808e80b08a
80808d808088b280808092bd858e80809480808b80b4d9809d80a6838080cf9280a280809c8d9cad80b8808084808e80808084b982809280e0a48091c0808080
8080bc808092a98080809e8e86808080e98080a180a6e680c880d0808080daa381af8080c58892f880808080b782bb809680cabd8080b391f88080939e808080
80808080808080808080908c86808080af80809d808abf809a93c2808080a3a683988080809e96ef8a808080ba80bf80838080b080808080bd838080a3809380
8080848080809d808080988884908080d08080b28e9ae380a080d980808097a395af8080909780f880808080a180be809680a4a49080848acc808080ad809180
80808080808d8080808092d6a3808080cc80808080a2c591ac80dd808080afbd92a08080a789aacb808080808080a48098808ad3a7808980a891809da78b8580
8080808080808080808085ad9c848083d58080808092c080b7a2d2808080de9680a1808080918eea80828080a180af808980829a9680b580a790809396858080
80809a8080809e808c8088a4999a8080c580809b808dc9808d80c3888080b4a680a48080aca280e2808080808080a280838096c1a3808380d5a08096a38e9980
8084b680808bbb808080a080808c8080af9580cb87b6f280cf80d4808080a1be80a28080e1809ce380808080b580c1809e80c3d686808680f0978080c8809180
8080809080808280808080a380808080aa808094809fee808080e1808080b1a3808080808c80acdf808080809680b6808c80808a80808080f2808080b9808580
80808080808081808080ac9380808080cb8880978080c693968bc4808080b6ce80b180808093b0d280808080d6809180808080cd8080b480e1808080a9808080
8080b380808282808080b1a8918080808c80809f80aedf80bb8098808080dd9d808080808ba0a0d080808080a18cc380938093da80808b8d138080a398838080
8080878080809d808080a9b698a58086a480809580b0ffa894b1bb808080b9998baf808080b68c07808080808180b28081808ab880808080b8898080bd808080
808080808080a280808080ab80888080a08c809880aad6808784af878080b59480808080808f81bf80808080a680b380988080998080938dd58580b3b0858080
80808c928086bb808080899688808080ce8b809e809bd380bd80b7808080999b808f8080c7818fd080808080ae80b480808094af80808f80ca808080a5808080
8080a18080809b808080a6b893828080c184809580a7e380bd80a9808080c79480ad808080a999e680818080a082ac80868096e18080a990de8e80b295808080
808099808080b4808080bfae9e808080c1aa80ad80a7c580c780bf808080899faf898080c79995dc83808080c480ad808080a3bf8080ba80e4808099b4808080
80808080809080828b809e9a8f808080b48080808091b280ab88c88080809bb1878080809aad94d0808080809c809880878080a680808e80a280808a92808080
80808080808098808080a3c584828080a480808580adee8d9598c9808080c893848c80808999a0d780988080a180af809c8080aa84808280bb918080a2808080
8080809680818080808081bc808b8080c780808080a4d9a38a9cbc818080ac8f8088808080a796d0809b80808d809b80808080c296808080c89e80848f809180
80809080808e9380808080a69f808080b980808b809bbd80d380a8808080d5b580808084c380afd0808080809c80b1808880a7d68c809280e880809c8b838a80
80808a808080bc80808091cea6808080b88a809380bcea80b680b48a8080ada5808b8080979e84c5808080809480c48098808ec880809899d08f80b2af808080
80808080808d858080809ea3b0808080f08084808080a980cf80cd8080809ad5ae808080f689a7e880808080b380d5808e80a192a5809f80c08080808c809a80
8080808080968480848098b2bf808080b3809e8c80809280a780c9808080858fa2808080e08b8fba9f8086808c808c80808080948c808e80c28080809e808080
80809380809a8680808093abaa808080a3898085809dca80c580ab808080dbaa80808080d880a3cf80808080af80cf80a280819f80809a80cb80808d808d8080
8080918080808080808094da98808080b580808080b2e4a19789ba9d8080daac80b1808080d1adf180b0808080809680808080d98d80928001bb8090d1808080
8080a38080808280808089a0b2808080b8808080808ba1809f80a0808080b09ea68b8080c89b9bda948080809580a58080808ba78080a080ac808080a2808080
8080aaab80848d808080998d80b48080a08080a880b3008d9080c5808080bb8580808080808192f480808080a9a1aa80808099c280808080068080809680a380
80808084809aa4808080adbdac808092b280808180a3fb80c880e4808080f59680808080cb8993e0808080809b80c580b5808eb6ae808080b680809180968080
8080a89a808ca6808080898d828080809b8d80998087bd87878997808080ce93809980819f83a6bd808480809780a28080809bcd80808f80d991808cab809780
8080a88080948080808093a1a4808080d89d8080808f9180d5809d808080c3aa95808080f092b0e082808080ba80c2808180a9ac8b80af80e680808380808980
808091808080a58080809ca180808080a18a80a280afe4809280a4808080a79196988080809780d280808080ae8abf809480819880808b93da808091a9808080
8080808080808c8080808fb0ae808080e68082868090ca80ca80eb808080a5c5a4838080ce88b0f180808080a680af808380a4a89a80a980c28b8084b7808080
80808080808faf8080808b99ab808080cb808086808db180d480bd80808090b680808080d28090b48080808ea0809680938098a386809980af80809192808080
8086a080809e80808080b684b3a58080a08080b1809dbb80b580c78080808dc89ea68085c480a0ea808097809e8da88080809cc694808080b9818080a480ac80
808e8a8080a193809080aeafbc808080ad809292808ad980c680d58080809eb99f868080f58698d5838080808080a4808e899cb486808080a8808080b3808080
80809a80808096808080879f8c858080c1808086808fba808d80a9888080aca091a48080939b85d4808080808980a28080809cc381808a80c18c8081ae809580
8080ac8080809a8080809299ab808086b48c808e8080bb80b480ac808080e9a589a38080a794a4e6808080809180ae808080a6dd8080b880d09d8098b3808080
8080a2808080bb80808080b09dad8080ca8080b180b2da80ca80c4808080b6a180958080aca289e680808080aa80b780808086c980809180edaf80a6c7808080
8080848080839e8081808ea3b6898080a280809d808cb9809d80ce80808097a28a808081b88080cb808a80808080a980808087b580808080c3a08089b5908180
808080808098809080808a9ba1808080d4808a808080a280ba80b6808080a6b7aa808080b99292cc80808080a280bc808d8080988080a380a38080808a808480
80808e80809d8b80808082a98e808080d280808280809880b480bb808080d3bb8f808080da80bdb580808080ab80c2808880919e8083c980da8080949f808080
80898080808d80848b808c8087808080c08082ad8d91c780b480d180808089e098848080a58092ea80808080b080ba8097808cb383808080b6898080af809080
80808e808091a38080809998918080800a8180a3809fe080c980f1808080bea8ae918080d29a802086808080b980c18087809b9280809c80e08080809b809d80
808099808084a98080809296838b8080ad8080a3809eda80ae80c0808080a1a782a78080b08797c6808b8080a080b080938099b792809b80ed8b80a8c8808080
808080808080b48080808c9680928095c9a2809e8080c580a89fb7808080b2a880988080898087a580808080a480bb8080808fae9780a180d28080b7cf808080
808080878080808080808dac92808080aa80809180a6dc80b090b580808096998080808080a380dc838080809480b280968080ae8080808bcb8080809b808080
808080cb808097808080a793809c8080b48880af8086e180808cb9808080ca8380a4808080b087e58096808fa780b580808080f08080808012808080af809680
80809a8180938c8080809b968080808080918091809dcb808e8081808080ba80808980809c8e9bb4808080809b8ba6809a8081b980808480d480809285808080
8080a08480809780808088b680828080f7808080809a04a79084b8a48080b79480c880808099a5e1809380808880b5808080b2dca880a3801a8180abb8808c80
8080868080848080808097b98f8080809d808080809bb7809580b4858080a3a180808082a999abb4809b80808b808080808091b492808a80e4a28089ae808380
80808089808f80808080899b888b80808c80808a808bca808098bf80808d9d90808080958081a4b7809280808f8499808080808685808080ed8b808099978a80
8080808080918080808092a288808080808080808092ba80a48090808080a5998296808092ab9ac0808080809080a180a58080a780809580a8818081a8808080
8080a392808081808080969b808080809c9280af80b10680ab80b2808080e1a0808080808080d4cb80808080d88adf80968080c98080a5934c8080a9ad808080
80808f80808dc0808080a59680808080e0a380c2a58ff080e680e3808080cfb780978080ba8096df80808080d680cb80a380bdcd8980b0ad088080a0c2808280
80809a8d80879a808080809080808080c99580928096b680a680a28080809b9687848080a480a4c380808080aa8eaf8080809d9983809d80e480808097809180
8080908080b8b3808080a8a59e808080c58080998080c680c380c6808080c5a080948080dd808ac980808080a4808980808089bf81809280ce8080809d808080
8080808080ab898080809aa294808081f6808090a58aa885c980f6808080d5c08b958080c8888ad380808080b780b380a3888f9aa380bf80ae8080ada68a8080
80859780809298808a80a1abcb808094cb80828f808c9a80c980dd8080809fbbb78080800aa68bda808080809180ba808d8098b580809180a480808fb5808080
80808482808c9880808092a39d9a80809e80809d80a7d1809980c88080809f8989808088b2848bc5808080809686af808080809387808080e280808092818580
8080809780808580808093a78aa48080cb80808a808ff380a190e780808e89d688808080809e80f7808080809c80a780918080a791808080de808080ba808080
80809f8c8080808080808ca880808080c180809a80a7f0839480c68080a3dbab809280808093a5f8808080809493b1808980b89e8480ac8009808090b9808080
8080808080868080808082a880808080a1808080809ccd80868bba808080b8b5808080808980d8b780808080a080c1809f80809c8280a280cf8c808bad808080
80808080808f978080809d999f808080f28080888080bc80c380d180808099cf9aa28080c88593d680808080bb80b480808980a483809b80a38080808b808080
80809a808080bf808780a5a7b8808088b49080a1808fc280c280b5808080aeaf838b8080d89683c2808080809580c380808089c180808480c780809c89808080
808089808080bb808080938a9aa88080c88080b78080b380d3819d808080eaa780a180808da380de808080a49480ba808080a4f280809a97e28080b5a2808080
8080808a80949080848090968c988080ab8080a180aad380a180ce8080809294818080809f8c80c9808080809d80a980938080a580808080c38080868d808080
8080a7808080ac8080808ebbb1808088c99880a980aac580e180c0808080a3b79ca48080cfa989fe9d8080809e80c8808d8080a78080b484d8808080c1808080
80809b8080858e80808080a08e808080b780808080a3b7809c80a9808080acac80808080bb80b8b1809980869080b4809880a8bb8480a880d89b80abb4808180
8080808080809180808097ba80808080ef80809880a0f080fe81e680808080ee808080809a878fe980808080ab80b1808f8080a780808080c2808080c4808080
808d80808084808080809ea1bf808080bc8088808080a180ab80be808080979fa0808080bfa880e88b80828081809880808087a0868080809e80808083808480
8080828080939580808098c39d828080a780808080a4bf80a880a3808080a5ba8aa88080abca96c3808980808080a780a28880c78b80a180b1998096ba808080
80809a808096948086808f90a6808080d386878f80809880b780b4808080a3b596828080d9809cc380808085a980b8808b809fa680809780b980808491808880
8080898c8080878080808e8780808080c98c80848080c4808085948080939f80a08b808090808ec480928080a69092808180a19199809780cc80808093809b89
8080b98080809e8080809da4928d8080d0838084808ccc909286a18b8080d9ba80cd808080a5a2d3808e8080958096808080aad19380b98003948092b7808080
80808c808086a6808080939080808080969680ab889ed3809280aa8080809fa4808080809980a6b280808080b081b280a08088a680808e80e080808fb1808980
80808b80808080808080aaba9a898080aa8080808096a080ac8ca780808bb3b1979c80808b80bdb0809b808080809b808080d4d4be809880d89e80a689809580
80808d808080a880808094ba9a918086da8080928096d780a380c9808084d59e81ac808088ae80d4808080809180b3808b8080b98380a080d0808096b1808080
808080a1868080808080ab94809c8080da8080898080dd8e8f9fdf8080ad93b5808080808080b9cf808e8080b58795808080809ba380a080fa8080809f809680
80808880808d80808080859291808090c7a7808b80808080a180a9808080cc8180808080a980969980808084b380a9868080939f8080b580ab80809789809480
808088808096af818a80909b86808080e18080a2808cb580ba80e18080809bc7808a8080ce9184c180808080a680c8808b808bb99180a180d68080a0b2819180
8080c7808080a980808080919b808081f1b180948087b980ac80a7908080e2b2809c8080c88ea0de80808080ae80cd808080a0b49c80c880148b80949e808180
80809e80808d9c808080899180808080e4a9809b8094d980c180c1808080f2ac84808080ba809cec80808080d28dee8090808ea38080a4800880808491809380
80808a8e80808980808083b78a9380800780808080adf9b89c80d2808080a99d809a808080b69cff808380808180aa808080a4d2ab80908005808087b580ac80
80809d80808b9a808080979fa6808080ba8780868080a180b480a6808080a8ac80808080cf84a1a980808080a480ad80808087b180809680cc80808e88808080
8080808e808494808080baa28a978080ea8080a6809e1299c880e7808080ccb880808080888b91f780808080d980ae80808084c7808087800580808085808080
8080b2808080808080808ea882808080d0808083809dd78085819b8b8080d38680a3998080ab97f2808080808f87c18088809dbc8380ab80f28080a5a2808180
80808080809081808080b494839e8080bb8080a380a4dca3b080e380808095bb9fd48080a4b2840e80808080ac808d8088808bc189808980a4a38080b9808980
80808780809a8089808097a094808080f28080808089b380bf80c3808080b6ada5a68080b986abe880948080a78097808680b2b2a180c280bc80808a8c808080
808095808080b380808096898d998080f2aa80b28080c080c280c5808080a2b380988080a98091c180808080c98eab80808080ad80809480ee80808495808080
8080808080839180808088b7a3808081a380a4958080c380a180d18080809bb293808080be8780cf8a8080809b80c5808b80808980808080bb8280808c928080
8080b5808080a1808080a69f86808080908a80b080a8e580a380a8808080d3a5809b8080879390e280808080a783d080808089b98080808013808080cc808080
80849380808c9d808a809580b88080809b8080b18088cc80d180e9808080a9b684878080ce9497e1808080808e80bb808c8096af888095aac09c8088cf808280
8080a6808080b780808094928f808080bb8f80908080b680ad80a2808080adae808e8080aa809fb0808080808f80a2808080c3be9480a080ee80808dbf808a80
80808f80809496808080988e808e80808f8080a580abd2808780ab80808091b6848a80809380aab980808080ad86a2808a8080af80808080c8808080b1809480
8091808080928080808087a8a2808080b38089918093c580f780c2808080b9db95808080c591a5e880808080a180ed80ae808087808088888580808097858280
80818080809280808080ab9e93808080d08080b48089a980c480ca80808089c680808089b29da6dc81808080bf84d580808080ae80808b80cd80808094809280
80808e828080a080808088b080968080c780809480aaf6899490bd858080cc878098808080a086da808080808680b480928092ce8b809280f98080a0d0808980
80808b808080c2808080a9d98fd48080df8080b180b52cd58080208080808ca395aa968099a380078080808099809080808080c885808080ee808080be80a780
8080be808080af808080aeb8bd848096ce8080c380ca0580f580cc808080e3ca86b98080a3ca804880808080a68af4809f80aed5808091a2f0808091bb808080
80809c8080888b808080849c88808080a78480878097a280808091838080a281808c808098948eb7809380808b809880808082ad80808b80c480808e96808a80
8080988080808080808099cf82808080aa80808080bff98bab9fb3a28080d7c98085808080c9b6f0808080808080bb809b8090e784808780e2b580a9d0808080
80838080808d808a808090ac838c8080bd80808c80aac380b280d8808080c1ca958a8080b1a28fdc808083809380ad80a98092c285808980b09f8096bc808080
80808087808090808080939d80808080a180808c8080ca809290a78080809c92808a8080828f93b8808080809885bb809480809480808a80b9808080a1808080
8080808080918f8081808091b2808091d69380a380849a80c880cc808080ad9e8f808080f78795d391808080b180c080818080838a8098809f80808098808480
8080898080939880808097959d8a8080b78080968088cb80c280cd808080a1c18ba88080d8809dd8808080809080a7809880a4b1b5809280b0928093a6808080
8080809d80808080808091ab8bcf8080ca80809880c01a838d8ef2808080b0c08080808080a4800e808080808a80ac808b8083c3948080802080808cda808280
8080809080808d809580968c8d80808edf9680878080bd80a180cf80808090ae8d808080cf8282e38b808080b880a8808080809893808b809f80808089809480
8083808080808280808084bfba808092c180808d80a3b780b38fd3808080c5c09080808092a595df808080808080d4809d808b9680808e86b180809fcc808080
80808880809f88808080839685808080c580808b808cb0809b81c3808080c19e808d808097829cc0808080808f80b9809484939e8980b080d380809ca9899080
8080828080809d8080809aa39e808080c98080808085c080b290b6808080c6bb89b1808090a693de808480809180aa809c84a0ad8080bd8bb4818098b4808080
808082a180809c808080afa8a197808ba08380b5809bde8d9385e9808080cab480808080809980cf80808080bf80b380808080e680808087f2808091b0808080
8080808080968080808094a59d948080b680808f80b5eb80a880de808080afb98080808096a99ee7808080809380b680a38080b080808080cf888089a7808080
8080808080808080808090e291808080ee8080808084c580a980e1808095a4a1848080809480bccb808080809380ae8080809bbbbc809d80e281808e80919180
8080808080878e808080adbf99808080cd80808880ba0596b780f28080808cdf93a48080a2889ef380808080a780b1809c808ed48f808480c5a180809e808080
808080828080988080808fb999808080a280808e80b1d380a680b5808080b59480808080999997cc808080809780ab808f8080a280808080bb948080a1808080
80808a9280808580808080d280878080f180808080c61e9caca8ba9e809fd5b380b7808080b0bcf9808f80808080cb80808098deac8095800fc78095c8808380
808aba808080a1808080bbb1cb808080c68080a280c3f6800980d6808080e2e79a938080f4b99531808080809780d7809e80bbdd80809194e0918092c9808080
8080a4808093d7808080a9998d808080929f80b9839cd580c780c6808080a79f80ab8080c78093b4808080809d8095808480a6b98380b29ccf9380a6dd808080
80809c808080a5808080a1cc91868080bd80809c80a1ec80a880c6838080acb0809180808d88a6c480818080b580ac80808087da838080802b998093be808080
8080888080808f8080808ca39e808080c5808080808cb580a580b1808080a78498808080a48c8cd8868080809480a08080808b9780809080ba80808097808580
8080b7b68080ab808080b29480b38088bf8180b88096ea9da284a7808085d88080bf8080809a80f7808080809f9f91808080a3d289808080f180808093808180
80818b80808c8d8080808388848080809a818091808da180a5809d808080869392808080ba809eb9808480809580a4809a80a8a482808080a58980809d809880
80808080809b808080809d9d80818080b9808080808bc890969ea8808080a9a08c938080859399cd808180809c80a6809a809bb492808680a080808696808a80
80828580808b8d80808096ac9c8180808d808083809ec880c180b2808080aac18980808cbf80babc80808080a080c8809380929696808080c4808080a1808080
80808f80808095808080859180808080949680b88397bc80a580b1808080ac97808c8080948097ba80808080b480c380908080a580808c90de808088ad808080
8080b08080809a80808096a788808080b089809c80a4c280ca80a5808080c3b994838080b482a4d080818080a080a4808580bbbe8080ab80f18080a5b3808080
808081808097a18080808d8e90808080d480808680809f89aa87a780808098ab898f8080b48092b3808080809d80ab8080829dc591808e80ad80809689809680
808094918080b0808080949a8e9e8080cc8080a780a5e480a880c38080809fba80a98080809787d4808080808b81b88083808abb83808e80e780808cb6808080
8080a080808796808080808a80828080a08c80938090a5808c808d808080a980808c808da5968dac808780a09e80a380808080a980808180d38080a88e808185
808380808094ab808080abbac58080808080809180c1e180b280da808080a3bdac8a8080d6a7a2e3808280808080808aa28096df80808e898dce8084d1808080
80808687808c978080809490809a8080aa8080b480a8f1809b80da80808086cf80ad80808780a2da80808080a6809780818080c980808080ef9a8080e5809780
80809d8080808b80808096b98a808082b38080a080c2fe80ac80bf808080cca580808a8080b989ff80808080a384da80af8089af80808f9eec80809cbf808080
80808080808c8385818080b2898080808b808095809aad808f8db08080809696808080809c808b9f808080808a80ad809b80809a80808088ba8080979f838080
80808080809682838e8085bda38080809b808380808fac80ab80bd80808095ac8f808080af8f83ad808080808280b480a08080a0808780869a85808b96848080
80808e80808788808080a0bb9e8080809980808380c1e4879a89c7808080bcb1ac808080b691c3e48091808086809e808d8098c884808080b5b88080b5809580
808080808081808080809bbcb2808080ac80808080879d80b080b8808080ce9791808080a791a4d3808080809e80ce80808b809180809c80c5808080918c8380
8080848080808d8080808ebfba80809e018080808080a780e480d5808080f3bf83828080dd8a93c48080808cb480d4808c90808c8e80d480be80809785808080
80809780809687808080a5a884808080ba828080808db4809a80a3808080aea180808080d588a8c0808e8080b2809e8089809ba89b809580e480809380808680
80809f80808182808080a29180808080ce9480af8080ac809c80b5808080b98480aa8080818092c887808083ad91a58080809fb98580b4800b80808096809080
80808c8e8080b8808a809aa997808080c59c80938085c980aa80b180808096a980928080b8ae97cd80808080a680a380808093c88080ad80d98780a0a9808080
8080808f8080b8808e80a3999e808084efb080808080c880cd80cf8080809db39b808080ef80adc280808080ba809f8b8080abc68280b380ca80808099808080
80808d808380808080809ec793ac808fe58080928098db80808bdb8c8080ab958098878080b687f8809a80808480b380808080a09d80a18004808097b4809080
808080808080958080809cd3b3808080d180809c829bc780dd80fb808080aab58b808080be808ddf808080808d80c0809280a2b08780ac91ee80808dd3808680
8080808080829080808082b480808080ac8080808097d380868ca3808084c6a5808b808080bb8cc5808080808e80ce808e8080a980808880e3858093b7808080
80808580808c8f808080958f80808080909080a58095b780ab80a680808094aa8f808080a6809ebd80808080c888bb808180809d80808080d58080809f809080
8080a28e92809d808080aa9980b18080cd8a80a78098ca9289809c808080888080c08b8080918dd380998080a3948b8080809cb69880a480e080808ca0808680
808080808084808a80808f9880878080c48080808085ca809a9aaa80808caa9c9dbc8080809885cc80808080a880b6809b808fa7a5809a80aa8c809e8c808080
8080808080888d80808092b6a7808080bf8080818093bc80cb80c7808080adba8f808080c680a2bc808080809f80ba809780829886809880c480808da2808080
808082a98080b980808098ae80808084c98e80a580b90880b18cb9808080d49d8092808080a28af080808080ac80bc808f80808a80809380e0808085bb808080
80808080809a80808f808a80ac808080ed8080928480a780dd80d1808080aec399a48080d380a6da808386809f809a808588c1bba880af80ac81809692899080
8080808280809480808092b5988e8080a380808780b7e6809280cd8d80809aa0a3808080b2809ec3808080808e80af80808080aaaa808080c5aa8080ad808a80
808080808080b6808080a39a96d98080258080be83c22f9cb7802f80808092db99c28080a6b8804c808080809a80b7808f8093d5aa808b80f080808bdc82b080
80808b80808b9b808080b7bc9b808080a78080a380b3f080bc80d0808080c3c98f808080baa398f480808080c280d580958080ad80808080f9808080b7808080
808082808081b68080809bcb86808080bc8180b4919dda80cc80e58080809acc8c938080bf80aecf80998080a580a9808080c0d98880a890279d80a1f5808080
8080808080948d80808094aa9f848080b88080928098bf808c80c4808080a3a480898080989988c5808080809380af80858080ad80808080be8080828b828480
80808580808e8080808094a3898e80809f80808080939e808580a380808096808082808799a199aa8085808084868b809880809e91809480b280809985808780
8080808080808080808091bf8b808080ef808080809dd887ad99d5928080a49a808e808080a597d6809480809680be808080a2bfc0809780e986809ac7808f80
80808085808dcb80808086a890908080958180b980a5e880b480da8080808d8680898080d58080c9808080808c80ae80978083aa86808095c0918096cb808080
80809d808093848080809d9280808080e085808c8080af9e9780b7808080bbc69aa38080aa80c3e380978080aa80998080809ae38480b980c5848080a480b180
808098948080ca808080b6c38d9c8080c68c809480bb0180a080c78f8080c6b180a8808099a287e380ac808099809f808080adfcab809f8017c680a5b9808080
80808d809485be809b80ad8f97848086f4ad809d8080b880b880ca8080808f97809e8080e180a9a580838080b58d838080808cbf8080b880d68080ae80808080
80858580809280868080b1bf8b808080a280808080a8d980c480a4808080c2ad808080809fb5b4c380808080939cbd80c6808dcc9980a280eb8080b880a58080
80809d8080808080808088b481808080a28080808096b6809080869a8080b79780a1808080ba91be808080808c80b680808080bc80809480e18a8093bd808080
808080808080a5808080a2d29a8080809591808c80a3cf809780ac958080ac9d8092808096c680c48087808086809a80978080d880808c91c59880b1c5808080
8098a880808699808c80989cc8808080bd808092809ca980d580cb808080a5c9898080800691a1de808080808280ad808080afbc8f809480c18e8080b8808080
8084a2808080978092808a95cd938080bb80809f809bb080c880b180808095b8a0808080029388df808080808180a0809e80a6ba80808b80b38080a3ae808080
8080999380809c8080808bab89878080b780809a809ed3808080a69180809d8180a68080809594cb809f80809281a380808082c380809180e49c8095a2808080
8080808080a0808080809fbbba808080af8080808091b080ca80be808080b99e97808080bd978ed88880808091809880828080a086808080ac8080808d808080
8080a68080809e8080809bb7b99b8080808080a780aac9809e80c18f8080ccb380968080a1af97d4808180808080a880868080b082808080c8b5808bdf808080
8080a2938080948080808ba480898080c98080a580a8e885a980bf808080b39780ae8080919394f7808080809f809f808080a0b780809683f08c8080a8808080
8080a0808086c7808080a29882808080cd8080af808ff780b680d2808080dea780a380809c838de280808080b380bc808080abd88f80958b178b809dc8808180
8080808d808097808080afb7a999808baf80808480bf09998380e1828080b7b68681808080ca840e808080809580bd80808080ae80808080ca848080be808080
80808088808084808080a5c687b28080b780808c80ba11cc80a8cc938080ac9782bc808080aeabfe80b3808083808380808081b3a8808080eba58080bc809680
808080898080af8080808cb894858080a980809d809eea80ab80d5808080aaa580808080a48080bf808080808f80ad80878080a88d808080e8808080b1808080
8080a79c80809780808090b79eb68080c380808e80c815a08080c0ab8080c38d80c0858080d59005809180808080b180808080d486808080fbac809cbb848480
8080808080809580808082b099948080b8808094808fb480ad80c28080809bad90948080a98e92ca808080808980a8808180809d80808c80a6808088a3808680
8080ac80809ca38090809b8099808080eba380bc80808f80b680be80808099c180bf8080d78c9dbf82808081b682a48080808eaa8b80b180da8080809c808e80
808080808080808080809e988c9880819e8480888098c2809480a7808085a59e8b808080a381a3c880808080a186d9808c86808ca4808280c180808080808080
80848080808093808080c4d6c19280808280808980b10680bc89f7808080d2c18080808084b896f38080808080809080a5808cdb8f808080c2c0809dbaaa8080
808e868080808f80808093dbca808080ae80808c80a9d280d980f7808080becb80808080bd959ec5808080808080b280a8808ab980808999c29680aabe938080
808080808080c18080809ead818080809fa080a580b5e980b580ce80808099c697808080c480bfc880808080cc80cc80908089888080a180ea858084b5808080
80808080808a82808080b78b809c8080e38080ab80b84380c780f3808080a4d180bd808080ac903b80808080d280e1809e8094da8f808080f48a80809d809080
80a0ae8080948b808e8096a2e48080809d80808080a0b680e180e9808080b3c0c1808080138da5c5848080808080ac80818091b88680898396ab8080b3808480
8080a58080809d808780a09b928e8080b88080a380aaca80a380ca808080ad9a88a88080a3a080e680808080a180a2808c8080b187809780c488808baa808080
80838080809d9c80808080808c808080e980809b8996bb83d280ca808080a0d284808080c4809ad780868085a680ae80a680b8ae87809f80ac808093bc808c80
80808080808097808080859980808080809f80a1808da7808080a6808080808098808381a580999d868680809f80a4808080808080808980c78080909e809186
80809f808080c1808080978094c08080d68680c980a0c998af80c680808080c780a28091b9808be180808080c58095808080a4e280809380df808085c980a480
808690808087ad8080808a8fa3808080a98480958084b380b180c280808088ab9e808080d58092c2808080808c80a380808099a589808580b4808080c4809080
808284808095a1808080808890808080a380809a809ba5809880a580808092a68b808080c08094b7808480828e80af809e809eaa80808880b8818097b2808780
80808080808b83809280969bae808080d58d8a9d8081ac80b280d2808080acac94898080ba9b80e68b808080ab80ba808a808d9d80808a80be8080808f809780
80808a80809b80808080a49596938080b480808f808abf80a389c5808080abba8fa480809eb285ee808080809080b180928091cb8d808080ab808080af809b80
808093808080a780808092babf948080f180809480a1dc80c780e9808080b8cf808b8080b9af80fb808080808b80b08085809fd89d808280e08d80a9ba8b8080
808080808087a3808080988080808080d08880c6a780fa80c794ec808080c1c383918080868189f280808080d880e780a68084ba808088a1e5808085b6808c80
8080b3808082b8808080879681808080c3b380b3808bb480aa80ad808080c3b280808080dd809fbf80808080c580c180808089aa80809c80f880808aaf808080
8080888080808580808080d1928280a5d380808080aeba97b090b680809ac68aa4a880809f9f95f4808080809180c680a5899d908a80c4809d8080a2ac808080
8080918080b29c808080adb0c1808082d0808280808cbc80da80df808080dfcaa29f808010a3a2dc808080809b80b180b3909fc19f80ca80ae80809eb8808080
8080808080808980808082b4a5808080c48080a480acee80ea80d7808080b3d480808080889293e980808080b080ed80ac80808e808088b1c88080a7a5978080
808a80808098948080809887879280808880809c8098d5809e84b88080809799808780809e808dbc808080809b809a80a28080a4898080809a83808090808580
808080828092a0808080b1baa0808080d88080808088ec97b09dd4808080c8b897968080ab8d97e78086808086809d808780a7e59b808480b195808095808480
808080b48080808080808594889a8080cc80808080afce918080cb8080808f808080908083a687ec8b808080988c93808180809480808180df8080808b809180
8080808f809183808080bc80808580809fc080978080ac80a280bb808080a69b849d80809b80a3c080818082d28080808080a8c98780bb80ce8080808f809b80
8089a18080809d808080908285a18080a88080908094df80a780a3888080b3889c998080ab809bda808080808887c3809c80d1cc91808380bc9e80888a86b380
8080e7808080c7808080a09a808a8080b48c80d680c40980dc80b4808080d8a880ac8080cf88911580808080aa82d780a380dce4808090871985809ac6808080
808080808080988080808092a0be80800980809480a9cccba58ab880808090a29e848080ad808e16808e808089808f808080d7c4a6809580cc808082cd80bf80
8081838080809e808080999c908280808e8080aa80b3e780c180cb808080a2c58a828080c280a7d8808080809480b580a780a4b280808087c89b8089b9808080
8080a0838080ad80808083a684988080a28980a580a9c8809f80a6848080b389808c80809f9a80ce808080808180ad80958080b78080938be28080a8b7808080
80818f8080908d8180808d9e878080809680808280a6d1809c8185808080c6b580868080af80a5b0809480808580a480898093c08c808080cca3808d80858280
8080808a80809a808080899d80888080809c80a0809dee808680ad808080d3a2808080808380adbf80808080bc84d580a380808680808592eb80809b96808080
8080938080808080808088aaa580808087808080808098808880a48d8080b58c88808080a78ca4b1808080809580a2808080809080809480c687808a9d8b8080
80808f808080918080809fb18d808080a780809c808eb480a180a3808080968b80948080808589b78099808094809280808093b086808780f1808080af808080
80808780808ba580808090ad98808080ab8080888095c0809786a8808080aaa3839880809f9985a3808080808080b180978084b18b808780ae8080aaa3808080
8080808080808280808080bf9cdb8080eb80808180bc00c08080f480808098a2928080809290930b808e808082808080918094cb92808080f780809fa482a480
8080a480809a9c8080809eb2a8848080ba80809f80addf80d480d5808080c4da84978084dc95a0f4808080808080b08082809e0480808080e1ac8089ae808a80
8080878f808090808080a3b380808080bc808081809e0d80a98aab808080dfa38087808080999eef808080809780c1808780a3da87808b801181808da6808080
80808080808c808080809c989c808080c684808b808097809e80a8808080a09c818a8080aa9195bf8b808080a6809b808080808781808e80b68080808c808680
80898e80808d9280808081a190808080b08080808092b580a880c1808080adbdae808080c280b4b8808080808880cd809780a8be80849a80c19a8080c6809880
8080b98080808b808080a8caa88e8080a08080a3809fdb80998c99998080bebc80c6808082caa0048081808080809a808080a4e68a80928006bc8081d4808080
808080808080808080808ea89b808095ec80808a8086a580c580e5808080a9d3ab808080c88e98c182808080b180de809f8080828180ac80aa808087b9809180
808080808094968080808c9480808080c58080878097e580bf80b2808080c796808080808880b2c280808098af80bf80ab80acbe8080a197e080809897808080
808099808080b18080809e9080808081c3cb809e8083c88097809e868080b0aa80918080a492a6ac80808080c080b980808080898280c880048080ada1808080
808088808082ae8d808084c0a49180809880808080a9bb809c80a0808080b09782898080d1c680ca80a0808080809a80b28082b283808581ad9f80aaba808080
80808080808e8e808080809c8e808083dc8c8086808cc380c180da808080bdaf96808080ad849cce80808080bc80db809a8080808080b680ca808080a7808680
808089808080b08080808b94a0808080b980809d808fd680a580b5808080abc0888c8080ce9d9de5808080809b80b6808a80929980808680d991808692808080
8080828080a08080808098a594838080aa80808b809fcf80bb82db808080a8cc80a38080b888b4e1809480809180a2809a8089c19b809780b2ba8089b1908080
808086808088928080809e8c9b858080c280808c809be880d180c180808095c4899d8080b8b8830f808080809e80c380998092b280808080a585808094808080
8082808080808080808093b180808080b580808080a4ef84a396e88080809ac280808080b180a5de80808080d080b780a8808080808080809182808080808080
8080a7808081b780a08092808e80809ec6dc80bb8080a780b680c08080808e8593808080ff80a3cd8a808086c380a0808080abad8080c380c880809ea880a080
80809480808093809780808780a68080a28080ab8195ab899f80ac8080809f87808a8080ab808ccf80808080958d8b808e80bbb480809782be9180a1b6808080
8080a08080808a80808093aeb0808080b880808780addf80c280c18c8080d3c1939f808091b2a3e3808080808380ce809880a3ca9080988ad99a80a2d6808080
8080859680808d80808089b58c958080a080808b80aaf2809b8ba2808080b191809b848080b38bf3808080808a80c48089808aa38e808580f9808088b9808080
808098808086918080809cb29d868080888080a580b4c080cc80ba808080a5a28f838080c39b8cdc808080809780a980ac80a0a780808182b680809da6808080
8080a7808080e480808096ac9f808080bab080ad808aca80db80c1808080a7ba899e8080df8089bd80808080a980aa808080a5b68480b98be6808096d4808080
8080b89d8080948080809bbc80918080db8080ab80a3009c8080d1a68080d1a180b4808080a1acff80b68080958094808080a7f09d80a380509c8098e0809280
8080808080ac9a80808091ccab808080ab80809280bde080dd80ee808080b2b189808080f1898fdb808080809380b980b78080988f808080a3808080ac808080
80808080809981808980809090808080d08080878c8dcf80d286cc808080baba80b280808b9197c980808080b580d7808c8080cf87809582c3a48099a4808080
8080a880808480808080b3b69b808080d9908098809ea780ea80b3808080a5b8a0948080c581b9c780808080ab80bf809080c4cba880d280128080a49b808080
80808080808d9a848780809880808080b18080808093ce80b480b2808080a4a892808080ba81a9a6808080809280a9809e808eb980809380d194808c8f808680
808680808080808084808a9bb6998080a480808280a0b880ac8caa808080a1b5918880809fbf92f3808080808080a7809c80a6b88080808094928091a7808080
808c8d80808380808080c5cada808080b38080868096b780c980d5808080c9b080928080cbb796028080808088809880808786c183808180e18380809d898080
80808080809d8880808092b898808080b4808080808cac80be80ac808080ada187858080b680b8af80838080958098809d80a1b79480b680bb8780a08d808080
8080928f8f80808080809c8f80918080c49180a48088af808080a38080858d80809f9e82809797c5969a80809d8a9d8080808ea18680a68004808086a280a080
8080808f80858d808080a5a18dac80809e8080a2809ee5b595acbf808080b29380948080809280e0809380809e809980808080be94808080b1a28080ab808480
80858083808081808080b5afa8838080ad808080809a0682a48cdd808086a3b5888080808ba3a3e28080808080809380a88094bd9d808080a3b0808392808080
80809e808087a8808080919980958080b08c80948085b780a38095808080cd9180b1808097808f938081808494808e808080a3d08b80a480e08080ae9b808080
808080808089a68080808dc6a1808080b580809289aabe80b180c8808080889a8b808080c98080b880808080a680ba80958080a68a80808cc080808694848080
808085808095a48080808d85809b8080dd8080a58091e9989f80c8808080a2bd89cc8080809395e3808d8080ac80b380808095d896808880d9968080b280a380
808a8a80809180808e80919ac7808084b1809995808a9c80d980d880808091bd9d80808003929cde898080809a80c080948080958c808e8092808080a0808680
808080808080a9808080a2a89c908080d88080a38098e38aae8bd48180809ab080888080809480da80838080b680c1808080a4ca9c808080e1808095c1808f80
808080808092a18080809f9caa808080f88080918b80d080d780eb808080c9c198808080cf8188de80808080bc80ca8097808b9c8080a688c98080829a808080
808086808080b28080809aa080808080c48180ab83acf380ae80c1808080ab9f808e8080808980d480808080b189cd80948098c3808092a0f6808092b4808680
80809d808080938080809cab9b8b8080b48080918091d3849091a0928080c58980b1808080988edc8093808089809f808080a8c89d808380da9880899d808080
80808e8280809b808580b18680aa8080e693809e8080d7a0ad80cd808080b2bb80998080808097b880808081c688ae808080c4ed8e809e800e8080b99e808080
80809f808097908080808e8487828080a58080be80a6e080c580d4808080c8aa80818080b48097ee80808080ca80c980908080ca80808081de9b8080ab808f80
8080808080808880808088b8a780809bc780808080acbe80a680b6808080adae87808080a0a080d58d808080a282c98097808087808080809b80808088808080
8080818080808080808097b4ab808080a08080838080aa808e80bf8080809aaf888e8080998e9db78080808080809580808095b398808a80ce958091a2998e80
80808080808096808d808ba5bc808080b08980ad8093d080d880d3808080a6cf8c818080d9a88add918080809680df80af80809580808fa8be848086ad808080
80808f80808a8e808080a3b6ca8d8080d280808080a4ea80dd80de808080d3e68a808080d3bb8d02808080808080b5809b80a0e380808080dc8280a2b3808080
8080808080809a808080a0a0808c8080c48080bfaea41080a692fd80808098de97a8808080b7800380808080c280dd80ad8080b18480839fe4868080e7808080
8080808080808780808093a2889d8080b7808098809c0380a683df808080a6df8d80808080918feb80808080ab80c580a080809e85808080f1808081c8808080
8080a4808080ab808080a9b486808080cf8080b380a8fb80d680d6828080a9b880c28080959c96e880808080a280ab808080a9e78d809080039f808fd4808680
808095808080b18086808d8a8d808080b1948096808aa580a780a58080808fa984808080d3808fb180808080a9809b80808095b580809380c68080a6b1808080
80808c808098828080808b9f9e808080ab80809e80a4c180db80b88080809fb28e828080b9939bd5818080808e80b5809c8096988a809480c7808083a6808080
8080a4808080a08080809db2af808080e88b809d808ed080d480c3808080d3bc80938080d1959ee280808080b380e180858086b48080ac9200808085a2808080
808c8080808080808080abb8b7808080c78080869188ba80bb81d2808080bbb28c8f80808c9b80f8808080809980be808e8095a380809b83d18080809d858d80
8080808080809a80808093d2a1808080e080809e80ccef80c380e9808080abab83808080a1c880f2808080809b80cd80a88080ad80808088c9808092b6808080
808096808082a68080809ba1a4ae8080a38080af80beeea9a180c980808097b98a918080d3bc801f808080808d80a48080809ade80808080c6b28080c480a080
808080808081a8808080a2b8a6808080be80808180a1f980b780da808080bcd08e808080d0849acb80808080a480d080a680809896808080bb80808490918080
8099878080a28680808098aa92808080ab80808080a5c280bd80d380808097cc94808080f884a9d8808080809880a980a8809eb980808080bb848080b7808080
8080808080959780808080b1b8808080c480808c809cbf80af80d3808080c0b389808080d39280de808080808080ba80988090be80809180cd8d8099b88f8080
8080808080808080808080ab81808080c18080808096df80ac92b7808080b0ab8080828080a1a7d8808080808f80d680a6808b968480a580ea8080aeb4808080
808090828085b1808080939e898c8080a58080938090c8808d81a2808080b48980ae80808d9087b9808380808280a580878080ad82808a80ca808082ad808080
8080908080809d808080a8b2a4808080a38080b2809df180e180bf808080a9be8ca18080a59e94ef808080808f80b98093809eac8a8095a0fc808080cd808080
80809fb6808685808080919380808080be80809380abe8809580a6808080ce8080808b808092a0e780808080b997b18085809ab7808094800e80808095809180
80808080809aa48080808e8280808094c8aa809d808095809e80ac80808091b997808080d18492be80808080be80c98080808080828093809d80808082809480
8080908880809f80808092ac8d898080bc80808f809cdca09498a480808099a492c88080809999f080a280808080878080809bd993808e80c8b38080b0809a80
8080888080808080808089b880808080cc80808180a3db808d98b8a48081c7b2808480808084b9c7808080809a80c8808e8093d58380a380008080aab2808b80
80808080809e878080808cb2ab808083e3808080808f9980c480dc808080a6b895808080e08f86aa808080839680d380a88089ae9b80a4808e808096ac808980
808096808080aa808080869f89808080cba48095808b9d809a80bc8080809ebb9b808080bf80b0b180808080b080ba8080809d9c8080b680e3808089cc808980
808080808080be808080948792808080e48080a18488e780b980dd80808080d5ac998080b6808ade80808080aa80c48080809ba4a6808080bd808080ba809880
808090808080848080809ebfba878080aa80809780adca81a280d5808080af98808a8080afb680f5848a808080809580808080a981808080d3858080b8808080
8080808080868d80808088a88e808080d280808180889489a580be80808080a780808087b98093af80988080a2809180808098b0a980a080bb808087a9808b80
8080808080aa8f808080a4b294808080978080b18abed380ea80e380808083b291988080ec8895d780808a8095809d80b58099b39e808080a0a48080b1808080
80808080808eaf80808097ab8c808080c5808c898080c9809580d4808080808c99898080c4848cb580948080a78091808080809880808d80b48280859a808080
80808e80808480808c80899b92808080fc99808080808080b280af8080809ab399808080e880a9c180808080b180a9808080a3a5b480c380c380808b80809e80
808080808090808d85809cbb80898080bb808080809ce2808380da80808e99b981808080b3ac81d78080848092809c80a48080a49d808080c7988089909c8080
808098808080a380808098d2c4808080a880808c80b3df80b780d0808080b4c89e9c8080bdb8a1d6808080808080958087808bf38080a18cc2cc809bc3808080
80808780808093808080a4a3808a8080a88080b588abf1809780d7838080aeab84a2808087889fe0808b8080ae80bb808980a6c395808081ebaa8089cc808580
80808080809a808080808d9089808080c391888080808280a580a8808080958c99808080c58096bf86808080be80998083808f8b9280a3809f8080808080a08c
8080a3808080ca808080b9bb93808080c9ac809f8092fb80b980a6808080d09a80b48280889fa3dc80808080ca81b180808086c48080b0940180809e9d808080
8080b3818080a8808080ad94808c8080d38080ac80ae1c80c680c4808080dba680c2808082b4860f80808080a480c7809f80bce79b809681118c8087c6809580
80809d808080a980808097abacac8080cd8080a48099db80af80d6888080d7b2809580809e9e80f2808080808080c0808e808dd588809380ec8080b6c79b8b80
808080828380808080809796849d8080b680808c8094d69c8390c28080809a93939a808080a280ec80978080a5809880868093989e808780c080808599808080
80808080808090808080b1c9bb808080bb80809a80a9f280bb8001808080bee88e848080b7ada30580808080ac80d080888085b980808380fe918080bc848080
80808080808f9f8080809da480808080b8808098809efa80a380ce808080b7b28c808080809c8dd580808080c180c8808d80809080808080e7808080aa808080
80808280808a8f8084808786808080a6cdd1809a80808080a880a18080809f8d80808080c9809b9d82808084c4939380808080828d80c680bc80809282809793
80808980808686808080809c81808080cf80808a80a9c680a880c7898080bb9f8a8e8080a18e9bda808880808e80b480ae80a6bd8e80aa80bc8480abbc809580
80838c80808080808080ae85b4808080d680879f8080b780d980ca8080808dd5a5938080c78c97fc80808080c080cd8080809d9298808780b68080809b80ac80
808088808080839b8080988580808080ce9c808580889d8096809980808093a8aa808080ae80ada7808f8080bf80ac808080a6979680ab80f480808a84809a92
80808080808e8080808080b5c3ac8080d280808080b2c980c08fc7808080d4bb8c808080af8f97ee808080808080b9809080c6ecb0808d80e79980b6a79c8880
8080808080809e8080809cc5b2ac8088c580809f80b4ed809180dd838080a0bd86b2808091ce80fd898080808080af80978080c693808080c68f8081c0808080
8080808080908c80808096bea2808080cc80808080adf380ca95d4808080b7c398a6808095a6acdb808080808f80b480a08080a98c80ac81a19a808ea4888080
8080af80808088808080ae9a808380809a8080a08096cc8090808e808080b59080b4808080b288da808280809a80b380808082ca8080808013818080ae809180
808086808080b1808080b1dcaf808080a880809380db0780e68ed4808080b4d8aab28080c0d89c00809880808780ad80b98096c680809c9ba4be80abed808080
8080809e808494808080979c808f80809d80809280a3ea83878db3808080979680968080809796ca808080809580a680888080b280808080cc868080ae809080
8080aa8080808080808098ca96978080b38080888098c8ae80949eb08080a88883bb808080b9a2e7809d8080808083808080a0dd9c808780e0ab808daa809680
808097978a888e8080809a9d89978080f98080848083c380a580bc808080bc8080ab888080b083df80878086a387a580808089c89080a980fa80809980808780
80809f80808d908b8b80818f808880809e80808a80a0c5809e8180808080b38f86a58080a480a1a0808080809c8fa68094838fbf8d80a080c78080a680808080
80808080808087808080d2c1938f8080f49d80b18ca3de8ada8013808080d6dda1a98080a499800580808080d180bc8083809cc18080b286f380808fbf808080
808099808080af80808092b69c808080998080b080b9e780c980b4808080cbcb808080809293a4c4808080809880e180b08081b080809aac018380aeca838080
80808080808699808080a0ab949080809e808089809bdf80a59dc4808080c69f808380808c9795c6808980808380a280a58082a98a808e80cd80809ec7808080
808080808080bc80808092c090808080d88080908092e18aa980ca8080809ebe9a9c8080c7949cd7808080809f80af80808091cc84808580bf988080aa808980
808099808082af8087809bc2aa808088ba84809880b0dc80c080dc978080a2b6809a8080deb195cb808080808b80bd80958083ca9c80a080c3a880a4cf808080
80808088808080808080abd190918080ba80808080c23f97b6a1bb808080c7a984a5808080eea21c808d80808e80b680998087c992808080db9f809896808080
80808086809b8f808080a79b80808080d482809d88a8e6899f80c9808080bca38fad808085918ed880978080b680ad80a0809cb29580a280da808090a6808080
80808080808783808080a6b39a808080b98080988097d380cd80d9808080a2a580848080b380aada80808080af809780808084a180808280ec808080a2808680
80808c8080838380808093b8aa8f8080a580808080a0ac809e809b808080a8a0879680809bb58fb6808d808080808f808e8093b59c808780a29380a19c818080
80808080808080808080a3afaa80808cd08d808080819c809f80b0808080b3a29d808080a8978ac680808080b380b2808080808f8080a780ac80808586808080
8080868080818a80808099a89e808080a580809580a3d180a780cb808080b69d808e8080a09b8fe5808080809b80a7808b8083c280808386cc968080ad808080
80868080808090808080a5a080808080d580819e8080d2808f80fa80808080c787998080ba9083d0808081809080a380a38084aca0809a80d380808bce80a380
808080a88093808080808ca98fbb8080d980809180bbf2cc80800680808098859180868083ae800b8086808091808f808080828e8c808080e4808080ab80a280
808088808081808080809aaec0808093c980808080808980cd80af808080c4a0aa8a8080c7a39bc7808080809d80aa80809284968080c480a180809095808080
8080888080808c8080809fadb280808085808097808da980b980a1808080a3ae93808080b3a080d0838080808f80ad80918080a380808080b280808ca2808080
8080868080808080808082b79b8c8091cc80808880a3d580ac95e58c8080c6c482808080a0b0a3f0808080809d80d9809580809e93809080c49e808dc7808080
808094808080968080809bb2938080809880808280b9d580a7808f808080b686928d8080809a82da80808080919ac280a3809ba080808686b080809399808080
808096808080b6808080c0cb84a080809c80809e80a7fe86b597b5808080dba180c880808bac95f1808c80808d808f80808095f280808980da9c808db4808080
8080a480808fa080808080848f808080d09b809280809580ba809e808080a2bc908b8080d280a2ad80808080a4809b808080a19f88809e80d08080809a809180
80808b80808c80808f809e9baa888080aa80809a8085b280c780d0808080adbb969c8080cb9786ea808080809080a3809880aac895808080a694808ba8808f80
808097808080b98080809dc7918d8080a193809180b7e4809f80ba908080a28980898080acb099ae80a08080a680b080808080b88c80ad80ff9e80c4ba808080
808080a280819c808d808a9580848080bea280918093c6829680cc808080949097858080b5809dd1809f8080b48097808080abdd80809c80bca98080ab80a580
80809580808095808f808080a5868080dd85809580809480b380aa808080ada880808080d68088de808080808f80a6808780b6a59680a080b080809caa809180
80809a8080858e808080b2bcaa9d80809780809280a5c880a780b8808080b0ac80aa8080aba993cf80808080808095809080b7cfad808080ce8280a399828080
8080b8808095a58080808c8980808080c4a3808c80809580a38088808080d9a980908080cc809ea88080808ab08092808080abcd8c80b680e280809299809480
8080808080818c808080809b968b8080f5808087809dd2a3b680cd808080d6b680808080a29896f8808c80828080a580ae80a7dd8a80a980eb8080c3cb808d80
80809280809ba580808091a187808080b280809580afd8809a80b6808080a19e809b8080b0809cb580808080848ca580a1808cb08b809c80d0808095a8848880
808085808080d180808080968b808080d495809b8090c280af80a1808080a3b380898080d7808dc280808080ae80b780808093a78780a280df80809394808080
8080a98d90809980808094a394a28080108c80aa8098c8809f80cf808080c48d80b380808eb787fb80898080b580b98080808bcd8780bc80108080908b808580
80808084808193808080808980808080a8a6809e8192c380ad80b4808080a1878080808097809aae80808080be80b9809880919f80808d85bd80808e9e808580
8080808080858080808092c59b808080bb8080808094b680a480d9808080a39e92808080c693a7b8808380809980ae808f80809c9d808680c88780889d908480
8080b6808080a180808086b1ab898080c38080ae80a2c980b480b0808080bfa580ab8080b8b388fd888080809680ba80808086b180809b80e1818080ab808080
80809f808082b88098809a80ae808083efc58fa08080a580cb80a3808080c7be94808080e780a3be80808080e699dd80808080918080a58dd880808c80948681
8080948080809d808080a9ad89a68080aa8080a580a1f5868c92c2958080cfb980ca808080ab82ed80a2808091809780808080d399808380f4ae8080cd808080
80808380808080808080929480808080d99d80888f80a7809480b2808080b9a8838f8080829b8ed780808080be80ac8080808ba38080b080d8808080a7809580
80808880808080808080a5a89d808080a880808d8091b780b781a3808080ba9081928080869c8fd6808380808f80a6808680b6c68a808f90cf80809899808080
8081948a80808480808091a1808d80808780809280a5cf808d809c808080ab8c80868080808e9bcd80808080938c9a80808080a180808080c28880809e808080
8085a6808080af808080979d96828080a98080ac809dcf80b280d880808097b9868080a2c580a6ca808080809880b380808083ac80808080e0888080ca809880
8080808080808d80808080ac9b9a8080e880809280b2e88faa8df2808080b7c68780808090978ee680808080a480c2809880809d8b809080b8808091b0858080
8080a5808095b88080808daaa4808080c88480968083aa80c580ac808080babb809c8080eb808bb1808080809980a8808e8497ad86808f80c480809990808080
808080808080aa809b80839b8e90808a83808aa28080ae809380c080808080808089808ca280809d8080808080808880808080ab85808180a79f8093b2808080
80808e80808b998080808ea18b808080909680a78092af80a180a3808080adac8081808bbb88adbb80808080ab80bc808280809880809880e5808083af808080
80868080809183809580839090808080a3848f91808ba980b480aa808080919a89808080ae808bba89808080a384af869480859d80808380a08080808e808380
808098848080908080808ca080808080a38080a1809dd180a084a5808080af8880938080808b94d6808080809790ad809380b4ae85809190d780809fb0808080
8080808080808980808092cfb9808080c880808080a8cd80b180c0808080b9b891808080b4a995e3808080809380c780978080ac82808980c380809499888080
8085808080808080858086afa9888080a6808090808ba1809a80b280808090a6808b8080a2978ecd8080808080809f8088808c9d87808080a684809389888a80
80808080809a908080809bb386808080b58080808094cb80b183aa808080c9b580868080b289a3b0808080808780ba80a180a2b4c1809f80c485809e8c8a8080
808083808080888080808d9686808084c69080808096a380a280b1808080b4989b8280809e9390c480808080ad80b4809a809b8e8080aa80b68080959a808080
808080af8080c0808080b5a6808b8080cd9f80a380920b869b8ece80808092908086808080809dc280918080bc808e80808090ab80809180fa808094ae808080
808780808089888080809093ab808080c680818980809980bd80b38080808db886808086c8809cc480808080a480aa808080899b8a808080b38080808b808680
8080b7a68080988080808b8880a48080dc80809a808bb7868680a380808ed19a80c98080809591e180808080a7899f808080aadb8480a980f580808696808480
80829180809b808080808a99a3808080ae80809f80a0b680bf80b4808080b0cc80808080c680b3e080808080af80cc80868080b980808080ca80808094808080
8080808080808080808094b0a88d80a2c38080808080af80a680df8080809eb692808080b68da1e281808080b180bd808080808092808b80a280808083808080
80858c8f80969280808095a1808080808080809880bacf8089809b808080a2828080808c9d80b1b080928080978796809a8080a480808080cd808080a5808d80
808ea38080a49a8083808988bc808080eb808d9c8098af80e480d28080809dd59a8080802880a6f880808080a580d1808680aaab91808980bb8080809e809280
80809480809c878080809c9680808080a98080988095b180b880a7808080a7ac80808080b080a7c080808080b880a680828083ad80808880c780808097808680
80808d8080808780808087b1858080808c80808580a8cb80b2808e808080d5a080808080828aa1b180808080aa80af809d8080b480808f87d88c80b0a3808080
808093808080ab808080aab7a2ab8080c180809880a0ea879480ce858080b8a1808b80808f9593de80808080a284a7808080b3c98c808880198080a2aa808080
8080b18080808c808080aca895808080a78080a080aee280e280a0808080c0a98a8e8080a7a48efc808080809c80c780a680b6cf8080919cdd808098ae808080
80808080808ea98080808faa89808080a98280968085ae808e80aa808080a89683808080aa8d80b1809a80809a80a3809b8080b780808288ce8080a8a5808080
8080808080998880808093aca58080809b808080808ea280a980ac808080aba0868a8080b0839cbd8080808086808a8092808a9891809080a180808097808380
8080988080b8c4808080d2b4ce808080928080a980b5fa801480e6808080d2c095988080119790f6808080808b80ab809987b1cc9e80af93b7888095d0808080
8080958080809180808098b1b280808e988c808b8090a780ad80be808080b5b4a6808080d280acb9808080808f809f80868098b68680ae80a58d8098bb808080
8080af80808ace808080808ea080808bf7c196ac808baa80d080c0808080c1bca480808021808ee28c808080ca80d88080808f8c8080b180e1808080a4808c80
80808080808090808080a4d2aca28080c880808780a6f6908793e6808080a2b7a4bb808080b98fff808b80808480ac80808080af95808080b38e8080b8808080
8080a4808080a6808080a1b6a6878080b98082a38098d380c880e580808091c996c18080bb8e93d7808080808d80978086809ad28a808d80ab9c809ac8808080
808080808080808080809ac19d8c80809c808084809ac580ab93c0808080a3b08080808087a380c8808080809c80b480a48080a283808082b5808080a6808080
8080809f80809980808080a780a98080be80808880b1d8818e87ac808080a08980878080809386be8086808086809980938080bd80808c81d38080a3a8808080
80808c80808f808080808fa9a2b58080be80808a80d9f4a79e80e280808090a685808080b293940b8080808089808c808f8091bc8f808080d58c8080ba808e80
80808080808099808080b8caa4a5808e8080808c80a1d899969bcb808080cf8880a380809999a1c4808b808095808080808080d48f808d80aeb2809ea0808080
8080808080808e80808092ac95808080d680809480a7d180c589d7808080c4a59c8780809e968eee80808080a280d380ac80ada094809b8da48080abb2808080
8080a38080809b808080a3b79c858080e68080a380b6f280d080c6808080ceb08099808080a480fd808080809280d6808280b9e09f8092801b808092bb809880
808081808091818080808d9580808080bc8080898089cc80bb80a8808080c4b0808e80808a93a3ca80808080c280c0808f8080a78180a284d780809893808080
8080808080909b8080808fc2a9918080a180808b80a6d980b380c5808080baa4808080809a8786b2808080808180a280a58086c38d808080c388809e91928080
8080b4808080a880808080a58d808080ae8a809080a9de80a1809c938080dca380978080919ba0d3808080809680c880978098b880809a82e0a280a0c7808080
80809b878080b98080808f9aa9808087ac83809b80a1d780bb80be808080c1b882808080d581a2df808080808b80b98087809bb09a809e80baa18082bd808080
8080aa80809c8b808080abb4b58d8080ad80808c808ec480c680c8808080d3bd84938080d48694de8080808089809f8088809ed292808080cc84808d90928680
808080808080968080808499908080819f8780a18089a2809e80a880808093af878080808c9786b584808080a380c5809280808080808988aa80808aa7808080
8080c78080808f8083808097a5808085e3a98f838093a080b180b1808080dca4a88080800b80b9ef80808080c280cd808080a2ab8080bb80d68180808c809680
808095a68097b98080809a8080808080b9be80998080bd80a08094808080b29b81818080bf809ab280808080bd80a0808080a5c280809480c880808082809280
80809480808090808a809ea1b2828080d080808b809cb980b980ba808080a3dc8e8d8080c1ad94dd808080808480c18087809dc587808480b788808ba2808f80
808087ad809680808080a38880908080a58080a78096e2858080bb808080a48580a291808087a9d780908080a4908c80808080a480808b8000808080b980af80
808080808099aa808080a2b597808080bc8080888086d780b286d0808080b7a2838d8080bd938bcd808080809e80b480a28091ab8b809f84bd8080a5b2808080
8080958080878080808091afa5808080d4808080808d9b88bc80ae80808097b4a7828080d087b3ce809a8680888088808080b0d79b808880bb94808086809b80
8080ad8b8180be808080a19384b58080ed8980a782a5f3808e80d4878080bdac80bc808087a680e8808880809980a380808087c59b80b280fa8080a7c7808880
808088998082958080808f9980a180808f8080a180a2d2808189a6808080a98080808080808788d5808180809e8ca0808080859780808080e180808885808680
80809c8080879a80808090d0d6808088ab80808080a7bc80c380d2868080cbc4a4808080e9adaed4808080808080c8808d809ad88980b38ac3b980a4ce808080
80928080808e8180808087adb3808080b380808c808aa780cf80bf8080809ec39d808081ce8a95cf808080808080cf809b8388aa80808980a3808090a5808280
8080a180809091808080a5a0a99280808c80809180a1b580b1809f808080bdad809d8080b1a589d48080808088808980828096d380808380be9a808ea7808080
808090808080a6808080a5a5a7808080df8080868083df80dd80ca808080dad280808080a281addc80808080a380c9808080acba8980a7800b808088ae808080
808098808086a18081808098a3808088aa9280a08090ab80ae80ad808080b0b08b808080e68c8bc292808080a880d5808380808080808a80c08080809b808080
8080808080808087878080a29fb58080b5808080809abb84a081b2808080889b978d808099b080eb8080808080809880a480aeada5808080968680929a808780
8080a4808080c0808080aca688808080bc8d80af80a81080aa80b3808080ced680aa808080a5aa02808080809b80e4808b80b1ca80809e8214808080e5808680
8080809180889b8080809ba4808080809a9a809280af0480ab80ae808080c0a88080808092819fd880808080ca80c9809e8085968080868000808080a5808080
8080808b808098808080808b808d8080e6808098808fcc80b39bc9808080a1a88080808088808be180808080a080b9809b80b0c897808f80c7848092b880a680
8080a580808eab8080809996b08080808a8080af80abc780b580b3808080bba580808080c69492ce808080809a8ad1808e8080b380808087e28c8080a6808080
80808d80808097808a80958c88b78080ea8680b2919cf380b480ed808080b59380ae80809b8e8008808180809f809d808380bae28880b085008080acb9808180
8083878080958f8085808eb4d5808098d480869180909480e480c5808080b2d4af808080219e80f2998080809080dc808280809380808d80998080809c808280
8080808080a0928080808fa3878080809a8080838098b7809d809b808080c59880808080a89195b2808080809e80b0809580809c83809680c480808f84848080
8080809080808f808080a4a8878b808093808080809c05808b98a7808080b9808493808098a98df2809c80808f80a280b180939a96808080b087808d80808080
8080838080809d80808080a2a3808080d789808e808ec680b680ca828080d2b98a828080d68093e9808080809f80c2808d808f9295809c80bd8e8089a2808080
80808e8080a3aa8080808a9996808080a69580a38098b880be80b4808080a89d83898080e08093c480808080a980b1809980849a80809184bb808080a0808080
80848080808f9b8082808689919f8080ad8080a88baedc80b080da808080a3b483868080ac9480ea808080808e80ae80af8096bb8a808089b09a8087ca808080
8080a9808080bd8080808d88818080809ea080b780a5bf80aa80a48080809f9a809b8080a78f97c280808080a282be808f809fb580809590dd8d809bb9808380
8080a38080809780808096a29aab8080c38080ab80a8e28abd80bf808080b1af85a5808093b58015808080808a80b0808580b4de8c808080ea8b8080c8809c80
808aa980808090808480afa0d2808080ab8080958097b180d280cf808080a5c6a8808080f6b595e98d8080808580a9808c8092c080809986af848080be808080
8080ab92809189808680828080908080d585809380809b8085809d808080b98080bd8080918c8ccf818f808da380968080809cb69380c480cd80808c91809780
808084808080ab809080808bb5978080da80809a809fc280cb80ca80808093c68d848080ee9880ef808080808a80a3809780bac08a808c80a98d80a5c2808080
80808080808fd3808080b7d1b28080808a8080af80b7fd80d280e9808080ca80828c8080d98a84de808080809280a880a58080b0808098a3b4888089b1808080
808092868086cc808080a7a98091808380af80ba84c2f2809880b5808080ad8080808080c7848db78096808091809c80bc80809f8980a180c28080a7e3808080
8080968080a3a3808080a6a0a5808080be80809d8093d880d780be808080e1a080828080d08097dc80808080a480be809189b1be8c809689ef80809980808080
80808080808080808080b6c1cd808080ec8080808085c480ca80fc80808093d695808080d083bbdc80808080a080b0808080b293ac809280e780808780b08080
80888080808693808080898ea3808080a78080858090c280ac80ba808080a8ab87808080c186a6d2808080809480be809b80909c83808780a383808097808080
8080918080808f80808083ad8e808080bdad809c8082a280bf80af808080a5be8e808080b780a6c288808080b980cc80808080978080ae80ee808080b6808c80
80809e8080808080908080a395b18080cd8080ab80b7d880b780e5808080d0b8808a8080999b8002808080809d80ba8093808cac88809d80e980809dc6808080
80848a80808a91808180809fad808086c680848080809a80b380b3808080a3b090808080da8097a3808080808280c5808e80869b94839b80a580808994808280
8080808e808ab3808080808880a08080cd8080b28a9cee809b8fd8808080a0b2808b80808d80a1cb80a38080b180ac809f8098ba8a809686c693808fcd809380
80808088808098808080abbe91a18080a680808080b031809997dc808080cec4808480808080bee7808b80809180a5808e8099a39d80808009a980809f8e8080
808080928080808080808baf93a58080ab808080809ce78a8091e58080828b9280808080828f8de180808080818092808e8080808d808080ce80808090818080
80838c8080809c808080add2cd8080969d808080809ab2809880bf808080b9b296828080c2b086b9808080808080a58081809bd480808080a5b180c0999f8080
808da380809cc0808680a9acca808080a38080898098c980c980b6808080afae94a18080ff8c979b8080808080848d8080888dac9180ae87b5898090a3808080
808080858080ac80808092c991918080a280808680da0a80bf89c6808080c9c88f8c8080b1a3b4fd808080809f80d580a48092c780809c80d1b38080a6808080
8080ab80808b84808080afa59f8080808a81808980bad280b58098808080d8aa8c808080a5aeaee1808080809580d180a680a1b28d809880d1818091b1808080
80809a8080869e808080828d82808080b2868080808eb680a8808c808080ada696808080bb80b6b380808080a081be808c80b8a693808a80bd8080808d80a680
808087808097928080808d8c80808080db82808f8093c180ba80b38080809ba48a8a8080b380b1ca80808080af84b3808f80afbb9180aa80dd80808b90809080
8080808580808b8080808394808c8080d68080868097dfa78f85d480808082af808f80808389a0e48091808097809d80808083a68d808380bb858080a2808f80
808c8080808a80808080bbb7b4988094b780808080a5e687a080f9808080bcc197808080aaaf8007808080808980be8091828ab6808080809e80808092808080
80899980808087808a808ca0ca808084a7808d9d80829c80b180c8808080a9a89c808080fd8094e38b8080808880b3808080809e81808680af8d8080a8808d80
80808d8e8080d2808080969e88808080c4808091809f0480a280c48080809fbc8f808080cc80aed3808180809d80c4808080a4a792808180fd808080c5808580
8080ae8080a5a7808080a38890808080ab9a80a7808ecf80b6809d808080d3b3829e8080c58093cf80808080ad80bc80908098d58e808280d580808997809580
808080808080808080808ad0a5808080d580838080808d80a180d1808080a39e8d808080bb82c1b88080808096809c80808090a8a9809b80de808081a3809a80
80808d8080868080808097a8a5a78080a980808880a5bc8e8988c0808082bbad8695808085b4a3e9808080808d80b980808080b488808080bd868080a8808c80
80808680808d9380808099aa99808080ab82808b8099ab80be80ac808080a3a597888080b39c8dc5808080808d809b8092809fa788809187b4808090bb808080
808084808080cb808080c38ca0858084cba980b08080e480db80db808080a4bd80968080c88086d580808080be809d8080809dba9b808d80cc808080ba808080
8080808080808780808094ce8d808080bf808080808fe9809fa3c4878082e9b48080808080a8a9d6808080808080d2809c8089b68980a580f48e80a6c6808080
808088808080af80808096af82808080928a809980b7ee809f80b1868080adb5899b8080809895d0808080809f80bc809f8080a480808980ce8f808ad7808080
808080808080b1808e8091b68e808080908bae9a8080b580ab80ce808080808f85868084bf8083858a808080898092808080808c9c808280e6958080a08f8980
808b878080808b8093808fa0ad8080919382808e8080ac80a580b4878080969caa808080d184a3c8828080808180b880878098a0808083808a958080a3809b80
8080808080858080808080a380808080c4808080888bc080a494b780808094ab959f808080a492c080808080a080c780a28080968180a480b580809bb0808080
8080808580809680808091ad939280839b80809980aad5808080bf808080a6808785808080a586d68e8080809c80bd809180808186808080c7808080a4808080
808099838080a280808088a294988080a78080a880a7d880a280c0808080a1a4808d80808a8e91e2808080808c809e808380a7ad80808080e2838088ba808280
80809280809b9e80808096b8c8808080ef8080828080aa80f380c6808080c5d5acc88080f78bb1c9808080809b80a280808ea2cca580f180cc80809ba7808080
80808080808083808080979995878080c380819d828bc9809480e48080809aaa9093808090a580e680808480a480bc809180808c8a808080ab808080a2849280
80808f80808b808080809f80808080800980809180808d80bb80ce808080a8b980ae8080a98094d480808084b080aa808088a1aab780d080da8080809480a480
80839a808080978084808a95978080809889808680808b8094809b808080859592888080c38496ab8180808095808480808098a780809380ac918080aa808880
808095808080a680808084c6a98080809480809380a3b7809280b39780809c8b80888080ae9297aa8088808080809280808087b988809e81d6b78098c7808080
80808080808086808080809aa08a8080b2808087809eb492988cae808080a1a4808080809a9587d0808580808980a88099808fae86808080ad8d808eb0808080
8080908080808c8080809f8a8990808bf58c80948080b4808880c480808081a1898280829680a0c780808080b394a280808080868280a380cf80808b8480a180
80808080808784808a808fa0a7808080148083a48989c68018800d808080bcf7a8808080f280a1f780808080d980f5809680839d8080b690a4808080af808780
8080808b80869780808080958c8d8080a580809980aada87ac8dab808080c3918080808093868ee0808080809680a080a1809db882808680bf95808ea3808080
8080808080948080808086ba90808080c080868080a0c180b380d58080828eaf9180808097869cd180808080a3809a809c8080a4808090809b8080809a808080
8080808080808a80808080bda3808080cd8080808098bb80a280c4808080b5b0b0898080b192aad7808080809480ae80938080a78080a580ad928090a0808080
808090808080808080809ea680868080c480808c8080a882a380b7808089a8a980a8808080a0b1d3808a8080ac808080808080ba8080b080ef80808b9c808080
808086808080a080808094b09d808083da80809280a7f580b980e58080809fe694808080b1a7b2ed808080808180e9809a808fae9d809280d68d8080e8809080
8080828e8080b2808080819680808084e5b180a98080d780a880d2808080d2bc80808080ac80adda80808080c680e780808086a18080a380fe808089b2809480
808085808085988c9280808080808080be9d809d8098b980ac80b0808080b7ac80808080c1808ddc80808080ca80c5808780809180808f80c88080849c809580
80808880808096808080afc684808080a98080a180b41980bc85b8808080dd93818080808098970980808080c289f380a180969c80808eaa09808092a5808080
80808b808084808080809cb5b2898080cf80808080a9dc93b080e8848080d8bb94ac808095c88616808080809180b780878080ac80808c80c281808bb7878180
80838093808eb8808080979d87808080ae8c80938096eb80d280c0808080be8d80808080b68084cb80808080aa80c2808f80a9b18a808085c582808093808380
8080a08080829480808094b186808080c980809f80b3e281ac80e1808080c5d580808080b7a59201808d8080b780b580888080db80809280efa38084d2808080
808080808b8080808080b7a583808080f28480918480cf80a180e480808184be9b9f8080809288d780808080b380a18081808d9f8b80b78013808080ad808e80
808497828095b5808080839086808080aa83809d8083c280b38097808080c9ab808a8080b2809b9e808080809c809280848099a086808780d38080878f808280
8080888080808480808099afa1808080b680808b80a2b580bd8099808080a8a18c858080a6a785e78a8080809380b680828086a18d809480c48080809d808080
8086808280828f8080808ba6a48080808e8080908097ba809483a88080809987808080809d9b80c68a8480808580ac808c86809480808086b585808097808080
808180a7808da18080808a9180808080a18a80a58099eb808c86b0808080bca480808080a380a6b6808d8080a180b980ab8080ad80808680e880808ab1808d80
80808080808b94808080a2a08b868080c780809980b50d8de380e180808084c489a38080a2a49a07808080809d80a580a18080bf80808080a8828080b7808080
80808080808ca78080808f8080808080d59280a78080d780a480cd808080a3c883808080ba809bdd80808080bd80bc80918097a180809480cf808080a9808980
80808080808798808080808a98868080b28080a48098c380c080b980808098bb80808080b3809ac4808080808f80c780988093a38f808180b7808080b9808780
808091808080c2808580908085808080e3bb80b98080c280b580c980808099c48fac8080cd828dd580808080b680c7808680a7869380aa80cf808080b1809f80
8085848080878280808080a180808080a08083808098b4808081ae96808080969b8080818880ad9a80989b80808098809180809480808480bd8b8089ae88ac80
8080808080808080808080b980808080cc8080808088d480a693af8c8096b2af87b6808080c099dc808080808c80bf80a88080b78b809a80a59180aba0808080
80808c808080878080809694869f8080d88080888085cfa98685c28380809d978aac8080808293d48080808097809e808080b9afbd808e80f180808ba1809580
808082808090b7808080959ea4ab8080bb8080b095a2e080ba80e08080809eab80ab8080cda780e0808080808a809e80ae8082d38e80848cb98480b3cd808080
8080aa80808b9580808090a995808080aa868087808e9b808f809b808080ba9080958080b4919ab98085808792809e80808099dc8080a580eb96808cab808380
80809b8080819e808080b3ceca8080808e80809380bcf480ce8013808080bfcca8808080e592bedf80808080808091808a80a9fa9a808c80d1e78086ec808080
8080808380809a8080809ad9bca080a1a280809480bf0ea48098d1b18080c1928194808080bf95f3808080808080aa80808080b18f808080c2b880abc0948080
80808080808080808080bfaeb0808080e480808e808bc880c380ef808080a2d79d838080c99a80cf80808080cc80c280828080ad80809b80c980808c848a8080
80808c808080bb808080908080908080bcb580c88080b9809080cf808080979180988080a68087b5809a8080b780808080808da38980a380e5808098cf809180
8080918580889c808080808e80868080af81809980b0c5809f80a0808080aa89808080809f8098be8081808099809e809c809bba80809780d48080a6a2808780
8080918080849280808080ab80808080ad8080808090cf80ad809b808080e1ac80858080abbaa9c9808080838a80d780b58080b58080b980d49780aebd808080
80808080808080808080b0d3a4a180849280808780a7e482a6abd8808080cfa5808e808080ba94e7808280808080b080918080ba99808080c59c8089c3818080
80808080808c808080809eab91808080ac8080958096d2808f80d6808080bdb480808080829aa4de80808080a580a4809180809480808480e280808ba4868080
8080858080808080808093a980808080d380808f8095d8809f85ba838080a09d809280808080aac280818080a480b4808080abc79780948007808084b6809a80
8080938e8083a1808080838080b08080bd8080aa808fcb809b80aa8080809b9a80b3808093a688e7808080859980ac808b8091d080808880d28c8080b780a780
8080a18080a5d580808096b69e808080cf8d809680a1d980e180c4808080b0b2898d8080f9809bbe80808081a380a5808280aabc8080a383e2808096b9808080
808080808080908080809dcdc8808080a380808c80a0c480bb80ea808080a5bd97808080ce929ed2808080809280b280808080ba8080858ad79b8088ca808080
80808580809b968080809b969a808080e68080808080bd80e680cc808080d9cb809b8080c880aac680808092b380bd80ad96b4afab80d18bc78080b389918080
808080808096b1809c809cc2b1808080c38080898087c680d080e1808080899680898080ec8097a68080808090809180828090bba080a980cf8080a595808080
8080a98080809580808097b08fbc8080b48980b38086c3809f809e8080808e8783b780808e9791f0938080809a8fa3808080a5bb9f80948000808080a2809e80
80808f808080a2808080808086808080ada180b88080b980bc80c1808080bda580808080b980a0d380808080c380e5808080808080808a80d8808080a6809780
808380808080888085808fa0b2808080ae80809c818397809f80b28080809fa6808480809da480b6838080809580b3808980809d80808694aa80808a9b808080
80808e93808093808080859f8fab8080c780809a808fb6a08180a8808080a28080a98083818f94e38097808097838d80808096d38a809d80f589808099809580
80808080809d9d8080809a9485808080cea0809d82809e80ab80b1808080b1b28b868080b78485be80808080b480a88082808b908f80a380cb80808b9c809280
80808980808080808080c4d1ba808080d980809d80ad2680cd80e4808080cddf9a92808080aa8b2f80808080a680cf808480afe18e80808e2f878088ab808080
8080a38080808a80808096ad9daf8080b08080a880a8e480a180e5808080b3bf93828080a280a6f180808080aa80ac80808086b68e808080ff848080c3829780
8080809280808d808080a6b596a88080c380809680942f8f80801d80808093a5828080808d9b831c80808080a480b1808080808c80808080ef80808096908080
808090808084ae8080809fa480808080a9a980b980b4df80cf80d3808080a2a88e878080c480a0cb80808080b780d180b280c0b48080959ad38980ace2808080
80808b808080888080808cb685808080f88080808091d58d9588b5918080a6d1a8b98080808fb2eb80a080809e80a8808080a1c39c809f80ee8a8080c3809b80
80809c808084a88080809ca3ad808080c18a80a6809bc180e680c08080809fbaa38a8080cf939bd780808080a680bd8098809db58080a099d6808088bb808080
80808080809090808080829380858080be8080a2808ccd80b180ce808080bea3808080809e80a4c58093808eb580918080809ebf8080b780ed8080acc5808580
8080aa808087af808080938e80938080da8080c1809fdf80b080e3808080d2ab80a78080a58095f180808080ac80b7808080b4e08d809e800c93808cbc809f80
80808e9b808080808080829e869180808c80809a80a7c1858b8192808080c8808080808a808a9fdd80808080ab95aa80808080c180808080f38e808090808980
808080808080ad808080859b80808080cd8080a18898fc809992d6808080c2b480848080809285e280808080b180c780ad8081b780808c91ec80808dc5808880
80808080808091808080ab99c58080800180979e9380b680fb80f880808093e1cb818080009c821281808080c480bf8080809c849780aa80c0808080b5809580
80808580808ea38080808b93ab808080b08080a38680b680bb80b6808080a7b381948080b1808db9808080809480bb80888085af85809296c780808aaf808080
8080818080808e808080a7ccb1808080f48080808084cb86bf98c3808080e5cd80a7808080bb99e8809780808880c580808399d0a680bc800280809eb7808080
8080808080808c8080809ba7bc948080cc80809f80afe380c380ec808080a5ce8c918080c7a68028808880808480a4808e80b6eb8b808080c3b68080c9809080
8080a98e8080d2808080aa9d80a88080e09880bb808ceb80a180cb878080c3aa80ba8080959480e4809480809b809a80808095d59b80a2800980809ccc808f80
808089808080ac808080a0b3b985808a8080809680a6c3809b80c0818080af9180888080adaa83b7808d808080808c80858081b780808699a9b680a0cb808080
80808080808e898080808c8c9a9f8080a88080948094c5809e80b680808098948b9d8080b5be80eb808080809080b680a88084a98b808080948b8080a0808e80
8080958180809780808095b8a9948096c58080ac809fd5808f80e2808080d09d808e8080a8a780fe848080809880b580808080b980808080ed8080809e808780
8080868080808080808099cdbb808083bf80808980a7c980b980d0878080cfce8e848080ab9d9ad9808080808080d380938688b081809280ce87808dc2808080
808290808081aa808080abbfd6808080998080a880b2e580db80e080808094cdb1878080e7a78dfa808080808080a5809c809ed180808794b19f8080ea808080
8080a69a808094808080aca492af80808780809d80a8e693aa89a0808080c09b80a8808080a892e88080808086808080808095ea80808080ceae80849e808080
8080a38080988180808097acc38c8080c880808980a0c280b680ca808080d2d396998080d1a6ac02808080808080b4808380b4f7a3808e80d0af8095be809e80
8080918280808a808c8081938d978080b98080928084ae809b8d9c808083ad8a85998080919b80e6808080808a85a9808080acb68c809080b780808c8c808f80
80808080808a8080808082a880808080c2808080809dde80ae9dcc808085b2ad8080808089a3a9d180808080a280d780b480809180809380a68080809a808080
8080928080838580808094a1a6808080b080808d80a1d280c580b2808080ad9196808080b88d9ced80808080958cc4808f8198ab80808a80be80808091808080
80809a80809594808080adcac5808080fc80808080a8de800a80ea808080f8dca1808080f38cc10580808080b380ed80ab89b6c88080c59bf88080a3aa808080
808284808080928080808c8faf80808bb48280a88083a480b180d78080808f9b808f8080d29e80dda38080809680b2808080809498808080ae8b8080b1808080
8080808080919680808081a18384808fcf808090819bb680a287e180808092a480808080c69580db80808080a680b080b58080a3958080809d80809aad809780
8080808080a097808080a0a394808080e18083838080df80c780f1808080a6bd80808080c0848cd480808080a180c080ab80969c92808e80aa80808c80868080
808080808080a3808080a4baa18b8080e8ae80b28085be80fb80e38080809af596888080b391a2f280808080cb80da8080808bb08080b380fe808088b6808080
808094808080988080808ba1808080809b9c80988089c4809480b4808080b09e8080808098809fab80808080af80c78080808b9380808e801981809dba808080
80808980809387808080888b8b808080a98080868097b2809480a2808080a58492828080a48998bf808080809489a4809680939d83809080ae80808492808b80
80808d8080809080808091ac92808080d38680b28096bc80c380cb808080a2b080978080a79698d494808080a480bf80818085ab8080a986f8808080be808080
80808b8080809f808080829590808080bd80809780a0da80ac80aa808080c0c285808080a081afd480808080ad80e0808c8093ba80808380e79880898e809180
808080808089808080808f9c80808080b295808e80809b80b180ae8080809fac878080809b889c9e8d808080a280c9809e80808b9080a680c7808094a3808680
808089868080808080808094818b8080bc8080808080b380919aa9808080cc8c809180808a80a2b7808080809c80ac808680869b9d809380c18f80a280808080
808080828080b8808080a1af8d808080c080809b80adfe80b780c6808080c291808080808c9c80e880808080b182d1809e8080a2808083a0cf80809994808080
8085a2808093b88087809b809c808080e89380b88080b480ce80cb808080a1ba858b8080e28086dd80808080b580b9808080afb5a2808280c3808080a080a380
80809b80808e91808080919688868080bd80809c80b9e2809d80c5808080a39a859680809e81a8da808980809a82b3808680a1cc8b808080dc988080a5809c80
80808483808aa580808086a88c978080b580808380adda809e809d858080c18880a68080949e80c78095808080809680a88090c984809a80c18580aba0808080
80808e808098aa8080809298919b8080be8080ac80ade589c180cb808080b2a384a28080b88099d3808080809280978086809dc686808d80df86808ca7808080
80808f808080a480808083bca5a68080ae8080a28099c7a18085b9a68094ab998a9f808084a280e3808080808080918080808eae94808080c99f8080bb809380
8080878080828d8080808db895808080ca8080a780c6f580e081ec808080cecd80808080ab998fee80808080c280f480b38080b485808085c693808bb2808080
8080a180808fa4808080adaba78080809e8680a980c30380de80c2808080b8cc948a8080d8a598fc80808080a380df80c380a0b580808083da808088ac808080
8080a98080808d808080a59f9f8a8080b580809b809ad580c980a4808080b6bf84a68080a7b599ef808080808080b6808d80b7da84808280dc9280929e808080
80808c80808aa2808080858580808080e59980a98b80c080bc80cd808080b0bc8b978080c09084e380808080b580b6808280849a8080ab80d0808080b5808480
8080808080978e8080808bb6ad808080ad80808080aabc80ad80c3808080afa79c808080c29790c4808080809780bf80af80809780808f84a28080899f808080
808080808080a88080808a9880808080a7b589af8c80a1808080b5808080809a8f8080809b8092a580808080c780b1808080808080809f80e3808080c6809a86
8080ba80808b8d808080989080808080c88480898093bf809d8093808080bb908e8c8080a180b2cb80808087b583b7808b80c3bc8880ad80f580808c9c809980
808088808082bd808080a9bfaa808080c18380d7aac6f7800280f6808080bed88f8e8080d59e85f780808080ce80e980d08082cc808098d4e78680a4c2808080
80808d80808aaf8080808f9080808080988b80a680a2ce809680a08080809ca58080808094809ab180808080b482ba80878082a280808080f0808080a9808a80
808089838091a68080808b9d808a8080b480809480a4cd97b880a0808080aba5809880809b80a2c58093808093808080808094c380808f80c1898084a2808580
8080ad808080b380808090a997808080f58180a18097ce80bc80b3808080c3af809f8080a38695cf80808080a089cf808080b5c89c80b680f68080a1a3808e80
8080808080808e808080809894848080c0808091809ad180c088c2808080aecc808080808e8a94d7808080809780c680948092b880808180d38b8090c2808080
8080ba8080869a8082808399ab808080f7a2808480808480cc80b0808080a5a2878080801c80abb984808080b680b98080809c9eac80c580d480808c80809880
8080bc808087ad8080808f9b83808080979780b5809cbe80aa80b0808080a89b8b838083ed80acaf80808080a28095808080809a80809a80f480808cbc808280
80808180808096808080afa4b4808080ca8080888091db80b680d78080809ec4aa8b8080bd89a0f080808080a780a280808094a49f808080c5808080b3808d80
80808080809a80808c808e94808e80802f8080818080bb88fe80f7808080e5d480888080a380b6d58080809fbf80af808080b6bec280ea80e88080af85829280
80808080808080808080af9686998080b68080a380a5028ea786d5808080adc392968080808a970680828080af80b4808280a7dd98808080ff9e8080b9809a80
8080a8808088b38080808bc8a1808080dea692988094b280d980ce8080809dbf808080800c80bca680808080cd80cd808080839e8080d480f780808ebd808080
80808680809e84808080a9a9ce808080cc80809780a1b980e780de80808095d1b4808080f1c581f3868080808680db80a38086af96808080a1808080b5808980
80808e808080bd80808098fca0b68080c980809a80b61592938ae28e8080ce9a80b480808faca3dc80a680808c809880808080e093808880eccb80b7b2808080
80809e808091b1808080919b8d808080a38e80928083b180918095808080b89680a98080b98d84a7808080809180a3808d8083b884808f80cc8080a8a3808080
8087808080818d808e80958e8f808080aaa380918088a680a480b3808080a6a89c808080b485a3be80808080a580a6848d80a4a480809488a3808092a4808f80
8080808080808080808089c390808080b780808080a9cc80ac81ce80808096c180808080af80a0c580808080a380bd80a28080a699808080b99480859e808080
8080b780809780808080b3a689808080b4808080808de880c68da0808080159b82ac808080bdb0e080808093a180d180a180bcdb9d80bc81038080cead808080
80808e80808080808080afc5b6808080d980808d809ecc80ca80cd808080b9ba99a48080a78ba400809280808180ac808080cadab2809b80f8878082ac808b80
80808280808f888080808bb492808080ba808480809ab880c280bf8080809ca8918b8080c880bc9b809a80809f808a8080809db79b80af80cfa7808a96808080
8080a3838080b9808080bcbb8d8180808d9380a880d03480bd80b5808080f6b280a980809bc6a30e80808080b080cc80a8809acc8080888d16a180a0bd808080
80808680809a848081808e80808e8080bb808092808fc580a282b2808080b4818095808091808dd180808080aa8daa809380aeae97808780be80808689809080
8080808080858c808080a7a69d8d8080d48080878080ad9ba580c5808080babd85968080b78599d480808080b480a280808380d48f809580ba80808081808080
808080808080a2808080889880888080cd9680a683a4c980ad80c080808084a086968080878f90c380808080ad80bf809080948c9480a680d1808097bc808080
80809e808081a88080809ab491808080808a809380adc080ac80a4828080aaa780908080a999a89a808e8080808098809380a1bb8680a58fcead80b4cf808080
8084b38080809d8080809bc9d18080809d8080b2809cc2800380dd8080809cda9d8080830586a1ee918080808d80d88080808fb980808288fd978080d2808080
8080818080959780808091bc98808080b68088888092a880a280c2808080808487808080e09291a7808080808a80ab809180808f8d809380d480809391818080
808183808080978080808f9ca0808081a880809e8099b0809f80bc808080a8a3808e8080a3a08cc3848080809480aa808b80809b80809696bf808080b0808080
808d898080808a80808086a7a68080829c80958080808d80ab80b38080808090a880808ec9809b9c8d8080808a80a580808093928e8486809e8480809780a080
808096808080898080809ebe94808080a380808b809fd380a8809b808080c3898086808080aa8dd6808080809e80bb80868082b180809596ed808098a6808080
8080a380808e8680808095a8a8808080d28c80808080a080cc80a5808080deb18b808080c381a1b680808080af80b08080809dab8e80bb80f2808097a1808080
8080808b808080808080809a9eac8080ff80808080b908b09380e88080809e9e80808080a0a08f15808080809780b8808c80859ca0808680da80809396808c80
808090808084a38080808d9292858080af8080a28097d080b880b6808080a3b685aa80809f8d98dc808080809f80b1808c8090c280808781bc948080ab808080
8080808080808480808097a795808080f580808f8093e796bf8be3808080bfd3808080808090a0f680808080bf80d580858080a180809280ce8080849f808080
808094808091a1808680859394808080cf8080a3808da380ab80bb808080a4a580808083d28089b880808080a480ad80808080a280808880c18080809a808b80
8080888080848580808081caa3808080cd80808080aeab80ac80b3808080a2c480808080c6a495d0808d80808780bd80908097c18e808b80c5978099a6808080
8080a180808680808080a787808b8080a98080aa80a5dc80aa80c1808080adca84a3808080809fd480808080b380bb808f80b1bd968091800a86808eb3808380
8080809380808d8080809ab184808080c280808580a7f380b48cb9808080c58f8088808080a6a2ec80808080ab80bc80988084ac80809b81ca8080808c808080
808380808089888085808b9fb2838080a4808088809a9980b080b880808095ad929d8080ac9886d18080808085809c81888788a1808088808083808098808080
8080a2808080938080809eb5a6808080a5808089809acf80ad8094818080d6a381a2808083a19bda808080808580b5808b80a3c68380a48cdb8880a4a3808080
8080a78080809880808095aeb3808084bd80808e808db280b080aa808080dcb680a98080abbb8fda808080808c80b980858093cb8280b787d69280abb4808080
8080a48080809f80808093c293908080a58080ab80b6db80bb80a6808080b29586a6808085aa80fd808980808080bc809b80a3c38480a295ea80809fc2808080
80808080808880898080a5a390808080b3808080808eb4809a87a980808297b09980808092a693b3808e82808b809f809d808c92a3808d80ba808090a8808280
8080aa8b808280808080919a80808080c49f808d8099be8080808f808080bf8080968e808086a2c380a38080ac86b7808080a0bf8080ae800380808f98809f80
8080af8080809380808094a9a88c808097808096809dce809a8092808080d09d80a8808092ac98e18080808089839d80808093c78a808980e2a680899c808080
80808e8080869980808099b4b9808080a28781958099a380b680c0808080b79680818080da8686c7968080809e809580838080a380809484c88080809d808080
80808f808080a18080808fb9a1908080b08080a580b1d780b980c5808080aac2809880809691a3de808080808e80b88083808da688808780f38e8087c4808080
80818080808086808080a9929d908080c280809f8088d2849283bf80808082b680b380808fae80f38e8080808b80a480808083a998808080c5808080a0809680
808089808086888080809b9fab808080e58080808099dd80b680e0808080bb938f908080c18f950480808080a9809d80838090a58080a080c8808080808c8d80
8096a38080a191808080a5acc58080809a8097888080aa80d880d180808097a4b78080890b809ab58080928091809280808094a283808080b3868080aa808780
8080b38080808b808080acbf9e808080b18080948099ce808e80bd8b8080c59b809e8080aeb09ded808b80809f80ab80808087d480808b80e79a8090bf808080
8080878080809180808099ad8fa68080b38080a787a2d7809a80c6808080a5b584a580809bb680d8808080809c80b580a68080d580808590e28080a8c2808080
80808c8080879780808096ac9d848080988080aa80b9e680c080c9808080b3b680838080a5a096d1808080808f84c180a58080b680808083df88808dac808080
8080978080809880808098af9580808681a1808080a4c980a680b2878080b3a48a808080b89da0b880808080a980b3808d8089ac80808e83c59780a9c2808080
808088808080a78080809a9690808087dd9b80af9596cb80a980e0808080c6b8808980809f9680d480808080be80c7808780869c8080aa95ee808091aa848280
8080808080808b80808093c793808094fb80809a809deb80c68020808080cce08f808080b08caff380808080be80e580ad8080878080ca8b1080809ed0848080
80858b8080849780808088a4b08580809e80809a808cc580a190bc808080abb48b868080998084cf808080808080a98080808db780808080c29c8088a1998280
8080a1808080a080808099a19a808080bf808094809abe80b7809e808080ab9d85968080899c87da808080809788ad808080a4c380808c8cb88080a099808080
8080af8080808f808080b8ddcf808080c780808080b6c680e480d4808080c8d29e868080f2a89df4808b80808d808c808080bcdf8180ac80df9d80a4cb808080
808080a58085b180808094a880828080dc8080a180a5fa80b880d7808080a2b080808080b19e97d880808080b080ca808a8080b280808080e980808396808080
8080808080809f80808090bd998080809f808080809fd0809080a7808080e78d80808080998c98c6809b80809d80a580878082aa84809d80d39780ac8c8e8080
80808090808093808080969285988080d08080ab8095e080aa80ea808080a49b80a180808dbe8007808080809f80c6808b8080b680808080c8808080b1809980
80808f9d80808f8080809f9882a28080968080a880a3e1808d81b5808080a49180928080809288c780808080948da180808080b780808080f0808080aa808080
80808080808080808080a9ae9c808080bc8080968080c080a985e3808080a9ed93808080b38d99db80808080c680bc80808080b180808280d38080859c838080
808284868090a18080808f9a8e8080808483809b80a8b68098809a8080809c8480818080b18087ba80808080998aae808a80838f8b808080b98080809c808080
80808d8080919e80808080879180808d9ab8809780809480ad808a808080af8e808b8080a9958ea8818080989e80af80838080a68080a480bd8080a8a7808080
8080808080948080808099bfb3808080c0808085809ec280e380dc808080b7b480808080b092a4d6808080809380a480938087a580809881d1808099978d8080
80808088808198808080809da8c68080d480808080baf6929780eb808080979e80808080a08080f38080808080808a80b98096aa9d808080ac8080919d928080
808080808080808080809cbdb7808080b080808080808f80be80a2808080bab3869580809a9793bc908080808080a280808d9cbd9d809e80bf80808e9c808080
80808080808e8b808a8085acab808084ae999c97808eb480d280c0808080a3a38d808080d6809cc49a808080ab88cf808680809380808c87b88080808f808080
8080b080809097808080898e818c80808182809580afc680878092908080b589809d80809391bba5808b80808188b4809e808fb48380a380e78880aab1808780
808080808080808080809cd0d0808080f7808c80809de680f2801f808080a7fab9808080028ab724808080809d80cf80928092b399809f80b3a38080a69b8080
80808580808db980808088968e808099b8b880968480b280df80ba808080d9b7809e8080c7809fb080808089b480cf80978084819680db80c280809bba808080
8080a6808080a180808096bb89808080ad83808080ace380b08084848080cb8881b3958081ca80e3808080809580c480a88080c380809895bd8080ada8808080
8080b2b38080a4808080b38980f88080908080bb80b40bcc8d80c9808080a78f80bf8084809395fb80808080ab9a8080808080d580808080eb9680809a809780
8080828080809680808089938a818080a6808093809ecf809b85a2808080a78680918080818e8acb808080809087ad809380a2b18a80838bc786809096808080
8089a88080898b8080809ba6c1808080b080808f80a1aa80b380cb808080adc29e888080e8a89ee880808080818095808380a5cd80809280b9a38085c8808080
80808a808080a78080808ebc93808080ec80808d809ed3809c80c7808080bca884a180809aa980df808080809f80bf80808080c180809280e5808080aa808080
80809e8f80808a80808080ca91938080e880808080bce798a486b38c8080e1a2808d80808dac9bfe808080808080af808b80b3e7a4809780f5b080a6ab808b80
80808a808091aa8080809389888d8080bc8080988080b981b384a2808080b0a4809c8080b88091bf80808088a1839a808c80a4bf9480a080b980808e8d808880
808092808096ad80808098b0a6a68080cf8080a580a8db80bc80ef808080c7bb87a78080c2bf80f8808080808a80bb80b18091e29f808080ca98809dde808c80
80808080808d8280808098988a808080d88b8090a280b680ce80d3808080bcae8f9e8080ab8d99d480808080be80ba80a480a09c8a80bf92cb80809aa7808080
808095808080b4808080958b80a68080cb8080a68096f4809680ba858080aeaa80bb80808087a2cb808a80809d80a38082809acb8e809c80f686809bc0809080
8080808080808480808088a781878080b78080808081c980959dba8080909aad808080808a8088c282808080b480cf809786808b81808580a680808080808080
80808780808080808080988b98808080ac99808e80809580ba80a08080809f9b9c808080be80a9ca87808080ca88b6808080808080809480e580808081809380
8080808080918d80808086a680808080918880a5809cc680a180be808080a5c180808084ad80beb580808080b180c7809780808e80809880e4808080bd808080
8080a280808382808080a99ac4808080e9808e8080809680dc80ce8080808db9cc8080802480b6e480808080b88092808080b6aaa2809680c38080808080b580
8080908080809c8080809fb8aa808080d18084a8809ee380c980f2808080bcd686818080b79c9ad380808080b980d980928080c380809287ee808098b7818080
80908094808080808080869090808080a78080808080ba809a84a98080809b8f80808080a08091b9808080809784a8808080938096808080bd80808080808180
80808780808098808080809e808080809d9f809c8094c6808a809b818080c7a2808080808080a2bc80808080be8bcc80808080ac80809489f587809799908080
80809c80809485808080ada59f9e8080b4808080808acd809f80af808080b79c828e8080a29695d98080808091878d808080b9beaa808080ea80809580809180
80808080808b838080809cc787868080b98080858098de88ba85e0808080afc284b180809e80b4c780808080a6809d808f80809d8d808d80ae8880899c808080
80808080808a8094808090948080808086838080808aa0808d8583808080a38d80808080808689ad80808080b085aa808d80809c81808d80b280808d80808680
8080aa8080808a80828097bdb685808dfe8080aa808ed580d580df808080e2b180858080bba5850f88808080a780e480808084ca8080a981148080a789868080
808b8c808083a9808080aaadc4808088828080a380acd280bd80bb808080c1ae80898080aa8b80d4808080808080ab808b8089b88c808b8db9948085bf838080
8080a0818080a3808080969980808080d6be80ba8989e280c280bf808080d5a186928080a78093f380808080d385cd808d809ba98080c69601808091a8808080
808080808095a2808480aaa8ae8a80879380809c809de880cb80ef808080baa982898080de80a0d4808080808980ad8089809bc29c8088809ba980a1b3808080
808080808080808080808cb7a4808080be80808780b1dd80b480ce808080b8b98380808087a093e6808080809780c9809a808caf80808080d5848092ab868080
8080808080818080808096c298808080c4808080808c949b9f92ae808080cea591a380809f929dcd808b808091808d85808098d28b80b1809a9c808e8d808080
8080808080979480808094bb85898080bb8080968098c982c180dc8080809fa380808080ad898ea580808080a38097809e80808d80808d80a38080938a808080
8080898080809380808092bfb8808080ab808080809fb080c980b2808080abb0b7868080cb99a8d4808080809080a5809c8095ab8080b18aab84808ebb808080
80808e808080808080809abf8f858080c480808080a6e981ae86b0808080c69d8083808080a29bef808080809880b080808096df83808380f380808996808080
8080808280809c80808092b883878080c393809480a0d5808a80cc808080ad8788978080979980d580808080aa80ab80808080aa80809880dd80809ba0808080
8080808080a0808780808da180808080ce80808080808a809580a880809395999988808095928eac80808580998092808d8088a88f80a380bc8080878c809780
8080808380808b80aa8085b6938080a4b88080808091bd809e80d7808080818880808080e79380c9808080809880a3809f80809987808080998a809b80808080
8080808080809f8086808194958d8080b98180a587a2be80ab80bc80808086c088828080b98980cf808080809680ae809c80829c80808980b180808fbd808080
8080a4808094948080809e828d808080ec8080af8082ce80cd80d6808080cbbd808a8080b38094df80808080ca80dc808a809ec983808d89f180809594808680
808080908080ae8080808ca3808f8080a1a280aa8080da808080bb8180808080808f80819e80a0ad80808080a0848480808080888d809080f58980909e808780
80809a8080808a8080808cad99808080a880808980a9d9809885b0908080d0af808380808096acd3808080808080b880808093d080808080efad8092b2818080
8080a98080809b8080808080b4808080d39580bc8080a780eb80d5808080d2c580808080d780add680808080ba80e880808084a28180a093e1808080b0809880
8080ac80808089808080a5a783808080b580808a809ed6808f809b888080ba9280a5808080b88de4808080809d80aa8080808dcf80808080fc878080af809780
80809c8080809d8080809dc8b4808089a980808f808cbf80bc80c9868080c7bc809a8080a196a1b5808080808080ab80808096d2a080b180ea9f80b2c7808080
808098808080a680808095bfc9958083b68080ba809ec480be80d7868080cfc5809a8080a6ae80f68b808080a280de80808080c384808084059c8080c8828080
80808080808980808080b7a89a8f8080c6808089808fe5988c80ee808080a5b895898080809c95e980828080a6809280808080a280808280fb808080a2858080
8080b8808080b58080809196919c80808f8080be8094c780c480a78080809bb589b28080cb8093d180808080878091808080b3bf8c808480e49b8080ca808580
8080818580809b8080808ab48c8d808d9c868084808ecf80889aab858080d49680878080908f88b0808080808a80b9808d80809e97808080b78d80999b808080
8080b3808080b78080809acc89808080b79c808b80a8ca809280a5b38080b09580978080a9a3aca8809e808090809d808080a9dfa280af801ba480b9da808080
80809a80808084808080a1c7b4898080aa80808080a5c98c9c80d0888080adc799a18080a9aea4de80828080808099808680a4f293808280cbb8808eca808b80
8080a08b808d96808080a38080938080c18d80c38090e48bba80d9808080d3d3809c808080809ceb80808082ce80c08080809bca80809b8016808080ac808480
8087818d8084a6808080a09080808080ae8b80ab809ced80ce80de808080c5cb80808080bd80b7d680808080c080b8808e809ea980809085e5838082b7808080
80809580808e9187808080b39e808080ad808080809ebd80a7809b808080c6b280918080b98daab98087808084809a8090808db18380a780c9a280979b808080
808084848080bc80808095c1a080809b80af80a280b4e980ac80be808080b78780808080c18980d180808080a280bf808d80809480808580c487808ac0808080
80858f808089a4808080818f9b808080a48080a0809cb780a680b9808080a5ac80808080b5808cc6808080809880bf80928097ad80808080c3848091ba808b80
8080a680808091808080858cb2808080f58087958083bd80be80c7808080bdb392988080e6949a0786808080ae80c780808098a392809d80ce80808098809480
8080808080808680808087b9988080809b8080808094d1808f99928b8080ae958594808081a1abd6808980808080a980968096b59280a180bca5809c97808080
8080808080808080808087b897808086cb80808080a3ad85a480b7808080c083808b8080809f80dc80808080a580b1808f80808f8080a280a380808686808080
8080808080808080808082c29c808080b180808080a8b780c180a9808080c99097808080b59eadd580808080ab80bd809f80808a8080ab80b080808d98808080
8080828080808280808091a899808080bf80808a8080b280a483b4808080c68f80928080829487d4858080809580b180818d86978080a680d1808082a2808080
808080b08097a0808080ab8d85b58080bf80809a808cdea78082d1808080a489808580808dae83e180808080a0979780808084ac82808080d48080808080a480
808084808087898080809a8081808080f197809480809e80ad80d880808090bd90808080b380a2c680808080c4809c808080a7a58e809580e68080809780ae80
80808b80808093808080a0a1808a8080d6ba80be8080cf808b80db8080808eb286918080888093dd80818080d280b980808080ab8080aa800a808083b9809780
808080808080bd808080bab38a808080c09080ac80a90d809980e7808080b3cc94808080c294b9f480ac8080c880b68080809fd3808084801688808ccd808080
80808e8080809c8080809fbe9a9980809a80809a8094c080938faf968080879e80b58080869987bd80a0808081808580808090c495808080be9f8092c7808080
80929d808092a0808a808ca699808080a4808580808bb380b680c980808097a0b5808080e780adb0808080809080a9808b80acb880808a80b09b8080bb809680
8081aa80808080808080989095808080c78a809d80899b80a480a5808080a99680878082b08b9ad081808080a188bb8080838ab580809e80da8080808e809880
8080808080918c80808080b18b808080c18080808095b580b380b180808099b0929c80809189a5b0808980808e80b080948094ba8a80a481be8f80a5a8808080
808099808081b7808380968b8e808080d49a80988086e380b280b7808080d4a1858b8080c78086d280808080c293d3809b8095a68880a09cef8080a880968080
80808a808085b9808080a7afaa80808adb8a80b28096d1800e80e0808080d8dd8ba48080ca938aea80808080aa80de80a99b8e9d8080c2a6bb80809ece808080
8080ad8080809280808095808080808001a980908080ac809e80c0808080b3bd8a9f8080b98285e980808080ce80a980808088a48680af80d28080808f809d80
80808080808098808080a4cf93ac8080c280808080b60580bf99c4818080d2cc80ac808083ec8012809f80808080ae80af80990a9c808087e7bb8098e0808080
808080808093ae8080809ea2a6a38080c280808c80b21187c687b3808080dcae808f8080baa98016808080808d80b780b580b6d393808080b694808f84808080
80808e918080888080809ba280888080ba808081809bd6808080b9808080b488808680808598b9d0809b8080ac80a38080808fb980809280048a80809f808b80
80809f808080968080808db59b808080bd808081809ecc80b380a0808080dfa780948080889ca1ce808080809b80c080938092b78080b188e48080ab9a808080
8080948080808480808080a780838080b280809880b2c581a680b08e80808eb8809e80878980c3a78080808098809380808095d18b809280e7aa808ebd809880
80809280809f80808080aad1a5938080f880808080a8f08fdd8bd7808080e5d381c1808097c1b613808e80808080bb809180ec1ce880ab800fa480baa58a9980
808080808080a080808080a7b3808088c78d80a38085b480c180d5808080b3df86808080d4969fc78c808080bc80e880808080808080a58ed0808080b6808080
808080858091b9808080929d9e808080bd80808a8081c380b180b58080809d9e80808080db8080bf8080808099809b808080909e92808280cd80808088808080
80808080808080809b8080aaa9808080b9808080809e9e80a880c180808090a983808080c7809bbc808080809d80ac80848080ad878090809a9c80809e808080
80808e8080a3bc80808094dabc808080e380848e80a6e580f780f4808080d0c38c8080800780bac080808084aa80c6808d808fc58080c1a70c8080a5b2808080
80808e808080bd809580a58ba48080a5dddd999f8080ae80cb80bb808080a0b29e808080fe80a2c285808080d981bf80808097928080af80c080808a8b808a80
808084808092928080808aa39a80808089808083809fb2808b809a808080a58382808080a68890b08093808087809d808f8082a080808080b48980809e808080
8080808080808f80808095ab95a08080f48080908097edb28d82c2818080a1a280af8080809e8ef7808380808980a7808080bebac380928015808080b180a780
80808c80809487808080849cba80808cce8a9080808aa680d980c0808080c5cab1808080f880a5de81808080af80dc80a180868a8080a680a2808080a0808080
8080809380808080808091b780888080a780808580a510808094ca8f8080c8ab808080808099b9d4809780809480b380858080b28a80808019a78096bc808080
8080a58080808d808080a5d1aba88080d580809b80c1ff94a580fb808080dea4808e8080a4bd8018808080808d80b5808a8082e180808080e88b808eb3808a80
80808d808080a78080809196a2808080fa82808c8080af80a380bf8080808da8878a8080bd80a9b780808080a5809e808080a0a8a280bc80d98080a49f808f80
8080878080949d808080b697b0b68080c58080a380a8f880c780f1808080adc186978080c789841780808080ae809c808080a8ad9d808080f3808080a4808780
8084808080908080808087a6ae808080bd8080898194be80c480dc808080a9c98f808080ad80a8cd808080808c80c7809e8097bd85809292be908093b58c8080
8080808080808e8080809ea2898080808a80809a808aca808f80b7808080958780808085808196b48080808098809d808080809f85808080fa808081b2808b80
8080808080809e808080909a9ba58084e28080a580a6e280a080e58080809acd95bc8080a0be8012808080809b80d1808280808695808080bc808080ba809380
8080808080988a8085808f9fb0808080c4808083809cb480cc80d0808080b2c6a9808080e792a1d080808080ac80cb80aa8083a680809f80998080829e808080
80809d8080808880808081a280808080be80808d809ac180ac80a4808080a9a7838480809180c3c7808080809580bf809780a9bc8080b480f68280a0a1808580
8086808080838080808098a4a8808080a3808082808ab180a080c6808080a99e80808080a48795c780808080a180a1808380808680808280b980808095848080
8080a78080808d8080809aa79f858080808080908092ae80ae80a1808080b3a580a080809e9e8fb68085808085809380808093c585809180d7a380a4b9808080
8080988080859c808080968a80988080ba8080a88fa3e0809583bc808080ae888ea480808c8780e080808080a280b880978093bd8c808885da8080979e808c80
80808080809dcc808080abcbdb8080808b80809780c3f080e180e8808080aab2a2808080fcb480e98080808080809080a88083bb8480849c97b68080cd808080
8080808080808d808080869480808080b48080a4808bb780bb80c780808080b7919a80808f81a3cf80808080ae80a7808080809380809880a4838080be808080
8080a480808cba8086809a94a3808080e38d80b88580d880fe80e2808080bdd698d18080fea080ff80808080a280d080ab80acd09a80c59ed1808094d6808080
8080808080afa6808080a495a8808080de808fafa191d880ee80f7808080aebe8d9d8080e58080ef80808380b680b780918096b59b808081a38080809d808080
80808080808080808080a5a7808d80809f8080bfad8ed9809280cf8080809cb0988e8080808380ee80808080bc80a3808a8083bb8480808609838085bf808080
80808080808681808580809e858b8080c48080808089aa80aa8fb580808ba1b080808080878098ae8080808fae80a3808d80809980808b80ae80809080808080
8080a891808089808080b4ac84978080d580809e808ae0aea181b4808080e39080bf8080809196ff808c80809c808b808080b0058080988029848083a1809580
80809e80808aa580808090948f988080c08080a880a5d280a680bf808080b5a780b38080ada680f4808080809580b28082808ec09b808080e7958080bf808280
8080bd848080a9808080abaa8ea28080e58880af8088d980a080ab808080c48e80dc808080ab8ee1808780808f81a38080819feb9980b4802d8080a1a8808080
8080808587808380818092998b8c8080aa808080808fc0808082b080808080968280808080a580be808080809a80a3808f80808f85808080b480808a84808080
8080978f80808080808089a180818080d0a580808086ba808080af808080bb8b808480808f979bc3808080809c809e808680a1b18e80ad80f28080b4a2808f80
8080a4808087c780808096909a808080dc8080b98097d680dd80cc808080b2ba8da38080e08099ea80808080ab80c1808080b7c593809c80eb858080be809480
808a8080808c958086808084b5948080c08086a18092d780d180e4808080ada880808080cb8080fa808080809480b780898097aa8a808080c1928080a3898380
8080938680809580808094a9878f8080b480808180b2d2809f88a180808fb7b784a3808083849cba808080808a80aa868880a2d18f809680c29f80959f808080
808080808080a480848080a885808087b5808ba08080a9809980cc8080808986828080929d8084a48080808091809d80808083a780809280d1808094bf809a80
8096858080808d808080bcbad1808082bb8080808080c980b680f8808080b4dcc9808080f28ebee7808080808080d4808880b5e98a808080a8b080808ab9b380
8080808080868080878080a3a5848088ce808086809cb386ac80d68080808fad80808084bf9b86d9808080809880a3809380809b8a80808097808080a8808080
80808e8380849d80808091ba80838080bd80808480adef82a397a4808080d3b0809c80809aa4bee4809c80808e80b4809880aaee8e80a780e2b38095a0808780
80808f80808c90808c808c8880808080c28680959180ac80b380b2808080aaac8b958080bb8793ca80808080bc80b6809a8095cc80809d89c280809ba1808f80
8080b3808080a28080809ca294808080b7cd80be809fc480e480b1808080c8b1a0808080ce8e9cf7a8808080ce80df80958087bc8080ae9015808080bb809780
8080808080869981898080909bb58080dc808083809ebba09180ac8080809f95858b8080b28093d680a280808080808080808fba88809680bb8080a282858080
8080918b8080a9808080989d808080808780809480ab03809080a5808080cac8808080808980c0b580808080b480c680a0809ab8838081801e9c8092bc808080
8080928080808b8080809daf9b8d8080cc80809480a8d780ab80e1808080a4ac8f888080bc918df980a48080948093808080b3d49a808d80f9998091d0808980
80808880808e808080808f8f80828080b58080978099d8869098ac808080aaa986a280808091b6cf808080809f83ba809180a3ae8f809780de808082ac809180
8080a180808597808080c2a6c2808080ae8080aa809cd280ea80df808080b2bd9b808080dd9296f080808080b280b7808080a5d380808b85fe808086ab808080
808080808080ad80808090a89d808080a99f809a80a7be80a180ae808080b3958f808080e2939bd794808080b680c4808b8080808d809580d280808094808080
80809880809b818080809bb09b808080c78d8080809aac80de80c5808080c2a68a8d8080da8ebec9808c8093aa80b3808c80b0c19180c480d39880aeac808080
808080808080828080808b9887978080a780808f809ed0808980ae8080809ca48a8080809786aae3808080809988c18080808d9190808080d98080808d809280
8080968080809b808080a0b3859480809e80808e80a6e9889d80b3838080c0b880b880808ebca4dd808180808780978087808be980808e80eebc8080c1808080
8080808080808980838080999c808080c58080888080c680c680bf808080beab808080809f968de6808080809980d4809b80959e9a80978ecc8080a790878080
80809f808080aa8080808f9298808080c58080b7808ecb80b780b58080809cba80b08080b79697e6808080808e80a9808080a2ab93808680ed888080b7808e80
8080c5808080bb8080808d9280808080c88580bc80b6f180cb80c9808080d1c7808d8080ce80abfa80808080c680ca808b80b9be80809d802e818080c2808080
80808d8080809880808093bcb3808080e080809680a1f280cb80d380808000bb8080808081ac81fa80808080b480f880898080b48080949e0e8080af999e8080
8080808080818080838096958b808080c1808284908ebd858681c880808096a5b4aa808086978adb80808780b080b6809a80808a808096808d8080808c808080
8080a08080808e808080a9a485818080bb80809280a2f880b18eae808080bf9080ac808080b488fd808080809b80bc808780aed28e808286e584808bae808280
8080bb828080b3808080859989808080ce8080a98091d280be8095808080ae9d8daf8080b483a6f480808080a182a9808080cbcb80809b80e38280809b808f80
808080808080808e828090c08f808090b4808096808caa809e80de80808090c38e808080b3b780d686808080bf80ce809d80808080808080b480808d8f848080
8080988b8082d08080808d9980808080d3bd80ae80a5c5808980ad808080969380878080b88089c380b58080af809f808080aecf81809d80ec8080a0c480af80
8080a7808080aa8080809f9980808080d180809a8096eb808680b6808080dd8b80bb808080a380ec808080809f80b7808980a7cb90809f89fd828098c0808680
808080908080808080808da683968080c38080808098fe839381f880808083b9808080808092a2e980808080a880aa80a18080808d808080d1808080968a8080
808080808080bb80878080989ea78080f580808f809dbf93bb80b380808091c595878080c18194d5808980809b80a38080809ad580809480ce8a809c92808080
80808080808090808080aa8b9d808080b690809a808eb1809180b280808087a0aa818080ad828fc481808080b480b8808080818c8a808e80c880808081808880
8080af8080809e8080808f9e80808080dc82809f809dea80af8cb0808080c59080a6808080ac8000808380809c80cd809280bfb39f80ab80068080abca808080
8080b1808080b480808091a3808f8080808080b280b8d080bc8085808080a5a380b88080b18ca7c1808080808e8a83808080a5c586809180c7c5808fb0808080
808080808080928080809db7a8ba8080a980808c80a3e7879580db808080b7a68791808099a98bf8808080809980bc80808094909c808080fb808080ab808680
80808980809fa5808080859c80808080eba380808080a380c980a8808080cbad92a48080c180a3b28080809abd809e8d8c80b1d78280d880d180808f94809d80
8080828080808480808083a29e808080da808080808099869280a88080808e9d9a808090bd809bcd8099808099809f808080939da7809380d280808a8c809880
80818080808087808080a1aaad808091e0808a8b8080cd80ba80ea8080809dd08e808080cca480f580808080ba80ec808680808085808080c580808080a09280
8080a680809a9f8089808d8087808080cf9980a280879c80a180a180888094928e8b8080d580a5af80808090a58d8b8080809cc08080a780c780809d90809780
808080918080d180808090a08db38080a28080ad80c500809c80dd808080869783968080ce8a80f4809180808a808d809e808ac88a808080c6ae8085cd808080
8080ab808080b3808080a2b8c1808080d48080c580b3e980f880d3808080a5c48ca58080c9a6890d898080808b80d2808c80a7d980809d9aff808092c0808080
80808080808d8b80808080ce9d808080ab808c87808bbf80a080e6808080979d80808080bd8c8dac808080809280bb809880808d80808081bf8780839c8a8080
8080808080938080808087d69a808080bd80808080bddb80c08fe080808793d38f808080b68097c0808080808880c080a98080b688808080aaa58086a4808080
80808084808180808080839f80808080c48080858096d680b785d4808080b4ad818080808080b2d780808080b880c2809b80808080809e81de80808095808080
8084868080a09d8080809385848080809b8080a7899fc780b780bd8080809ea0808e8080be8091c480808080ae80ac80a48092a884808284af868080a5808080
80809a8080809280808091c0b08b8080af88808f8080a4809380a0b08080a4a2809a8080a0a194bc808080808280848080809cb5b1809b80f199808db7808b80
80809680808a988080808b9bba808080d680808a80809480d580b6808080bfd98f808080e580aebf808080809f80da80808093ac8c80ab80c980808196809080
8080a0808080b9808080acbbac968080818080b5809ad780ac80d880808085af899d8080c69189b48080808086808e80808083c98b808080c8ae808ccd808080
8092808080878d8080809ab5af8080809e80829b8099c380bd80d3808080acc380878080b68b87c9808080808080b0808e8080bd80808080a887808c91898080
8080808080859480808080b7a0808080bd80808080a7be84a580b8808080adb080808080a1829fc3808280808180a8809280a1c395808f80db95809ec1808380
8080a9978080a8808080838f8d808080b39d80a980a7cc80ce80a9808080a4908f8b8080cc818df78f808080a282ac809480a19680809a80c7808080a8808480
8080808080828080808086ba91808080d680808080b3e680ac97da878080bac08280808080a894dc808080809880dc80b38082ab8f808080cb808095b6808080
80809e80808f9f8080808287a2918080cb80809d8094b080bc80b4808080b9ad80a18080b39792d8808080808c80ae808d80afbc91809f80d48880a3ad808680
80808a8080858095828080a29e918080a880808080a8c98097809d808080c3ac80808080998f96ce808080808080bc80a78091b680809380e59d80c0a4948080
80808080808b8080808095b587808080f88080808090c980ba80d4808086a8d99a808080c080b8c580808080b080e58098809991b880a280d980808297809280
80808080808089808080a2a083818080b180809a80a1d180a080bb808080809f809d808089a089e78c808080a680ad808080809b80808080b9808080a1808080
8080888080b1aa8080809a8080808080d68080b18d97d580ca80cd80808093d78aad8080b380a9d780808080b980b1808d80a8be94808f80c1808080a5809f80
808089808080b780808086ba85808080b2aa80b380b4e280d180ea808080acd09f808080f780a7ee80808080d480ca80ab80858980809680f2808080d2808080
80808c808080a980808096a595808080aa8080968089c3828984a88a8080bea180a18080848395be809d80808c809c8080808cb68b808980de8c8085b4808480
8080808080868e80808093b88a808080e280809280ade880bb80e78b8080bab1859580808b94b2d480838080aa80c4808f80a4bca180a080e89180a4ca808a80
8080b4808089b3808080acbbcd808080d080808b80a2e680c780de808080b8edafc88080ecb2bafe808080808080a0808080b6ef9680d580d6b580a2f3808080
80808b9880809d80808090a0809e8080948080c880c500809680e6808080a3a380808080928a94df80808080b28ac88096808094808080800d808081b5808080
808095808080a9808080a7c99b808080a28a808780c1eb809b80a0ad8080bba7809680808c8b9ab480888080808aac888080b1d786808080ccb480bab4808080
808080808093ae80808088bfd1918080a280808380c7d580ca80b0808080c2b18c808080e1a480e5808080808080a680ab8aa0c880808288ada68099a9818080
8080a0958080c6808080b78880808080f0c280ba8080e18d9e80d0808080cab88082808087808adc80808080d480cc808080a5c88080948017808081b380a080
8080808080808e9c8880819580878080f08080808080c180a3a6b7808080dca298a38080c28280e280808080aa80df879e88a4b7aa80bb80b080809d80808a80
8080808080808780808080949b808080b88080858086aa80b280b0808080abb285808080b09d8dd3808080809880ba80aa808e928c809b809580809ca4808080
80808080808f8980808091ad8b808080b08080808099d180a38b9e808085d0ae80938080859a8abc808080809680b880a38080c283808380b28680978f808080
808084808080a08080808e9998808080b98080988092bc809c80b9808080a7c291998080a491a2c4808080809380bf808d808aa280809880bc808083c0808280
80808380808e8480808092bab7808080b2809a808083b580c780d9808080a6bc8f808080df8e95d2808080809380c080938080a085808780d08280839b8f8080
8080a1808080898080809b9380808080b8a080a880a1ce80a3809e808080a8b1829780809089c3c880808080a593da808d80a4ac9280bc801d808080b4809380
8080ad808080a180808087b986978080b28080978097d0809380928c80809d868dac80809293a1dd809180808581a4808080c6d0a580a980fb9280a4b2808980
80809c80808099808080a9bc9e9480809c808086809eeb85969ea0978080d5bd83bd808081be9ae5808080808080a680998095c68f808680b3a280a1ba808080
80808f9480998b8080809e89809e8080b58680aa808cce8e9f80cc808080aaa28095808089808ec880808080b2889480808086b885808080e1808080a1808e80
808080988080b7808880879a91b08080d480809c809cf99cb280db80808080a788808080ba8080ef80808080a8809c80808095c281808080b08c80819d808080
8080808080a2a780838096b2bd808080c180838b80aef080eb80c7808080b9b292808080eb8084d080808080a380d280a6858bb293808098b88080808a808080
8080be808081a7808080a19381878080e08080b0809af080bc80b7808080ce9280b980809a8a94fd80808080a187c4808980d6e39b80a480118080999f809080
8080808080ae9a80808099a780808080a48080a084b4de80df80c8808080c5af80808080bb80b5b480808080b880bf80be8087a78080a298ca89809599808080
808080808096808a80808d9da9808080c280808080849780c680c180808099a49d808080cf9690db809586808c8093809f80a8a2a18096808880808893808080
8080828080808280808090ae80808080ad80809a8095ce809b8bb68080809fb2808080808080a8b280808080b480c580808080bd80808b80fb808085bb808680
8080808080918085808082ab91808080ac80808c8096a0809283bd80808093a68f808080a08b8fb3808580809a80a6809180809580808a80b180808bae808080
8080808080808c8080809fdb9ec080879a80809080c4feba8c94e9888080e2c98099808080ba98ff808080809380b380808080c580808080ecab8090c8808080
80808080808e9f80808090a1a7808080ce808b928081be80d480dd808080a0c096808080fe8099d880808080b280b68080808c8d8b809480ca808080b0808080
80809e8080808780808093ae98988080ba80808c809ec587a780bd808080a5ab8fa380808b9796de8088808095809e80808092cc88808080ed898080be808780
8080808080808080808082c9ab808080b78080858094b380a980d5808080b2a68080808ba6a6a3c6808080809480ca808b8080a680809088dc80808faf808080
80808f80808099808080939580808080da8f809a8297d480af80c5808080a8bfa0988080a480a4ea80808080ba8098808080b2b18880a080f2838080bc809380
80808080809e82838080878e95808080b780808b809acf80c680c9808080c4a480808080b780afd380808084a180af80b580abb59180a992c49080aa9b918080
80808e808092aa8080809dafac808080988080a08088c680a280cf808080b6a3808e8080b9809ebc808a80808b809a80808082c480808c80ce98809cbd808080
80859680808080808080a8b4a3808080a78080888093a4809880be888080a5a68b8b8080999a80cc808080809d80958080809ac680808d80cc818080c0808b80
808093808080808080808dc098808080d680808880a8d480a580b8808080c9b2808a808095b4b5ea808080809a80c88080808ca99580ad80f280808ab0808080
8080ad81809abb808080879c80808080b4a480b0809dd580c480a7808080b78780808080b080a2ae80808083a886b9808080a5b389809f863c808094ac808680
8080808080808080808094b9998d8080d680808080afd28da794c28080959a8882938080809980dc808080808c80ab80808c8e979b808880ba8080808d808080
808080a18080958080808ba48aae8080a0808097809dd6858b81c48080808d8280818080858280cc818080808d8491808380819e85808080b280808685808080
80838980809c88808080b49790808080c78080be80a3e180cb80e280808086c480b58080aca6890882808080a680c18080808ec983808080eb808080b3809780
808080808088a280808096c7ba808090a880808c80b0ef80f480d9808080eddca4808080e188aae1808080809a80fe80b78080a18380a68cb988809db7808080
80808b8080839e808e80989191808084b59a80a5808ab780a580aa808080b99e80948080a68080af80808080a587a680808081ae8e808080c180808e92808080
808080828088858080808e9480828080a88080988094bb808980b780808088ac90808085a080a0d980808080aa80a6808080808881808080c4808080a3809580
80808e808080c58080808b8b80808080b8cc80be8085a480c480ab80808080a89f948080cc809ab490808080ba80b080808095888080b480d5808080c1808387
8080808080809f8080809dcdaf9580809c8080818087c9839280f080808097988c8e8080b7809db48080808080808c80818088b497808080c6af8088a39e8180
8080928c80908b8080809e8080a680809f8080b68089d480a580c9808080b3a88096808380808bcc80808080a18b9e80808099b591808080f38080829a809280
8080ae808089ab80808092a080808080a495809c80a8f180ac80b2808080c48f809880809981a9ac80808085a980bf808e8098cd80809783018280c6c5808080
808080808080c28080808fae80ad80800f8080b580ba2999b380fd808080a5de80c2808081b2801f808880808e80c5808e8099f1a180818019958084fc80ab80
8080b7808080ab808080a197869a8080b88080aa80a0eb80a280b48a8080ca9080cb8080808c8beb80808080a887b0808080a3d192809980ec9b8088af808080
8080a7808082938080808fc49f808080d58080808093d580b880d6808080dfdf9d888080ce80c1cf808080808080bb809880c1fe90808e80d7a780a8a58aa380
8080808080a6a380848093a3c48f8080b680808f80a8d080e380c1808080b2af8b898080e89780d7808080808580b780b99f9fbc8980939aa680809e96858080
80838180808b80808080a19eb2808091af80808a80909a80b280c6808080a8b696808080caa89ced8c8080809380c080839684bc82808c809f808080a3808e80
8087808a808b90808080998ba59b8080a88080a28089c180b280c1808080a49780818080968280d085808080948d9980808080aa838080809480808086808080
80809980808086808080918880808080808b80a48086bd80808090808080aca18c8080808081a1ba80808080cb80b5808080809b80808080ff80809f97858a8c
80808080808cb1808080909f81808080998e80a28080b7808980a68080809f8d84938080c28980b6808080809480a9809b8080a280808e86bd8080a99c858080
808087808080918080808dae9d808089bb88808f809bbc80ad80ab808080b8968f858080959980d9808080809b80c1809680809d80809e93b880808c9e808080
80808080809bb58080808a8280808080d58080ab8794d380af82bc80808089bf80978080b6809cbc80808080a680bc80a0809bc69a809880cc808089b180a380
80808081808b9a808080808eb3b58080b380809780b8c39e9780ad8080809f8d86808080c19980ed808080808080a180a1809cb280808080a1808087a3808c80
8080808b808baa808080abc78d9680808080809e80df1c80b19fc7808080b2a3808080809ab4a6eb808480808880a380b88080b680808080b3b48080b3808080
80808098808c8080808088c680ba8080d880808080a5ffc59691ef8080aeab948a9d8180809ca2ed808080808a809c808d8091a1a6808080e380808b91809680
80808080808083818080969b80808080a48080a0809ecf80a581bf80808086b288808080809286c680808080bd80c1809280808080808080c280808a96808080
8087808080a09080808089a0908080809180888e808fb480b080b5808080aa918b808080d080b2ab86808080aa86ab80a680808680808180a080808087808080
8080809980809b80808080bda1af8091ae80809280afdd858690c6838080a08b80808080808d80d08082808080809a80848083a380808080c58080afb4808080
80808f85808980888080808c80808080c980808080809b80848196808089a48082848080958094b280828080a281ad80808089a19480a880d18080998080918c
80808d8480809680808080ac808e8080aa80808e809cd68097809d94808dbcaa80958080809b9eb38080808082809a80808084d380808080f0b0808aaa808e80
8080bc858080ae80808097948c848084f8ab80a38080ce809580b6808080d29e80b48080858b80ed80808080b180b1808080adb99980ca802180809bac808080
80808e808093808080809192808080809b88809280a6c080a68099808080c1a280808180808dc9b08080808cbc8ecf809c8088a78080b280fa8080939e808780
8080808080808b809b8080a2b6808085bf8082948092a980c480d480808087b08e808080f08980e78c8080809780b1808e8080a18f8080808d8980809a808080
80808b80808083808080adbcb7828080a18080a28093bc80e180e5808080d2c086908080c2ab80eb808080809e80af80918085c782808089a28f80a9b88f8080
8090808080888a828980818b9e9d8080bb808080808cbc80a791ba808080a9ab8a828080b88583e4808980808080a180a380b3c198808480949f808b958b9680
8080ab808080ab808080b38087808080e99380da9c9a0380e080f4808080efd884ae80808580881280808080f98003808b80a6d58080abb72c80809bb4888e80
80808a80809383808080a19980808080b28080b294a2e380ce80cf808080a7bf80878080978f9ada80808080b480ca80a780a1c982808d8ff3838083c8808f80
8080ae80808e83808080998f95808080bb8080898092cd80b480b9808080bca880998084a29e99d680808080a587c48080808cb084808f80f880808eac808f80
808080808080a180808094a288828080cb808098809af480af8bc9808080a4c89d908080809186f680808080ac80ce8089809baa85808080e7808080c6808080
8080888080808f808080a3bbb0808083f980808d80bd0f80cc80e7808080d1c69090858087c18c2f808080809980e580a980a2a38080a296eb80808dad808080
80818080808c86808080a9a182918080ad8080a0809ece809280df808080ae98879d80808c9480cd80808d80978099808f8085ac93808080b290808aa6818d80
8080808f80809280808095b9888d8087cb80808a80b4fa938e83ca808080a68d8088888080d680f0808080808180c080988080aa80808080d38080a6a4808080
80808b808082808080808095988d8080c680808c809fc3809789b7808080c4ae808080808e8596d6808080808080ad80a18096bc83809480da8080b6be818a80
80808080808480808080aab783808080d28080828095bc80a980e7808080aea390808080838080ca80808080c480a6808a8080898080a680dc8080878b808780
808095808080a280808091bf82a28080c980808b809ee7958694af9c8080b0b480a9808080abb6cf808f80809080ba808080a4baac80a480f695809abe808880
80808180809e808080809da089808080938080808088b980988a88808080d0878086808080a193b9808080808a89ae80978488be92809280d080809684828480
80808f8080818080808090a288808080aa8080808096ad80878097808080ab8c858080808980a1cc8099808096809f80808097d180808080d58f808090809f80
8080808080808080808092abab8780809e80808480a3b6819c8ab08380809eb1a1828080a49b9de0808080808b80af8092808ab38d808080978e80809a809080
8080818080858080838086aaa6808080d980808080809180db80bd8080809dc580808085bf80a7a6808080809d80a180808098c89f80b580dd808092ab808480
808081808080ab808080a59a93808080a1a280a68096dd80a080aa808080aba8828b8080a59d86db80808080b783dc808c8080968080818ce780808098808080
808085928080828080808c94869c8080cb8080868080b7968f80a9808080908b8a90808084908cd8808080809d8b95808080a1c38a808d80d78080808980a980
80808080809f828680808591838080809b80808e808ca2808f99aa80858088a190808080908d80ae8080808093809f809b808099808080808d808081a5808580
80809b80808080808080b9a79f808080d585809f808cbc80c180c3808080c5b0808080808d91840080808080dd80d480808085d280808080fa80808085809b80
808289808080808080809eae9b80808091808082809bc6809f83b7808080c5af80808080858ebdbb808380808880938080808ccc80809280d9a98092a38a8080
80809780808090808080b6aec8808080868080a3809eae80b380d580808091aca4838080d99c94d28080808092809b80808091bd92809080bc998080c7808080
808080938094b2808080b09e95a08080a580809d8097fb80a680ce808080a99e80808080ba8096d680808080af869d80838080978b808080c680808080808080
808080808080898080808ddb928d8080bd80808080b9e28cad87af80808dc1bf909880808b8caab080a3808080809780828092e88d808080d1c180a68b808080
80808080808080808080a3da82808080cc80808080addf95959fbd8b808bc6b79ab0808080a5c0c6809e80808080ba809b809cc3b1809c80c48d8098be808380
8080958080848080808090b89f808080a88080808091b5809b839f808080dba68bb080808fb8a8cf808080808780a080838081ce80809f80b79980a1aa808080
808080808080828080808daf9f808080d18080808096b880c680cf808080a3a899868080ada28ed480808080aa80b7809c8b809180809b859180808698808080
8080a1808080808080808c94a6808080d488808080808880a380a1808080c4ad92808080c380b0c1808080809e80aa808080a8c19580b680c980808591809780
8080808080809a80808083ba95918080b28080868088e5809b80d9808080a39e858080809f9095d7808080808d80a5808a8092bf80808080d39880a4b0808780
8080a4808080a88080809f8f8f948080f38080988093d680c580c6808080a2ba8cd08080b19785e2808080809980b080828aa9bda180ac80cc80809f99808080
80808080808f858e8080929b80808080d08080808080a480a080b78080809d9c9b948080bca48fd2808e8081a580a6809a8094be8280a280c980808c90809880
808080808081ab808080868d928080b4ccce80b98080b6809680c6808080b497a0808080de9480e8a5808080c980e080938080808080a780b48080808d808180
808995808096838080809c9ca0898080808080ac80b6b580b380ad80808090aa8085808ec2879bd7808080809492b5808a808db38a808080c98f8080a1808080
808080808081968080809dbeb1808080e180808e80a5e980db800080808097d287808080c48d9ce9808080809c80b8808080abc8ab808680da8f80a2cb808080
8080808a80809a80808090b08b848080e28080b28fabe480b780ed808080bcab8080808084b480ea80808080a580c7808f8080af8080a0a0e980809bc4808080
80809e8080808080808096b0b3808080ab808090809ab480ab80b5808080bbb48a938080a3af97eb808080808780a780808095b580809180e28e8080c1808080
808092808080849f8080a7968e898080ad80809b818db7809580b48080809ba18faa8080899280d6809380809480968082809eb8ac808d80e094809ca0808080
808087808085948080808ac39c8080809a80809780acd080b180b5808080d49f80808080978bb1c7808080809180ca80938080aa8080978cf08480a0b2878080
80809a808080888080809db6a2878080b08080808090b786998e8d898080bfab80c1808080cf98dc8088808080809a80808090e18580a480c09c809da9808080
80809f80808091808080ac9d93848080f2808098808ce080bf80d0808080d6c098bb80809a988f1580808080b280c3808080b5c9a980a680f880808aaa808780
808080a080809d8080808da982a38080e280808e8097eca38080de8080808ea189808093808ba7dc80988080a380a780808080a79c808080028080809e80a680
80809c94808083808680809180808085bcb080858086a6809b80a4808080bd80808080809d8096ba94808080bf80a780808084ac80809e80d680809192808480
808080808080a9808080b6c5ac80809acf9c80a48091c1809880ca808080ceba809f808083ca80ce80808080bc80d180808080bb8080a29af08080a5a5818080
808080808088858180809ed29a8080809f80808c80b5d080c480c98080809bb580808080aa9984ba808080808c80c480a68080bc97808080bf9b809f8d888080
8080809d8080998080808ca980998080968080a580c0f2808080c9808080a7a1808080809180b3cf809480809d80a4809080829f80808080ee848080c1808880
808eae80808b8080a5809899cb808080ba8c999480808080bf80c3808080a5a2a78c80800380a3caaa808080a880988080868ea68080a880a580808095808980
8080a58080808a80808088a380948080bf80808080a8cb808480b78e8080a09382808080d199a0d5808180809980b280968080ad92809580d280809fa180ad80
808084808080c6808080b5a5a1808080f48080ad809e2080da8009808080a6f89c988080cc99911380808080c180cd808680a3bf9f80808003808080e0808380
8080a3838080b080808083ab9a898080ca8780958088b580a380a5808080cc9880a98080ac8694bb808080809980a580808080bb9780b880f69080928d808080
8081b08080949180808084a3898080809680808080a1c380b480a3818080bcd09c808080d380ca9e808080808380bc80a580a4b68380a280e89b8096b8808d80
8080808080939b80808080b395808080be80808080a7e280d780be808080dcd380808080d396b1b0808080849980f180c38080a1868ea189c98280a2b0808080
80809f80808089808080aebbb3808080db80808c809cd480e280b8808080d399889a808096b18017808480809180bb808c80bebb8980b78bf380808e9c808080
8080c38080889b808080888783808080aba9809c809aaf80a0809a808080b6a287808080c286bcac808080979c80d880a080a5b38080aa80ec80809eb7809580
8080808080809b80808091a78b8880809e8080a38292c9809c80b480808091b6938d8080808093c380878080a180a380808089c084808080f2918080c7808780
80808a808099858080809d9b9f808080a9808086809fbc80ce80ac8080809eaa82808080bc9699c6808080809880ab80a380a0b197809580bb80808b92808080
808089808080a9808080a3af8f9e8080da8080a180ac2080bb87d4808080b0b696be8080ab809c22809880809f80c3808080ddd5be808f8214ba8089a1808080
80808092808e80808080808180888080ca8080968080ad96ae8ead808080ba958081808080809bcb80888093b1828980858096b78880b080be80809996808180
80808e808080a78080808eaf80bf8080ae8080b091c30a808b80d1808080b8a282a3808095d380f0809a80808e80b780cb8080f380808095f78980b5e0808580
8080b0808082c78080809180808c8080b8a380b68080ad80a4808f808080b0b380b68080a68084a980808080ab879080808085a280808080cd8080809f809880
8080868080818b80808099a8c880808eb280808380919d80be80d68080809bafa7808080eb80add0808080809380b480808095b797809e80a8858080b6808880
8080808180808080808095ae80808080a880809580a5f6808088d3808090b59c8080828080afb0d480808080b580d1808a80809e80808e801b808080bf808080
80809d80808092808080898080808080068680938080b69d9180c6808080a1c180998080aa80becf80958080b680a2808080aec9a180b380f68080819280b780
80808080809cad80808099c4c280808cc5808381808cc080df80d8808080c1ae88808080f3808db4808080809e80b4808f9280958d80a888a280808c9d808080
808093808080d4808080849094808080ca9e809e8088b280a980b08080808db7908e8080dd8090b680808080a680b18080808b8f81809280c9808080ae808080
80809b8080809a80808093ae94808080da87809f87a0e080d580d9808080bcc4a0a380809d99800a80808080a980e280a280bda19a80ab89e4808080e7808980
8080a48080848b80808092a8b0808086a88180948080a680ae80ab808080d0a6869c8080b7a683cf808080808080c0808d9380b480809f80c38080a2a8808080
8080948f809e99808080979c95808080a180809c8094ca80ad80af808080cd8a80808080a98094c180808080988a998080808db588808080da80808085828180
80808080808c8180808080be9080808ebc81808380888e809980b5808080b99d89808080ae8194b2808780809c80ae80808480868a80af80ba808096a0808080
808089808080a880808082c49bdb8080f180809880b80bb2c98add80808bbcd291be808099b58913808080808280a0808780a4fb8b808580d0b38094c0808980
8080a5808080808080809e9bbab98080f480809680a8d69ac480e1808080c2ae8c8e8080a79c8029808080809c80aa808080c4dcaa808080f8808091a8809e80
80808f8080808980808096a8978d8086ef8080a380a3dc80a180e7808080e19a808080808cab8004808080809280dd808f8080cf84809f80f78080aea793ab80
80808080808d8680808094a295808080a188808f8092c080b080a5808080bcb391808080af809bc080808080ba80dc809980808f85808780c680808f858d8080
80808080809e8080808080bd938080849c808080809baf80bf80bc808080b2a483808080c485a2b080808080a780dc80ac808080808b9380b580808d9e808080
808098808080b680808096ab9d8f8080d48080a080a2ec80b080cb8e8080b3b480b1808098a380e8808080809880b98080809acc91808780d89d8098c0808080
8080888f80808080808080ab94b28080f38080808093bf989880c58080809ea6808d8080a7878cea809a808082808c8080809ecac8808080ca89808a8d80a280
808495808089878080808b87808080809d8080838095c9809d808c808080bfa8808080808c80c2ba80808080ad93d7809480899f80809380d980808197808b80
8080898080809f808080949480808080d7c180bc9e9adc80df80fd808080c8bf93808080c3809bee80808080f580eb80ad809ba48080b295d68080a0d5808380
808080a980809a808080a2a2808080809280808e8096ec808099a8808080ae8080918080808986d3809580809e809180808080a288808080d8808080a7808180
80808b80808ba1808380928585808080c18e809d8294c4809f80c1808080a59e90908080cc8180d780818080a98093808080809684809380b09080809e808880
8086808080808f808080a7cdb2808084a98080808094e78f918ee1808080aac2a69b80809eb491ec80808080808093809e8084968080808094968082b8808080
80808091808280808080859180a08080a68080838092cf918792998080899c91808280808e9588da8080808084949c809580b0a496808080c28080808c808980
80809b8080838f808780a5808f9d808bdc9880bb8080a8829580d9808080b0a280b18080929380d480808080b089a38080808eb489809f80eb8080889e808c80
808096808082818080808cbdb7808080c280808280acc280c480b9808080cbb780868080cba59ae5808080808f80b880958080ad8080a480cd8d808f9e808080
80818080809b998080809acdd1808080a580809d80b3d080e980d3808080aebc8a848080eebe80fc808080808080a280bc8089c0808086a3ae948091c5808080
8080808280808f80808098df80ba8080bd80809780bb1daa898afc808080b5ae809680808fab9d1380848080b680aa80808080c684808080e4bb8080b0808f80
80808f9680808080808080a6878f809bc3808080808eb096808bbd808080b08d8082808097a68dd38080808091809e80808080a28d808980bd87809b96808480
808080bb808bb4808080bd9380d58080b28080a080b51bb3aa81dc808080a5a380918080839b84e880808080b4869580808084e280808080db80808095808080
8080808080919080808086c5aa808080d580808080a8b680c480c4808080a8b5a2808080e69a91d68080808096809d808e80809c80869780b2878080a2808080
8080998080808f80808080b9b5808080b7808081808aa480a280c28b8080b8a8aa808080d780bdd2808080809180ac80808098c083809680cfb58080b0809e80
808080948080928080808ab292998080918080918096da808387bf808080cd81808080898087a6c480988080a0809e80808080a282808780f1978097a18d8080
8080af838080b3808080b3b0bbca8080aa8080c580b6f39c9a80e7808080be9f80ab8080a5c88007808080808b80a38080808bf780808080ecb98080c5809280
80809280808080808080a18180808080c19580a38d85d980a680bf808080c992a19580808d8585ef80808080d287d2809980909f8680a590ed80808e9a809780
809780808080a0808380b3ab90808080ac9f80bf80a8ee80e08005808080add18e808080d8808eec80808080a780ba808080bdc282808a80e49f8085e1809080
80808780809497808080998280808080bf8080ae9598f480c580c6808080b4a5809e80809180a7db80808080be80be84a780adc385809a94e48a808d9f808080
808087808080a080808094b29f858080f68080988094dd80bb80d48080809cb0a39d8080ae898bfb80808080ab80c2808080c2aeaa809780e3808080ac809b80
808084818085a7808680808c81818080d78080898083b2809e80ac808080a6a1828a8080ba8085c3808280809080b48080809abf8c80a880bf80809499809e80
8080a1808093a7808080ab9a80908080c78080bb80abf48dc280d7808080a0bc80c780809980a8e480808080ac809c80808096e980809680ff8b8080bf809280
808090808080a380808097b38c8080809b8080aa80a6f4809a80c2808080d6b580808080808eacd380808080af80c780808080bd808080922d9f8091b9908080
80809080808089808080bbb9d2858080908080998099c580d980f2808080c0b6988c8080d7949ce68080808091809a808080a3d99c80a387a3ad80a1c4838080
8080808080808280808096cb9c808080a480808080a1e18099a4b08e8080afb78c90808080b69ed780a180808080b680aa8095a49b809e8cd893809bd2808080
8080808080968080808094bb92808082f68089808080c280c380148080808ba78c808080d880a8db80808080c280b7808c80808097809080ca80808080a09587
8080b38080808e808080949080808080b984809a8096d280a880a9808080df90808080809480b6cd80808080c594d9808680a1c38080a98f0a80809391808480
80808180808080808080959780808080a78880828080ab80808ea0808080a280808e8080808f91ad809d808097809180808090a891809580d3808088a9808c80
8080b2808080ac80808093aeba808080c688809b808ba680bc80a7848080cabb80918080baa987c6808080809480c08080808ebf80809684e58080a1b7808080
80808080808b878080808a9599888080988080928084a0808681a18080808aa18ea18080879287b58a8080808082a0809080809e808080809d80808697808f80
8080b48080809d808080a880878a8080be9580ae8089c9809780ce808080b1a689a08080b1808fd880808080bd80a480808092b783808d80e580808ba8809780
8080a78080969e80808094a19e808080ebaa80818081ae80d980a9808080cac098958080da809cd280808080b280a1808080b1b48f80c680df8080819a808080
80808f80808c8080808088a580808080a180808f80a3c4808e80a3808080bd8380808c80809baac380808080b78fb1808880809a8080998bf9808093a2808085
8080a58080a78a8087808f94b7808080ea808080808eb880e580d6808080d8d5b3a88080fc8ec0d980808080a080ad808280c1ef8f80c880b2908098ae809880
8080808080809380808088bca6a98080ab80808b809ac39a8280ca808080b49380808080958080c8808080809586a380808086a78d808080c3848089858a8080
808080808080808080808bbe808080809b80808080a5c9809780a3808082b68080848080809591c680808080af8eb5808e80808880809782b58080888e808080
80808d80808080808080a6958b808080b08080a08582b680a880b8808080a492998c80808c898fcc80808080af8ba68080808fa08a809a8df080809f938d8080
808086808080808080808cb8bf9c8080c780808a80b1d18fbd80e2808080c9a280808080c287a10780808080a780a480818094bd9a808080da9780859a8b8f80
80809d8980958b808080a086808980809d9d80bb8091b8809580a3808080c38d80a48080828ba4af8080808cb19d9f80858080d38080a691ef8080a095808380
80808080809c80808d8093c4b0808080c780808080a5b780c880d5808080baae9f808080f687b4c4808080809f80bc80868083bb8f808880b3998080809a8980
8080888080809280808087b1a6a58080a88080848085d6849c80c7818080a7b3a6908080b38299e8808080808080a4809480b6bda6808080c9b98080b29eb280
8080aa80808c8480808080a780808080b3808080809aba809a8089808080b885809d80808c80baaf809c8085a680a68080809dcb8880a780fb93809893808580
8080ae808080bc808080b4b592a28080b48080b080a5fc80aa80e7808080b9a880ad8080b0ad80ef808080809a80918080809df980808080f0a48090d5808080
8080838080809c828380879da4808080d280808b808fbc80be80ca808080bcc080868080c98b80e480808080a180b38090809bb19f80a880c2898099ab808080
808ea480808097808080ac98a08080809a8080ab80acdb80c6809f808080a8bf809c8080a09e89e0808080808e94c4809f80a5cb8080808cd7838084aa808080
808080808097ad8080809ed3ca808080b6808e9c80abb8800480dc808080a2aaaa828080058d86d69e8080809980a680ab80809d8080ad8ca3808080a2808080
8080808080809580808091c097808080b980808180aece80a780b98f808098be9b938080ab90b3b9808980808a80b1809480a7b58a809c80c39e80a2bf808080
8081808480809c80808084a8948080809f808080809bac809d80b980808091a6af818080b98c8ec28080808094809180998088a7808089808c988080b1808080
8080b28080808d80808099c4809e8080fe80808c80b0edaaaf80c580808ed5ce80cd8080808c97dd808080809380c5808080c0cfbc80b3803980809ec7808380
80808d92808097808080808680928080cb8080a48080cb849485b6808080a28e80a580808080a6d080868080a38292808080a0af8080a280e6808095a5808280
8080b1808080ae8080809c98a7808080b78080a4809dbf80cb80bb808080b4c7859b8080cb9499d1808080809b80b6808180a6ce80808c87d396809ab2808080
808080878080808080809bb580a38080d980808080a31ed48096c98f809597a799d0858080a6aae9809380809b80a280808080c6a480808002848080ae809b80
80808088808080808080989a80808080f48080818080cb8e9890d98080a492bc888080808080bbbb809e8080ce809980808080a49f809e8001808080ac809e83
8089808080808080808083ac888080809980808380a1bc808689b38e808093a48080808093809cb2808080809080b8809780839880808880cc8780a5b6808080
80938080809d99808080a49ab1808080b8808a818084d080b980ea8080809cb39e808080cd9385d2808088808e80b280a1808aa094808080a0838080a4978880
80808f80808080808080859f9b808080bc8b808080828b80a180918080809a8c948d80809b958fd0958080809e80a080808092ae87809f80af80808088808880
808080808080888080809bc2b7808080a180808080a8c3829785c08f8080a6ae938080809c9f9ad6808e808080809580808089af8b808080afa08095b68f8080
8080b8808086b4808080b69380808080a98c809a80c21980b680b3808080c0ad80a08080b39ca0ea80808080a088c080b480b3cd80808080ea808090bf808180
808093808091a28080809c85a2808080d091809b8082c780df80c7808080b2b390808080eb809ad580808080ac809d808080bab5b4808b80c58080819d809880
80809c808080b080808096b6bf808080b78b8f9880a8c180d180d4808080b6a5a9808080048c96ef9a808080a480bd808080809a8080a380c5808080bd808080
8080808080808080808092aba88080809c80808e8085a180a580a78080808e9f808080808a968bb58c8080808f80a6808480809b80808083c180808195818080
80808c8080809f80808098a99c808080be80808b8099cd80ba8a98808080b3bc98c28080a1bc9316808780808b80a180878099c28080a980a88e8080ae808080
808087808080b0808080a1aeac80809fc39f969d80809d80d280dd8080809eaa90808080e580969c80808080b4809e80808081958c8ecf80ab8080949a808080
8080ae808083a08080809a9eb9808087d09180a580839280cc80cb808080b0bb85828080f58591ca80808080a680bf80848988998080aa80ce808093a2808080
80808080808c998080808cdcbb808080ac80898380a4c580c880df808080a3ae96808080e58d8fb9808080809180a680938080a080808a82a59e8096a4808080
808080808080898080808ba9aa808098ba8080a280889680a280ad808080a1ad808b8080a4b582d6a18080809a80be808080808580808280ae8080809e808080
808082808080ad80808080a880808080e58080918094c580b280c4808080aeca808080809a80c5a480808088a680de80a180a9b88080b58a038080a8cc808880
808083808080808080808abeb2a58080bb8080808091a991ab89c9808080c0a684a3808096a093eb809d80808080928080808b9d99809480b28a809d918d8080
8080809180809d8080808b8080938080ef80809f8084ea80c8a9c0808080a8ba84858080838090dc80808080bc80b28080808bb48e808080bd81808089809580
8080808080808680808098a48a898083cd8080828085cf808080e080808080a284808080aca980f887808080af80b180808080809b808080b880808083808080
8080808080879b808080999e828680809e80809480b1eb809c80c88080808dca9f8a80809d9097d980808080a280b380a38086af80808080c0908080c2808080
80809f808080808080809fb584808080dd808080808ea3808080a1808080a68e8d80808089958fab80b4808088809d808280a7b8c580a580f68080acb280a680
808080858089958080808ba686808080aa80809c8095cf809480c7808080c6a8808680808582a1bc80808080a6809c808380809b80809686f1838081b0808080
8080a58c8080c98080808ec4a8b98080db8080ad8097d3809f80c2808080bb8080bd8080aeae8ad78096808089808d80808081d18d80c280fc9780a19c808080
808080aa8080a280808094ae87b88080aa80808a80a401808097d6808080a38180818080808f81cc8080808080809880ab80809893808080c080809b9b918980
808099858080be808080a2ac80808080c39880c487bf1780d680db808080dc9c808580809a8c800180808080d386eb80b7809ed180809cc4f78080a8c0808080
80808b9a808080808080939a80958080818080968091f380809ea3878080da91808f808080aeb0be808280808880c2809d8080c4808089800890808fc4808980
8080aa9f8099aa808080a1ac80948080a08080a980cefb80ab80bb808080b18080998080c68089e3808580808d8098809e8080cb80809180f2808096a2808080
808080ab91808b808080b0a480b48080dc8080a180b819a48080e78080808cc68b9a808080a094f580918080c380b780808080ac8e80808016808080a7808080
808080808096828080808eb397808080a780808080a8c8809e80c08080809c8f808080809c8f8ebe8091808080808b80a88082af89808180b880808f9d838080
808d8080809e8c808080809692808080c480808480c8ce8fae80c8808080a0b98180808fdd8799e8808380808780aa80c580a5bc80808080a0808094b6809c80
8080808080968e808080b1919f868080dd8880a18080c280d880d6808080a7a780b28080c49383de80808080a980a980849a80a28d809880a780808084808080
8080808c8080978080809da08b808080de80809b80a4f1a18d80db808080a68e808080808f9e80f180808080a780c080908080b180808080db80808796809880
808080808086888088809dc5b5808080db808080809ae080d280da808080cfac88808080ce878bd480808080bb80d780978080a081808380c080808680958080
80809f8080858a80808084a69b8080809280809d809aa480bc809c808080aca08083808ea887a3bd808080808d80af80818087b480809483e1818093af808080
808087808092a180808092939d808080c98081968080be80be80c1808080aec790808080d080a0c480808080a980b2808c808ba380808d80c6808080a7808280
80808f80808d9b8080808d9ca88080809a888091808ba780b180a8808080a0878a898080bb8a8ab8898080808e80a380808088a480808f8bae808081a2808080
8080ad808080a98080809eb7a78c8088ac8080b880bbd080a380be808080cea580ad80809dcb81f5808080809c80c080808080c580808081fc9d8085c6808080
80808c808080a2808080afd3acb780809880809380adea809880b4958080b29780a1808092ac97e1808c80808c80a0808080a3e7a1808080f7b8809db1808080
8080808b80908a8080808aa180808080ab8080808088e180939d9e808085c5808093808080a986cf80808080a684ba80a1808dad94808a80bb80809f80808080
8080a980808b99808080968f838080809a9780be809cda80aa80bb808080c3b480828080a380b3bd80808080b793be80808080a68080918031808080ac808080
80809a828081ae808080808089808080d2a98098808ec480c080a9808080bcab83808080dd80add680808080b580d3808080aaa188809b80d980808092809d80
80808080808d80809280acb2b58b8080a380809280a1b680d080b580808094bd89808080b0838ad891808080b584cf808b8080c080808080ba80808080808080
808592808080808080809ac3b18080809980808080a2b080a380cd808080acb68b808080b591c0c2808f808080809b80888099b680809080d5a5809cb88c8080
80808680808080808080a6bbc1948080ac8080918096b680b980bb8080809ac3a0948080baa595f8808080808080a780808094b7a6808080b9838080b9809880
8080b5828098ab808080818080878080e4ac80c18081a180c280ad808080ca9b80a28080ba80a0c0808080a6af809c808080a0c38080d880058080b3a9808580
808080808080808080809abb9d808080c68080808089d480a98000808080a9b180808080d891ace280808080a3809c80a580809380808c80d080809d96908080
8080a5b28080af808080959980c78080c18080b580ae0aa08a80be808080c69c8096808081a48810808080809b85bd808080b1bf978080801a808080a5809480
808080bb808c8b808080989780a28080cf8080808088fca39a98c480808e9a9080ab84808086a4c880808080b1809480808080b185808380de80808089808c80
80808080808c8380808087ad848080809080808480a0c6809180ad8080808daf8b8080808985a3ab80808080a180ad809d80809a80808080d18b8082a7808080
8080808080868880838083b0a8808080d0809f988080a880b480e880808080a68d808080d18084d697808080ab80b9808080809094808080b181808093809380
80859280808da28099808f8aa7808080ae8d80ae8084a480cf80b58080808eb78d998080da8082cd838080809b80b58088808fa980808d8aad808080a4808080
8080a080808082808080a2b8a8808080ba80808b80adf0868580cc8f8080d19c8095808084b3820d808b80808b80a580808084c480808080ec968080b8808680
808080908080908080808fc795878080b280808280a9c8899186c1828080ab88808380808f81a6c780c580808d80868080808ecd88808480d8b3808fa4808080
8080a48f8080b6808080808083808080fdb880a68080be80dd80c3808080c9ca80808080f280bdc780808080ce80e280808095939480b180f480808099809680
80808580808ba38097809392a9b78080c5808093809fd680d380c5808080abc89e9e8080d48084f6808080808780aa808081befa8e808080bca880809d808880
808098808081a680808085848e9e8080c48080a9809bbf80bb80c28080809cb880948080b6808dd1808080809980ac809680a1ac93809f80c88080a3c1808580
80808080808895808080aba9b9808090aa95859d80869e80c080cf808080809aa4808080079291d481808080be80ad80808080a391808380a580808080809480
80809880808588808080b5b0b2808080b980809180a0e980c080c7808080c1c2808b8086c38fab0080808080a280c780808095bca7808a800f808082a18d8080
80808980808ca78080809dc08d808080de8080808080da80ce80e5808080b99980808080e480b6b780808080a6809b808080a3d9a7809f80038080a497808e80
80808f808080a0808080959881808080af82809a8091d880a380b1808080aab1809b808089928fcf80808080b080c380868088b185808080eb808081b6808080
8080b1888080808085808197808d8083f78080958080a1859880ae808089dc9d80c1808094809ace89808080a5809680808094b6a580d480f181809887808f81
8080988080899e809680a3808080808017bf808280808a80b080bf8081809fc880808080f380b4b880808080c8809a808080babb9f80cb80c480808d8380ad80
80809b808084ac80808091a180808080b09c80b7879bdb80b280c6808080c7b0808f80809980a7c480808080c880bd80818091be8080b08914858093cc808080
8080928080808080808086ae80808080b38080808091bf8098939a808087de95808080808088bbcb80808080b58fcf80888089b88080bb82f78080a59b808080
808080808080a780808094c495808080c98480a280a90080ba80f1808080d0bf8d808080be9099f280808080b380e380b980809e808099a5f6808098c3808080
808080808080978080809dc38b9f8080b580809080a408808088db808080af9580808180808596bc808080808580a180888080be96808080f18080babe898680
808090808094ac8080808f8583808080b5a480ad809ace80c980b4808080a5b9858d8080cb8094d180808080ae83c2809380aaa793809880d5808080a4808d80
808080808087808080809bc3a5838080c3808081808ea7839680e3808080869a9e808080b79380cc808a8c8093809480868080a09d808080a780809096938f80
8080d6808080b1808080a48080808080dab280cb8087bf80ad80be808080adc580a68080b280cfbf80848085c480b6808080decd8580d7802a80809fd580ad80
80809c8080808b8080808e9985808080a1808097809ecc80b980a1808080bda28d8080809980acd8808080809f80bb809580bab689809387d9908096ab808480
808080808080ac8080809e9d99a18088e58080968094e1809980e980808098b88aae8080a4a980d1808080809980b8808a8080a391808680b480809fa1838080
80808380808480808080808e9ebb8080be80808080a1bd9e8980b7808080aa9a8080808e989292ea80808080808280808880a5c7a2808080d48980859a809e80
808893808089a2808a8091928980808094a38aad8080aa808780bc808080929280858080b6808caa8780808092808e808080919780808a80e8898084bf808c80
8080978081818480848091a09ec38080cc8080808097aa888d80c38080808091a7af8083b288a7c68980808086898280828080ae9d8080809c8080808a80a080
80808080808f8580808091bb80808080df808080809dd687d487b4808080adac96bc80809bbfa4d5808080809980bf80b2809bd39080b280978e80a097808080
80808694809a9d808080988380908080a88080a980afee80a380bb808080a3a7808780809180a7cd80808080b48eac809c8092b780808080d480808096808380
80808080809782938080809f8a808080a4808080808db5808780a5808080b88880808080b4a581b4808080808080a480ad8080af85809e81bd80809d9f818280
8080a58c8080ae808080828e80808080b19780a08089c180a88095808080cc9d80848080a680aec580808080b180b5808080abc0808099800f8b808395808f80
8080818080809e80808080a189808080cf80808f8083ad809e80ae8080809dbe8c818080a780aec3808380809c80af80808097ad8080a180d2808080af808e80
808085808080808080808ac69aa2808da080808080b1c49ea19fba878082ca9e8393808086a492e0808080808080af808c8085b591808080a29a8099ac808080
80809c808080998080808f9a958080809694808a8082c4809b80a7958080a8b880838080a280b1a4808080808280b68081809bb49880a280d796809aa8808080
808f80808080888080808fb3bf8080809980808c8096be80ae80d3808080a6c895808080c9808cd1808080809480c8808480809a80808080b1908080aa828080
808095808080a1808080a5b4938080808d8f809880a7bd809580c28180808c949e828080cc998bb78095808095809780a4809cc48780a280c28b809bd0808080
80808b80808e8a808b808ca4ba808080cc8080808096a280b680c8808080a0b2c1808080f08e9bcd808080808e80a08b858095bd80809b80889080809f808480
80808080809a908380809ab5a7988080d280808a808dd180d980db808080ccc486bb8080bfb28de4808080808280a380ab809ce29e809f809f9f80b1a48d8080
80809d9c8080868080808cb994b88080b280809480beedab8680d6808080a986808b8d8080b480fc808b808080808580808088b480808080ec868084b2808080
808080808080aa808080b4bba6858082b79880978094dc80a080d28380809daa96808080a49b96e580808080ae809680808098aa9b809080e5848080ca808080
808097808080af8080809db0a78080878087809b8099ca808f80bd858080da96808b80809c9780bd808080809a80a680808080a580808686d996808fce808080
80808080808a80808080908e91978080b580808b809bcc84a380c48080809ea7988a808088809fd4808a808097808c808e8099a59b808480bd9180809f808980
8080808080808d808080939987808080e78080808080b580a48ed68080809dc698808080b880a1c480878080b480b48082808e9ca180b580b18b808080818480
808080808080ae80808094ac9e8d809c008080a280a0d880ce80ef808080bcae81808080abaa80e880808080a780ee8090808db39b808a80c180809ca7809380
8081a88080908480808099959e808080b880809580a4d080b280bf808080c1a883808080b08b96ee808080809784c1808b80a0c180808080db8080879f809180
808080808080808380808aa0888e8080ae80808780a2d480b2a0a0808080a99d80808080809180e4809880809480ab80ad80aec99a808082d9808091ae808980
8080808080808e80808094ad8c808086b591829a8099cf809a80c1808080adae978080809f9185c884808080bd80ce809e80808b80808880ae80808a86808080
8080808080809a8080809bc79db08080d480808c80a1f7b68c88e28080898cbaaac8808080b180058080808085809f80808080af8d808080ac808080b5808e80
8080af808080808080809fa08d8c8080c480809a8080b9808e8095808080a88180bb8080808993e2899080808d8397808080a3c594809280fa8080808f809680
808094808080b080868080b685808085c0b380918080bd808580b6858080af8580828080d980afb780858080b280aa808080809a8680b580f69d809c96808680
80808a80808b9a8080809eb29f808080928080ad80b3e580db80b8808080cfcb80808080b780b9d280808080aa93e980b380889680809183df808092a3858080
80828080808082808080c4c1c28080989b80809880aeeb80be80bf808080e4b58082808080cc801780808080a184e280878080d18080809dd080808a9a8b8080
80808380808095808080aba3819480808b8080c28098e1809480c580808080b4809b8080809797bf8a8080809a87a8808080809f8c80808010808080be808080
8080a780808eb580808082939c808080c3938aa1808f9c80b880b080808092b6a8888080f48191d480808080a580ad8080808f8d8f80aa80d4808080c0808980
8080aa80808488808080a49495878080cd80809f809bd580bd80e38080809eac93a48080c38090fe80808080aa80b0808d80abb88c808080c5808080ac80a780
808087808080ae808080a5e19abb8080c780809880a1f1b7a780e4808080aba7a5b88080b98e9cdb808087808f809d80808099dc96808080c0b98081b0809980
8080808080999c80918088898e808080d48d91a48e88a780cd80dd8080808aa9a8808080e98389e280808080af80af809f80a49e8080928090808087af808f80
8080948080808080808093b680808080bb808080808bd380a580ad828080afb2808e8082808fb2c880808080bd80b080808080c18880938021828082ba808280
8080958080979d80808088a8ae808080c7808b8c808ac080ce80b7808080bdc883808080e28098c580808080a380c7808a80839f85808f80d28080868f808080
80929380808094808080b9d9de9480809080808980b3fe80ca80fd808080b9f194858080b8c18803808080808080a780ab80aaf290808089cad78094e1b88080
80809380808096808080b0aba5bc8080a98080b880b6ed829580e4808080b6aa8091808080ba80f380808080a68dc080808080b9818080801a808080ba808580
80898380808ea98080809cbe9f978080a680808a80b9d980b180d5808080b4a887878080c09280c6808080808080aa808d80a2de93808080abac808abb808780
80808380808b8b80808093c096808080bc80808080a0b280b680ad8080809c938e868080b480a9af809680809180898083809eb7a280a880c88680949b808080
80809580808193808080a1b18c808080e880808f809a0880ee80c580808003cd80808080a280b80880808080c4800f80a180b4c98080b88c1880809f93808080
8080808480808880808080a9a39e8080bf8080808095b5848293a58080809d84808b8080809a83c380a5808080809580808088a9aa808a80c586809996838080
80808480809487808680898184808080cc8e809d8a80bc80bf80b9808080d2978094808091879ec58080808ebd80c080a1809eb78680aeadce8080b394818180
80808080808e8d8080809cc3a5988080d480808a80bae280d280ef808080bca980918080c8b380ff808c80809580bb80ad858bb6ad808d80bc9d808fa9808080
80809b9e80809a80808099a5809e8080a48c80b780bdf9808080c4808080c1948080808082a39fe080828080b780b980808080b0808091802b808093b5808080
8086938080878780808091888a8080809895808f80879580a18080808080929882828080aa8095b682808080a494b0808080898f85808880b58080808d809080
808080888080a480808080caa9c08080df80808080a0fc99a480ef8080979da08e808080a09680e08080808080809f80aa8095cf9d808080c38980a48a978b80
8081808080868c808080b5d8dd808080a78080808096d280e780e0808080c8c380898080c3ab91ed8080808080809c8093809ddf99809186c59f8097a7a68080
8080918080899b808080988e8d808080d4808091808ad380aa85b4808080c08b899d808081878ee2808080809a80aa808880b3bd82809280c58080918c808f80
8080ab8080a4928080808f8a80808080bd9c809080809f80be8092808080d39c80a58080d4809a9980808097ad809080808799cf8380bc80d88080ab85808580
808080a18088aa808080959180808080b8ba80a88090de80a180c0808080ba8080878080998390c780808080cc80bd8080808ca788809b80ce80809a98808180
80809a80808095808080819680808080abb1809f8080ac809880ab808080939684808080b480b2aa80808080b480b780808083898080af80fe80809fab808780
80808180808c80838080809aa19c80809980808080a3b59690808b808080b58b978080809f89a3cf808e8080808b80808b80a8b989808280af9d809b84848f80
8089808080968d808080988983808080ad81829680a4cf80b880bf8080808d8c94808080cb808ee580808080b580a98096809ba587808080a080808092809a80
80808080809791808080a0ae98808080c980809281aae887b780c8808080cec2808080809b8096b580808080a180b680a58081b69e808080b28f808e9b808080
80808080808b988a8480919ea4808089b896938780809e809480b980808096b8ac808080e89c80db80808080aa80b2808180808580808880ab8080838e808180
80828080808085808080849a8a808080b98080808080aa80a480c280808080aa8e808080c08098c8808c80809280938097809c938a808480ba80808097808b80
8080a88080908e808780849083808080b28b809a80a1ba80b380b4808080a79d87808080d680bec180808080af8cc08090809fb28080a480d58180819c808980
80808c808091a0808080988480978080e78080a68994da80cd80de808080aba680be8080a29c80f380808080a480ab809c80b5d4ab80a880d1888087c280a580
8080908380b49b808080948b80808080a48080888097c880b08088808080d08b80938080a280a9aa8080808c9f94a3809b80a6b58580a880d380809780808480
8090808080a08f808a80808098808080b28084958092b980bc80ba80808098a08e808080c6808ddd808080808d80ae809b80a4a2898080809680808098809380
80808080808580808a80808f98808080b080808080808c809980a3808080a5a480918080a694a0bd808080809c80ac808a8080998b80a180a380809290808080
8080808980808080808091bf93808080dd80808080aeed80b380c3808083b79e8086808080c48f00808080808980c480a18080be80808f80c680808c99808080
80809a80808db38080809297ac80808db9a780998092e680db80be81808006cb8f808080f280aec980808080b280fd80a380a59a9b80b680cc8080949e808a80
80808080809fad808080a082808d8080d38080cea4aa0e80e580f58080809be381bc8080b080b4ef80808080d780b180a680a5db83809980f8a98080c8808880
8080af8c808a978080808a9a8a808080c39b809b808cab809c80a2808080e08980a28080a2969ad380888082a9809a8080808db08080c381f080808da2808080
80808080809d85808080819f87808080b78080838080b080b286b4808080fea3808980809099a3ad808080a29e80bc80af8089ac8d80ce9fd18080bcb5808080
808080808080ad8080808d9e8a808080cd8a8d948089c2809780c684808083b7a4808080bc8097d380808080aa80a88080808f8798808c80d6808080ae809880
80808080808c80808080afbe9e818080db80808080a5ee9bb780e0808080cac48ea580808da1830c80808080a680ae808f80889791808980c8808080a2808080
8080b8808080b88080808f8f80808080c5a180ad8088c480ec80a0808080a7b48daf8080cb80a7d280808080aa80ac808080d2d18880b28000858080b1809680
808b8080809b80809780848fab808080b080a19d8080a680c380c78080808bb093808080df878dda948080809680c2808a80808983808680a180808094808580
8080a18580809f8080809cbc8f8680808092808080b0c780a98a81888080dd9b80848080a19daaad808280808b80a4809180b2d39680a381e5ab80bdab808080
80808080808096808080a4bfacc48080bf80808680b10fa68e86e1808086bca58999808080b083fd8080808080809e809180a3c8a7808080e88e80949a838080
8080938b809a9d8082808f8280938080a28c80ae8381bc80a58480808080c794808f80808a8089b28080808bb693958080808ec482808080d38080888c808088
808080808085858080809bab9a858080c9808080809afb809c80be808080c8948087808095b287fd808080809a80bf80a28080ad80808480cc80808080808080
80808680808e8c8080809faa84808080dc80809b8081d080ba80d5808080baca80808080c091a1b48080808aa180b780a98080bf8a80af80eb80809fba808780
8080808080809980808090cac4808080cc808092809fd080c380f0808080ab9d81808080bc8288cc8082808096809a80808088db81808081ec8080a0d0808080
8080828080808180808089b5a68080809d808080808eb1808c8c99938080a2a58794808086a098b78093808080809280808081a58a808a80b19d8092a4878080
80808a9780818d8080809496808580808a9880ac809eb58097819d8080808e8280968080828084bf80978080a086a38081808eba80808080cd878080a3809280
80808080808d808080808aab98808080cc8080808099c380b480c9808080c0c68b808080a49eace080808080a480dd809f80808980809380aa80808097808080
80808091808096808080809d80878080cc80808580a4dd86959fa9808080a490809a8080809097d2808f80808680b68081809aa09d809680e680808bb9808d80
8080ae8080848c8080809ca5a48080809380809080b4d3809880a6808080b9b0808b8080acb29ae8808080808580a8808c809ccd83808080e7a68080be808580
80808a80808080809480b1b0b6808080c68880a1808c9f80b980ba80868095ba80818080c6958dbb80808080bb8ac080808b80b180809780c080809180818080
8080808080a1c0808080b8c091a78080ab80809680a3059fb48ac2808080cbad80b780808d8881c68080808094808080968080c995808080bb86808697808080
80809b808085b98080808cb7b2bd8080d58080ac80adf59ecb80ea808080aacaada68080d68080f0808080808780a580808093eb9d808080d8ab8080b1808880
8080a4808080a18080808aa198808080e7ab858c80829480a780af808080a999a4808080ec8093d891808080c680b580808092a285809f80e080808094809f80
8080808880b5ca808080a8a782808080938d808c809add80bc8ba5808080d59280a08080bb8296a1808280909180a281aa80a0c29480ab89b08680ada1808080
8080b4808083ae808080808c80808080c6ae80a08080918099808b808080d29b80ab8080a0858bb58080808da380a48080808bb08680bd800b8080a199808980
8080808080808e80808083b8a3928080b880808780a0bc80868ab5878080b0a2858c8080809980c5808280808c80b380808080a780808080c289808ea9808080
8080a3808095b5808080898080808080f8a580b68180c280d680c9808080c5b980828080d88098e480808080c080ce808d80cab798809d80d6808086a780ac80
808095808080ad8080808f9c8a808080ae9a80998092ce80b080aa808080d587809f808097808bc080808080ab81bd8386809ca99080b091d68580a2a0808080
80808080808b808080809ddc8a808080b680808080b7d380aa80c1808080bec482808080a7849ab780808080a180d080a78080c795808080b59680a4808b8580
80878080808fa08080808b9f9a808080a48095af8085be809480d180808080a080808097c08093b882808080958091808080808680808280d5808080b6808080
8080808080808880808086b68e838080c4808080808cc384a580b88080808ea8888e80809780aeb2809480808c809080808092aeaa808b80df8580909d8b8480
8080828080828180808080a6808d8080ad8080a080a5cc809c81c0968080bfb0809f80808188b7b9808080808a83b18081809ab6ae80a580e7b380a2c6899280
80808080808393808080a1a190808080c8828089809f0380ce86df808080e89c908a8080b19595f880808080bb80e080b5808b9a98809c88ab83808d9f808080
80808080809a9591808083a2a0808080bc80808080899b80b980b2808080aab59f808080cf8b82c1808080819980a880a6998ca88080a380978080a49e808080
80808080808a80808080a1a7a18e8080c180809280a2ce85c78fc2808080a9a392a880808b968bed808f80808a80a3809180b3c0b0809580be848090ab808080
8088808080a08080808095b991808080b5808b808080ab80ab80ce808080909580808080c38c92ac8080808095809b809a8080898a838380a2808080808a8080
8085808080999580808094aca38080809580808580a8ca80aa80a9808080b1a086808080b59a84bc808080808381c180ac8085b180808283af818097978f8080
80809a808080aa8080808c9097808080df8080a2808ecb80c680cf808080a4d180af8080ca8e8fe6808080809c80cf808b809fa19e80ad80ce84808aba808080
808080808080b9808080948b80808086b8c084af8080d1808a80c98080808092808080809e8080b680808080c280c3808080808092808080d080808895808c80
8080a1a0808595808080958e80808080b08f80a680aee5809380ab808080d792808b80808c8685ec80808080b592b2808880a29c8a809e80fc8080809f808080
808080808088878080808089838a8080a580809f809ec8839880b3808080a1ae8a80808087809ad080808080a480a7808e8094b980808080ee90808fba859480
80809080808080808080a4b9d8808096bc808083808e9380c080c5808080b9c8b3808080d7a897ea808080808080bb8080808db880808f80a0858080a9809580
8080a18f80878f808080958f8080808094b280a7809ac2808580a5808080c782808680809b85a7bb80808080bd92b080818080b98080a08aea80809689808080
80808e8080808080808080be98ac8084d580808c80a2bcb08080de808080d8808080818085a78001808080808f80ab80808083a582808080e3808082b480a380
8080a880808f91838080978f86808080b180809580a7da80af80a8888080b0ac809f8080ba93a9c9808080808d80b680b980a5c59280a980d28080b5a2808580
80808080809e9d8080809f9d99808080e480869a9194c880ec8001808080a7cc9ca48080e68087d880808080b080b280a98092aa8e80b282ab848082bb808980
80809880809e8c8080808b95b1808095e181808b80929780b680c9808080b7bca9808080ff9b9bdb80808080a780d480958088a58080a180a880808093808a80
80809a8080ab98808080ab9891908080a180809380b3dc80c580cb808080bcc58ea38080dc80acea8090808094808a808580befa8b808880b0c18095b3809280
8081808080938080918080d0a5808080b380808080ace280c980cf808080b2ba808080809e8094c1808080809f80d680b68080b38080808cc084808f80a68080
8080808a8091d6808080999a809e8080b28a80af80bafa80bd80c98080809a9b809d8080cb8083ce80868080a980a280ad809cb285808080bd808093be808080
8080a3808080b5808080b6ab80808080c48a80c780b90c800080e8808080b8a683a98080d182adfd80808080bf80c8809a80c5d68780ada3f99880a2d4808080
808085ab8080a3808080a6bb809180809b86808980af138f8b9dbe8a8080e08480b3808080a8acdc80b68080a5809d80808088c885808680199d809ecc808080
80808f8c80808380808099bf9c8f80809d80808080b3da909d93a8808080d8968080808080b68dda8080808084809f80898086cf80808080c4a98097a2808080
8082808080828080808086be878080808780808080adb380b487ab8080809ab9868080809987c4a2808b80808d808c809580809d80818e809ea18096a3808080
808080878080d0808080899180a58080ac9a80ba808fda809f80bf8080808087808f808ac08087b8808f8080aa808f80808080a580808e80d68380a3b1808080
8080ac8080869c808080838088808080d28280968083a9829b80a6808080b8ca80938080c080b0d180848080a580ae808080a4cf80809c80dd80808098809380
8080908080848b80808093a298808080e480809a8098d380aa80d1808080d9a1809c80809ab380fd87808080b580cd80808080c680809180ec808080a2808080
80809c88808083808080b08e80938080b080809980a1dc809f80a18080809a9e80bc808080a985fc808080809684a580808096c480808080ec808080a1809c80
8080908080ac9f808080919aa38080809780808a80add280bd80b3808080aabb8b808080d58695c4808080808b80bd80ad8095b390808884b58d8088b3808080
808080808080be808080b5b685818080d1aa80a88080d880d180cf808080a9df80a58080a0808faf8080808ac280cb80808081cb8080b185ed80809bc0808080
80809c8080969f80808081859e8080802a9f838a80808480c780b9808080b0e1ae8080801080aadb80808080be80c18080808f809480c080c48080809880ab80
8084938080939f80808090a997808080c780859180a2d380b480d780808085ce9d898080d380a0be808083808080b280a680a0c28f80a180cd838087d5808c80
80809280808c9a8080808fabb88080809d80898f8091ab80ac80bc8080809ea69b808080dc8091c1808080809580b5808180809b82808f80bd818080a7808080
8080998980a5bc80808095a280808080c98c8098809bd280d680a2808080ca99809c8080ae80abab80808091ab82a5808780aac78c80ae80f680809b83808080
808080808081a68080808ba79aa28080ad8080998098c380af80c0808080b18d80958080ad8b80ce808d8080988096808a8093c597809585c19180a6b3808080
8080808080898d8080809197948a8080ca8080808094c280a787bc8080809da3819c80809d9d91d8808380808280a5808e809eb0a3809080a884808c8f808080
80809d80808683808080a39d85808080e280808c8080bd80b380b8808080a289998c8080978093dd80878080a1809e808080d2c4a3809e80f28080809d80ac80
80809280808a958080808f96a3848080868080938091b380b388ad808080b1a8979b8080a98396ae808080808080928d828093d58b808f8098b18085a5808a80
8080b180809ca3808180a293b2808080cf9980838080a180c180b9808080b8c199808080f890acc28080808ca280b8808380b7c48680af80d18080a2af808880
8080a280808e99808080808580808080b7958085808aac809e8088808080b88e869c80809c8094bd80808080ab82b180808093af8080ad80de8080809a809280
8088828080808a808080adccbe8080809a81809d80a8d880ca80d1808080b6d581808080ba9a87e880808080a780cf80988080a780808188d0808080b7808080
8080b8808080ab808080b0cba38e8080888880be80bde580dd80ac80808096b883bb8080bca4abfa808a808089809d808c809df38080ab86e4b6809ac8808080
8080ae808080a78080809d9a80808080e48f80b5808cd480a988a2808080ada580b780808080a5e1809c8080ae80c7808080d7cdac80b58020808080c080a880
80809a8880839d808080948080808080bb8e80b791aaf1808d80c5808080aea98d8280808f80a0e380808080cd8ec880a480a6a980809080fb808086b0809280
8080b8808097a3808080978b88808080a68080c180a7d380c280c6808080c2a780928080c682a2d680808080b188cc80848094be83809388128c8086b0818080
8080809d8080a98080809ca280938080c0a1809080aeeb898c85b1808080b0aa939980809a8f99e880808080b680b78081809ab380809280bb80808095808380
80808080809880818080888c80808080e08080818d89c880d987cc808080c1ae929480808584abd680808098d080d180ab80969c8080b08ab38080a089808080
80809e948080a380808083b192aa8080a68080a180a3c99496888e8080809c8a80c6808080c188f1808780808080938080808bc681809980bea08091ac808080
80809380808f85808080938f88878080ba8080978090b080a380ac808080a79c8198808080978acd80808080a780ad8080808abb80808080e18080809d808d80
80808e9380809b80808097b680898080a980809680b50d80c490b5808080aea580af828080a2a6d4809180809c80af80808080c08080918001908090ca808080
8080808580808580808080ae93a78080b280808180b4cd868084bb808080a48c8080808080809cd58087808080808c80878092ae87808080ed8f8098bb8e9780
808080808080b08080808f9b99968080dd80809d8095de80a880cf80808093b686858080a68089dc80808080b780ac80808087bc84808080d8808080a0808480
80809d808093a6818a808c8888808080b68d88a48083ac80a580ab808080a1b38d9a8080bd808eb280808080b080ab80808081a181809c80d480808a9a808080
8080919080808f80808084bf809a8080b580808080a3d5938580a6808080a98080ad8f80809d97ce808a808098809480808085ad80809280c48f80938d808080
808081808080a08080808e998f868080e28080a78080d18dc980db8080809fad80988080c580950b80808080c480b1808080b5bc8880a580da898080a580a680
80809d8080809d8080808f91bab08080cf8080af809dc997b680c180808095ca84a78080c990870480808080858090808080a4d191808080db888080c0809580
8080979480929c8080808a84808080809599809d808ba78093808b808080b393809180809d809d9e808480809e8a8f80808093a984809a80d48080829080808d
8080a9948096b1808080988080808080b19b80b280a1e080ac80aa808080c39080a18080a280a3ce80808080b48db0809080b5c580809588ef808080a6809480
809280808095a28080809bb5c5808080a18088908096cd80cb80e4808080b5a084808080d5808acc808080808080918088808cae84808088a68d8083aa838080
8080a2808080c0808080aa809dc78080ce8a80c88080ca979080c0808080b2ad809f80838a8080dd80808083c080a480808094da80808080ee808099a880aa80
8080a98080808c808080b0b8a0808080af83809b80abe6809f80cc808080c9c68d9e80809fc380fc80808080b380cb80928080c680808080f4808080cf808080
808287808080a98080809f8e88808080bca380b08080cc80a980e2808080a6b780808080c9809fc980808080bf80b180808091a480809180ea808085be808280
8080888080829480808094aeaa808080a3808083809bba80c080bb808080b3989e808080dc80a0c1808080809480a4808680b0a7a9809380a9978086a7808080
8080b1808080a8808080a2b6bf8080808080809680a4d480a380d38f8080b3b28aa18080bbadadcd808c808080808e8080809be58080af89e3d380a305808080
80808c8080809f80818093899a808080f09b808080809980bc80b18080809fb480808080e180abb2808b8082ad809f808080b9c29a80c580e48080bc92808080
808080808087a2808080858f8f818080cd8080ad8996cf80d080e5808080a3c784808080b48090e180808080bd80b78093808da480808d80a9828080af808080
8080c880878aa28080808e8080808083f9bb80b78080808085809a808080b89281b08680b180a8b391808085ac9a9880808098938780c6800480808d8e80c487
808090808080c0808080a2ceaec18080f78080a780b02da39180ff978080bfa980b2808080be8008808380808080a48080808ef0988080800c9880b0da888180
80808080808793808080809d80808080ec808093919ecd80bf84cb808080afab80988080a093a2d0809b8086a180ab809580abc39b80ba80e08180bad9809680
808080808080ae8093808f8f9a808086d1a1849b8080c180a680b883808099c3a0928080d080a5c7808080809f80c28081809f958880a380b980808ca1809680
8080a180808091809580869ebe80808702808080808bac80d780c3808080c2d2998080801685adee808080808c80c5808080c3cda880aa80bf85808794809380
8080808080809880808098b080868080ce8080938094e9809481b9808080a1ca8fa6808080bc87e680ab80809d80ae808c808bca988095840a918090d3808380
8080808080909680808099beb4878080b880808080a2c59dbe9bb8808080cda880898080b9aa89df809380808080868098809bd09680948098a9809a9b808080
8080c58080809a808080a5a3a7808080ad9580cb80aede80ee80bd808080d9c080838080bf98a01193808080bc82ee80828097c48080a38a2f808080c7808780
808a8080808f8080808097c2a2808080aa8080808094bf80a780d780808098b48c808080979ea9c480808a8080809180a8808ca58b808080a2928092989b8180
80898380809a80808880918cb9958080bc8080a080a3cf80de80d9808080bac299808080d481800c808080809480b480a580bed987808080c38d808ab9808c80
80808a80808b9a80808083979e80809ca49983928080cc80b780ca828080d59380808080c8a08ec880808080a880db809580808e8080a88bc09380a7b3808080
808080808080a68080809daaac9f8080fb8080b180bbed89c480ef80808084ce84a28080aec7801b80808080af80db80838082aa91808080cb808080be808680
808080808091808080809eb0a3808080d58080808080c580d480d1808080e5ab8080808095859cdd80808080ab80ae8081809e879180af800a8080938b838080
80809b80808985808080a8a2b8848080a28080b480aacb80fe80c8808080a1c693a58080dd919ef8808080808780bd809780b6caa2808a89c5988085b0808080
80808080808f9a808080809795808080ba80809a809fb980ae80c3808080a1ae8b808080b18b86c2808080808580b4809e809bac80809685bb80809cc7808080
8080908e8080808080809ba380958080a080809780aae78e8080cd808080c789808080808086a0e180808080af94b780808082a98080808015808080aa809b80
80808b808080b8808080a9ad85988080b280809b80af1f80a880c1808080d3c580b38080809d8bf180828080a380b9809a8084d9908080800ca18080c4808080
808080838094808580808b8180808080c08080808080c3809c8db48080808d90808480809f9692cc808080828f809f80a2808b9b8e808e809d80808080808780
8080948d8082be808080a48080888080cd8580c6919b0580b580ce808080dba280a78080838093e880808080dc8dc9808080a2c489808e9003808080a0809280
808080988088a0808080a2a68a9f8080c58080808089fa898e97c4808081a9a8829280808e878ad48081808095809d808a8080a5a0808080c48080808b808080
80808c80808089808080a8c0ab8080808d80808180c4de80b187d1808080bcd291848080a3c0a3df808080808080ad80a9808edd80809689b9b8809adc808080
808080808080b2808080828f98998080d3808092808abc8ba280c180808085a680808084b08088bf808080809280878080808ea68a808280c5808092a9808080
808080808086ad8080809d9980808080b5a087b98fb0d380bd80f5808080809ba4808080e380afd480998080d880b0809680a6a28080a080b893808dd9808580
808080a78080b9808080ac9ea59380a2d49c809a8085e680cd80e2808080a5958a808080e49180e680808080a7809b808080a3b1ad808080b3808080a9808d80
8080808080808f80808091bda7808080af8080808096d9809c99b8808080b8a78c91808088a69bd5808980808080a080948090b383808b80b39c8096b0808080
80848380809aa2808080a58ba1918080d08080a580a2f180d180d5808080aeda8bae8080b28097ea80808080a480c4808d80a2c7a3808080c98e808093808880
8087808f808794808080818d809f80808380808b8095bb80979596808080aa958080808080809a9f808e8080948c80808d8080a480808080a58f80809a808080
80888080808e95808380a397b7a38080c080808e809ee280d480e28080809bdfb18b8080ed808e05808781809780a3808080b1d394808080a7bc8080a7818e80
80809982808692808080a2ad8aad8080bf80809380a4e0a68780c5808080959080be808094ce83e8848080808a809a80808080e080808080d38f80809e809280
80808880808082808080afac80808080b8808091809b0e809e8cbe808080d8a68080808080829ced80808080b680c380898095c98b8080801f808084a0808a80
808080808080a2808080b7b7adb18098b680809480b9e980b280d1808080a79e809e808098b580e9808080808a88a9808a808cdc80808080aa8380a592808080
80808680808280808080919f83808087bd808080808ec6808798b6818088c99e8d8080808087a8c3808080809a80df80998380988580a680d180808ca2869680
8083a880809abf8081809f808e8c8080b38e80c5809dd980c780f58080808faf80908080f1808ae580808080a880a4808080b3c686808680da80808ae2809280
809481808084878089809fa2c3808080a380808080808580ac80be808080809b8080808cc0808a9880808080808097808086899d9c808b85a980808083968280
8080808080809d808080c69f95a68080fa8080c4928e0d81de8d08808080aadc8fc0808083b2803380808080bf80d4808b809eccaf808080f6808080ce80a380
8080a080808fc2808080a1a6909f8080d780809a8082d080b880c3808080bca280cd8080c9ae80c1808080808a809d808c808bd09980a580d78080beb6808080
80809180808bc2808080968d98808080c78880998092d280b080b880808093af808f8080ce8080c2808080809680a6808a8090a78a808080c48080889e808080
808780808095808080809cc0c880808096808080809abd80d180b7808080ccbf80808082b6b5a7df808080808080c480948080a680808c8ac79580a291aa8080
808097808080a980808088a18d8080809ca780a1808bc2809d809d808080aea78d808080e68097ce80808080cb80d3808080808780808980e88080808b808d80
80808080809f888094809f8fc2808080f58080a88580a480ea80ec808180a8c480828080e38095d68080808ece80b88089878caf8080a1a0b480808f86808080
808080808080808080808ba9b585808001808089808ed480e080f9808080a6c889808080a580950f808080808980ae808080cacdb8809380f2808080c7809e80
8080af80808fa7809180979ec7808080c780808c80809880da80bc80808099bd928c80800280b0aa808080809a80b280808095c08780a282cc81808093808080
8080c1828084a3808d80848280808080b3a380aa8099b580a880a3808080b49891838080e080bdbd80808080b2939a818080cfc78580a480d9998087a680a480
808080838080a380808096a48a808080888c80978080b8808089a8808080889180808080808a99aa80a0808099808b8080808ea280809380df8d80a0be808080
808080808080808080809ccd9f808080a7808080809fd1809a8dc380808098bb97918080809fb4cc80b1808080809280868099b995809880e39d8092d8808080
8080998080809a808080a899a1808080d1a880bb8780a480d280c480808091e992ae8080cb8283db85808080be80aa808080879e8f80ab8003808080c3808080
80808080808089808080abb78caf80808f80809680b4cc9ba780bb80808b808d86b18080809e86cd82808080878080808e8086bd808080809588808d82808080
8080b1808082d0808380b89a968a8080aab680c18083d280ea80b4808080cea480ba8080d08198b98080808fb4859e808080aad29280c08fef8e80b5b9808080
80809d808080c78083809d9882808080e6a280948083c780bb80c8808080868e93808080068095c480808080ad808a80808099ac8e80a680e48080a392809880
808080808080ab809f80acbb99da8090cc8080928089f180ab85eb808080ac9895a78080b88080da808080809980ba808080a8d0ba808080b29080aa8d808080
808089808083968080808dc0ba808080a580808280b0ba89ae80b8808080adbe94868080d2ae93e5809d808080808f8092809ed080808a80acb78095c0808080
80809094809795808080938080878080ab86809d8091d9849390ab808080b7a5808f8080888aa0d680808080a58bbf808d809eb081808480cc8080809a809e80
80808a80809781808080969d80888080a280809d80add5979380d880808092be808e8084b880b7e180808080b7808f80808080af80808080cfa08080a4808480
808080808080848080808abb9b968080bb80808180a1b6979780bc80808c9baa909b80809c8e89d68080808086808080808087bf90808080a9a28080a1808580
808280808093808080809793c0878080b48080908096a280b680c88080808db7a4808080d89a8cec808e87808a809e808780acbd85808080a88e8083af809580
8080a080808a9c8088809088a7808080fda580a080809a80e380c1808080a3cb82808080fd80add780808089d480c080808093c58b80a580d380808082808880
80808592808094808080a2a38c988080a18080a480bc0083a680d1808080ccc180848080ab86aff480808080bb80cc808b808ac880808080f39580809f808080
8080988380839280808094ad929b8080b280808480aa0c80a980cb808080eaa2808080809ca08be6808080808080b080a38086d380808080008080c0ab938480
80808580878180808080b1808080808002b1809480808f80a580ce80808092ad9b808080ab818cc480808080c8809e80808097af8d80ca80f48080898c80a386
8080978080808080808099a09a808080af80808580899e808280b88480809aab96808080b887adc480958080848099808080a3af82809d80d580809aac809780
80808097808090808080838d80a88085ba8080a3808ba68e9386ad80808a809d809d8080808c83cb9a808080a58c8e808080808780808080a28080809d808680
80808080808490808080b6b2a1a08080a480809280be11a18580e7808080b1a0829d808097b78519808180809680a680868081af81808080d8848080a6808180
80809c80808e87808080869796808080db81808d808ca380a680ad808080beaf80808080c3afa1d280808080a480c6808180809f80809080da80808597808380
80809780808f85808080acaca6888080c880808b80a9ef91dc94bc808080dfc380808080acaaa111808080809180ba808a80ccea95808780ed83808490808180
8080ab808080928080809bbb99848080c380809b8090cf80a280cb808080a8a580a28080b49e8de5808480808c809080808096d581808080ee8a8089ba808780
8080808080848880828091ba97808080d1808080809ecd80b580d48080809cc480808080c9919fc180808080a680b2809380809c82809b80bb85808092808080
80808580808e998080808eb188808080909085a689a0b8808c80bc80808083a195808080ba8987b1808080809c80aa809380808480809280d180808fb5828080
8080948d8080b780808091a880808080c48080a480a2f0808c80c2808080baa880a4808080ae80db80808080a580be80998080e180808c800683808edb809380
80808980809592808880808d9d808084c6879aa38081a380b080c2808080abb596808080de8c8bdaa0808080bf80cd808080808080808980b780808090808c80
8080808080808080878081b48e808080bc808080808098809880ab8080808d9f808080808392aea2808b80808180918089809fc18e809e80c58380a598808780
80808080808580809d8096be8c888094cf80808080a6cb80b180ed80808096aa80808080daa180dc80808080a680b580a6808091948080809b80808088808080
80808080808086808080c0cfbd8c80809680808080aef180bc80de808080b2a794938080bbcc9c0680a1808080809480aa8086bf88808480a1ad80869f828080
808080808097808080808fb280808080b68080808089c0809696db808095aaa0808080808080bbb680808080b880b680828080918080a380d38080809c828f80
8080988080808b808080b1cfd1a480809d8080ae80a8d280ea80cc808080cdc988a08080a69f870d808080808080ad8080809ed3a1808481d49680a0b9968080
80808f80808ba4808080868c80808080bd85809a80a0c6809d80ad808080a8a88d8b8080a78092d180808080a780b480808095a884808780cc818080a8809a80
80809b80808d978a8580928c80828080b789808f808fc380808099808080b38380a78080a481a59a8095808090948d808b8084b78d80bf80e18080c882938d80
80808080809180808780b1b0b3808080d880808080808f80ce80bf8080808eb296808080d694b2b4808e8080a88080808080a1ce9b80a680ba808093808a8080
8080b580808098808080a3b4a68380809c8080a580afdb80a580b4808080c9a1809b8080a1a48fd9808080808780a98080808bd58080808a13998090b7808080
808191808080b5808a808d9db7808080d0808a948099cc80c280d3808080a9c8978980800380a0ee808080809280b4808080afb996809a80d6a98080aa808480
8080ae80808096808080adae8ba48080e1808085809df586b085a2908080d0b880e1808080d38502808080808a80ac808080a910a0809580e1a58090a5809280
808080a180809580808095be9ca28080ae80808a80bffb8e9188d3808080928e8085808080a280e98093808080809980938080ac9a808080c7938080ab808080
8080a08180808080808080b780898080b18080808098be8f8da2828e8099c59c809a80808095afcc808080808884b4808280bfcf8c809980db9480a3a2808b80
8080bb8080809e808080a4dca1928080e08080a980c21381c280e2848080f3e480a7808082a29e25808080809680c7808080c4009880808069b38080f0808580
80809180808fa380808090a8a5808080bd808099808ebb80bb80b6808080bfaf809c8080b48099c3808080809980ad8089809cc38980a690df858096a3808080
8080a0808091938080809194ca8080a1c68485a18091ad80d880e6808080bfc1b580808004a790eb898080809a80e080a680809a80809a84a1808080bd808280
80828080808a80809980819f8b80808eab80808080859a808a80b5808080929b89808080b98e87b8808080809480a6809380808084808080968080878e848980
808090808087a28080809cb3b3b28080b280808f80b5e594a080c4808080c0a985a5808091b880ef808080808483b1808b8080bb80808080bc808080a1808080
80808e808080a68080808db080888080c880809f8fa6e2809980c0898080a0a480a48080808790bb808080809480ae8086808ad38d80888007808097c9809080
80809380808b80808080928b80ae8080d380809580809bb48d80af808080bb8d80ac808089808eca80808080a38a80808080a6beaf80a880d780808d86809880
80809080809392808080878e86a880809280809080aab3808e808f8080809d85808d8087ac808cb7808080808b8b8b80998088c280808080af8080919d808e80
80878280808abc808080a7be8c808080808080a480b8fb80b280d9808080c2b980808080ba809dca808080809e809c80ae808aab84808080d9988080b6808080
808092808084a080808096aca7978080ea80809d8091d087a880d3808080a6938fae8080969782df808080808286a9808080acbba7809d80fe80808fa3818780
80808080808080808c80928083bb8080d18080b5808ed086aa80fc808080a9b9888d80808e9580f980808080bc80bf808080809e81808580bd808080b3809a80
8080808080808380808080bbab8d8080bc8080a080a4d980fa81f7808080cfb380808080918080ec80808080a880de80a88080ae8c808f9bbe818090b0808080
80809480808f98808080879f86808080ba8d808a808ea480b480a8808080b5a184aa8080b2809ca9808c8080a7809b8080809caf9380b280bf88809dad808080
8080808080838a80878082c9a3808080cc8080808095ce80a380d4808080b9be8a808080d38c9cd2808080808680ba80968080a790809a80cf98809d95968080
8080a780808080808080b3adcf808080be8080968099c280e480c0808080cacf9db18080bbde8c20868080809080d3808a809ec08a80ac80d4808080b9808080
8080a08080809780808080828dd88080ab8080a780cad880b180bb808080a59c808d8080be9580f38080808086809580ac809ce680808280d69180a5c8808580
808092808089ab808080afa1a8808080ce8c80978097e580b980df808080aac184808080cb8e93c1808080809480b48081809db996808080df808085b8808080
8080878080838080808084b1ada08080aa80809680b7d780bd80d9808080bbcb80808080a18e89f5808080809380ad808b8080c080808080ce938080b3808080
808080808080808080808af1b980809cec80808080a3d685c2801288808006b38e808080b98ea2db808080808080db808b8099cbc8808d80ccaa8094c08aa080
80808080809880808380a6a093808080cc80808b80829180bd80c180808095c09d8a8080c6a092c380808080b280b880a28d80a58f8096809880809e93808580
8080a3808093a48080808e9c92808080d9b2809f80809680ce80a9808080ab9086878080f580a3bc85808096bf80a280808097a38080ba80df8080838b808380
80808c9580808080808097b480808080bc808080808cc59a809b9f8380999e8080948d8080918abc8b9a808093818080808098a1a3808780f28080809c808380
808a8080808d8680808096a4af808080e38089808080b080c880ec80808091bda6808080d78dacbb808080808e80cf80a080aaa3a580b380af808092cb808d80
808096808090808080809283ae808080e68080908083a380d780c78080809acf97818080f980acef808880809f8095808080c0b9a1809e80c3808091b1809780
8080a9888089bf808080a89586908080a58080a180aadd80bd80ab808080a7be80998080bc959add80808080a080a3808080a3d380808080d98e8080b0808180
80809b948080a48080808c9f8a808080a080808980a8d58098808c808080b38480948080939597c7808e80809781a4808c8092b380809380ce92808593808080
8080b980808080808080afcdc8a28080ae808094809dcb86ab80b0808080d4bc80c9808088db940680808080808096808080a00484808080eab480a49b818080
80808080809782808080a2a0a680809adda5809a8080a980d880df808080a8cba0808080fa98add28b808080d580d8808d80808280809880b080808080808780
808080808080878080808fa380808080a78080848090e4809282a6808080b6af8080808080a39cd080808080af80c3808880809280808080f680809d98868080
808980808080a780828098bfa2808097a88080808080c8809a80ee80808094a391808080d0809fae8080808081809780938091b98b808380a1a78092a7808480
8080ab80808088808080afc79f978080858080b380b2d980ac80db808080deb580808092bab08fde80808080a080bb809b8080df80808080e58f80a7a6848080
8080c5808080c4808d80a3b2a1a08080ec8f80a98080bd80a980be808080c4a580d08080c5bc80d2808080809a809f80808088fc8380a480068080d0a6808080
80808780808b8e808080879b92808080a280808a80949b809580aa8080809b9888878080bc808ebf808080809280918080808bab86808580a3888080a3808280
80809d80808092808080abafa3a48080c58080bb80bb0481e180dc808080b8b3849e8080a5a18031808080809c80bb809580cce796808080f2938080c1808480
8080ad8680809c8080808083888d8080d98080b280a4b783d480c7808080b4a680808080c88090f380808080b288ae808080afb380809480cd808082af808b80
808080808088948080809e9c82808080bf80808a8091c0849f80bb8080808caea5948080ad8095b880859280a3809d8080809cbf9a808080ac9c808a9180a180
808080808088838080809d9e80808080ff8680898d89d580da80ee808080c7c9918e80808b809dde80808080c880c5808f8088809180dc80d9808087b1808080
808080808080808880808ec590808080b380808080abce80aaa09f868095a4b68080808080969daf808a80808480b18088808ab4af808080e293808e91808280
80809780808e8e8080809a8680808080d78e80a88980c380a080c4808080beb081a88080a59686ed80808080ad80b1808e80a4ca8880ac80e2808080b680a180
808080808080d5808080b1b590948080cd80808b80aa1e80a187de808080bbb693ab8080a0808ce8808080809a80b5809880979d98808080ce808080bd808780
80848080808a9d8086808b94afa18080c98080b080a9d680e380ee808080b0bf80928080d9ae800b808080808b80c680ae80a3d79080848fbc9d8089d0808080
80808a80809b8080808094a7848080b0ef9280958580a980a580e9808080cbb580808080d28681bc808080809780b3809c8080978f80b180cf8080b2b78f9c80
808080998080ab808080bba080808080ca8080ad80b86080be80d9808080b9c380b880809096af3280808080b880d080a080b1ca8b8097801b9d8080a8808080
8080b49f8080d780808096a182aa8080cf9280ad8098f1809d829c8a8080be8880a18080878088d280808080aa99a9808080bddf8f809780058080a9a6808380
80868080809f8080808080ab988080808080808c809dbc80b980b5808080c7a980808087b282aad4808080809f80e080a080808880948080b28e808082828080
808087808083a2808080889191808080bf9d8098808bb1809e80a7808080adb19f808080bc80a3cd80808080af80d08080808d9282809280c680808094809680
8080808080838d80808098c5cc808080b480889b809ae780e080f6808080b1d1a4808080d78092e1808080808a80d1809c8083cd8780808ec99f8080b18d8080
8080b8808080b1808080939695938080c68080b380a3d880ce80b6808080cba3809880809e9084e980808080af88b7808280acc58080938ff18080b4a1808080
8084968080809b808680869bb78080809280809c80919f80a980ad808080989880888080bda281bf958080808080a880878083a080808792af968080b0808080
808080818080a7808080939680808080bf8080a48098eb809695bc808080b4a380918080809093df80808080b480cd80828085a780808685e9808080a9808080
80808e80808b8080808093acb48b8080d68080808098a680bc80c5808080aea9b0948080cd938b1d808080809480a0808080a3bf8b808380b58080808880a780
8080898080809380808084e095808080bb80808080b5d99d8980b5a98080ae9b8092808090ab9fdb80ac808080809480808099e395808a80eac6809cc1808680
80808080808080808080a2a3848780808f80808c809de381808ec181808091b38099808080a1a6d4808980808a809880808080a389808080e49a8080c5808080
80808087808094808080a0ad90c68080b980809d808f22808589f7808080a0ba80a4808080b980188080808080809f809c8087c1a1808080e2908080bf809480
8080808080808a808080918095d28080998080a08081ca8f968ac2808080a78e888d8080848080da80858080a58085808180a9b59c808080bb808093ab809280
80808da2808c80808080b39080cc8080bb8080a280a206c18080f1808080b6b580a28086808e91ef80808080a1808080808087ca8e8080800c8080809b80a880
808099808083928080808ca590948080b380809980a6d580b480b1808080b5c38299808090809fc6808080809c80aa8083809fd787808080f1a0808ead808080
808089868080b180808081a1808080808ec780d28ea9f680ac80e4808080c0b380818080ba808adf96808080d780d980908080918080988fee8c8080d5808080
8080808080808080818080c9ae808089b880808280a7d080da8001808080a1ae80808080d98095d8808080809180c380ac80809ca3808080b1928082b3808080
80808080808aa48080808b938a808080c083808a808cd3808280bf8080809ea9a5808080af8586e6808080809d80a88080808c8380808080d58080809a809180
80809580808baf8080809d9580808080d28680b7a2b2e080c080e4808080c4b5808f8080958180dd80808080ba80d2809f80b0c994808897f080809cc7809080
80808080808080808080c7b78c808080c580808c8cb1e3809f80e6808080a8ebb39c80808daa86e180808280c080b980ad8080969280a280da838091c2808080
80809e808080af8080808dae80808080b29c80c880c0e580f780d4808080b4bf86808080b185aadd80808080cd80d580ad8096b68080a1b0ef8980aada808080
80808098888080808080a6b995ba808fe28080978097faaf808012808082b2968280928080c3800880808080b080ac808080808b8080808006808080a3919380
80809c87808489808080ab8e80988080ba8080ce80aefd80d780e3808080b5b3808a80808a8e990d80808080b385cf80808098cf8080808011808080ae809880
8088888080929e8080809381a0938080a68080a5809eb380ac80b78080808bb181898085c98280d3808080809e80a0808a8096ba80808080af828080a8808180
8080808080a2918b8080a8b080928080cc80809783aebb94b380d9808085b1ce9fba8080b38084c680878080a680a080948080b1a280a980aa958093a6808080
80808080808080808080ac97ac868080e88080ac8087d680a580ff8080809bab81958080a9ca801f92808080ba80c7808080809680808080cb8080808c809680
8080868080849a80808084d880808080b680808080ace5809b80b8808080c0968080808098b18db9808080808080a280ae8080d780808080e59280aeab808080
8080ae8080809a808080b8a7818080809b8080c580b70e80e380c9808080cdd690898080969a961080808080c280e880b380c7d8808088b20689809cdc808080
80809e8580809c808a80819390808080d29180928080a7809f8097808080c09880948080a2809ab980808080a480a680808081bc8080b880e38080a080808180
8080808080808580808096ac80808080ab8080a687bb0980b180e3808080a6e58c83808080a098f480808080c380d080ac8080a5808080910a8b8080de808080
80808080809a8b808a809f94808b8080d48080a69bacea8eb580e6808080c2b787988080a58e80f680808080bc80bb809f80898f97808082b3808087a0808080
8080808880809e8080808a9888a38080988086a88089d9838285d18080808b95808c8086868080ba8080808087808c808f8080ae87808080b48b808e9e808480
8080808080a29b8080808d9594808080a98080a080a7d780d080d7808080a3a980808080c6809dce80808080aa80b180a884879c8680958b9b898085a0808080
80809b80808ca78080809dadb0808080808080a180a5ea80ca80cd808080dab4808480809bab98cd808080808080b580958080bf808094a3eaa980a7e4848080
80808c8080808480808097bb9d928080c880808080a7e785b987c98f8080cfba86a3808080b18dee808080808580bd809c80a3b3a2808e80c18a80baae868080
8080858080a4a980808095ab85808080a48080a38091cb80b580c9808080c2aa80808080c280a7a780818081a8809380808080bb80809780e1808097b8808080
80808080808080808080949c8e808080d18080808080a9808680bb808080a39b878080808e85aab5808080809c80ad80808098a5a2809c80db80808a8e86a080
8080a48080809580808085c588a58080c18080828096d4a188829fa18080c1b680cd808080b5a0d18080808080808e808c80a7faa9809380d8ad80b0b580a280
80808d8080808080808094a480808080c38080808087c3809ba0b9878080bdbf8ba08080809dbfca808080899080b3808080a1e28080b880d996809ec3808480
8080848080998080808083b492808080bf80808e8085a6809680c6808080c39b808080868f9cadc8808480809d80a780808080ad8080a680ff8080a6978e8080
808c808080a3848080809f8c9f8b8080a8808096808eb880a880c9808080a5a0898f80809f8381cb80808e8094808b80908090ac89808080a284808091808b80
808085808080b6809380aaa5ce808080dc809ea38080cd80e2800580808088d9c29980801d809cfe808080809d80ae808080adc082809480a99e8080b6808e80
8080808080809b808180809082808080e28080808080bd80ad80c880808094bf93848080d780a2d480838080a980bd809480a9a0ae80ac80a78f808095808980
80808088808180808080b29b88808088e98280808080c1959d92d4808088b5ad85808080a88085d7808a8080c48090808080809695808580b780808080809380
80809d828089b8808080938e80808080b0a980ad80809080a080a2808080a09480938080ab80889780948093ac808080808097ba8080a580dd808090ac808380
808081808080a28080809cae95808080d880809b80b40680ba80d4808080b8ee8fa48080a2adad0e808080809b80e38099809ca78080a680f1808080d5808080
8080a2a08094998080809d8080898080c88c80a1808ecb8f84809c808080a388809a80808d888ae080808080a59aad808080a8b18d808080dc8080808c80ae80
808e80808080a080808081a7a68080899d9580978090a3809780af828080939980808080ab8a80b78b8080809580b8808080808180808080b5808080ae808080
8080808480808480808091b6828780808f80808080ac12808da1b0808080cfa08080808080ac9ee3808080808e80c480ad80809780808080e4958096ab808080
80808080808094808080879b808080808e80829a8285bb808480ab80808082a790808080938090ae80808080a580a2808080808c80808080c7858080ac808080
808080808080948085809c9099808080b38d80a68097d980be80ca808080afaa808080809d8491c780808080be88d7808e8080a18080989ada80808c8d8e8080
80808580808080808080809f84a28080be80809d8080b29d9d8fc4808080a9b7808080808080a5d580808080c484b180808080b090808080eb80808096809c80
80808080809980808680829c99808082aa808c80808089809d80aa8080808f9c91808087cb9094b3838080808e80b3809582809c878090809a80808091808780
80808080808080808080a9b9ae8e808aa480808080aac68b908ec1808086948e8e93808080b680da818080808b808f80808080a68a8080809a8d8080a5808080
80808080809892808080a290a0808080d58a83a28080ba80b380dd80808098cf8e808080dd90a6d780808080c180cc808480808e80808080c28080808b808e80
808297808087ab8080809787808e8080a98080a2809dcd808c80b580808080b8869d8080a28096bd80808080a0808f80858082b385808080cd808080bb809680
808096808080a38080809f8e80808080ee80809e8084d2889485b98780809caf95db8080808097d780948080a680b6808080b6c4ae80c080e7808085bc809d80
808080808080988088809cacb49f8099c680809a8080be80a780cf808080b29580808080a3ab80e4808080809080a780808086c680808080d78080a693808080
80838080809180808080ad9d938f8080d88080898097f380d880ed808080b2bf809680809e8693ef80808080a780a8809d80b5c6ad808880de8e809186888280
80809c808080838080808db183918080b480808b80a6cc929582a5868080bc9c8095808080b387f0808080808f80ad80808088c282808080f1808080bc809580
808093808080c0808080899580808080bdb480928099d780a4809d8e80809ba685808080c180b8b880808080b380c2808080c3aa9c80a680e18a8090aa808e80
808080a28098808081808a8880818080a2808088808da7998580a88080828a86808880808a8c86c78f808080a389888080808099808080809680808081808580
808095808080a28080808eb8ae978080d980809980a1e380ca92c5878080c5c385b880809dab8012808680808e80b1808080a9bea9809f80d3a48094c2808080
808098808080cb8080808e8c93808080cdad80a6808dc480db80be8080808dc48e9e8080f98098cc80808080be80ba80808099998f80a280bf808080ad808080
80809380808795808180828a9a808080ae80808d8080958098809e808080ac9b80998080948085b18180808093809780808085ab82809780b38080809d808380
80808080808080808080a2a280a78080a680809980ae00948080d58080809dae828080808091a3d880808080a7809b80858080aa808080800a808085b3808080
8080818080929b8080808893a8888080b5808092809fb980b380c880808091ad8c968080c98b80e080938080888096809680a0ada1808880a89b8082b4808080
808099898080b6808080809891998080b58080a5809dc880c7809b808080929f8a8b8080bb80a2d1808080809089a2808a80abae85809d80ce80808aa4808480
8080808080809c8080808eb086a18080118080a788bb17abb580fd808080b7ce848080808086831380808080c980d0808b8089db8a8080801280808dc0808180
8080a4858088be808880828080808080cdaf80ac8080b580be80a7808080aaa980a18080c68093c680808080ae80af818080afba8f80ac80e1808087ad809080
8080938080808081808095a3ac838080c080808b808b9a80a780b180808096ae81918084a0af88cb808080808c80ae80808085af8e809380d180809d8d808080
8080808080969c808080848d91808080cf8d8096809bbe80de80c18080808aa0b6808080d680a3e4808080809f80bd80a480bc9d9a809a80ae808084a1809580
808099868080a08080808597a580808bb69080988087a6809980c5808080afa189808080ba9892c5808080809080a280808087b480809182c3878092c3808080
808088808080b080808087938fa28080b68080a280a5e480a080c1808080b2a780828080a08380dd808880809480a3808880a4ce80808a80f09280b2c4808080
80808098808fb38080808e9480808080b89a809d809bcc809880b28080808e8081808080c2808ec280828080a680a980868093a693808b80be8080938d80a080
8088808080928080938089a2b2808080af8083908095b680d780ca80808099ca8c808080c2858bd780808080a280d280958180ab80808083a880808092808080
80808380808092808080b5d6a6808080be80808080ad0a8eacacbd808080f4a69dbd808081d5b107809680808080a680998089ca8080b080bc988097bd808080
80809d808080a4808080a6b991918080b48080ab80b4fe80bf83bf808080d6b080a8808080ae80f080878080a480b88093808ddd8080829bf1a4809db9808080
80818980809192808a809a999d808080c780809b87a8c280c680e0808080a2bf859f8080c49381df80808080b080b08096808ba28080a180bd828080aa808080
8080b6808093a2808080a8a09e8b8080ac8080a480b9e180bb80b4808080bfb58f878087e980ba0d80808080a280b1808080b2d79f808080ee9e8080a680b480
8080808080958c808080b09fbc8b8080ac80809c809acb80f980df808080a2cb9b838080cf928ce8808080809080bf80a5868bb58d808b80a2808082a2808080
8080848080809c808080b5b1a09680808081808b80acc180a480a88080808aa997998080b78da4a7808080808680a18080809bc79e809680bea78093a7808080
80808f80808580808c808daca2808080ae8080a58092b080b480b4808080b5a880808080ac8996c7a3808080a488c980808080a980808e85ee80808096818080
808080808080ac80808083a58e808082b899809f8080a2808180b0868080929880808080969a82ad82828080af80b0808080808080808680e180808ea580808f
808080808080ac808080abc5a7a180808a80809b80bf1080bb80f1808080a4cb8d808080c6919ad6808080808580c580b78084ab98808080b595808da5858080
8080808580809480808080a6808680808e808099809bcb808e84b58080808fa6808080808080a6a0808080808f8093808080809785808080e0978080b5808080
80809f808099a78080808fa39f808080b480808b8089ab80bb80ba80808095969f808080dd80ab99808080819280af80828094ab8080a083c78080899d808080
80808d8080889f8080809ab5af8d80808980809d80a4d2809280cd808080b99388838088c69693d88093808087809a80878080aa8d808080cca78080b9808080
808091808086b280808095908b808080ca9080a88081c9809d80ce808080a3b89c808080b4808fd580808080ae80b28080808ea480809480f1808080bf809a80
808080808080b68080809ed59c808080bf80808e80bd0280cc80dd808080a3ac81968080b9a09add808080808e80be80b28080ae80808784b8878084a4808080
8080a980808098808080a5cd8c9a8080e680808080be08c0bd80c2a58080abd5860b808080d3a012808d80808a8094808080950f84809a80efc38087d8808080
80808b8280809880808082b380808080ac808095809fe8808b80b5808080d2b4808080808480d0bb808e8080b280b780838086988080a4802b858089c6808080
8080a78080a19180808096c3ba808080c1808080809cb380ef80b5808080d5d495a58080e5c494dd808080808d80c3809f8d96e88080bb80d08580b3b8808080
8080808080809580808096bc85988080e380808f809dee94b48ffa8080808fd897868080a380a4de80808080c680aa80808080b48d808080b88c8080a4808080
808780808080888080809ab88180808080808080809cee809ca0b2808080e0a7808080808087bfb7808080809880cb80b980808880808c86d38280a198908080
80808980808e9b8080808898809b80808b8080a380bae680a5809b808080b096808e8080aa80aba9809a80899e809f80bf8080c98080aa88de8080b2b5808080
808e8080808c80809680ace9be808082ad8080808099a780c680fb80808080b592808083eba38aad808080808080a780b5828bd393808080959680989b808080
808095808080a280808091b29b808080b78080ab809bdb80a980d2808080b6a7808080808b8788dd808080809180a680808084ce8080808009808085ec808b80
80809c80808d858080809ba4968880808f80809080b1dd80a797b1808080ceb2818180809583adc3808080808e80c180ab8092a98e808080d280809db1858080
8080998080938d8080809c9996848080948880a380a2ab80a980a38080809fa18a838080b88c90c180808080a68abb80828081b580808080c98080809c808080
808091808080a48080809aa79d808080c58d809280aae480b380b1838080b79c928480809c9299f080808080a580c5808080b2ca87809680e49180959d808780
80808080808090808080939ca2858080d880809d8080c093af80cb8080809ab880808080ab878cd880808080ad80a880808080ba82808080c180808098808a80
808087a98080a180808086a9809f8080a788809580a5da918080b1888080ab80809280828d83a8b580a8808096808e80808080c780809780e69b80a19c808480
808080808080be808080d5f9cdb18080a28080a4809e0380d380ff808080a8a280878080d99b95e9809180809c80808080809e0796808380f0c980adba808080
808081808080808080808acb80808080f79380a18980c280e58004808080a9e9808080809d80aeb680808088e080c380808080ad8080d7801c8080bcbb808080
808096808080a5808080849f80808080bbb780a1808cd780d5809d808080d0b0808380808098b4be80808080de84ef80808080998080b3960f8080b0a3808080
8081808080ae8c80808095aa97808080b980809380a1a680b180bc808080a6aa88808080cc80b0a980808080ab80bd809f8c8e9c8080a280aa80808a99808080
8080899480809c80808090afaa988080b580809a80aadf819d80c39b8080d78f808080808b9a81f1808080808b80c180808088dc82808080dba980859b8d9a80
808686808083828080808bb5b5808080aa808080809db980a480cb8080809fc3d3808080d580a2d8808096808e80ba80958086ca8080808094bb8080a2809180
808080808099a48080808a9a8f8880809d8080a380b3e780c485d580808088b784858080b38092de808080809980a080a88081a2808080809f978080bb808080
8080bb808080a480808087a2918e8080cc808096808ab6979e8094938080b9a480bb8080829797d8808180808080a6808080b2d98f809e80eb9080a5ab809180
8080808080808080808080a791808094cd808080808bd6809680c7808080b1b880808080a48d9ee780808080ae80df809080808088808b80d284809780a68580
8080808080acb980808087bcc0808080b980808980abd580cd80d4808080b79f80808080f48b8fbe808080809180bd80ac8080a185808d96c680808a918c8080
8080a0808082af808280a6afcd808080c68080b8809ee2800780d0808080bbc980a78080fd969a02808080808b80b7808080aadb86808f8fe7978080ac808080
8080a8808086a1808080a1b89b8b8080ce80808680809c80a580a5808080e4b680e48080bdb984b6808080828a809180888293f09880b380cf8080af9e808680
80809d8b8095ae8080808a8080898080ae8580b980a1d980c080b6808080b19c80a28080be80a3c880808080b08a9b808080adc486809680e1a08080a6808d80
8080808e809d80808d8087bc80808080d580808080aecf80be80f7808083bda880808080b880a3c380808080c680ad809180808080808c80ac80808083808080
808080808080b280808080aba9808083c796808a809bcc80ba80b7808080c2ab80808080e780a7df80838080a380b5808080b2c888809f80d49d80a5b0808080
808080808085a780808080c8a2808080bb80808980b0cd80a380be808080b49f828780809fad85d0808080808480b080898080b280808e86d499808da8808080
808098808080808093808f96af808080c588808080809580c1809d808080aaa292808080ec80bab380868080a08080808080bdda9180ae80c38080a087809780
8080808080809f808080a3a79e808080b680808a808ee7808f84be808080b29d808f808093b188ea808e80809980b380808080a38d808080d08680809f808080
8082a58080808180808091b2ab808094b59a808180a4a980b280b7808080b99c94808080d29b93ed91808080ad80a680928084958080a680b7808082a8808080
80808080808b898080808db096808080ae95809f8397aa80c380b2808080a3ba91858080b38092b980808080ad80cb809e8d8ba389809d85b9808087ab808080
808080808097808080809fde9d808080c980808080b8cf80e280e2808080c5d087808080d98ca7cf80808080a480dc80a78080bb9a808080a190809580888080
80818080808fa2808280929ca7808091c29a949d8080aa80ab80dc80808093bb95808080dd8092b6828080809780a480808080958080a180bf808080b7808080
80808d808097958290808890a080808bb1868ea28080a5809f80c1808080a3a592888080ce8a80ca808080808b80b1808280809484809080b280808998848c80
8080808080928e808080929a809780808f8080b280acde80b780d8808080a2cd80808080a8809ab180808080b680bb809580808580808080c7808082a5808080
8080b6808080a5808080809f928d8080c080808f809dc98097809a8b8080cea780b38080a3949fd7808480808680a2808080a4d69280a680f1a68092ab808880
8080808c80808d80808093a3a1808080a7808080809ed3809783c7808080a4ab90828080948db0c7808d80808c809f808080a1b688808e80d9ab8088b3808080
8080a2808089988080808e9499808080c8a9808080818780a580b4808080a0b59d808080f980b6b180808080bd80a1808080a59a8080ac80bc808085aa808680
80888d80808cb18080808c8080808080cb9f80be8c82b780a680d680808084bf86898080c580a6c280808080b980af808080a9988c809f80d5808080cb80a580
8080808080808080808086bdb0808080c380808080909180ac80aa8380809ab1b08b8080bc90aaca8080808090808d8080808ea892809a80ac8880809a808080
80809f80808f9f80808089a490808080ca808080808cc680b68099808080e4be88a28080a8a8a4cc80808090a880ce80a58089c48080c183e18080a6a4808080
809280808080808080808baca1808080a5808a978084b2809482c980808087a59282808096b080da96808c808080b0809580808080808080ac828080b5808080
80808f8080808f8080808ebeb2808080a380818880a1ab808d80d8958080a5a19e808080c49398c08080808085809c80808080a98280a280c3a0808fd1808080
808095978080a78080809384808180809c9f80aa80a3cb809d80a6808080b0818088808089808ebd80808080b99ba98088808aad80808b80cc80808697808b80
808080bf80808280808080bc80808080b680808080c12f8180a5dc808080ca8680808f8080a4a8e480808080a980df8099808080808080800e808089bf808080
808480808088ad80808099ac808780808b8080af80afeb80a180cb808080968d80808080c3808fbd808c8080a580a080a28080aa80808180cd8080a8bc808080
80868f8080938d8080808897a5808089b386909d80818f80b580b08080809e9f90808082e88098c893808080a980c5808380808883808180a780808080809780
80808580808aa680808088cb92808080bf808080809ecc80ba80a2808080bfbd809e8080a9b2a8ca809680808080c380998093e69080b880e99c80a6b5808080
80808f968080a4808080a0bf8ae38080de80808780c81e9c8080d89c8080a8a180b3808080bfacf680a080808380b480808090b3ab80998026808099bb808380
808080868080ad80808094c7898080b9cfc28080808eda80e480fd808080df9880808080f280a6bd80808088f280bd80808080808080d680c78080928e808080
80808d819580a180808080b7a9e08080e3808085809bdac48090c4858087998098978080878d80f680918080808280808080c2beca809680ed80809db881a580
808080808084ad80808084c7898080809c8080a6809ed780a583c6808080b8a980808080b18d80bb808080809780cb80b38080ad808080a1e28080a5b2828080
808080808080af808080b89d8b878080b9ba80bd94a8ef80b680f2808080b1c58c998080b59c80f880808080e680cf80928083c487808083c68b8089c0808080
808086808090a980808090b7ba8080809d80808c80bdd780b880b580808095ba9f8e8080e9b592f8808f808080809a80a58093c28f808880a0bc8080b5808080
808099808080ab80808090a780808080d2808095809dec969380b08e8080a2b685b580808093a4ca808b80809d80b880808085cd898089801b80808fc3809c80
8080a5808080a880808096a085858080bc8980b280a6dc80b580cb808080b39c80988080a29181cc808080808d88b6808d80a6ca8b80a491f7868095d2808880
80849780809880809080a08aa98080809c8880878088ac80b980a9828080c0a380808080c0809ce280808080a780b180808095c791808680b38a808080889680
8080a3808080b28080809eb8c7808080ad8080aa80a7d080c880cf808080c3c6889d8080c29995e8808080808080b4808080a2de8280948cf3a08084dc808080
808080808096808080808aba8c808080b8808080809ec3869c8cb3808088bc9c8082808084979ac0808080808880a7809d8080bd97808180b58680a5808d8080
80808b8080808a8080809baa97808080bb8080808090b6808a87a3878080a1b28a8f8080869a8fb9809880808b80a08080809ab49c808f80ef86808cac808080
80808080808080808e80839d8b9f8080b4808086809ad980918ce08080848aa58080808097aa800580808080aa80a6809780808d80808080a690808096808080
80808097808892808080809680808080bb80808a80a1dc809c80b78080809595828080808080a6c0808080809580b0809c8098b680808c80ce808080ae808d80
808080938087a280808091a185888080028080ac80af0f92b980ea808080d2c68080808099948cfb80808080d180f180968080ae808080800880808b8a808080
8080939b8080808080809695808e80809880809a809ebe968580a3808080a78080848083808095c480808080a4a3a180808099c280808080f38080809880a380
8080888080879a80808080a6a08080809280809780a0be80b881a680808099b88b808080ba869dc6808080808080af80a0808ea781808e83b39c8088b6808080
8080808b808080808080809082938080b28080a1808cc18c9a8bb6808080a9ac8080808480809ec380808080a995ae808080809c80808080d38080819b809480
8080808080908d808080809f95808080c180809c80a1be81b48dc1808080a1ba818080809d8295d280808080a480c68096808aaf92808480c3808082b6808080
8080808080809180808084af88808080c880808e8097d280b78ae6808080b8c381808080979388d0808080809c80a880b080809f80808480a9808098ce808080
80808080808f8b808080829d80808080c08080808093c780be80a98080808cc3928c8080908bb0bf808080808b80be8095809dbb8f80a480c9808080b4808c80
8080928080809b808080aac1d9998086bc8080a68099db80be80f1808080e9ca80808080cd9485ff808080809e80d480808080d180808080e08e808894a88080
808080978080978080808a8d80838080a18080af80a9ed80ce88b5808080aea0808080808080aad080808088c18caf809f8080b680808f91cf80809eab808080
8080808080a297808080918080808080af9180958092dd80a081b4808080b9c580808080bf80acc180808080b986d3809980848387808a80cb80808083808080
80809c8080959e808080a080a38d8080e28080a58080cd80ce80d0808080c8c194a48080ca808bed80808080c680c2808080a1c49b809480d680809196808c80
80809e8080849f808080978b80808080dc8c80958080b680b080aa808080a9c6808680809c80afaa80808080a980a9808080a9b793809b8004808082af809180
8082808d809c8c808080958c808080809687809a8094c8808c80a8808080a49d80808080a180b7ae80808080b78ca7808f80809980808780c48080808a808384
8080a080809580809c809181ad808080d28085a2808ac080bc80e0808080be98908c8080cd859ee98c808080b181ba8084808ca184808280c48080808b8d9a80
8084808080808e808c80938a9fa78080cc8080b98393d680c880f18080808be1809d8080a2918005808080809e80ba80908090a790808980c5808080be808e80
808098808080b3808f809494ae808080f18080878080bc80dd80d2808080a6d8ada68080f780a9df80808080b680b0808080b3d18380a080b189808092808a80
808093808080b180808080a19b80808db69380a282a4ad809e80b2808080b4af92868080a4898ec5808080809e80c780998088a28080a58dc7808087c0808080
80809280808084808080838394c18080f08080898080b4aa9580c1808080a1a1809f80808b8080e8808780808b8091808080d3b8d480a180f4808099a7809f80
8080c08e8080b280808092b2918c8080d98f80908090df80948090958080caa380bb80809ab69ff0808d80809480a5808080b6ea9480b5800aa480aaa9808080
808084808080b780808094bb90888081e78680c38abee480d680f9808080a8ae84808080a18e80fe80808080a680cf80938096c98080969ae18080acd5808c80
8080a080808e9f808080a08e97968080d68080a88093da80c180d9808080b9cd97ce8080aa9480da808080808d80bb809f80a3dc9f808980d791809eb5859080
80808080808e8a80808092a28d808080a480808b808ec3809a83b5808080aca48a8080808b8090b580808080ab80b180928080a380808080b88080808f808080
8080808080808480808081ca908080809380808380b6d980b280c0808080c8b980808080af80a6ac808080809a80ea80a580809f93808080bc9d8088a1878080
8080af808080b580808080808d808080bf9380b08091c380ba80b6808080d7c3808c8080b380a3ca80808080a380d1809080a6a58e80b08cea808089c3808280
80878c8080a186808080918d878080809980808f80a3cc80ad80ad80808095be80878080af80b0b980808080948aa6809f8092b780808080c08b80809b808080
808080808083b6808580809084838080c980808d8092bc80aa80ad80808097ae84858080ca8680bc80808080a280b280968080a880808c80ab80808f95808480
8080808b809382808080a4b288808080a680808080a7db939d95bb808080c8b3808980809180b9be809c80808c8091808c8095ccac808a80d1b9808998888080
8080a08080859c808a8083a4b2808080d48780898080bd80b880c4838080df9c80b08080ce96a9c980808081a480b18080808ba79580c681d19580ae9f808080
80808880808095808080959c80808080c58080b79791e180a580db80808099d190a680809184a8e780948080af80b2808080a7b29880998009978080e4809080
809092808089ad808080808da8808080c0968a98808da680c780ae80808094b78e808080068095d089808080a780ca808080888096808c80b58080809f808d80
8080b7808080c08080809a808080808000d780d28880a280aa80ad808080908c979a8180b18086d180808086cc8ab3808080b3a88080ba80f480808ab380c386
8080a88080809080808099a1808380809d8a80a680a9cd80a180a6808080ab8280948080978292d980808080a68ebd809580a2aa8080a782eb80808ea9808080
80809b8080809980808099a6b480808dc18580a98090a580b380b3808080aabd80978080b3bb98dd848080809780d180808180aa80809680d1808083b3808080
8080a7808080968080809eb39d8180809080809780a8d180aa80ab8080809fa989938080abb686e6808080809280a7808b8088b180808080c3978082cd808080
8080808080908b8086809e90ab808080d68080b18087a480c580ca80808081bb809c8080c1a986e181808080aa80c180808081b180808b80b180808098808e80
8080ba808080938080809dbfe2b48080c98080ba8091bf80b980cd838080a5c89f9a8080e4a78f138080808081809b808080a8c7a2808080f5978080c280a980
8080838080808080808080c196808080b6808080809fb3808e8ab5868080c48f80808080808b97b9808480808980ad80828081aa99809580e6838098b4808080
808a808080908080838081bda18080809e8097888092b980b480c380808092c887808080ca809bae808080808d80c9809e80809580878080b28380839b848080
80808080808c96808080aabe808080838fa0808080a6be80a982bc868080a98780818080ac8ab388809b80809c80b38096809db1b180b580c39780c2cc808080
8080848080808d808080a0bdb9808080b680809980aee180e380d18080809ad1aa808080e282a5ef808080809c80d7808b809ac280808384de928080ab808080
8080b2808080a38080809d9880808080b88c80aa80aae880ab80a3808080afc0809e80808f89b5c8808080869b80d480a980b7d88080a9801b808097c7809f80
80808080809298808080849f8f808080aa80808780aad180b380bd808080ada699808080c180a7cc809180808f80c180b680b9d087808880b6a4808da98a9580
8080a399808ea8808080809c8a9080808f8080a880adca808c80b28080809f97808d8080b38b83b68080808080879b8083808bac80808080d8978080b3808080
80809980808394808080969c8e808080b4808091809ed780bf809e808080cb98809b8080a48ba2d9808080809d80b8809680a4b98e80a088d387808d98808080
80809c8080809080808089aca4808080a5808091809ab580b080a4808080bead808f80809a92a0c6808080809080a780808088b480809880e294808fae808080
80809a9780808380808088b280958080b98080988098dfa18397a386808ad18980a0808080c487f4808080808783b880808080bf80808280f480808db3808980
8080808080809a808080809aa9858080058080a5809ccd82da800a80808087d683808080c8808ef980808080ad80bd809280adb5a980a080c080808fd6809080
8080a78f808187808080809580808080bd8a808c8092be809680a3808080d1a0808080809580c3c480808080b380c580808090a68080ac800d808080b6809080
8080808080988080808085c78b808080b380808080a9b080b380c6808080a69980808080a4809996808080809480a580b580909caa808080988780a292808080
808080808080808080808680808080802c9f808080808980ab80c0808080b3b9aa958080b580c8df80808080d180ad808080b8bd9d80f280cd8080808980c580
80808e8580809f80808090b8a19c80809b8080a48093de80a080cf808080c59483808088a080bde3808080809280aa80808095c493808080f3a88080c2809b80
8080988080809c808080a6b3b3808080bf80808380a1ee80a480ac8d8080e4d5809e80808cb4a5f480808080a180c880868089bb80809f82eb8e809b9e908080
80809f8080809780808089a3928080809e80808e809ec2809b80aa8080809ca88ba880809f8daed8808b80808b808d80808091c380809580beac8080b5808080
80808580808f8085868089c0bd808084dd808080808f9f80c380bd808080e0bfa9988080e5a992cd80808080a980b9809f9b81c28b80c2809280809a88808080
80808c808090a08080808ba585808080f0808094809ed080b380e7808080e2ae87898080ab8e80db80808080a780dd809e8095ab8080a982e4808092c6809280
808088808097a88080809f9d85808080e38080938286ce80af80cd808080ea9f80b380808b8e81ce8080808eb380b580848087b38580bd8eed808096998a8480
80808f8080808180808090a280808080d780809e80a5c8809c80c8808080b49f908480809280a4de80808080b186bc808b80afa88080a580e2808083ae808c80
8081958080808c808080b3cac580808aa990809180a5d380db80c2808080d2d288898080c69d95dc808080808080c9809880b2c78f809581d48a80a7c1808080
80849f80808da4808080a7b1e4808080a080809f80a7cc80f380d8808080add887808080e4999fdd808080808080c9808b8092c88280969fe1928081b9888080
8080808080808880808080b08e808080a0808082808ba0808081a48680808b80808880928780a1a180b3808080808c80808080a285809480d4a580a0b2808180
8080a1808080a7808080888b8c808080c6a680a08097be80a480a9808080b5b280808080ac89abbc80808080b78dc2808c8088978080a085df8080989a808080
8080809e809b95808080979f84ab8082d380808c8087daab8d80e28080999b868086808580888ec8808080808b9280808980809ca1808080c28080808b919e80
80888080808a80808a8088bd9580808090808f878083ae80b78cbc80808780b583808080998087a7868080808a80b580a28080a685808080a18180808e828080
808091808080b180808090c1a2be80800880809680a6f8aab680df808080b0b080b28080acc1800380808080808096808080b71197808d80ea9480afbf809f80
8080ab8080a1c1808080aabdb3808080d6808080809fe880d380c7808080c5de9fc98080e49ab6d7808080808c8097808080c2f08980c480e89d80a9db808080
8080808080809e80808082b097808080b185808b808fb0808580be80808096a283808080bc998dc7808a8080a180ad808680809180808b80d69380909a808080
808080808080908080808aa285a88080ca8080a7809ed68baa80eb808080adb280958080808097ba80808080b880b380838080ad91808b80d19c80acbe8b8080
80808080808097808080808b80808092ba9480a28080a1809f93a18080809cac80808080818192bb80808080ac80c0808580808380809680b880809fa3808180
808080808089898080809ab18f808080d9818080808ecc80b580de808080c49c94938080bd9c8edc80808080af80c580a780889aa180ae809c80809898808080
80808a8080808b808080809d9380808a87aa839e8088c780ab80b6858080c09980808080b681a3bba3808080b980df808980808080808a80de898080aa808089
80809ba482809080808080be95f58080d380809680afeee18080c780809ca780809a818280ac800280948080808380808080b3dcb48080800096809a8e80a980
8080b2808080aa80808098b19a858080ae80809f80acf080b980988080809bbf8fc7808096b68f0a8080808086809f808080a1cc80808680cea68080c5808080
808aa38080848c8080808b98aa8080808f80809b808b8280898099808080a492808080aaaf928db0808080808880b880808080a480808a80b9808080a5808e80
8080a28080809b80808094b095808080fb96809f8087a780e680b08080809ecd85b48080a6a6a5e680808080ae80b680808095bb8080cc80eb80808cb7808080
8085938080808b809280889a9f818080838080948088978095809a84808092a7869080809f8b8c9e8080808080809880808080a680808380b7948086a2808080
8081ac8080808080a48095afd7808085f280948080808280c980d9808080c4b4df8080802680cedc8380808095808c808080c2ec8a80bf80a0a380808980b780
808090808080af8080808c938d808080dbc4808f80809f80a480a480808094a6a1808080e580aabc80808080c480b3808080a7969080ba80d68080809b809880
808082808080c0808080a6c28b928080c98080b180cf1780c880e9838080c19480888080ad8a80ee80808080a290dc80aa80bad6938081a0d98e80bbc3808080
80848080808f87808080809998808080a080808e809ea280a580a380808080ad80808080a08c84b8848080808780a1809780889a8c808080a2808080ac808080
80809f80808fa080808098ac8080808092ad80ae80d20480cd80b4808080c9d087808080c780c0d180808080e680e080c58092b280808c800b80808fb3808080
8080828080b186808080a58487818080b480809e808dbe80c880c0808080a1ae8a9a8080ca80a1c780808180c2809a809d8092b88f808180a380808791808680
8080808080808e8080809eb58f888080ac8080a287a2dc80ae88ce80808097ad9ba88080909d88ec808180809a80ae8090809ca198808080be998080c9808080
8080ce8080808a808080aba8a9808080a78580aa80b5db80dc80ba808080c8ae86948080c6b08e0580808080a180d6809880a1cc80809281fc808096c5808080
808095998080bb8080809c92808b8080a68080b7808bde80bd80c1808080c0ab80a880808580a8d58080808bab80a4878080b3f68080a8a1fbaa809cc9808080
80808680808ba08080808c95809f8080c480809e80a4e880ab80b7808080cea180ad8080898e89e3808980809a80a2809a809adc94809680e1978091ae808a80
8080949980888e80808093a897888080a280808f80a0d9809980b0808080e1808080808082a19ec1808080809983a880808080ba80808082f988808991818380
8080ca808080a1808080b69b91808080ca9380aa8098e080c480b3818080c0bb85b88080b590c3cd808c8080a280c2808e80d2d99180bd87118080adbd808280
80808080808b8086808080b592808080c280808080a2ca80b489b0808080c8b580808080aa80a8bd80808080a480d4809a8080a480808e80bc80809c85808080
80808f808080b280808080a59faa8080a780809f80b5cb809180b48080809d92808b8080a08b80c88095808080809080878086ba81808080e08780a6bf808080
8080808080808d8080808bbaa2808080c0a685b08085e580dd80e3808080cec480808080aa8d9fd994808080ee80fc808580809380809aa21981808da2808080
80808090808197808080a29aa7ce8080d98080ad80b410b1a780fe80808093c980b080809ad3803f808080808980a58080809aba9f808080e1808080be809680
808080888080a380808081b48e888080a080808f80b0cf80a880ab8080809e938080808080a080bd808080808e80ab809b8080ac8080808cbf8c8090a5808080
808089808097ac808080b5babdaf8080d28080aa80c5f880b180f3808080c69380808080c4b180ec80808080a98cc0808f8080b580808080f580809e83938080
808092ab809180808080809580818080bf8080808086d0838c8980838080cd8080b9828080a6b0b4809f80978a809b80808083d68080a980f08b80a890809080
80808080808097808080ba88808080801daa80bf9080d48eb9800780808090d1849d80809c92800180808080d580c7808080afb29a80b080e5808080b880be80
8080808080968080808080ad80808080a18080818091cf80c980ab808080d0c0808080808d80bdba80808083af80d280978080c48080a588f58580919f808080
808093808080a28080809ec6a3808080c080809780abfb80b980bc808080adbb8ebb808090a29ff9808f80809080b28080809cbc9380a381f19f8084d1808080
80808c8080828080808090a1a1928080cc80808e80abcd80b580c7808080ae9a85878080969684fb808080808984b680978ea8ab92808d80bd808096a6808480
8080838e8080858080809ea2808080808d87809780c2f0809180b5808080a79080808080a48da0e884808080b78cc7808f80809689808080d48180809d808280
80808780808780808f80978f9c8a8080d380809a80809580ab80bb80808086a6839a8080b1a190dba0808081aa82a680808080aa80809180b880808080809380
8080948080809380808085a89b888080dc80808c8092c4809980d5928080b29f80a280808f988fe0808980809080a18080808aa5ac809280da918083bd808f80
80808f848080a480808094a59c8180809880809d80a9c080a380a48080809e88809180809e9782d3809c808087809280868080a788808d80c18e8080a6808080
808080808080808080808ad1a7808080c480808080aec380a680bf808080bba2878080809f93a0c1808080808a80b780aa8087a387809280a585809b95838080
80809e808081b1808080849792808080ac8b80938094c280ad80b0808080a3b687808080d080adbe808080809580ae8080809aae8280a680e7948081b9808080
8080ce808080ae808080959080808080d3ad808980808f809a8091808080b4ab80898080f380c58680b38089b58084808080c9c7a680d380038080a6af809780
80808088808080808080a1b2808080809f80808080a5ed80ab93c98080808fa7808080809d97a3d380808080b080be80a38080809c808080ac80808080808080
8080808280808086808080ad808e8080a78080858099d08080999f848080a3a980888080808fabb280ac80808b8093809d8080b984808280df928096ae808080
8080c2808088b880a5809e8d9e808084f7cc80b280809780e080a9808080bbb480a58080f5809fb880808091bf81aa8080808fcc8980be80028080b281808080
8080c58080809a808080b7bab29e8080bb8080b78085dc80c780b9838080ace18bc58080b4a98718808080809580aa808080aec997808e801f808080d7808b80
8080a4898081af808080809780888080c18080938090b882988097848080999280b18080a08992bb808480808c80968080809fc488809d80ce8e808ba4809080
808081808099af808b80a7bda780808011a3808283809d80f480ee808080bbd080888080088096ad8080809adc80a880808080a78080e080dc80809285808080
80809580808082808080a78880958080cc8080b38080d98f908ccb808080b6b4808c80808080c8cc80918080b5809d808080b5d98f809b8023808095cb80ad80
80809b808080808080809aa38d9180808b808099809bac80938093808087af8080958080809e80cc828080809297a180808083a98e808e80df80809986808080
8080b8808080a1808080989682808080afb580b98090b880ad809c808080be9980a38080a78291d780808080b987cd8080808bb780809c800d808080b2808780
80809f8080808180808089a480808080848d808f80aedb80a8808b868080e6ac80808080808accb880808080b894e480a0808da58080a5860d8480ac9f838080
8080808080808b808080a6d1a8808080ab80808080bcef80beacab808080d8ac998080809dafb0eb808280808180c480be82a9ba8e809680958f80ad97808080
8080b1938080ad808a808080918d8091cdac80b68080a880a180a9808080a6808081808de58097ca848080809c839780808090a18780ad80d380808fab809f80
8080808080959980898092adbe808080cf80808b8092c880e880dc808080aabd8a808080e59880e9808080808b80b680a28f93b294808f86a280808b99808080
80808080808080808080a5e7b3808080d480808080aac882bf83d2808080bea1b78c8080a5b995ef808080808e80a480918b80948080af8094808080ad808080
80808280808fb18080809fac89808080b880809780c40280cf85be808080bba880888080a18792d9808080809680cf80c584afaf89808587b880809c9c808080
80808080809789808080899dad8c8080b9808093808ba580a580b8808080a9ac809a8086a79598d7808380808180b28080808db49d808c80d78e80809e888580
808080808086808080809ca2a6938080a080808a8080b9808d81bc80808086938483808097a680dd9780808080809b808080809e95808080c7808080a0809380
8080918080809f808080919f89808080a983808f8093c480a48099808080ac8d808880808a8b97b5808180809e80a98086809bbd80809494e080809aa0808080
80808c898080ac808080a8aa80978080a18080a8809b0980a098b9878080d69880a18080809e92d880808080ab80bc8089808cd391808c800595808ec5808b80
80808e8080a093808e808f809e808080e48c809b8084a880cf80ce808080afb79c808080ed80a1d980808080ad80b7808a80b8b985809e80b6808083a2809c80
8080848080828080808080ac8f93808bb1808080808da39a809aad89809ea9908996808080a598d0838080808180a6808187809682809380ae80808da0808c80
8080808080808080808080b090808080b48080808092bc86808d919480809f8c8093808080b196bc80938080808097808f8088b794808f80c18f809e96808380
80808080808d908080809dba92808080d880808e808cd780d780c6808080b6ae808a80808e919edc808080809980b1808a8087b48080ad84f480808da4808080
808099808091af808080928e85808080ae8080ae80a1c880bf80c780808095a48ead8080cf80a8c280838080a780a2808380a6aa89809580b39b808bb7808280
8080808b808a808080808dc49ca58080de808080809eeaa7ae80ef80809e99a094808080ae8582df8080808081809180ac808caabc8080809991808081919580
8080938080809d80808080b1a58080809d80809d80859e80a98098818080a4b792968080b89097d2808080808b80b58080808dbe80809a80c09b8080b7809180
80809c80809a9c8080809a8c80808080b29880ba839fd780a880b7808080b0a480908080a480adc980808080be80aa8096808cbe8080a280f580808fb1808a80
80808080808f8f808e808796928a8080a080808a808bc580a18abd808080a28d80978080ae82a3c78095808092809380808096b28c809b80a7a7809ca4808080
808080808080808080809ff5a5848080e380808080bddfb9b5add38080a5e5d2aab180809d91b3de809280808080a1808b8080ec908099808cc380929f808080
80809b9580859b808080a29e80808080ab80808e80a3ef80a08091808080bb8480998880808e9ece808780809a8ca7809380a7c281808f80ef80808a9d808380
80809b808080b5808880878e80858080ef9f80aa8097df80b480ea808080c5cd80808080d0808ec680808080cc80d780808080969680aa80e5808081ac808880
8080a6808088b2808080808da0b68080e08080ac80afc280d280b1808080cebb80a98080d583800a809a808990808c808d80b7ed8d80b080e18080b5cc808880
808095808080a1808080abe3d98c8080a58080a280ade680ea8016808080d0f697968080cd91a1e7808080808080a9808e808cdb80808080cfab8093db8f8080
808bad80808087808080a0cad7808080a8808083809d9e80a680dc938080b2b280808080da9baec4808080808080918080809ad88a80b784ecb98086d2808080
8080ad808080808080809cbcaba88080a88080aa808fb888b580a680808097a28eb98080a9a192ff8a80808080808f808081a4c69b808780cc838080a8808880
80828880808b80808080b39ca5808080e28088b29f94b580d28006808080a4eda0918080b58484f280808080c780be80808086c88080ab80cc858080c2808c80
8083808080b3849b838091c3b6808080b180808080aec380c980c78080809fae8c808081fdaf85dc808280808c80be80ca8185a880818080988a809c80928080
8080ae808080a28080808a808b808088c8bb80a480808a80918097808080b48080818080c48089c0a2808080b289a280808080849880a480fd80808080809986
80808b8080809f8080809ba9a0808080c480808f8694c880ab80d3808080beac86bc80809d9280d180808080a380a680908080878780a580cc808086aa808080
808096858080b080808081868b808080afa380a68084c380b180b6808080b39380818080ae8092b480808084ae80be80808091ac80808b8ee88080a2ab808080
8080808080968e808080a2b8b9808080bb8080898098e380d480f4808080b9d5a4828080d984b0dc808080809180be80a58098b092808c80cc938093b2968080
808080808080a5808080aad1a1808080dc80808480b70184ca8be5808080b1cfb2bb8080b5a0af0c808e80809580a8808c809cc88f80a180b8a38080c5808080
8080948080808e80918096809a8d8080bf8a80b0808faf80a480be80808098c28d9c8080a68a90d680808080ba91c1808b80809280808180c180808991808d80
80808080808d8080808094b4a1808080b6808092809dcd80c980bf808080b0bf808080809887a0ce80808080af80d480808080b480808080f58080809f808080
80808680808082808080ae9f80968080af8080a88091e3808e80cc80808080a6809e87808087aad9848280809d82a480808084a48c8080800b808080c0809b80
80808d808081ac80808096a294808080d58980b39092d580f380de808080c9ca809b8080b18395dc80808080c180c88092808fae8380bdabef80809eba808080
8080a08080a1d5808080adb594808080b38d80aa80bcf880ec80bb808080cfaa869d8080d4808ec880808080a980bb80ad80a6be8080979cd48080a8a8808080
8080808080959180808092c1a3808080b380809280a3d180be81db8080809bc28880808094b380d5808080808080b680ad8080a788808091b580808bc3888080
80818080809c8080808080b6ae8080809d80808d80bed380c580c9808080a0b880808080d38b8be1808080809580bf80b18080ae80808080b79a8083a3808080
8083a080809e90808080a4afc48080809580808080a0b180b980a4808080b4b9918e8080d2be83d1808080808080b2809b8496d288808a84b7928098ad818080
80808180809b9080808099b29e808080d980808c8083c180b980c6808080daa280968080b999a2d582808085b080ca80878080b58080a980e080808096808080
80808280808099808080a4a3838c8080da808080809cf787958fc6808080a4c8839d80808086c7d6808080808880c6808080abafb0809a8006808080ba809380
8080a0808080b880808085ae8d808088ccec80a7808ec480cd80b1808080d59780808080d980a3cf92808080e080cc80808084a08080cd820c808095a9808080
8080868080a2808280809ea3ae80808c1a96808080808080fa80d2808080a7abba808080108090e99180808ac280ba8084809c869280d680cd8080868080a980
8080a6808080a480808088aabb808081c78580a1808abd80c080ec808080d4b080808080e18daae584808080bc80cc808080809580809d8cfe808080c0808080
80808f808084a880808097b698808080c48180aa8199d180dd80bd808080bec884838080aa8889de80808080a080ca8091809fb983809a9000808084d1808080
80808080809b808080809aa5a8808080c280858080809580c880be808080aabd80808080c895a4bc8080808aa880be808e80809780809780b280808a80838080
80809f818086ce808080a9a780ca8080be8080b180a5ec80b280d0808080a48e80b88080b08680bc8080808096808e8080808dfb80808080d98080a9b3808d80
80808080808c95828080909180808080828f808c80aedb8080808c808080a48f90868080ada19bd980808080a098b280ae808d8180808080a580808480808080
8080808080888e80808092a9af818080bf808098809ce380db80e8808080a1b380808080a88080e3808080809580c5808f8087aba4808080c28b808090868080
808f808080808180838083ac9f8080809680a58b80809f80ab80c780808080a18d808089a98082b08e80808086809a808980809880808080a19080809f80928f
80809880808c998080808da09c808080ab8080918092aa80cd80ae8080809bb498958080ca809fc3808080808f809e808080aac389808b80d9958080a9808a80
8080938080809d8080809ad09c908080c480808580a6e590a980b6878080b0b180ba808080cc94e0809880808a80a480808088c88c809680fe9280a3c7808080
80808f8080808d80808091cf8f8b8080b980809880b7ea839c80de868080abba86908083ad97bbe2808080809380af80808080cf80808080e7b98080bc808680
808290808080858096809f95c1808080c98684a380809580e780af80808082ca8f928080ed809bce89808080a380b5808080a09a9e809d80bb8080808c808b80
8080ab80808bb2808480be80808a8080c9c680d88080b480d280d5808080b9e6809b8080db80afd080808088fa80bb8080809eda8080ad80f0808080a1808e80
808089998080a28080808e9080978080888080a680aedf809182a48080808f9d808a808081809bac80808080aa84b280928080b880808080d297808c99808080
808089bb8080c08080808e8b80808088dbcc80b5809cd8809180c5808080b69880808080cc8094dc8b808080dc88cf808080808088808880e980808092808d80
80808f898080808180808dad80808080a280809d80aff0808f80bf808080bfa88080808080a59ccf808080809880b780a38080bf80808f8e108580a0c3808080
80809d808080b6808080b5c69f808088e1a28084809ee780c180cc8080800da780b280809b9d82d280808080bc80c38094809bc58580cc98f48180c2ae808080
80808c8080a7808fa8808e8182808080f793809880809d80d780cb808080c6c180808080cb809ede80808097da80cb8089808eb38280bc80d48080a080808780
80808e808080ad808080a0a79a808080de8180a680a0bd80c480c180808093c0968a8080b7ae80de80808080ba80c8808080809f80809980da808080a8808080
808086808091ab8080808c9a8d808080cd80809f878fb880b380ce80808080c4918d8080e0809bc7808880809c809e808080a9b695809a80ce858080ca808780
8080888080809a80808092a191808080998d809e8097bb808a80ac808080a09c808c8080a98a91bc808080809e80b6808d80809980808e80d5808081a6808080
8080838080888080808086a196808080e58080808080b280ca80b0808080c6b480808080b280a2ab808080808e84ac808080a1c5b8809680e780809780899580
80808f808080ac80808098b7a380809088aaa0b4808ab880ac80c880808094ac95808080e08880c998808080aa80b5809280809580808b80c7808081b9808080
808084808082c0808680aa8a80808080a3cb83a58082b5809c809d80808080888c808080d7879cb280808080cb93ab808080808b80809c80d280809880808080
80808080809da68684808bb296808080ba80808380a7e780b380c8808080b2ba80808080dd9c9caf808080809280c580a78083a491808f85ef8b809a95928080
808080ae808099808080889a90b58080de80808480d50ea6a580e580808095a183808080d58a801b808080809480a480a48098b6a0808080bb80808090809680
8087808080a399808080abc78b808080c28087878095058ab28008808080aebc80808080c08099e380808080a7809780ad8080878b808080ae808080808f8080
808080808094a7808080aab78d8d8080cc8080a880b2fa8dab80ec808080beb480ac8080928b8cd880808080a080a080848083c58d808080e7908080b8808080
80809f808080ac8080809ab09c8d8080d088809c80a0e280c180ac808080bca594a280809e8f98fa80808080ab80cf808080a1a79580a080f5808080aa808380
80808180808180808080b6b8b08080809e80808080a1c787a28ebb808080b2be919e8080a3baa0f0809b8080808087808282a7d08e808480c0a08085af808080
8080938080848c8080809c999b928080ba8080a880a6d384c480cd808080b4a080988080a79980fc80808080a580b6809480aabc90808080be8080819c808080
808080808085888083809dbbbc808095d98080808087af80d980bc808080d6c786848080e5b49dc980808080a280d7808d8080c49580aa80ac80809c81848080
8083918080898080808092b3a9808080ac80808080bab880b580be848080c3b796808080b6a7a4cc808080808e80c180a5808cbf80808580a697809eae808080
8080968080808c80808099d0b39d8080b880808f809bcc9d938bb1aa8080c1a980a7808085bc9cef8082808082808e8080809beb9a808580ebc08084b9808b80
8080818e80888b8080808b8b919e8080b580809680aad88fb480cc80808098b180808080a3a88601808080809980b980898095bc80808080b3808080a6809180
8080a480808590808080838199808080aa85809e80808e808f8094808080a5a480ac8082a5978abd8c80808088809c80808083a189809780c2808080a6808080
80809aa6809285808080848d83af8080a580809c80a9caad8080bb8080808f8080928093988c92de8080808081968380808087a786808080d6808080a480a980
80809a8080808580808099b1b0808080b78b849d808fbb80bc80cd808080beb785848080be9494d384808080b280b8809080809e8080a198ed808084a6868080
8080838080809580808080a09d928080ab808095808fb3899a8a97808080a6948080808081808dc38080808090829980808098bd88808080d7818080a4809380
808080808080808080809ca586808080c389808f8082c380b980d6808080b0bf94808080a38baddd80808080d980c180858080938b80a280de808085ae808380
8080a480809caa8080808f8080838080ce9380b98094c480af80b0808080c4c1809b8080aa8098e280808080ba80b48080809ec587809580d9808084a1809f80
80809d80808d9f808080958080808080ef8880c18697d480c880de80808094c29bae8080c680aa0380828080b880c3808980c6be8c80a280f5808080d080ba80
8080b1808080bc80808096878b808080b8a980a68095d180bf80b6808080a9a59f9c8080cf8095e080808080b680b48091809ca68080a380cc808080b8808580
808080808080888080809eb7a38f8080da80808c8096e780bf87f18080808acea4918080898280e680808080a380bf808080819e9c808080b9808080a1808080
80808080808f968085809abcad808091a7808b8d808a9e80a480d18080808a9a88808081f18b88b7808080809c80a280808080ab89808080a482808098808080
8089af808083ab808180a09ca88080808095809380a3a980a780b884808096a2a4808080eb809cbe808080809b80948080809ab28080a480b9968080ce808580
808080ad808aa08080808e9b80af8080b38080a080c2ffa6ab80c0808080938d809980808080a3da808180809a898780858081be80808080d58380809d808180
8080808080808d898d8080aca0808080da808080808ab380d580c6808080b0b680808080bb80b2a880808092a380c180a1808e928080a794ca8080b293808080
808098808080ad8080808c8794958088bc8480bd809acd80bf80b8808080a9bc80a38080afab82eb808080809180d68094809a9980808180c1808080af808a80
808080808084808080809fab808a8080bf8080808080d2868c97be8080abbd898089808080a78cd680808080ba80c2808280809291808b80ea80808880808080
808092808080af808080a4878e808080b3b180b78d84bc80b680b4808080b5b5889a80809e8d8ec780808080bf80b98091808caa80809f9fe3808096a9808480
8080a4808080ab808080959d898080809dad80b5809bcf80a78096808080c6a4808e8080858a91ce83808080b297d980808082a8808096930d808081af808080
8080828080809980808099b4b0808080cf808096808aa880d280d080808080b7a4808080d58d92ce80808080a180ad80808093b49a809780dc808080be808c80
808080808088858082808d83a9808085be808fa88088c180c780d18080809eb08b808080c38d83f09d808080af80cd8088808092828080809b80808092809380
8080808080808f80808080b1a28c80859d80808d80a4b1808286b1808080ae8080808080958d80bd808d808082809c808c80809580808080b48e809ead838080
808087808080a480808099b9a4a68080cc8080a380a4dd80a781ea808080c9a280a18080958c80d8808080808c80a88085808ac9a4808080c49f80a8a8938080
80809e808080a7808080a4ac948280808b8780a080a6d680b680ab868080c7a080aa8080909e94d2808080809f80b3808b80a4ae8880a198ca9680b2ca808080
80808080808481808080a0c79aab8080af8080808097cbc38084cc8080a4a398979b8080928f91cc80808080808080808080b5d8ad808080c08d80808e80ad80
80808080808080808080a8b1808a8080f08080808086c9a2b280f78080938bb7858080808580a1cf80808080b584aa8080809080ac808380e78080808c80a780
8080848080809280808080b99b808080bb80808d8097c8809e84c8808080ccaf888080808884b3c9809480808880bc8084808cb580809c80ea9880a2c9808080
808b80918080a9808080a98480958080a88980b18095fb80a680ee8080809cb2a3808080b6808df780808080c680bb808b809bce80808080c48b8080b080a280
80808280808080808080a9b3aca3808cb280808680a5ca9a8d8fcc808082b89a80a7808080bd80f08080808080809b80808180a490808080b4808080a8808580
8080b380808ca1808080a7a697808080a18080b580b5ef80e080bd808080c7c5808e8080c19aace580808080a880c980a1809cd380809396198e8089bd808080
80808080808787808080879d8e868080d580808c809bc980b286d4808080b3b48ba680808a8b99cb80808080a680c48097808cae99809c80b5808094b0808180
8080808080809580808097b5a3828080cc80809280a8e7809880d4808080aab3808d808098bf8005808080809580bc80808080a584808080d8918080ae808080
80808080808098808080aedca99c8087b980809580a3e58a9c800f808080b5b08aa08080b8919de08083808099808e8080808acb8a808080bdad80b1bb898080
8085808080989380808098be97808080aa80868680b9e980aa80d5808080b0b78a808080a9889fce808082809380a080a88085b080808080b2928080a3808080
80808086808c98808080a6a2809d8080e88080958080de88d680d2808082a3a080bd81808980aece80808085c1809a80808084bb81809780e880808280808580
808080808090a78080808dcaaa808080c880808080b1e480cc81bb808080ceae84988080ad939cc8808580809780ae80a38280ab8080a889b79080a397808080
8087b0808080868080808d9d988080809c8e808e809da88091808b8c8080d79e808080809a889ac680808080a990d680848089ac80809680ed80808c9e809080
80808085808a8080808095bf80948080c780808080ade5b098a5b08080aed28585a38080809aabdd80948080948ab2808d80b093a880af80da80809694808080
8080948080aca48080809da59c808080d080809280acd580dd80d3808080a8b9a0948080e89096f380808080a380b480a0809fb580808980ba808080ac808080
80809e80808088808080aabdbaa08080a28080a680a5c980c280c0808080b4b780a9808098a887f1808080808280ab80808096da89808080e48d808bbb808080
80808080808c80868080938f80808080cf8380808080a3809e80aa808094a48d9d808080a99291d785808082cc80c280918080808080ae80c180808080808787
808091808080a08080809d9f89a88080c88080a080a4ef8ca980c0808080aebe89c08080868093d9808080809880a38080809bdd9f808080deaa808794808a80
8080808080a18483808088aa9f808096e2a2808a80808080ca80b2808080aaadbc808080d89394c891808080a880b180898086878080c180a680809997809580
80808080808b8c8380808f988f808080e2a0808e80809d80a980cb808080afc6b7808080db8b92ec80808080b380af808380978d8080bb80cf808080ae808780
808095808085958080808dadbe808080ef808080808fc180c580c1808080d6b49e948080d1a398f7808080809680bd80898096a48280af80c68080859a808080
8080888e8080808080809ca380808080d080808080ba01809c81d5808080cb938a808480809ba41580808080ce85cb809f80a28a80809a8003808080a5808d80
80808880808c968781808091a1a68080a480809380b4c180a5809b808080a98e80878080b58c80d68080808080809880a7809cbf87808c80b58080ae9d818080
8080ab808088a1808080a794809a8080988080ba809ad6869680b2808080c1a080a680808a8089d880808080b1809380808080d380808080fd838080bc808580
80809880809f85808080a4a3d1808080da808e908090c0800380d7808080b5b9af8980800294970a878080809d80bf809a809e9e8480ad81c780808093808080
8080808080809280808080ad9fb48080e280808a80abe2af9e80e5808080a49980808080879280fd808080809f80a9809280a3c3a6808080cc82808aad808a80
808088808080a9808080918080808080e2af80c28380a580b680c18080808ebc8f988080c2909ad685808080b680cc8082809f8b8580ab80d2808080b380a380
80808c8080889c80808080a180808080e48080878095bd809780be808080bfa380808080cb80a9cf80a080808e809b809080a6b99380b680ef8080b1a8808b80
808080808086808c808089a8a0808080bd808080809cbd80c780af808080aeb685808080a89894da808a8080a3809f809c809cb08a809087c6868096a3808080
8080919580808480808080a5afc48080aa80809980bcd9bd8097cc8080809880888080809aa68002808080808080878080808aa995808080c2858080b980a080
80808080809ca38080809e85b2808080bd8789ab8383ca80de80d6808080aab598948080db8092dc80808080b780c1809480809d9f8091879e8080809b808080
80808680808080858080989380808080b780808080809f8082919a80808ea080898d8080808c89c68b918080a4808e8080809b9b9c809d80c880808082808780
8083948080869f8086809c96c0808080cf9293a58086ba80ee80e58080809dcbbd8080801a809ff580808080a980c6808580a8a681809b80bc808080bb809380
808080808080808080808ac980808080e080808080b8d6b2a2a0d280808080cd938780809fa7bc1080948080a1809e808d8080bf9e8098808ca9808099808a80
8080808080858080828080b195808080bc80808080a4b680a180d480808099b380808080ac838dc880808080a18098809380808d808080809e808080a9808080
80808080808f9e808080979599808087d78880a28098db80d680d5808080bbd983808080d68e8fd381808080b480ed809680808996808380b28080809b808680
8080a48080808280808099aca38d80809a80809b8085b9809b8099808080bd9f80aa808088a797d58080808080809e8080809ace95809680e495808ea3808080
8080809f808d84808080af9891b78080d28080978081cf809e80e3808086b49680808087889488f280808080a0869b80808095be9a808080ff8080808080aa80
808080808080a9808080b4d8ab8280808680808980d1f980a880c880808094bab1a18080c4a6b0d5808080808080a880a28089b791809c80a9b68097ce808080
8080b4808080bb8080809b9087808080ffbd80a28080a880bd80a9808080adcb89948080d180b1d480838080c480b1808080c8bc9780cb8017808093a3809880
808080808081808380808180808080801a80808080809c99a380b38080808bac8c808080ca80bcdc80b28080a88090808080e2ccb580b180c48080858080b980
8080b08080809880808090968f808080cc898094809dca80ad80a1808080e6af809280808d8b84e680808080c480cc8083808ac38080a58af080809490808080
8080a9808080a2828080b59080908081ce91808f8091ad808080bb808080aaa59fa58080d08780b380848080a2809b80838097c1a3809b80d28880a7a3809f80
8080958080809a8080809db9a09b80809d80809c80b1e180b380c4808080b6d38a9980808d9db0e5808080808f80b88084809eb48c808080f5908084d0808080
8080808b8080c980808087a280b38080aa8280a6809cdd808280bb808080808080858080958080b1808080808e878080808080a480808e80e28080afbe808080
8080ae8080908e808080848480808080cdc7809a80818380ba8094808080ac9091808080fe80adba87808085eb80bf80808093888080ae80d880808080809e9c
80809b8080909f808080a0a2b28e8080b18080a08080a180b880bb8080809aab95b48080c18d80bf8880808080809380808091bc92808480ba8080809e808580
808098808080808080809dbfa4b78080af80809480a2d6999380d8808080b9a2809d818080a990f08080808080808b808080a1b493808080f2828095a3828b80
80809d80809a80809280a790d9808080ef808c8080808f80ca80c9808080b6c1a38080801088ab01808080809c80be808080abc59a808c80b9808080808cb680
80808e8a8091af808080a08080808080d98e80c09b82e381c08ab3808080c69880a98080878094de80868089ce80a3808880a9bd8180ae8fd4808090a0808180
8082808080a982808080a8aaaf808080c38080808091d480d380d1808080c0bf8d808080eb92a7ea80808080a380dd80b296929a8b808c80a980808980858080
8080918d8080a08080809c8889808080eea280988080b2809580b2808080a8a7869d8080a18490c880808080b3809880808095b286809e80f480808094809480
8080a1808084ad808080979f80808080a08080bb86aadb80b780cf808080adb0809a8080ae8f98c480808080a380ca80808088c681809d8d039d809ed0808080
80809b8080809280808093b3bd80808cb98c808b80919a80ba80c180808097a5b1828080daa094c49a8080808a80a98080808ca18b80ac80b8808080d3808080
8080848080818080808084aa94808080a58c808f80a8d280ac80bc808080d0a686808080ca83aeed80808080b880ea809880808080808c80df80808098808080
8080c4808080b0808080a29b9a808080db9980a3808cde80be80b9928080e6b6809d8080c680ade880828080a180a8808080bdf0a180a3800c9580adaf808e80
808080aa80828e80808080a880a28080b780809580b2f6848087c8808097b09a8280808080909ac6808080808482b2809c8080ac80808580f6808098b6808780
808080808083ac8080808d9b85868080b480809f80acd180bd87bc80808098c399a98080a7888ac980808080a880c080a1808fa593808c809a888086ba808280
8080ab8080808780808082afa0b28080b280809180bedb839980b18a8080b69f8084808082a789fe808080808080a0808880acc595808080f5878094d2809b80
80828080809b808080809892af808084fa809b8c8d808080de80e5808080a4bcaf808080e1809acb80808080b980c5809790abad9080bb80808080839280b380
8080a28080808f808080878595808080e5a881808080a380b6809a808080bfa6a08c8080bb8f98d687808080c980c7808080878e8080a980d380808088808e87
80808080808e8b80808087d6c4808088db80808080b7d280fd8008808080aec78f80808008809ec080808080a080f480b88080829a9aa691b7808080a6808080
80888080809b888080809780838c8080b28080af8094bf80b380cd80808087af80ac8080a79883ec80808080a280b480888088a687808080b1808080a7809580
80818080808d948080808b9180808080aa95809e92839a808c80c180808096a7988080809c8091b480808080b080a380908093b480809984b6808084c5809480
8080a3808080ab8080808bb096808080c78f80a08094d080c788c3808080f5c58080808093938ed380808080b380df8099808cbd8080ada7018080c0ce808080
80808c80809080808080b3c6a9808080a780809880a1ca80eb80b1808080cfb2808a80808f96b3de808080809280b98084839cc6a880b882108080979d868080
8080978080808c8080808fa89b808080eb83808080808080ab80bd8080809bbfa68080800380c1b6809e8080ae809b808080beb59c80ba80cb808089aa809980
80808080809a808b8080909b80808080b18080848094af80b480a7808080a2908f808080999591cb8b808080b380a6808d80808280808e809b80808080808080
80808080808080808080b8d7a1c480809b80808080b3e4c4a6a2d1808098b8a487cc808080b6a5e680a08080808080808080b3d1a7808080c89c80a6a2808080
8080808080898080808081a28b808080978080808080a3809d8ea8808080b98e80808080978091a88080808e9280b4809480809c91809380bd8680948e848080
80808580808f93808080b59eac938080ae8080a180baed80b080e580808097d19d958080cca3851480808080a680cb808f8098b489808080c6808080b1809580
8080808080809380808093ef9d8a8080ea808080809fde97b080ed80808cbebb80a08080a68e9ebd808080808a80ae80808080c3ad808480d39280969e8f8080
8080998080809a8080808ca793808080b78080a680c4d880c180c7808080b09b80838080d28099f1808080809e80c480a8809cb386809a80d7888085a6808080
8080808080848080808085a59d81809bc1808080808090808c80b380808591919d8080809d9383ce898080809080af808084808090808f809780808086808c80
808080808080ab808080a5af8e878080d89680ae8aa4e280bf80d8808080aba4808f80809d9180e480808080d180cf8086808dbd8080908fd18080809f808480
80808080808089808c8098b1b1808090c8808cad80809b80df80cc8082808abc80888080c2a080d18e808080a380cb808880809a81808f939580808796808580
80808080808595808080939f9b808080ab8080888090c080a180ac80808097b68b998080b28093bf808e8080898093808c8098b79a808080bd99808a8e808080
8098928080808b808780b3a3da808080ce8080af8088a780eb80cd8080808fe790a88080e3c095f5868080808080b880808098c380808e85b2808080ab808080
8080918080809980808093bd9d808080d08380808095cb808880b38a8080c395809780808eaea6c780908080ab80b180808089b98080ad80f58f8095b4808080
80808080808d94808580918baa848080ba80809a808fc480c580c0808080a8a785808080b68280db808080809d80ae80858088b986808080a780808093808080
8081808180a1a28080808f80808580809d8e80ac808fb7809a80a98080809d9a80808080a68089b480828080ae8bab809d808bae80808084ae8080829b808980
808b8e80808d9e80808089a1b3808080b880808e80969e80b280bc80808093c694808080db9594be808080808880b480918089a280809180ab808080b9808080
8080808080838080808083a195808080958a8086808387808680948080808c8c8e808080a98088ab8e808080a1809b808080808484808080aa8080808c808080
8080808080808080808096b7af808080c28080808094b9899586b3848080ae9d9996808080af8aed808480808080a48082808ba58a808080a980808094818780
808080808080928080808cadafc68080dd8080a480d306a98280028080809acd98808095b589b82280808080a780b880808080ab80808080ec808080c180a380
80809480808086808280978395808080b594808980829d809c80a08080809d849c808080a6838dc98c808080b384af8086808f898880ad80bc80808480808c86
80808080808f80808080a1c1ae808080c38080808097ab80c88ea3808080c1a1a4a28080a1ae94dd808680808080a8809280b7c19c8098808e8380a68d808080
8080ae808080bc80828080a984808080b08280aa809dd480c080b587808094ab83958080ca80acb4808080809180aa808080a5bf8380a080f9a7808dc7808580
8080a2958089a8808080a3aa809e8080cb80809c8097168ba484cc808080e6a080bf808080889bdb80828080a980a28080808bcc8a8086802b808086b0808580
80808080809f9f8088809ca9898b8080e880808980ade280ab80ec808080aecc8ba78080ca929cc280808d809a80b980a28095bca8808080bf8f809ba2908580
8080808080988680808080a38a808080de8080808080b580da80c3808080bac780808080b580b1b0808080879680d680a485a3bca280c587d38080a3a7808480
80868080808d96808a80a1c2bc80809094808d8c808bb980bc80eb808080a78d83808080ca8680a080808080808090808c8080ab99809980968e808eb7808080
8080a4808096dc8080808e9e80808080f9a280a28080ba80cb80bd808080b3a180848080138097ad80808080a580bb808080bcdf9080c580fa8080bfb180a380
80809980808580808080c2c38a808080b980808680a7ddabb080b6808080c1af80b68080a09eb20080a68080a78080808080b5098a809f80fdb78080a1809080
8080928080808a80808080bf9d8c8080b58080828098b18d8080ac928080b196809b80808aa38cc48084808080809680808087c591808280c8968097aa808c80
8080a480808d9f808080969a80808080a693808f80a3b380978987808080d0a3809580809e80a2b1808e8080a58094808080a7a790809880d080808098808b80
8080908080839c8080809b9180808080c88580b29390cf80ac80d0808080acc8878d8080a58485dd80808080b680b980888089b787809280e8808082c4809280
808087808080a2808080babebc828080ba80809480a3f280a499c7938080aac797a8808080b580f0808080808080a7808080a1dc8f808080d3918085d5808080
80808980808080868080a8a78b808080d19580929b899a809680cd808080e09684b78080878b80cf808e8080b8809b80808087b59280e480ce8f809f9a808080
8080ab80808e9b808080929684808080a78d8085809ce780b3809f878080cba5809b8080c98bbcb7808080809b80b380948099c58680a980f38180bba4808080
8080808080948a80808081a9a78080a5f787808080829d80d880c7808080d9acbb808080e58b96e780808080a980e080a8809b808080c380958080988f808280
8082a180809aa4808080818094838080c38080b48096ba80c680be8080809fb781998080e58d96ed808080809a80be808f80b2b597808e80cb938080b8809a80
80808080808ca5808080828a8b938080ba8080aa888cb580c280b6808080bf94809780809d8084d1808080849880b580a48bb8b59480b29ebd8080a9af808080
80808aa680818080808095aa93ba8080c880808080a0e3b880a3b98080a0d08780b3808080ba80008080808080809280808089c4a7808080dc8080808c808e80
80808180808081808080a1b3a98180809180808080a0a880a188a68080809b9ea2a4808094a295bf808d8080818090808c8096b78e809680999b809aa9808080
808080c480808880808084a9809c8080a280808780a4ef8d889eac808089af84808080808080a8ca808a808095839e80808080b689808080f58d808098809580
808082808082998080808088a8ba8080df80808880afc195b580be808080b6c18c808080ba8389fe808080808080a4809f80d6d49a809280b999809dc480a380
8080a580808092808080ad98988c8080c88080a080a6dd80ab80bf808080bba880b4808083ab80f1808080809b8bba808080a5d780808080ec81808098808680
8080808080809d8080808e97828c8080bf808082809bed80a380c5808080a4b98b808080a58090d880808080a080c680998090ae8f808680d083808d98848080
80808280808080808080a0c8a0808080bb80808c80a1cd80ad80fd80808095c694808080cf8682c8808080809f80a8808780809d84808080b7a38080b3828080
8080808080808b8080808ba79d808080ad83808e8080b3809d80b7808080aea2808080809f8098af80808080ad80ae808280808780808e89d8808087918d8080
80808f8180809e808080a1be88868080a984808080a6cf838d80928c80808c888dae808083a093b780a0808097808e8080809fd182809180c6a5809e96808080
80809f80808092808080808f80848080c38880a18080a683b180a8808080b9bf80aa8080a780bfc680858089b58099808080a4cd8080c080e49f8095b2808c80
808080808080b880898080a5b4868080ee80808f808cd383da80d080808090adad808080ec8092e5808080809680a7808280b9cf84808d80a2968087b2809880
8080a2808080ab8080809a938f80808904c480ae8080b580c580c3808080c7bf80808080c48aa5d780808080dd80d08080808aa78080c4800680809a8f808080
8080a6808080b7808080989a80918080a99c808a80a3c28080809b9680809289808e8080b59d99a780b68080838093808080a5c28480b080ec8080c2b6808b80
80808f808089b480808096a592b88080d18080a780af0494c780d6808080c0be80998080b7808f0080838080a980b0808680930080808080eca08096b5808c80
8080808080809e8080808d898b808080e88080b1808dd380f080ca80808098b3839e8080a2878ff881808080ac80d080838093b180809289b880808096808b80
80808a808080a28080808a9fb0a58080dd80809e808ccc8db791b9808080a7bc8d928080919280f7808480808780a6808080bed49c808080e5808086c3809c80
8080808f808eb18080808880808880809b8080b68296e480b780c68080809fad80848080ac809ecd80808080b280a5808d808eb580808080e6928080b3808080
808082808091928089808aaaa6808080cc80809d80a4b080df80d680808094d99a848080e68291eb808080809780c5809b88acd080809a80bc8f8088bc808080
8080808f8680be808080aa9080928080efb380b58081e180a080da80808093ac84b08080a08099cf809e8080cc809a808080a4d99a80a880f3808097be808f80
808080808082b4808080b1bca5808080a180809280adf280bc80ee8080809abea8808080ed87a9d7808080809e809f80958099b784808b80c2908080c9808080
80808096808fb6808080ab92829e8080ad8080ae809f0b80a980c1808080cfac80ba808099b180f080808080a780b880a18087d187808f89de9d80809a808080
8080b8808081a280808092a7b8808080b08080b78087a680cd80b780808096c992a88080ea8597d4808080809380ac808080a1b59b809580d4888080cb809080
80809080808e80808080a7adb8808080ab808080809bc580b380b0808080bfb48d8f8080b2b8abeb808080808880b280808096cd83808680d497808095808080
808095808082888080808293a7808080b58080898096b780b180cb808080c0b780808080c4989ce2808080809280c2809d809aaa9b809c80ba9c8093ba808080
808388a08080808080809e98809280809780809780c6fe809980bf808080aba08088808080aca701808080809898b780878088ad80808080e48a8080a3808880
80808a808086808080808ab6b2808080d691808080909580ca80ac808080b8b7ab808080e780c8c480808080b380bd808080acb69380bc80c980808f8d808e80
80808080808383808080829ba7808080b6808083808fa480a080aa80808096b48b80808cc59c9dc5808080809080c2808280809689808580ab83808093808c80
80918080808980809180889cbd888080a480808c80909c80ab80ae80808091a29b858080d19e8fe2808580808080918094869ea08580808084898080a2808480
80808080808f8d80808080949c8080800a808082808fbd80da80e080808095b18e808080de80bbde80808080b480b7808780cec8ad809d80b880808b9f80af80
8080b2808080ab808080a4b4b69e8080af8080b580b2d580d680be808080acbf95ab8080b0a68008808080808980c2808b80c7c69080928ff3808092c9808080
80808a8180808f80808090b38e8e8080b6808091809dd4819480c080808082998da380808fad80fc968080809a809480808080a080808080bb808080b3808080
808080808080808f8080a8a280808080d18080868092e9809680ca80808097bab78180809780a0f280948080ae80a5808380a4b1a4808080f88e8091818d9180
80838080808c80808c8085a69b808080ad808b968093b480b180b480808086bc8b808080b28085c3a58080809880bb808e8080998c808080b0808080a1808c80
808080808080b28080808bb287808080dd8080818080d0809980c7858080a5a68a8c8080ad80a7c3808080809380a5808080a7c0a1809a80ea99809996819c80
808080808086a1808080809189938080c980808f819fbc839a80c6808080808a80808080b38380d18099808089809480a0809db995808780a8808096ad809f80
808793808080b1808080a68c9b808080a2a280b1808dd780ba80da80808090c38f908080da8082dd80808080b680b180808082a290808080c5888080c7808080
80808080808080808080b3a080808080bd8080878084ba808d88c180808096b89b8e808086809db280849380a88098809b808ca0ad809c80cc80808bb7809580
8085ac808090ab808a809980a7808080038580d28080a780ef80df808080b3ce80938080f38098ec8080808cc980c1808080c6d28e80a080e2808086af80a280
8082808080808080808094a7a1808080bc8080808094b480bd80cb808080a4c2b1808080e08ba8e380808080ab80b0808b80a09e80808980b7878082a2808480
8080808080858080808097b89e808085bf808081808fbd809980e4808080aa9790808080a49386d980808080a680b2808580808080808880be80808097808380
808080808080808080809a9f9f808080d0808080808cce80a980bc808080a0b3a0808080b68498e0808080809c80ac8080809698a3808080b48080809b809580
8080a380809cae80888097bacd808088b0808b9b809bce80f88004808080aac0a180808011809aba808080808380c880808081c79480ac82cb938080d0808080
808080808080b5808080989daa958089d68080ae8084d580c380e1808080a1ab80808080a0a480d480808080b780b4808080809a80808980d38080a39f828080
80808080808088808080b396ca8e8080138080898083d985c080f780808080dba0898080e59c900380808680a0809e8080809999a9808780d780808994898480
8082808080968a80808093c2a1808089bc808c878080ad80b680da808080b8a883808080d5808fc0808080809e80b8809285808e808080809d808085808a8080
80808080808497808080808080808080d08f8bdba280d180c7800e80808093d981808080aa80a4dd80808080d080d68084808c968180a484f0808080f1809f80
80808480808082878080869d80808080f08080a08380b387808cc3808092b4b388898080808d9fdf80948080ac80ac80808091a28b80c8800980809fb3809480
80808c808080a0808080a7c3a4808080a780808080a9bc809a80c68380809e8980808080b5a897a28088808090809b80818095bd94809080ca8b80a2bb808080
80808080808495808580859895808080de8080938e91c680d98cd7808080afd2818080809e8096cb80808080bc80d88094809ec087808f93d38080939e808080
808082808080998080808c968d8c8080a78680a58086a1808080a389808093a780a18080808c88b7848080809983a5808080809b80808180c5808080a1808a80
80809f808080968080808698968a8082ca8880958080a5809280a2808080c79780a8808092b380d68c8080808c80bc80808280b08680ac80e180809da1808380
80808080809180808080a5bd97808080da8080808093ce80e280cf808080a6ae80808080b68297be80808080ac80cb80968f809992809a80c780808080808080
8080a1808080b180808084ae80808080b19980a78080b7808980a9808080acac808f80808e80a0b2809b8080a680a98080808ebe8080a480388680aad4808c80
808081808090938080808ea8948880809880809380a7c280a380b380808091af80978080ae8e9cc380808080868095808b8088b791808280bda08080ac808080
8080808080808080808090a8a3808080b180809680a5d780a880c5808080ac9e8980808080a780ea93808080a380c880978080a280808085be808080a5808080
808080808080848085808fabb7a28080cb80808180a0c7809980d5808080999886808080999e80d8808080808380958098808db189808080c280809992928080
8080b2808080c580808080af8b858080b08b80a1809dce80a780b9868080b4a480a68080bb809ac0808080809f80b280808098da80809a80e5bc808ebf808080
808080ad8080ac80808098c280aa8080e280808f88d225a08080dea08080a9808099808080b380f6808f80808080ac809c8080c883808680028080a8a096ad80
80809080808a998080809ccfc880808b8080829680b3ca80c280ed808080b49f9f808080fe8894bb808080808080ac808e8080ad8d80958098af8080b5808080
80808080809a80808080968e88838080038080808087cf88db92f9808080c5cb809c8080c194871580808084be80bd808c809296a9809f809780808084809780
8080808080809980808091ab80808080d580809980a00585809ed09d808099c5aab68080809f9a0580978080a080bd80838089a98f808080d89b8080c4809480
80808080809b80808780a591a1808080d089808480809080c580b480828089b59c8f8080d7809aba80808080ad809c80809190b6a2809480b480808680808080
80808080808080808080accda1bc8080ae80808080a5dac88b98d380808ab9a39095808087a58dfa808080808b8091808080a4b69e808080c68980809980a380
8080808a8080b8808080b9cfa1808096a8a280ab80a30180ba80df808080b6b280808080849882c980808080af80c380808081cf808080a2f88080add6808080
808089808090c0808080a381afae8080ef8080c397a4d880d680e48080808fca8db78080df9380f080808080a280a38093808ac880809680be80809ab3808080
80809d80809f838080809793bd808080e0808c8e8080a080e180cd808080b3caa8808080e88895e380808080b280b58080809bb28a809680b78080809e809880
808080808092808a8080809f80818080c580808f809fe280d980d3808080cfb280808080a49cb1e180808092a780e980c98083bb80809e97d28080a795808080
80809e8180809880808097b490838080c18080a980b3ec80ab80c4808080c5a1809d808080b584fc808080809580b6808a808cb780808b870180808bc3808080
8080808080808f808080a3b180868080bc8080a2918004808096d080808091aa9ba48080809995f680b18080a680a4808a8098aa99808480f38f8081c1808680
80809a80809480809a80acabd5808080df80808b80809780d580bd808080b6d192a18080e0aba9f58f8080808b81bc808080a9c49d80aa80de80808180879680
8080978480808080808080ad80858080a180808b80adc98093819e8d8083c0ac808880808480c0a4808780809783a7898080b5d189808d80f6b380a8b3808080
808080808088a380808098a79a808080bf8080918096df80b180c8808080acc088838080a78a93ce80808080b180c0808d8080a080808083da80808098808080
8080808280809d8080809aa880a38080ad80809a8bb90a809687d48080808aaf94998080889e80da808080809180b980b98080bc80808080d0858087c0808080
8080a2808080a480808080b197808080da8080a480a8e380c180e4888080e9a980948080bda48ae98b808080ba80ed80808080978a80a487f7b4808fc7808080
8080808080809480808095d29f848080c78280878082bc809880bfa280809d8b80888080839a92c2808b80808d808e8080809abdab809580f68b8091c5808d80
80828380808b958083809b98a2808080c580809880808780ad80b580808080bb85808084c8a084ac80808087a280b180808080a180808f80ae8080809e808680
808a808080909b808080a9b5989b80808f80809880aff080bc80c5808080b3ae80938081b2a897dd8080808086809b80a68080c780808080b1998082a1808080
808080af808080808080a4b192a78080bd80808080a7efbe808fda8080898f808094808080a58df68091808089808380808086b399808080bd87808080808e80
8080808080838880808080a494958080c080808880b1ef809f95cd808080be9e8099808094ab83ed808080809080bb80b58080b985808680ba8d80a3af808080
809d9580808580809b80b08ec5808080d580a1978080b280d380db808080a1c2a0998080f180a1fd8c808080b180b4808081a09483808d80a5808080818da380
8080b18b80809580808082918b978080d180809880a6e0809580d0808080d19a80a48080889e9aea80808080a680b38080808da78280aa800f878087ac808880
80808e808080b7808080a28e8e808080c09d80b0809de780b380c3808080bcb580808080b08085f580808080ca83e8808080809b80808080d5808080a2808280
808da6808093aa8080809793ce808080ca8688a4809bca80fc80bb808080bde2988080800f86a6f180808080a583f4808f8094a680809280cf8080809a808480
8080808280808080808080b280938080a180808080aaeb8080a3b4808080cb998080868080ad9ec1809480808080b380ae8080a280809680f78f80b1c6808080
8080a98080808280808091b08f978080b580808c80a3da8096a19a86808bb58388a2848080b0800080808080828db9809480b5af9a809580d0808097a5808080
8080858080818d8080808a96a4918080c280809a808ec1809f80c28080809db9a08980809c8a86e0808880808d80a38088809bba91808080df868091bd819180
80808183808080808080acb280808080a38080878091eb80828fc3878080d6af8083808080a3b7c380808080a780a780808085c1808097802d878091c3808080
8080b1808081b1808c808a8089808080af9b80ab8094ba80b480b3808080b9b286998080bf8099ca80808080b784bf8091809da58080a389d781808eaf808080
8080808080818080808080ba80808080c6808080809aac999394b38080a7b387808e80808085a9a4808780808980af808e8098a3a7809580c39480a88b808080
8080808080838080808090cb9c918097af8080808091b0809d84e5808080ae9d95808081b880b8c0808580809280ac80968180939f808380968e808f87a19280
808082808080a980808099cd91908080d280809180ba058da182c2988080d0b580b3808080a78ce5808080808f80c88091809dcea1808a80e196809cb2808080
8081ac80808aa2808080918fab808080c88280a68085b880c580ca808080afb284958080ed808bd4808080809c80ad808180939a8d80a580dd808081ad808080
80808080808080808080c3aca2a78080dd80809880a7fa90be80f6808080aec79ba680808099831480808080ad80a0808080acf99d808080eea1808596808a80
8080808080848580808094a78e808080c4808088809ad1808e80c4808080cc978080808097a69cd980808080a380bf808280809780808580d78080858b808080
808080808080948080809e96a1988080d98080b4a99ee280cf80ec808080c28080808080b08080f980808080a0809e808e80bccc8f80a897e38080ad9b928780
80808080808f8d80808082938f8e8080c78080808096c0a3958ca880808096b1909f80808c8c9ed780908080818098808a80a6b7a0808580b58a8080b280a080
808093808080b68080809bb7808080809dc580bc80acf780d180b780808096a080808080a780a0cf80808080cb80d580888091a18080a0872b808080d3808080
8080808080808b808080acb2ad808080bc80808980a0f3809580e0808080bcd18a80808097a99dea808080809d80b580848081b580808080e4878080af808080
8080988080878980808085a982808080978080a880a7c180a980bd80808099a780808080ba80a2bb80808080a380b0808e8080a580808c80df808098aa808080
80868380809d88808b80a182a6808080cf859abb8099ca800a80ea8080809cbfb8868080fd988e1b81808080b980ce80ad809f9c80808b90a4808080ab809b80
808080808080ab8080809fa991a38080c18080b997b20080cd80eb808080b6d582a880809aa280f480808080b780d580ba8080e0868090a9e6a180a4d6808080
8080808d80808f808080a19b80898080a08a808f80a1d0828082c28080809d9f8d8080808c968acc80808080ae80a1808080809b80808080d080808eac808480
8080bf808080908080809f9780808080b68980a380a9ef80c680ae808080e7ac808f80809c93adea80808080cf80e380918095d480809b891f818087aa808180
808085958082a580808080a180878080a29080a180b8d4808080ae808080b38b80808080aa80a1c280858080b880a5808f80809b80808b80e18080919d808083
8080808080809f8096809adbae8080839e809c9280a4c680c980f180808080a68e808080d98295a4808080808e80a480808080ba8a809f80a5a480aac6808080
8080998080809c808080a8be9a808094f6b180808080c180e080c0808080d5bf85bb8080a39fc5e180808084c780c0808080a2da9180e780fe8080a7af808080
8080a0808080a2808080a5c1ac948080e38080888096cf89b580b480808095b895c38080afb1a1e6808080809e809c808080a9ef96809b80e69a808195808880
80809b828080808080808fad96808080b880809380a2d280a880ac808080ad968093818081ac96e4888080808f80ac8087808aba80809387e48380939a808080
8080808080809180808080a180808080d98080948395c0808588c48080809ecd8f808080918995ce808480809d80be809180809880808d80d680809abc809080
808097808080bc80808093b280808080cfa1809f8087c480cd80bd808080b9bb86858080cb80b8ac80808080bd80ab808080a4b887809e80e7808084a4809080
8080aa8080809e808080aca39e808080de8e80ae9080d180cc80c6808080d8c780b58080a38698d180808080a680b3808080c1da9b80bea13580809fb8838080
80809c808080bf808080c0aea98080939aa6809c8093de80bf80ba808080e0b980948080a9968ac9808080809e80ba808a80a8c78e80b094e58080b6d2808080
80808f9d8085c080808097a380808080aa85809980aef680af80a2808080a199809880808380a2c680908080a680a8808080a7c680808980ef8e8080b3808480
8080a1808080a680808090a082808080e0888080809de3809587ab958080c5be928980808685a8c8808080809d80d8809c80afaf8580a380e880809cbf808b80
8080808080808f8080809ab4a0808080cf8980968098c080d780d4808080c7c7ab808080cb9084f380808080cf80e3809980809a8080a180c3808086aa808080
8083a0808090958080808989808080809e8080a680a2c180ae80b0808080ab9880808080b880c4b480808080b78cb280918094aa80809480e2808087a7809580
80809e808081848080809c8080808081d5bf8097808080808080a38080808a9894808080b780a0a687808080c4829f80808080898480b880db80809e8080a48d
8080818080848980808080c69c868083d380808080bdd7869786c1838080c7a1808780808cb4a1ce809780808080b180b58092baa180aa80db8180ccc8808080
8080ae8080809b80808092a99b808080a9938085809db180b88095808080bcb28e888080b1a498ce808080809980a280898098b280809e84ce80808bc3808080
80808180808081808080b0c3cba08080ab80809080a4d080a480da808080b1ac80938080b5b09af7808080809380a580808082a9a2808080ee9e808098828080
808095808090808080809ec6b98080808880808080a5aa80bb80a9808080bcb188808080bdb092c4808380808680a580868080ab80808580d7948094af868080
808a8080808c80809180968da8808080c080808280809c80c580ab808680b6aa80808080ae809bc880808080b683c280808089b180808880b380808d80858780
808080978080808080808ba480808080b080808980a3ee80a685c1808080b89f8080808080989ddb80808080b380ad809180809180808e82d38080838e808080
8080a480808e9c8080808f8a958080809289809e808db580b18091808080cd9780808080a78090c080808085a580ad80808099cd80808c80e9808098a7808080
80808d8d808d908080808e9480808080a680809280a8d0809c80ab808080909389948080a28b9adb808280809f809f80898092b580808080bf8e8080a6808f80
80809880808aba80808095b9b0808080b880809180a7d080ba80b9808080cba9808c8080c5ab8ebe808080809980bd8094808abc80809d93d88780a9ac808080
80808080808680908080859c80808080b980808080869f868184a78080a68e8d8d80808080819fa1809880808c809080908092a0ad809980ca8180a599808580
80809980808095808080808480808080b8a980a08083b0808580a9808080b59f808080809c839dc580808080ad80ad80878085958080a780f58080b5ab808d80
8080a780809295808280848c97808080b19e809a80809d80af809a808080c39c808a8080c7809db681808080b580ac808080809f8080a188d88080908c808080
80809a88808286808080808780808080ec8d809e8091cf809780c6808080dea0808b808080839fd180808080b383d58080809298a780b080fc808089ac80a080
80808d80809180808080869dbe808080b180808f8082a380d680bf808080c9c08a808080d286a0d4808080809980dc80848380aa8180a280b9808083a7808180
8080ae808085b380808093c08b808080d78080aa80a7e180c780c4808080b0c780b68080b880b4d5808780809a80b4808080b6e89580b48038978080d4808780
808080808088808480809f9a81808080918a809d808d8f808980a18080808395a4808080988f80c794808080c680ad808080808080808080bf80808085808b8f
80808080808092ae808085a080ab8080c080808985a0ef80a780c0808080b4c080a080808aaa80ea808080809880af80be8080d29d80958fe19e80b2b5878080
80809e858080ae80808080c395ce80801180808580dd15a09e80ec908080bf9b96b1808095c1800a808080808080b1809e8093f79180a080048780cdd0809680
8080a48c80809080808096a38f808080be9b80a0809ccb80df80a2808080ba9080988080a79593f994808080a780af80868094c28080b383eb8080829a808080
8080ab808090b9808a8095b6b1808080c28b8095808caa80c580c18080809bb587918080ff80b8af808080809180a4808080b1d28180b485e88d809bbd808080
808b8980808d938080809780a0808080c48080a28097cf80bd80ce808080b9d489808080a88c8cf080808080b082e3809d809aa28c808080bb808081a6859b80
80808080808080808080c4ac869e8080d380808a8095f3acaaa9ed808080aed992ad808080b09a1380808080a28096808080a6f280808580dc808080bf809880
80808980808bb4808080908789808080a99380b280a3ce80ae80ba808080b4a880808080b88a87da80808080c280d080978080a780808082c680808294808980
80819080808080808680a68ea0878080b18080958380c080a780ba808080aa8d809080809180a5af808080809e879280808085ad8b80a386da8080aa81a38080
8080808080818a8080808099a6898080d980808e8d91b080c780cd808080a9b7808080809d8280ce80808080a680ad809c80a0ac93809989be80809eb3808080
8080ba958080cc808080828f89c98080b88080c180d9fb859780d0808080b49880808080ce80800880a3808087808a80858091df80808080f48680b3de808e80
80808080808ca080808092a9a0818080ac80808b80a7c580b780ad80808096c08d898080b78c83bd808080809a80c480938980bd81808080a88980808f808080
8080808080809d80808086b2a6808080d180808a8092e880c480f5808080b2ae87808080a58d85d7808080809b80d48099808a968d808186c2808093a9828080
809380808080898080808eb0b4808082b080808b80929c80a180bc808080a9c590808080a9a19bcd808080808380bc808580819e80808b80ac808087c2808080
80808680808b8080808093b0898d8080e180808080a7e592b28ec680808ca2a88fb1808080918feb808080809380bf808080a6c9b8808880f38080889e809180
8080938080938a808080a5d8a88c8080c280808080b5de80bc80c7808080dbbf80a68080a0b297e9808080808080a68098808ed6a0808180ca9280a5a0938080
808091808080c0808080939e80808080ef9880c5978cd880a380eb808080aed18e9180809aa280ee80808080da80d880808080a3818099800e80808cdc80a080
8080a58080808f8080809db9bb808080a980808c809ac6809889b49f8080ccc480a0808083a7a5d0808480808080a880808099d786809380cbaa80b3c08e8080
80808e808080838080808bc1ba80808cb480808180b1c180cb84c4808080cfb095838080a7b296eb808080808280c280a0809cb0808096929a9d809db6808080
8080a9808080b7808080a39f80808080e79880b280b41980c180d4808080efbc808480808e8090f980808080f3850f809f80a1d680808292258080919d808080
80809480808e88808080b8a3bca18080b58080b3809ad780d380ea808080b1aa99858080b2a28010808080809180a6808080b0c48f808080e3808087b5818e80
80808b80808d8c8080808e969b808080b480808d808eb780a48eab868080c0af80ab80809fa499d6808080808080a7808e80a6b9a5809a80b39f808da9808680
808081808099908083808c8889808080c48080808096c280a580ae808080a2a884808080c782a4ae808080809080b280a98099a68d809180ac80809e89808980
8080868080808d80808096c29d8080809680808b8093a5808e80b08680808a8e8a8b808088968aa4809780808080888081808ebe8f808e80b99580a8b7808080
80809a80808a8e80808092a39380808090808092809fc380bb8096808080b19281808080958e92c1808080809193b6809a8097ad81808896ca80809da2808080
808091808090958088809b9aca808080c3808294808cb180c480cf8080809db69c908080e08890dd808080808a80b48080809eb48d808080a68a8082878e8980
80809e808080c380808085c5c8b18080c880809e80b7d685c180b6808080a1d8a8a08080e9ab800c8087808082809a808080b6ee85808080cec78080df808080
8080ac808080a6808080a3a4a8808080aa8080ae8088bc80a780b2808080d7b8809380818e9b80d0808080809880be80808089d5808080801080808bc7808080
80808480808e9a8080808099a9808080c58094908080a780ae80ba808080adae8c808080c98097c086808080a280b0808280809580808b80be80808094808080
808080a7809180808080a391809480808e8080b280bb1180a487d080808099af808080808380a7e680808080bc80b080ab8080b480808080e080808098808080
80808080809e80808080a1aaa2808080ad8080a180aeec80e280f3808080d4e080808080b481bce080808080cc80f880b280809981808a8bc680808596848080
80828b80809198808c809091c2808089af85879b808bab80be80c3808080a8aba8808080fd9d80df9d8080809d80c98093808092848084809880808091808e80
80808080808b80808080a69c89808080b98080978480b3809d87bf808080a597908b8080808b80d080808080ae80ae8084808aa58c808d80d580808098808d80
808081938080a280808092a5808080809cac80808083cf80a680a5808080b68d808080809d96a1a480808080ae80bd80808087a681809780008080c1b3808080
8080808080808080808082ba92808080db808880808dc8809d80dd8080809aab92808080cc809bdb808080809880a58088808197ab808080b68b808090888f80
808080808080858080809f9ea2808080c28080988087c981b780d380808087d68d8080809d8e80df80808080b880ba808e8080a780808080ac80808094808080
8080808080809980808095ad94808080af96809b808eb480b980ca80808090c094808080c580a6b780808080a380c3809c8095959a80a080d0808080c0808080
8080829080809f808080879d80808080afd1809b8090b480b780a7808080a78084808080cb80b1b380808080d180b38080809f9c8680a780c88080838d808a81
8080988080988080808098a098808080a98080838091b6809180bc808080ca8f96808080c684afd580808080a7809580848082a380809980bf808080a8808f80
8080ab808083b58080808da5a38f8080b18080978096c1809d80a6808080dda580a180809e988fc6808680828680be80808093cb80809280f48f8098b5808080
8080a4808093a8808480a6bda4858080bc80808c8089d180c580cf808080c3c18baa8080fc9c8db3808080809680b780aa8080cd8e809a80b78080c3af808080
808081808097888f8080b3b0ae958080c88080a5809fc380d680fb808080b8ce96c68080d99580dc808095808e80b380a1809cc6a7808c80a8a880a6a9908080
808080808080ac8080808bb4afa48080c9808090809cea90a280de808080c4a280808080969d80d7808080808480b880918087aa86808480d980809fa98f8080
8080a480808c95808080a49eaa918080b58080978097cc80be80e1808080a6b98a978080e5808be68080808089808a808d80b4c1a6808080ce8f808aa0858b80
80809d83808098808080a3b380878080ca8080a880aaf0959780ce8d8080d89380b0808080ac80fc808e808099809b80808091e88b80828013928080d2809c80
808091808080b18080809dad8b808080bf8080ab8090e380b580ce80808096c080a8808093808acb808080809b80b78080809bb391808a8005808080de808480
80808780808c8d8088808da5a8808081cd808ea48080b780e680df808080cace95808080ec8086d580808080a680da809a8080b78c808b809c80809391808880
8080a68e8097af808080859a80808080dabe80a780809e80bf809d808080de8b80938080b080a1c0808080b4b180ba808080a1c98680ce80108080a39a808980
80809c808080af808080868180808080b4c880a28087b0809a8091808080c18a83808080a5808eb680808080c58fc08083808b9880809c80d580809188809184
8080a590808da0808080a29780a58080b28080a680b3f18a9280b4808080d9ad80aa8080809d85e880808080af80b980818085da80808080f5808080b2808d80
808080808080808080809cb5a8808081da8d808c8098c980d180cd808080c7b790878080b1b780ebaa808080ad80e9808f8080958f808880c3808080ab808080
80808c8180809b8080808da880808080e580808f80a211808296c6968080c6a7808d80808082c9d2808080808c80d580a080a1b08e80b380108080b3ba808d80
8080a0808093ac808080858b82808080aea680b580aabc80cc80b7808080abb388818080df80adcd80808080bb88d080a680979b8080a380d4808080a8808080
8080d6808080b9808080938086808080d9be80c080809a80c8809c808080cfbb80bd8080c69c94d2808080a8c380ca80808088cc8080af8013808095a9808880
80808d8080808080808092bcac80808bb7808080809391868493a9918088b19ea7968080a0aca7d0808980808080a880808086b983809380979b80a09a828080
808084ad80818e808080a6a784808080ca80808880a6f98b9b8dce808080d38080808080809983f280818080a280a980808091b080808080ed808080a1808080
8080b8808087c1808080a38780808080cb9b80b680acfb80c280c5808080c08c909c8080b0809be380808080d28de280a180cbc680809e9df9808098ba809080
8080a3808080b580808080c790a38080d880808280a1f7919880baa68080aca092a28080a08f99f1809080808080ab808080b3df89809780f5bd8093c180ac80
8080a3998088ad808080b29d80978080c78080b280ac178cc793b6808080da9080b480808096980080808080a888a4808a80bbdc8e809880ef85809097808080
8080808080928f8080808c9696978080af8080af809fe780dd80d0808080e7ad80808080a3809fed80808080a982d1809f8099b680808f89d28080929b808080
80808080808080808080d2e6beb98080a18080808094dbb3b8a3ed808091a7b4bcb2808099c08df880808080808080808980b2e5a280808089a2809998808080
808087808080a2808080808080808080da8880ab8080c180be81bf808080d0c780808080988792cc80808086bb80f080918088a88080958ede8080a4aa808b80
8080808280809680808080b885908080bd808080809ad7808f94a8808093ac989b9280809580a2b3808380808680c2808e80a9a2a7809080c798809285829080
80808580808080808080a5b89e808080bc808091809ad980af80e6808080d4c7808080809daac1dd80808080b980d680928080a58080ab980c808086c3808080
8080808080a580809c808eac9b808080d780808080808f80b880d38080809f9f80808080be80a1b38180808bab809e808388809e8080b280c280809580908080
8080938080849180828090a59a808088bc9f808980819480b580ab808080b49b808d8080bb809dae828080809e809f80808096b88480b380cb80809c89808080
80808880808b9a808080808d999a8080a180809380a3b580af809f8080809d9880878080c08482c98087808083808d809a809bad82808f80a48a8096a1808080
8080808080828080808092a6a1808081c28080808087c38e968ec28080809faa95808080908c80d180808080a780b780918080a7888080809980808080878180
80808c8080888c808080919994808080c3818089868da880c280b6808080ac9e9d868080cf909ce080808080a48090809180a4a89080b380bd818080a9808380
8080b48080808080808093c49e928080be80808480aaba8f978092838087cf8087a1808088b3810680808080908aa7808080b3ca9580aa80dc8080a184808080
808096808097a98080809aac9f808080ce8080b4808bb680b780d38080809fa8808e8080d68793bd80808080ab80a280808080ae80808b80d88080a495808080
8080808080848080808097b18f808080ce808082808abb809980cf808080b7d08080808098a4b1c1808080809980ab80938096c08080ac89ef80809ab9808080
808093808094af80808098b5ae8080808b80809d80bce380ce80b4808080c7a480888080c9b38ad8808080808c80b780b38080b0808092a3baa5809ead838080
80809380809680808080909280808080c680808a8099c3809c80b4808080b8898c80808097809fc680808080ad93b2809480b6b28c808a80d78080958a808e80
8081a580808f8d808080958085888080a98080b28087ac80ac80b38080809ac180938080b380a1c380808080b08fa18080808eae80808080d0808080a3808f80
8080808780808e80808080aea2aa8080b880808780afd0948780bb808080a1808080808097828fcc8080808086838e80858088bb80808080c98080a6a1808a80
8080808080808080808092aba3918080c380808a80a5d389a690cd928080a9be8ea980808798a8fc80ad8080868093808080adc9ad808780d0b98082c0809380
8080858780809c8080808ac1989d8080c280808680a3e487878bb99680808e898092808080a186d18088808084809c80808086af97808180d6858097b2808180
80868b8080a4928080809c8aa3808080dc808395808cc880de80db808080b4c88c808080ca80acdf80808080ac80b1808480a9b080808380c680808090809180
8080978080808c80808083a48a888080b980809a80a2c58a9186b5908080aa9c80948080809899df808080809585ad808380a9af93809380ce858084b9809980
80809780808cb7808080a59390b18080968080b18097d188a080bb808080a69e80988080a08080c980808080ae808780808083ca80808080c5898080b3808180
808482808080a7808080adaea7a18080af8480b280a5d480bc80e68080809fc787a28080bbb280e7808080808480c680a480a7cc9680989ccd9a80a2df808080
808080a399809780808084a187c48080f58080808098f2a88780d7808080939f808380808a9792d9808a80808a808080938085c096809480e48080ad92898b80
808083808080ab808080a6e3c6af8080e58080a280bc029da480f7b18080bed78f9c808080c18025808080808380b1808080b2cfa880808007978092e8818c80
808080ca80928a808080ad8480b58080a48080c180a22096878ff4808080aeb1808080808080a5f180858080d089a380808080ac8080808031808080b7809b80
808086808088c28080808aa580808080c49080a98699bd809480b2808080b9a78a8a8080b2908eb680808080a380cc80ab8080b18080a287d18080a7b8809280
808080808080808080808dac8a808080cc8080808090dc828c91ba878083b9b995a5808080b7a1db808080809e80df808080809387809680e780808bc3808b80
8080808080808080808080b6998080809a80809b809bc180bb80c3808080a2c08080808084808ec0808080809b80c8809280809880809399e0988098cb818080
80809b808083a18080808ec4bf808080dd80b09480809880dd80d9808080bbab80848080f4808ba681808080ac808f80808082a08180b380c180808f80808080
80808d8a80808f808080aaa592af80808080809980b0ed969d90ad808080b2b2809680808fa293eb8080808088849d8080809bc794808080dfa38080aa808080
808d88808080928088809fb0be81808e828080a28085b0809180c48f8080b1a080908080929283b88080808080808e80808089be89808685c4a28091c7848080
80808080809f80808d80a29d80808080e78080a1aa92d480d1920d80818086f48e808080ad8092cc80808080dc80cc80a580809992809880a3808080ac808080
80808c8080808080808082b183848080c6808080809dca819083c297808098a88f9780808684b1af809082808080a4808e80a1baae808880de8780aec4809580
8080808080808f80808080c692808080b280808080a5c480ac94a6888080bcae80808080808f9ab7808080808680c580978088a880809c97d38880b0c0808080
808093a18080868080809c9980a68080bc8080b78092e4808080d6808080a183809084828086a2fd9a808080b080ad80808080a9808080801e808080ac80a480
808095808080808080808c9f93808080ef8080808080998aad80a5808080b68e80808080b280becf80808080ce96af808080adb79f80a280ec8080828080a185
80809e80808c96869380a39cb88080800e8082808080b180d580db80808098dda8808080258283f580808080b480b18080808f9bb2809380c3808082809a8880
80809b808093918080808e908e808080b88380978098b1808280ac808080be91808a80809f818ad1808080809c83b980808093b880808080cf82808092809e80
80808080808c9c808080809d948b8080b880808880a0b693b2809b80808094a98b8f8080bc888ed48086808086808a808d80a9c884808680a799808aa2808780
8080988d808d818080809a9380a78080ab80808380a7d29092809a808080968480b08080809699c880868080878d8680838094c795809580ce82808982808180
8080af808089a080808090b185808080e4808097808bb7809480aa808080cbaa80938080c2a980dd80858080a680b480808080dd80808580f68080af88809580
80808080809d80808080a88e8e808080d98080808080b280b794c2808080b49880ae808091c080fc808c808a9580a480919087999280aa80a280808080809280
808099918080848080809fa0808080809e80808880a6ed80829dab808080db988086808080a9a6df80918080a280b680848085b68080898002808083bc808580
80858d80809289808d808c809e808080ba8080a780808a80a380a98085808ea4808a8093be8094b98080808e9f819780808297b980809e80b080808fa0808a80
8080808080908d808080919fa8808080e48080898091bb80e180d580808088dba0808080e781abe8808080809f80b8808080a9b69b808c80c5808080ad809480
80808080808b808080808ec8bc808080bb80899580a1de80ee8001808080bfd980808080bc8096db80808080a680d180928080b580808087cc8c8080a6848080
8080b580809899808080bcb0e2808080a680808b80a5df80e180e6808080d2d9a0888080f3a7a4e9808080808480ba808280a9d79c80b28ee0a08099df858080
808081808080a2808080b0aaae808080fba080968080cc80dd80d9808080b7ce90888080e087ba0180808080d680c0808080afb4b680cf80ef8080809f808980
80808080808093808080a7b5b68080adb7a396878080af80cf80de80808097b3b58080801380a3be88808080ae80b4808a8096999680a0809180808087809f80
80809f80808291808080a4b080808080ae9780918097b980ce809a808080c4a1829c80808d90b1af80898091a880b2808680b7c38680b586e98080bebb808080
8091878080808e80808091c9a38080809b80809380a4e680ae80eb808080c7d9808080809c8aa2c8808080808080b480968086c880808084f5a88098db888080
80809080808fa880808099c6a9808080a5808084809dba80c880cd808080bd9a91808080eb809fca848080809f80a080918097b680809892ce8d8080b8808080
8080808080809c8080809cc680808080bd8080888091dd80b380eb80808080ab80808080cc80aaa980808080cc80b2809480808195808080d48080848d808083
808080808080b6808080b08081938080e89180b18080e48a9980d080808087d498c38080a48e80f780808080c380af80808081ae8f808180d68080809a808e80
808086808098a4808d8085baa4808080bd80809380b9c880cb80cf80808097a08680808011859fbc80808080a180c480928080a68b809180ba84808f8f808080
8080ad80808d96808080a69693808080c99480a08087ab80c380ba808080bda4808c8080d680a2bc80808086af80a6809480aebf8e80b680dc80809d9d808780
808080808080808e80809ca186808080b180808e809cc480a080bf80808098ae9580808080988fda80808080b480af808480808880808c80d08080809d808080
8080808980858b80808084b280848086d781808f8080bc80c680c8808084bba7809680809380a3a780808082b4809e808080809e8a80b080dd80809e8d808080
8080898080808280808080968b808080c180809380a0d086a780c7808080aac088808080ab8ba703808080809880b2808680aac480808080d19f8080cf80a580
8080808080808280808094b19780808bed8080808086bc80c18cc9808080c0a39a9b8080808180c4808080809480d1808689a28eaa80af80bf808095b1808080
808080818080a180808098c88d958080de808080809bf7a9809ab69d8080a1908ab9808080ad8ae480b3808080809c808080a0d0b2808e80ee938086af808680
8080808080918f89898080918f808080ac808080808cb680a984a5808080a3a3808080809d808ea380808082978099809580809084809580a080808990808080
80878080808a9a80808088b2c3808080c580889b8090b480cf80d1808080c8be84808080ed809ee5808080809580d380808080838b808a80c7808080a5808080
80809f8080819f808080b1ada1848080b080809280b2f280bd8fc2808080bbc085b88080aeb299f780808080818093809080b1e199808f80b0bc808dbb808080
8080af8a80809580808090a78e8b8080a780809f809cce80958090888080a99180a2808080a990d4808080808789a480808098c58f808280fa998080ae808d80
8080808080808080808080ba87808085af8080808098b0808090b28b8089a88780808080828b9aa1809180808080a180998080ad95809180b99e80b09a8d8080
80808b80808b80808080948089b98080c98080848082ae9f9280c48080809e95878f80848d8091eb80808080989085808080c7afcb809080d18080809980b680
80809f8080809f808080aec7ad808080d78080aa80b4f180ba80ec808080b1cf8b988080c0af810480808080ae80d0808a808cc88080838008808084cf808080
80809b808080a580808087c18c808080cc8080858085c4809d80a2948080d09c80b88080809683b1808080808080b38080808fcc9880a8800b80809fc1808080
808080808085848081808bd295808080a280808080a0b880bf80c18080808b9380808080bf9c83b282808080b080d1809a80808085808080af80808880838080
80808c8080809580808095b295ba8080a98080978098dda69280cf8080809b9e8a888093a180a7e7808280808e80908080809dbda2808080e7938080af80a380
80808080808db8808080849097808080d28a8094809fd580db80c180808098bda0808080f68091e480808080ad80c2809180a8b389808b80aa80808095808f80
8083808080878980808093b5a1808080a88080808098a9809a80c2808080a0a482808080c7a392c0809e808080808c80a18794b390808c80979c8094a2808080
808080808080aa808080808a93808080fb80809f809aae92c680d080808080cf94868080e5809eee80938080ac80bc808580acb59080a080a8848080b5809680
8080878080878f808080a2a78f808080d68080808097f2989f80ba808080c0a5919d8080989780f480808080a480af80888097b384808080cc80808485808080
8080b6808099a38085809a809a808080d7a580ab8080ad80b680a3808080d4a980b68080bd9395ce8080808db185b480808094bf8080b385f080808c8d808580
8080a180808092808080a8c8b4a98080b480809980b1e59a9a80e2858080c2af809d80808dbd85f5808380808380988080808ddc80808080f1a3809abd808080
8080b48080858080808085949c808080c3ac808c80808980a68091808080c3a388818080d289aeca95808080b080a480808095ad8080af80d780808094809280
8080898080838080808098abb3c38080bf80808b809ae090a180e8808080b5a18e808091b4878e0b80808080848097808080aab78f808080e280809a82a29b80
8080a580808089808080b1ac80808080aca28086808cd68092888d808080e98f809d8080808ab6998080808faa8aa9809d808cbe8e80c3830b8080d1a3808080
8080808b80999d8080808c8080918080aa8080b282a7fa80bf80c8808080aeaa808080809580abcf80808087bc80bf80b880a1c28080878fe5828090a0808180
8080b5808080ac8080808a92a6808080c18780ae8089bd80c280a1808080b0bc80ac8080c18aa1e680808080a083bc8080809eb480808e80d6808080a4808b80
8080a6808080b1808080a4ad9d808080b694809880b4f480ca80c9808080afb0988a8080db8b9afc80808080ba80bd8084809b9a8e808f80f0808080c6808080
8081808680808d808080929d8980808ca691809b8391bb809680b6808080aa8c808a8080808180c5808080809d90af8980809aa48080918cc1808080a9808c80
80808080808eab808080949ea18080801c80808f8080e180e180f3808080d4ce8f988080c18b8ff880808080af80d7809180a3bca380af80cd808085b4808f80
8080af8080808e8080809ac3ac8e80809f808091809ab2808e80aa908080bc9f819f8080a1a480d280958080808094808080a9e783808080cead80b0a88c8780
80808b80809098808080968088a48080a68080a68785b680b880be808080b1ab80cf8080998080bf808080889780a8809e8099b8a880aa80ab9b80a9b1808080
8080808080808a809c80999ebd878080e88080a18080a780e080e48080808ee586808080c78686e980808080aa80b7808086a5ca80809980bc80808ca7808980
8080808080839a80808091b2af808080c6808091808aab80ad80b680808098a5808a8080a99a88bf808880808c80a18080808ebc8f809180e2808080a8808080
80878480808080808080aec2cc808080a880808e8092b080be80e1808080a2b38c8b8080bea880dc8480808080809780828082ba86808080b7808080ac808080
8080b48080809e808080a19695808080b480809080a0d1809f80a8808080adac8ca080809ea98df380808080a380b380808095c380808780ea868080c0808980
808095878080af808080869b8b808080d097809580a6de809f80b6808080b7b386888080be978fe580808080b280c2808880888d80809a80df808080a5808080
8080bd808080988080809f9fb7808080ad8080b1809bc880e280a0808080bfc180ad8080c49d9ef1848080808e80c7808080a5d289809a83178b8080ab808080
80808080808eb5808080acbd95808097e59a80a48d9bf080d98003808080c8ca97898080ff8080dc80808080b380c180ae808496b5808080b08b8095c9808980
80808c80808080808080a1b790808080b2808080809bdf859380cd808080d9ab808780808091c4df808080809b80ad8080809cb48680988022918080bd808480
80808080808780809f80adb2b6808096f99180af80809880ea80ee808080aec08280808aef8087d080808080dc80d780808080bf80809f80cb80808480808080
80808080808d808080809bb599808080cf808080809eb180bf80d58080809fc6bd808080e582bed180808680b380cb8098808e92a780a280b5808080aa809a80
80808280808080808080adbea4858080c7808095809cfe80c180d5808080ceb980808080809c9afc80808080ae80ef80838095ad8d8099882c808090aa868080
808980808083808080808cb29a808080918084808087b680b680c0808080aca480808088af8096c2808080809d80c8809080808b80808080a4808080808d8080
80838080808f80808a808f9fa6808080b98080a1809baa80c080cf8080808acd81808080d89796d481808080b480cd809780809d808086809f8080809b808080
8080878080958e8080809d8c80808080a4818090808cba80a08098808080a08b8093808097809db080808080b39fac80838080b180808080ca80808080808280
8080978080808f80808089aeab988080a680809980b5d7979082c7808080bb8780808083a6919be7808680808080a38086808cd884808080cd98809fbb809280
808096b68080aa808080809080808080a580808280aef6808b839a808080c68f808680808680a7ce808080809a80b9808a8092a780808080ec8e8080a0808180
80808080808083808080a2b494928080ed8080808093e780a08ed2808080a5a387808080808fa4d5808d80808580b1808080abb7bb809e800e8080a39e898b80
8081808b80959a808080889380a68080938080a28093c5869885aa808080978e828680808d8085af80808080988c8080818084b480808080aa8080809d809480
80808080808080808280879cb5908091d28080838080af80a480da80808091a997808080cda78302808080808a80ad808680829b9a8080809e87808085889680
808080858080808080809fc2849f80809a80808080afee808a8fe0808088b0b181808080a18dacd4808080809880ae8093808e9682808080cb84808d80948080
8080888080869480808094b79a8c8080bc80808080bce58ba48db4808080b1b6a4b180809aafa7e8808080808380a9809d8098bf80808d809a968085ab808080
8080808080808980808087ae9b8080809780809880abbc809480b8808080a49393808080b48ca0dc80808080a080bc808680809b80808080b5918080a6808580
8080809380958380808086c180838080b280808080aae680b38dd0808095bba580808080988591cb808080809c80b580ab80809d8d808080b980808097808080
8080809680858180808097ad94808080a98080808097c180988098808080c88080808080868695b6808680809182a280808098cc8b808180de87808c81808680
8080808080878e808080959880808080a09980a5809cb480c680b280808099a491808080a28c9fc480808080c180bc80a580899080809788be80808caa808080
8080808080858b80808099b380808080a289809580a4d980a086b6808080b8a880808080a180abd0808b8080c180b280978083a680808c80e280809296808080
808080808080858080809a9587808080d6808089808ccd80a687c2808080b2bc8e9880808880abc180808080a180bf809180bdcfa580a886e48780ae99808480
80809f8080808180808099b5af80809cd8b680a18080b280ef80a4808080e39a89aa9980999b92e9ae808089b480d280828783ad8080d2a1e78080a093808080
80808080808986808080889e94818080e78080868088b589c383d2808080a4b988878080a980b3d3808080809c80b1808080b2cba680a780c682809aa3809d80
808080808080808080808fc6a8808088dd80978080849880a680da80808091a3bf808080fd8691e888808080c480a9808080808090808f809580808080808880
8080808080948980808094cf8080808090808080809edd80a880c8808080caa780808080ab84aeb180808080bb80cf80bc80808080809180bb80809f809d8080
80808080808f84808080849296808080c980808f8092ca80bd80cd808080c4b0808080809ca294e580808080b780cc808d808cae8d808b80d984809ea4939080
808080808088808080808cbcbd808080bf8082878098a280aa80cd808080a3aa98828080d1ad8de0868083808280ae808d8180a287808180a1838080a7808080
8080808080809380808085a98b808080cc808087809fca8d9193ba8780809fae89a1808080ae81d4808080808f80b980808080a48e808780cd808083bf808b80
8080868080808a808080819a808080809388808c8080988083809c8080808a828980808cb280a69e80838080aa80a4808d80808680808a80a980808780809c97
80808080809a80808e809aabc3808080c080969480808080c680bf80848080b39e808081f08e80d5a3808080ab80a2808080809880808f809b80808084808780
80809b8a80808980808095a393828080c68080808091c58081809f808080b48080ae838080a981d5829980808b808e80808091ac87809580dd8080808d808080
80808080808f888081808db3b4808085c780808a808b9880c680cf808080abb18e808080d68583bc808080809c80be80898081a280808f80a98080929a808080
808080808080a48080809db2c68e808ec880809d8085b480a580d6808080a3a5808a8083bdb180de828080808d80b680808080a980808080cf8180868c988080
8080b98080a499808080a7aba68080809d89809b809cc880d080a3808080ebb280898080cf80a5ce80808080ac83b880868097b394809480f280808a9a838080
808080a28080a28080808d9e89808080ac868093808bdf809f80d1808080d3a580808080a180b5b580808080b380bb80878080ab80808d92f582808b9d808080
8080808080a183808080a1a89c828080cf8080808089b880be80cf80808097aca8ab8080bb8e8fcc8080a28088808980998094c29e8085808d8080808d808f80
80809d80808ba58080809ba8cd808080bb80809f808ebf80c380e0808080d9c588808080d48095d3808080809280cc8088808cc580808e98df808090bd868080
8080848080808e80808092aca6908080c580809980a0da809384db928080b2b480a0808080b080e5808080808080ab808d8087b89e808080d591808ac8888980
808088928080c38080808ac080808080a9a2809a80a7ed808080b3938080b784808f8080aa809cb480b18080a280a480808088bc8a809880feaa80abaf808080
80808080808d8580808096b2a4808080b7808080809bba80a380c2808080aa9e88808080b987a6cb808080809f80bb80868b80848b808e80b280808097808080
80808080808084808a8092b1809f8080f28080978aabd880ac80f2908080bdb1808880809f8084fa808080809c80d280a080c5cfb180ba80e18780b3b780a180
8080808080968080ae80a092a3808080ce8088a19c809280be80d480858080b389908080cb8f8fc080808080c480a8808d8380998880928e9c80808e808d8080
80808080808b80808280849594808080a280808c8092b680cf8ab98080809fb983808080a89694de808080809580ba80a380809580808f808b808082a4808080
8080808080808c8080808dc19ba38080ab808080809cdf809180d980808095958f80808fb688a6ce808080808080a280988095b198808080c09a80a983968880
808080808087808080809cac9a828080a58080808086a2859180b0808080939c92a2808098a294ba808880808b808780858084ba80808880968d808095808180
8080809f8080818080809eaf86808080bf91808080a6e5808080c6808080af8fa5808080ac83a2e880808080c980ba80808080a680808e80cd82808080809780
808080808080958080809eca80ad8080de8080a380ade9929780f880809aabb680a88080809380ce80818080a68098808e8080bfa1809280e98980aeb4808080
80808080808bae80808089b39a808090cf91808f8095d080d580d2808080e4b180808080d680aacb80808080b080d9809d85889a9680ba80be80808394808080
808084ac80808e808080a89880b38080a98080ad808e259180a0cf808080cdb5808080808082a6f680808080c281d380808080b98080808036808080b9808a80
80809e80808e9e808480838d80808080ad9680a98083a580ab809a808080b48b809780809d8696af8080808ab28aa580808080aa8080a388e28080b08a808080
808080858080ba80808085a080808080d3af80a680a5e3809e80d5808080b5bd80808080bc80a5cc80808080d880d880958080808080a48202808080ab808080
808093808093a48080808e8780808080c2aa80c3879cdf80d180d2808080e38b80a68080a48e96ec80808080cf80e280a2808a9c8080b2b1e280808b9e808080
808d80808081818080809aaac2808080c280908080809e80b380cc8080809dbeaf808080ec8890db8080808080809a8080809bae91808580ad808080a3809980
8080808080a4a78080809cbe928080809180809880bb1080e080ac808080eeb6808080809598a1d2808080809f80d580b88080d080809aa8fb93809d8e8d8080
808080a480809e80808080989fd9808ace8080808096eac38280d3808080a280b1808093968096f78080808083819c809780abb89a808080ae9e8080879dd280
80808080808d8080808080a4a0928080ad80808080acc3809c87af80808093a68080808098a482df868080808080a3809980809e88808080ab888080a4808080
8080a080808bab808080899cad808080bb82819c8089ba80b280c7808080b8b38a908080d5808fcf808080809180b18083809ab085809380c780808abb808080
8080ac80808ebb8089808c9abd808080c98380958088a180bd80bd808080a0b590848080fb839ead808080819f80b480808096ab80809a8ecf80808aa7808080
808080868080a3808080a5b790848082808c80a18091e1809780d9808080938080808080a3978ac0808780809d809e80808080a380808080d98f8097cc808080
80838080808080808080b3b4b39e8080bb80818e808ec680a080e2808080a8c3a2a0808095a680fa80808d809f80ae80898086b385808080a480808092839780
80809d808080cd8080808dc19fa68085928080a380b3f480b69996808080fba6809580809ea18fdc808080808780b9809a80a5d89880a887e9b280b9cb808080
80808c8980808b8080808d8b8ca48080ae8080a5809ace808080da80808091818c8789808c9d80e78582808084808c808080809180808080d2808085c0899880
808080808099b48080809bc29a808080b180809980a8e980bd80cf808080a99580808080b78088b1808080808688c6808880a0cb8f80808bd6888090a1868080
808c8f8080958e80888087a2be808080d080808080899080b380b4808080adb48f808080f69291ce808080808780af808180989f91809280a980808094808080
80808a868080988080809bb387808080e9808094809bf380b685c2808080d09680b5808080919c02809f8080a4809c808080b2cc8c80ac8cfe878082a2808080
8080c18080848d8080809fa89a808080a580809e809ec980a580aa808080c7a180898080a8a895dd808080809d80c480808082cc80808080148f8083b3808180
808080808080b0808080868080858080358080ac8087e2d1a880f180808089d485a880809380adfe80a98080b680a5808080b3c1b180b080e3808080c980c280
8080808080868080908080b09e808080b080809d80a4b280bd80bc8080809cc380808080c7898fc980808080ba80d2808980809380808280be80808897808080
8080b080808e9480878088808d80808ad5a480a28080868087809f808080afa880988080b19291bf80808080a083a980808093a48d80a780de80808d93809d80
8080808080858080808090afa29d8080c18080808090b2998480c0808080ab928089808080a695d18091808087808880808087b2a1808580ea808090a1888780
80809c808080808080809cbe92808080a780808080b8d780bb809b808080c099998880808baa8ae780808080948bd480b5809aae80809393b78080aca3808080
8080978080a080808080909782808080df8080808080b280c980aa808080d8ab80808080ae80c0a9808080a3a680d880a181c7c7b180c680f58080b18a809280
8080888680809d80808080a18d9280809d80808f8095ae80968092808080c1808080808aa2808db380808080848095808b808abd80808d80cb8080a39d808380
80809580808080808080809e98828080c7808086808faf878880bc808080b09183868080929e91d6808180809880a780808080a580808080d2808082a1808b80
8080b6808080b3808080b2b698808080cca480bd8097e180fa80bb808080c6b780b18080b3929cef80808080b480bd808080aece8080baa92480808dcd808080
80808080809a8686958086aaa180808dd180958a80808680b280cc8080808eb49f808080fc9087cc80808080b880c0808a808080808897809e80808180808080
80878c80809380809780939a97808080b6808080808da280a080b780808085ab82808087c980a0ba8080848085808c808a808aa79c808c80a980808098809080
80808080808780808080aaac9580808097808095809bd3809480c38080809cc48c808080808ea9cd80808180b580c080858080a680808080ea808080ac808380
8080808880919d80808092989ba18080c28080a18087ce85b486cc808080c09593a28080a5808bf78080808092809e8080808ebd8a808080af9380808693a080
8080808080929b80808095a889808080c680809e869ec180c980df808080a7aa928e8080c48c89da80828080b280a180948085a080809b809d88808bb3808080
8080918080808d808080abaab9808080f08d80958080a880e980b8808080a5cc99a88080bd9e8dd6978080809b80c8808080b0bb9b80b585eb8080849f808080
8080af808080c6808680a8b3d8988080e78080b58080b980d580db808080aca481a38080019f9bcc8080808095849380808089be9980b580eb808091968e8080
8080a180808099808080918996808081dbb2808c80808a80a680a98080809da0ad808080e780aabe81808080bd80ab808080a8978980b480d480808091809f80
8080988080879d808080a0b5c6808080eb80809180a7e680e880ec808080d4d4ad948080ceae9a0b80808080a280d4809a809bba8580a38bdb808090c8808080
8080b9808090a98092808f8c9e808080fba180a38080c580ef80cd808080eebb809a8080d8809fe480808080ca80db808080bdd89a80b586f38080b394808280
808085808080b68080809e979b808080e8bf82a58080bf80d980d380808092c89d808080e680a3cb80808080d780d48080809b869680b580e1808080bd808f80
808090808080968080808ca992908080a080809480adce80aa80b6808080b6b080838080a0a089c3808080809e80ab80a38084b480808692d09b809db8808080
8086a0808080858080809a9aaa8680809680809e809dba80a28093868080c6998091808084a589d8808080808998c780808080bd80808080d586808490838480
808bc380809f9e808080b0abc58080809680808b80aad580c780c2808080d7c68b888080f18e9ae48080808082809e808780a9d481808080cd978096bd858080
8080808080a48e80808096a6bf838080e280809c80b4ea80ed80dd808080e7dd88808080c29b8317808080809e80f580af80b2ec99808080d68980a0a8818680
80808080808084808080909a9d808080bd8280928080a180ac80b080808080a58b868080978d8cc9918080809a89a1808080889289809280bf80808098808480
8080a48080a3ba808080a0bf9a8080809e80809f80cceb80cd80a5808080d5b280918080e68d9ff3808280809580a280a180a5cf8e809080d8a38084a9808080
80808e9380808a80808093a0808b8080b996808a8081b380808098808080a48080848080808092b280898080a9929a808080a6a5a480a680f68080a18b808084
80808080808a8f808080829b87998080d280809680ace887c680dd80808088d19d9a8080a58a93f880808080b380a980918080a380808080a2838080a3808080
80808085808080808080b3af80b58080ad80809680a8d9c98087f0808080a9b6838d8080808292de80808080dc80a380808080a880808080e8808080a1808280
808080888080a38080808cc48b8380809a80809e80ace1809d84d6808080aa97808080808d858ecd808a80809b80a2808080809b80808080de958080d0808080
80809180808a9c808080a59aa4808080978380ae80a9be80cf80c880808092aba0808080d79590d980808080b680b38091808da491809b80c7808080ae808080
80808d8c90809b80808088be80a88083e3808085809dd9988091ac848080ab8080a5828080aa8ed980a88080a280ba80808089aea480a580e48080ab90808080
8080908080808d80808084aaa4998080e28080808080b580a481b7978080adaf84a980808d949ac8808080808f82c0808080b99ed480b980f680809eac808b80
80818080808489808080abd3ad828080b780808080a8d489a080d880808cbda980808080a79a88ac808095808080938099808bbea4808080b0a080a499a28080
80809ba0808095808080a49d80878080b09080948080c190809b9d808080b88080928080808099c7809a8080ae8093808080b3dd8e809180f680808b98808f80
8080808085809d808f8096a7a0a880ae13b180a580809e80e280f3808080a5cf80808080bd8083e880808081c880c9808080a8cdac80bf80f180808da480a180
8080b2808093b2808080808dbc808080e79592a08080b580ee80ca808080c9c4908180801f80afdc8b808080b580d480808094999180b684db808080a0808280
80808080809a8d80808098a594918080c880809280a1cf84be86d68080808fbb9dc08080ae839ae0808092808480a4808780abc6bc808080aba38080b4809e80
808080a98080c480808095a080988080bb9680928092fc809680c5808080829a8c808080b080adc380928080bf80ae8080808b9c9c808080e78280809b808280
808083808080a580808081b48e808080a481808b80aed9809f80af888080b8bb8080808090938fbf80808080a380d1809880809d8080808dea89809fbd858080
80808d8180898a80808096a4808080809f80809280a5e280ac809f808080e0a180808080828aa5bd80858080a080b08092808fd280808c80f99a809d9a808080
808080978080858080808abd808a808004808080809fe587a880d5808091bdb780808080a78b94c3808080808f80bf808b8094c4c0808180d48d80a08e809180
8080a5808080b680808094b592808080c680808e8096e680ae85a3888080b0be82bc8080809da4da808080808b80b0808080b1e88d80aa80f79b8093d5808480
80808080808280808280859f9f878080d680808080808b87af80a2808080809f9a808080b880aacd808a80808b8081808580c9c1a7809c80bd80808e8480a580
80808c8080809280808090aa9c808080c280809d80a8e480ae80d5878080c8bd809380808f969ee380808080ac80bc80898082b980809c8ee0a38098b0948080
8080ac808080a180808080809e8080809d8880a38091968090809f808080a4978080808acb8097c0808380808980a680808089a380808680b5808089ad808e80
8080988480a0938082809180808f8080e48c80be8093cf80be80dc808080bfb280898080a9809ded80808080d993d6808080aac080808980ef8080809480a880
8080a2808080c08080808cc2b6808080c68082aa81ace080db80f0808080a2cc9aac8080e680abd3808080808980af808080a0c78e80c593e9b6809fe8808080
8080848080898e80808087b0a38280808d808080809ebd80a78099808080d0b180808080a1a195ba8088808080809d809c808ac580809286c2a480a4b1838080
808080a9808099808080809e809e8080e48080a080a5ed809380e1808080ae9d8080808097848de580808080b080cd808080808d80808c80f6808080b8808f80
8080808080949a8080808087a08f8080d18080a080a3c298b280d28080809eba9a8a8080c180a2ee808780809580a3809380afbc91808080b1958080bf80a280
8080af808080a68080809bb693808080d88080b580b1fc80da80e5808080dbc4808a8080a5b39f0080808080ae80eb80908080d18080988c2c808093d4808080
8080808080808b808080c08a80808080f38080ab9b8eee898580e0808086a4eca7b280808093ace780838080d380b6808080a4b39d80c28027808088c3808d80
80808080809580808a8086beb1808080b9808d80808d9880bb80ca80808085b48d808080e2948eb7818080809480b2809480808e80838a809d80808090808080
808080808080a78080809e9e96948080aa8080a1809adc809780c2808080aa9380808080808080c180808080ba84bd80808080c380808086cb80809a94868080
8080a780808c838080809ba08c808080c280808b809dd080b380bc808080d3ab8c9580808e8d88ed80808080ae80bd809880b1ad85809c80e4808092ab808080
808095808096ab8080808caba6808080e18f808b80abda80d880c1808080dcb78a808080e78c91dc80808080ae80d980ac8099a98680a283ce80808d99808080
8080978080809c808080a7ad9b818080b282819c8083b080a480cd808080abad87b58080b58a80b9808080809a809c80828098ad9d808880bf81809fbb848280
8080ad8080809f80808094a4b0938080d98080a88086b180bd80cb808080afb493ae8080d0809aed808080809980a3808080a2ce89808b80e28d80809f809880
8080878080808780808080b696b38083de80808080a0d5859f80d4828080cba0808080808f9986e9808080808680b68090809ab6af80af80ff8080b3d2808980
808093808086a48080809a8e87808080d18980928080ab80a380b180808095b78c808080c380a5bf808a8082ad80b6808580a8af84809480d0808080a6809580
80809580808095808080a49fa2938080908380b28194b280b3809480808098ac8ba280808e8780c08e8080808e87a0808a809db88f808084cc808080b6808581
8080b99780a7bd808080938280808080a6d180c2809ad080a3808b808080d998808e8080cf80acbc8080808ec385b280968097d98080b280088080a5a780a180
80808b808092878080809eb896808080c5808095808cc580d880bf808080d7a580828080a68897ce8080808cc180c0808b8080b48080ac91028080998e818080
8080c18080808d808080ceb5b7ad8080ab8080c680a3ee80b180d2898080dabd80ab808080c7801580808080a684c280808090e7858080803e8d8080c3809a80
80808080809aa180808090aa99808080ab808094808ec080a480c4808080a1ad80898080a78f80b1808080808380a480938080b286808081ba818080ae808080
80808085808280808080aac2a2a98092cb80808180b104948a80fc808080b48580808080a0c58013808080809480b580a18080a98b808080bc808089808f8080
808080808080818080808cb58f80808a9d9b808c809aae80a580a4808080b18580808080b18088b090808080ba80d380808080889b808080bc80808180808080
80808080808b80808080a0c2a0808080dc80808c80b6bc80e880f2808080c1b8c08f8080e29c95f380808080b180c080ab8099aa8980a7808a9180a3be808080
8080808080829780808080ac80808080d680808d80a90380c285be808080c6cd809780808097a2df80808080ae80cd80a4808fd384809393099f80a5c2808080
8080938080809d8080808fa596808080b580808e809afa809980c18b8080d7b0808080808099a1d9808080809c80d280808087b384808180138b809bc18b8080
8080808080a697808080958980808080d089808b80808f80a280ad808080809d85858080ad8093aa808b8085aa808b808080909d91809b80c280808189809d80
808080808080828d8080808a80808086bc8c80a4808ba480af88b2808080a7a9808080808c808bc480808080c880ba809580808780809780aa8080a194808080
8080808080808b80808099a1af808080bb8080808080c080ad80d180808093b39d808080c48d97db808080809e80b48092808e9689808080af80808090808e80
8080809d80a6aa808080938680808080b3a080a88094c480ae80b7808080a08080808080c38095b580808080ab959d8080809da189809480bf8080808d809280
8080858080a58080808098a392808080ae8080868089b480b680b2808080b5a980808080bc80a9b280808080a3809e808a80899e8b808e80d680808d80938080
80819380808a99808d80b3c5dd808087a6809699809ac080ec80e2808080a2bb8b818080faa18cd79780808080808e80808080ca8c80a080b1848088b8808080
80809e928080818080809f8280a18080be8080b7809ceb828880e180808095a480b78080808989eb808080809f809b80808089cb87808c80ff808080cf80a880
8081808080808080808099c4b4808080b0808e978093bf80cf80cb808080b8da828080809c8aa8c280808080a080d780998080b780808580ce80808b9e808080
80808b8e808088808680828f88878080a884808d808aa980808a98808080a782808080808a8085b18080808098889680808084a289808080b28080898f808280
8080868080809c808080809897878080e180809c80b2bc9fb680c68080808fc480808084dc809ce180808080bf80ac80808088c880808a80b680808e98809580
80808d8080808080808093ccc680808d8080808c809ca9808980cf8e8080c2ab8380809b90b39bba808080808080b380808080bc80808086c4ac809fcc9f8080
80858f8080b298808680a19bb8808080ef8098ac86a8de80fb801e808080a3e6a88f80800e83940c80809180b180c680a180a3c090808a80b3828080c5808c80
8080bb80808de280808097b5a5808080148080b580a4e180fc80f0808080b5d48aac80800180a4e080808080b880b980808094bb8080bb801a808080c1808080
80809280808080808080a4bb9c808080c580808a80a4c380ae80ac808080b1a0948d808081a08ccf808080808483ac809180b6bb91808580d78080a5b2808080
8080808080808380808086bc92808080d98080848091ba809c89cb878080b2ae8d8480808091a2ba808580809880c98084808bab8f80a880dd808090cd808980
8080ae8080809a808080abac82858080e380809c8080bd80a280ad828080dca980c4808080ab90cd808080839280a88080808ed78180b980088080b1b1808c80
8080af808080a780808087a9808080808e9d80aa80b5dc80bd809d808080d6b48082808088a2a5cb80808080b180e380a48080bb8080a5a0108a80a3ce808080
808082808080808080809cb2b3808080a180808080859680948ba28080809d8996808080a6969bce8b8880808680878080808fa99f808380a980808099809480
8080868a8081c3808080a796888c809d07b080b58080ce80c080e4808080a8b683ac8080a69280e780808080c080ad80808080b18080a980e180808ba7808380
8080a080809ca080808093a280818080988680948093b2809c809a808080a99d80a68080cfb080c6808580809280a5809d8080cf8a809580d08c80a1b5808180
808085808095a0808080ac8092948080c38080b780a71480d880f1808080a8bd89a68080bf90802580808080b680c280a180acca8f808080c4938080ac809680
808085838080a8808080a7baa68080889793809e80b3d780bc80ab808080af908080808089a481c780808080a995c280808080bd8080809cc489809f9a808080
8080848080809b8080809693a3928080e28080958080b2a4bf80c580808080c580978088d2809bde80808080b18080808080a3d39e809880c98380809c808680
808080808080948080809ca2a5898080df8080a4949bc680c280eb8180808cd993b98080a28780e680808080a480b7808680a3c0c1809780c89e808ac7859080
8080818080808c8780809c9cbf808080c98080938088cf80d380d2808080bbb396a88080c1bb8005808080809480af809a8099a98a809899ac9180969d8a8080
80808b80808094808080b1ad80808080a58080aa8fa9cd80a080ce8f80808d9a999c80808080a7be80978080bb80ad808080bcb2a680c08bf09b80b6ce808080
8080918080809d808080a5c294808080c48080a480a1e080b180bd808080c48d80808080938889dc80808080a480d1808e8599af8880948f09808099a8808080
8080808080808080808080ba89808080aa808082808eb680808ed584808382ae91808080818c9bb3808980808080a080958080838f808280bf8b808ad4808280
80808080809591808080809c8b808095dc8380848080a280c686c3808080ecab80808080c280a49680808086bc80d080818580809590cf80c280808e85868785
80808ea08080a9808080848087808080e496808d8080b480b880b3808080a99694808080cc8092e080808080c180b6808080978782808d80dd80808080809e80
80809c8080809a808080a3bba18080808580808d80b3d080a3829a808080df9e80968080949aa9be808080808080a8809f809fd28a809984cbaa80a49a808080
8080809e8086b2808080898f80808080aea480928091d780a380aa808080b980808080809f80a2bf8080808fcb80be808680979c80808d800280808b9d808188
8080918280808a8080808d978d8c8080c680808a8095c2808280b7808080a29d8093808089aa8de0808780808980ad80808083ad8e808080cd808080a8809180
8080958a8080858f8080808d80808080b890808b808db4808b868e808080be958080808080869ac2808080809c80ad809380899f8080ae80df8080c099808180
80808280808098808080b59a978880809789808a80abcd809480c0808080809da1808080ae809dbf80808080b080a28080809f9e8d809180e19580858e808080
8080a8808080878080808c9880938080bc80809c80a9c9808580c0848080b5a080858080998b9ed8808080809d80a680828088b680808680e480808ab3809480
8080a18080988d8080808ca388808080fa80808b80a1e98ecc80ce898080adc08bde8080a98db9eb808d80809f80b3808080a6d7aa80ae80ef9e808cb6809e80
80808b9980808f808080998180958080a68780a88093cc80ac84a6808080c2898086808080809ac480808084ba9aa980808085b580808280d480808583808080
80808080808a8080808080ad8d808080d0808080809cbb80ba86ba808080cec780808080aa80b8d2808080808980ec80a380a3b8a480aa80d08b80a9a5809180
8080808080808080808089aa80808080b780808d809ce180a080bc808080dfaf8080838080a4ccdf80808080ce87fb808d8080828080af802180808bb9808080
80898086808d8b8090808783948e80809a8082958080b2808086c780808088948080808a9d8780be8080808086809280898080978d808080a08b8080948b8b80
808088808098a680808089a1b5808080f4808a8e808dad80d280c380808093c7b6808080039a87e883808080a280c380858087a280809280aa8080809a808680
80808480808b928080808b8080808080f2b787bda0809e80b380dd808080b3b88e938080b0808adb80808085de80bd80808080978080c080db80808fa6809e80
80809180808f8994808084b3938080809f80808080afb480c98098808080acc295828080ce94b4b1808080808b808b80948097c78080a880baa380949c808080
8080998080809e80808084a49e808080d980809380b5d980b580da808080b4a9968e8080c2b68bf680808080a880be809d808e8e8080a089cd808080b7808080
8080aa8080808380808091c9bd808080b480808880a9bd80c680a3888080deb797a080808bbaad00808080808f80e480808090b78180c280f48880a5c6808080
80808098808c9180808089a3808c8080a8808084809fd680848da8808086989a809b808080ac80c8808d808086809c80918080b780808080ba948080b0808080
80809d80808d8a8080809d9381808080aa8680ac8c9ebe80af80bd808080acac80a3808099908ec580808080af80b0808c808dc18a809780e2888087b2808080
808097808093a2809180858c9c818080d68080948085c780af80c7808080b3938ea28080d182a8db808080809f80a5808880b6b89180b380c78c80a3a5808b80
808080808085a7808080a59892808080be8080ab9890e680b180d2808080b78c8b888080ac8380d280808080b280b7809b808bae808097a0d58080a191878080
8080808080808e8080808aef81978080f080808080be06bb978bd3ae8080c3a888d6808080c99401808080808780c6808c8092dca6808380c5c88099b5809a80
808080838080808080809aae8c9f8080e0808080808bde9b9b8fd380808dc6ad8094808080a3b1de808780808080a4808080aac9b580998004808098a4808a80
80809a8080809580808089a8908080800f808091808dcd95a484b8808080a4a699ac808091a9a30c80808080c380c6808080a4c88280a880d68080808f80ad80
80809f9880808080808095bb88ba8080f7808080809cdeb49380b98080c7df998d9080809880a6e4808c808084828c808080ccf6c980838011a1809d8080a180
808090808089848080809d9b9f808080bb8b80898095a9809f80a0808080a3939a808080c9809bce80808080b280b880858097ac89808c80b380808c80809f80
8080a9b48082968080808e9380ad8080d98080a68080cfac80809e808090c98080c6808080aa98e180808080988a9980808092f286809c80168080809480ba80
8080808080808b8080808097a0808080b9808097808ab780ce80b0808080c7c0808080808b809eb680808080a980df80868088a28b80a197e480808f9b808080
8080888080808380808099bda6958080b6808089809ac280bd80d58280809db390948080a39a90e680a78080808094808580c2d7a6808080d3b28093ca809e80
808082808080b280808098ba9a808080a58080a580b40280bf80ed808080a4be99808080d980b2dd80808080a480b5808b8084b290808080e39a8080b7808080
8080818080808d80808080998e978080c280808b8093b4858080ab8080809aa7948b8080918096cd80a6808096809780808086b88c808580c996808b9f808e80
8080aa80808faa80898099868d808080baa980b080889f80ad80a2808080bca0808b8080bd80a1ac80808087d28ec280818086b58080979ad680809e82808383
8080a880808095808080aacbb08d8082878080a680a9e8809e91cb8d8080b6d0899680808bbd98ee8080808080809b808a80a0d781808080dbad80a2f2808080
8080858080809c80808082b984838080c18080858088ce809f80c0808080c2ae80a380808188b1aa808080808980b5808080a4c4a180ab80148980c6bc808080
8080808080808080808098c4a5a0808faa808080808bbb99808fd680808cab80838080809e9f80d480808080868092808380809a94808080a389808084908780
8080808a80809180808086be9c808080b580808080a9d0819a91b2808080a695828280808b9a8ecb80ac808080809680898087b688808080bba680849d808080
80988b80808080808e80aa99b3808080cf8080a186808f80bd80e980808096bd86808080d28c8dce808080809a80ab80808098a28a80a080b1808085b2808780
8080a7808080b3808080809d95808080eb8080a280a2b080b380c08080809fb280808084c78499d8809380809280c0808080acbb92809a80f080808ebc809480
80809a808080a38080809da3b48d8080af80809880a0e080a68cc4808080cebb809c8080a699a4eb808080808080b08080809bc88c808380dfa28080bc808080
8080858c80808280808091ae9d808080a080808d80b2d9809d86a1808080aea3808c808080a08cee808080808480a980918088be80808080c6998080a3808080
80808094808b8280808092a48c808080b48080808093d8949489d280808083ac80808080998599d680808080938092808a8080919c808080ae80808096808080
808080808080808080809cb19c808080c5808080808ab4809e82c4808080a6c1868080808080b6bf80808080c680cf808083809280809a80d880808090808080
80809680808096808080809e85828080fb8080ae9a99d180c580ea808080aecc80b68080a080a3db80808080b780c280808098cea480b180fc8a80a1e0808e80
8080848080818e8080809f8180808080d880808e8080e980a192b6808080a8a086988080809599e580828080a980b3808380bba3a8808f80e9808080ad80ad80
80808a808080808080809daaa2808080e0b1808d8080c280d380a8808080bca9889488808f9e95de96808080bc80d280808080a88080b88dff80808d92808080
8080808080818e80808085ad9480808e9a8a939f808fb680c080cd808080a59887808080dd8098a79e808080bf80ce809380808080808a80a280808080808094
8080858080808680808084bc96808080f380808080a5e08b9c98be808080b6a38080808080b18ce2809580808780c780808095ada3809980fa808097ba808780
80808c8080808b808080b5b3b59d80809b80809080b9d5869580e680808093d9a7978080bab093f0808080808c809c8084808ad38a808080c9af8080d1808080
8080808080809280808098c892808080c080808e80a8ee80b580de808080bfb68a808080898fb0dd80808080ab80b580858080b980808c80f48c808cc7808080
80808080808c848080809fbbcb808080da8080808089ae80c780ca808080b1d7c7808080d49cb4d7808080808080c8809180bcd89780a0809d908088a3909f80
808080808088af808080808086808080f08081b58e80df800980ef808080bbf280808080c980a6eb80808087c480f1809e80aba19e80b097df808083c5808d80
8080808080809180808093a296808080c080808d8098d780b580ab808080adb480808080868691dc808080809680c4808b8093c780808580db80808b9b838480
80808a8080968e808080868081808080d680809b8099be80b080ce808080b29c9b8e8080b5848cf780858080a880a9809680afb580809780a8808080b1809f80
80808080809aa38080809ba880808080fc8080a18688df80e188ec808080b2d1809580809d80a0d18080808ecd80c18092808ed48b80a680d580808daa808080
8080828080808f80808090ba9a808080b180808080a8d580ab93a6808080d1a2808c8080809799c0808080808280ba809c8094af92809084c78980a8a1808080
80809f80808081808080b3a8808c8080d587809e8080c3809480b980808b92a280a280808086a6c380938080968097808080b8d89c80bf8027808093be809980
808e8080808a808080808fb1ba8080809b80879c8099b580bf80cf808080b0b884808080cc8b94e18b8080809680cb808780809d80808080c1808080a5808080
8080c38080809a80808091939a808099ecb580ac80808080ca80b0808080dca880a38081d48faccf82808092c380998080808bd18480d5800c80809b91808080
808080808090908081808f80a480809ae48880978080ad80d780d6808080b9bc84808080e58686ee80808080c880eb80938080929a8083809580808080809180
808087808080c5808080aba4b89f8080e28080a4808ff780bd80de808080a9d597ac8080b58c80de80808080a180c180808089c9a3808480f38e808fa78f8080
80809b808080a9809b809f95b8808080d79e81ab8084aa80c680bc808080a3cf91a38080d39e9ac880808080ae80bd80888097a98080a897d080809696808080
80808080808b868082808bb5b0858080b08080888094a680a280bc8080809ca29f8a8080d0b380d5808080808080a780a99780aa80808d809a808097af808080
80808a808089a68080808aa192808080c38980b5808e9780c080b680808091a7808d8080b28f84c689808080ab80a680808080a380809686d1808080a4808080
808099808080a88080809fa78d8c8080dc80809e80a7f68e9580e2808080aaa680b380808e918005809480809880998080809cbd95808080f88f8080c8809a80
80808380808796808080a4cbb1808080bd808080809fd680c180d7808080d3af9d868080cc80a7ca8080808080809d808a809dbc9b80a780bf998095b3808080
808080808080a180808086c19e808080d280808180aadd87b69cc3808080aebf9ea48080b29295f4809980808680aa80968091ba8c8099809aa58086ad808080
808090808080988080808cbeaf8080809780809980a0bc80a281a9968080b7a180808080809c80c1808080808080a38083808fbe80808091cd92809fc1808080
809589808095908080808a8080808080cc8480958096bc809c80bd8080808db693808086df80b0e380808080b080a98080809a9480808080b5808080b280aa80
80808d808080988080808a90959c808bb38080a28091c080ae80c5808080bba5809780809e9680e4808080809480c680a6808b9b9280a880c080809ab1808280
8080aa8080809080808092abbb84808095808098808f9e80a580a5908080c0ae86a68080a2a290d780808080808097808080adc08a809a82c19e8094bb808080
8080a5808080a2808080879c80808080a5b980a38080a880a080ad808080929a8f808080d0809d9f80808080af80a280808080958080a980e880809aad808380
80858080809b82808080959a9c808080a380808480a3cc80a280b9808080a4a38b808080b78d94dc808080809d86b4809380889880808080b980808080808080
80808080808099808080a7d4ada7808001808080809f0080e18019808080d9da96a18080cb8080f1808080809c80ce809f80a2e4b5808080bea280a580ae8480
808b8080808c908080808098ab898080a4808084809bb680aa87b3808080a09982808080a58381c580858080818092809d818b97808080809087808e9c828080
8080858080808880808097bc9c8080809b888080809ac180b880b4808080ae8880808080a8919ac184808080a08099809480808d8080a280d9818082a3808080
80809280808b8d8080808bae88808080b9ad808280a1de80d480a4808080ec9482808080b793afdc80808080cc80ce80978080a58080bc80e780809098808080
8080808080898d8080808aa58080808088a380ac8097cc80a980a8808080b99680808080a680b1c184808080d280c8808c80808c80809688fb80808d89808096
808087808087a380808095b0ae808093829a80978094b480c380c5808080be9480828080bb9e86b28b8080809980a480888080b18080a78eb194809fbb808080
80808c84809089808080a2b1809f8080b080808080c6149ca281af808080b39e80a4808089b5920c808d80808c80a880998087e283808080d39a8080a3808f80
80808080808080838580828da5808091ef80808080809580ca80bd808080cebaa0808080d48b9ee580808080b080d2808e81948c8880be808f80809180809380
8080938a80829980808088a780808080d28c809880aae080bd80e4808080bbb282808780ad839fe280808080ad80a1809c80948e8080b284f9808086ca808080
8080808080808080808086a886808080c280808080abe280c386bb808080b5a9808080808083aec980808080c183e280a88589918d80a886e080809591808080
8080808080808080808080ac8d808080d98080808099c480c380d3808080c2bc80808080af80c0cb808080809480dc8091809dba8c80b080f9a680adc1808080
8080cc80808089808080ae8d86808080b1a580b08091b880b1809e808080d09280808080ad80b1cd80808087d38dc480808096e480809f821480809e90809780
8080958080809280808093b5b0808080da8080a180a4db80f680d0808080b7c0808a8080b2a7a6fd8d808080aa80c180868080968080a790d3808088a0808080
80808c80808ebb808080ab8980808080da8080c380a71f80e480ed808080d1ca80a58080ad80a50580808080e080d28092809fce808093850b868080ad808080
808080808080af808080879c809a8080a28080b49aaeef80948cb38080809fa1898380809d8087d080838080a780c0809d8080be8080808dd88080a4a7808080
808080808080808080809cc4b3808080b0808080808080809d889f918080c0a3908080808b919ead8080808083809980808da7ca8080a680ad8580a489878980
808097808080a080808086c1b4918080af80808a80b1e380a180d99a8080b9a9958a8080a89493d6808080808080b3808d8080cf89809080d2b18091ce8d8080
80808d908080a7808080829f93808080ae98808d808fb2809380a28580809b8084808080b780a3aa808080809f809c8080808fa385808b80ca82808995808780
8080a38080809080808089b29f808080a28e809a809eae80a980b6808080b9a191808080ca8899cf83808080b980bc80858080ab80808a80eb848080b3808080
8080918080908d808a8096bfae808080ab8083908099b480d180ec808080a9baa8bb8080d58c9ea8808080808180908088808cdb91809d8080b180a5b9808080
8080808080809a8080808eaaa5808080dc808080808cd980ab80d1808080b0ba95808080cb80aedc808080809e80b180808090a694808580cf888080a1808d80
80809e80808a80808080bcbda0838080b580808d80adeb80b980c7808080d8b08091808080b89efd808080809f80bf80808088e38a80808007808080a7808d80
80809a808084a2808680868a918c8080a38380978094b780a580a08080809bab809c8080ae8c87bb808080808f809f808f80a2bb8a808380ba978091a3808080
80808fa08080af808080989580808080c59f80b980a60180858ad480808090a2809780808b8091e180848080ac80b780808083a980808e80f9808080c1809080
8080808d808291808080809480808080a180808180a3cc808d80a0808080909e87808080a580a0c5808080809680a680928091a584808080b98f808090808980
80808c80809f80808880999680808080d2a880938080a680bb80c9808080b29d80918080b980a8aa81808090c5809a80808080a19380d480d380808e81808080
8080909080808a80808092b089c18080ee80808480b30295b180d6808080c597809b808080b08006808080809a80b380998084ec80808d80f880809c98808080
80809c808080878080809eb4a48080808880808880acc5809c80ab908080a7bb8588808093a2aeb5808d808080809d808c8095c18e809980eba88095c8848080
80838e808080a08080809f92a0808080b48080918088c480a880c28080809bc9a2898080d09cacdc808080809080b0808480b3ad80809280b6848085c4808580
8080808e808f998080809aa2808080809180808580a403809c8e94808080cbad808080808086adbc80808080b781b980958080ad80808080ea82808784808080
80808b8080808d808080809b86958083db8080808093b9938080b28580809a83808080809d958cc8808880808680918080808baba2809480d78080ada382a880
8080868680808980808082be93808080b380808180b1ee80959bb98b8080b7a18099808080c694e4808180808280be80878080b980808080d1a2808ec6808080
80808b808080c280808093a582828080b49c80b380a2dc80c580ca808080a6bf80948080b3808fc780808080b580ab80808080a080809e80d08b808bc4808080
808080958080a1808080c0a28d818095e4be80a98080bf80bb80f3808080b8b280808080b78093d980808088e8809f8080808ad580809880f18080808b808380
8080a0808084ad808080a8aca6808080968080ad80b5ce80d280bf808080a8c584ac8080d2ae8ce080808080a080b2809d808aaf80808e8ecd988080c5808080
8080808080808080808086b180808080b18080808099ef809f97c3808080c4b2838080808780d2c9808080809480c380ac809ea486809f80dd8a809c96818080
8080a380809d9384868094918a808080d186808080809980a1809c808080ad9a80808080e7809ca08080808098818c8080808d9c9280aa80ce80809880828b80
8080968080809b808080969f80808080d69e80a48c84cd80a480ce808080d4ac83908080859c80e580808080c880c580808087b48080aa8b0e80809bc2808380
80809880808e868080809d9980958080808080a080b9f881b18099808080b3b0809380809096b5d1808080809c929480938082c480808080d5a8808099808080
808080888080bc808080a0aa96a38080c58080b6869c2380a68001808080abca809c8080a38d800e808080809b80b880898086ae96808080f09d8080bc8f8080
80808280808086808080859780808080b68080988093d580a984b6808080c5ae808080808c8ba1d580808080b680c980988080a680808a81e58080a19c808080
808098a780839d80808080a580908080b380808f809fd590998096808080c78080a580808fa485d680808080918dab8089809db398809780d28b808e9e808680
8080b48080848080808094bcb3808080d580808080909080b280b48f8080bbbaae998080e690b0c98080808098808a8080809bd38280a180cb91808d9c808a80
808080a680808e80808093a680808080cd9b80898089ff808f90cd808080d887808080808080a1dc80808080d180d8808080808080809c8022808080a0808080
80808d8080878080808092a5b3808080c6848a80808fa180af80b3808080aaaead808080fd80b9d980808080ae80bd8080808ab380809580a48c80808080a480
8080a8808082a48080809f8680908080e68280bb8ea3e780a880d4808080bdd881c48080888d87e580808080c180bb80808089d581809d800b838081c5808080
80808080808a868080808c9a8b8080809b8c808d8090a9808083a98080808d8c91808080a78995ba808b8080a480a1808180808d80808080a981808285808980
8080a480808eb68080808e9ba68080809d80809880abbf80b4809e808080cda99b948080e08886b4808080808c80ad80a4828cb08080a180a680809395808080
80808080808480808080949b80808080a08080b380b1fd80b288cd808080c1b6808d808080a3a6ee80808080d380fd80aa8080c38080808ee58f8080ad808080
80808c80808080808080a0b9c88080a4b38b808080819f80b680ca8b8080c8b8ab808080de95a4d4808080808b80a48080809ebe8280b3809c95809db3808080
8083808080808980808096c0c8808080c6808183808daf80cb80ce808080c2a382838080b79b84da848080809c80a5808c80819380809f9aac80808e96898080
8080888080808180808080c1a1808084e680808080829e809580be838080cba695968080c581a8c6809080809d80b380808087b78580c980cfac80a183939980
8080838f8080d5808080889c808a8080bb8080ae80bf12809f80d3808080d4b580808080bd80bbde80918080a580c7809e80a3af80808a80068f8098bc808080
8080808080809b808080bbc793808080bf80808080c92f80a9a1f5808080c3ce9f858080ad98b41e80808080ab80cc80af80968980808080b8808080b3808080
8080808080868280808080bc98808080e180808080a8d280c597cd808080bac8949d808086a2a2d5808080809b80d580b18786b59580ae80a98c80aabd808080
80809180808f9480808098a6be8080809e80808680a0c080bd80ba808080acae99848080c3948dd68080808080809c8087809fc283808080b39c8087b1808080
8080929b80808e8080808fa9808c8080d080809380b4f2858580ce808080b0ad878f80809f8da9f480958080ab809680808083d080808680fc9f8080a5808880
808090808080b6808080aead9080808080c480ad80b6d880bb80928a8080969bad808080d98c9eca8b808080ac81c6809180838c87809c80ca808082b1808180
808093928080ab808080a4b6a0e18080db8080a480ac01ab9b80dd808092b6b380ca808093c780008080808080809b808080a41494808080e7a0809e8e809280
8080aa80808eab808080968dc0808080df9f92a78080ae80cf80ba808080c1b692808080038098de87808080c080de808080809b80808780dd80808080809780
8080818a8097a88080808d9b80808080b58c80c780b10680aa800f80808092b682808080c3808ef380808080ae80bf809b80838a80808080fc808080d2808080
8080808080808080808094ab9d818080df808088808ed6809e8ee58080809dcc9497808080a88bf7808080809f80bf80878080a287809080b8808080a8808080
808080998080a880808080ac97ac8080d58080928089e28eb89cc3808080a69e80808080848089d580808080a580aa8080809dd483808080da8a809fa1809280
80808180808080808080b4c5af81808bc4808080809fc28eb28fb8808084dfc189a5808090d7a8e2808080808080b3809c93a7e58580b180ad9080a997808080
80809b80808f8a80808090a78e8080808c8a808d8095ae80a18092808080aa8e81808080bc80a0a0808080809980a680808083b880808e80c982809984808080
8080808580878180808095ad83808080d5808081809de68ca787d9808082a1b882808080808999cd808080809e80bb808d808bb687808080d4808081a1808580
8080808080898080808085dd80818080c180808080aaf5969a94ea8080a1d5b4808080808097c9aa808080808d80b480aa8080b9a2808780e4b180b29c948080
8080878080848080808090b1ab80808ddf908087808da780c280c8808080bda7a8808080c8a780f89b808080b980c280838080808080ae80cb80808096808080
8080808080809180838096a2a4808080b2838080808bb580a180a1808080afab89808080b885adb0808180809b809c808080acc78a809a80ca93809c87808080
80808680809398808180808ba48d8080be8080988099c680d180be808080c4bd80808080c1808fde80808080a480c48090809ebb80808080cd80808696808080
8080808080808080808080a385808080bc808080809ed180ae99b18080809dba80818080809b98cd808080809680be80a78086ae8d808780c1888096b5808080
8080808080928380a1809e88a1808099f58080858080bd80df80c6808780a6cf80808080e28084c280808098a980a08098808dc2af8081809580808a95808c80
8080b0808080af80808098a2b88f8080be9b80b18093b780c880aa818080adc290a28080cfa69ae3808080809980d2808080a3b79c80a880f4808089b8808c80
808080948080948080808c9b80a18080c180809280a9f1a5b680ae808080c898808d808080809edf8080808aa3808b80878095dc80809280ec89808e9f808080
808091808080a38082808aa0929180809682809a808aaf809c80988080808a8c80a48080938f83b6808080808080908086809eb98e809080bb88809da2808080
808092858080b98080809cb39d838080b882809b809fdd809280ce85808096a0808b8080b9a28adc808b808095809680808092bc80808080d59f8089bd808080
80808080808f80808080888b808a8080b28080908092b0809480be8080818ca286928080809086cb8a8080809580a3808f80809980808f80b7808080a8808880
80809780808095808080a8cca68d8080a180808e80b0e783978ad1808080dea58095808095aa83e8808b80809380a680808080c88a808080e79f808cc7808080
8080a0808080848080808fbd9a8080808880808080b1d5809480b4938080ba9680888480a7b7a3cd809080809c809e80808080af80808080c9bd80a1ca808080
80809d8080808f808080919093808080d8af809080808180b0809b808080978a90808080bb8090be9c808080b280a6808080a09e87809d80d58080808d809a80
80808d80808096808080a6c6bd808080c580809b808eea80a680de808080cfad809280808e9788f5808180808080b1808080a2d385808c80088a8080d5808680
80808cc080808e808080a9a4808f8080da808087809e0d989088c2808080cc8080a48f8080aa92fa809680809b809780808095dc80808a800f808080b180a280
8080808080809480808083a4a7808080b58080a98087b180c580d48080809dbd80808080ad868fc6858080809680c1808080808b80808c89c2808080bc808080
8080a68080809f808080ab8c8280808f0aac80808080a280ae809f808080a59e91808080dc809bb0808080809f809b808080d3cacd80a580e780809f8b80bd80
8080aa8080919180808096afa5808080b380809f80abca80c480ab808080e5be80898080ab8d9ade80808080a180c8808b809fef828093800f9080a8b4808080
80809680808a918080808d9d8f808080be8f809b8080af80bc80b3808080cbaf808980809a8790d180808080a880bc80808086ae8080ab80e1808098a6808380
808080808080808080808e95a38080a1b1a280a88080b080d680b0808080d4b480808080cc809bdb94808080dd810b808080808f86808480c280808080898980
8080808080809880808081a2a3858080bd8080938095d580bd91cf808080d4bd80808080a68086e380808080ab80ce80a780899a80809d92b38c80a7aa8d8080
8080ae808080b5808080ae918e808080aac580c8808dc880d080b4808080adb280a78080b58598d98c808080b682b4808480aeb88080ae94f8808090bd808080
808092808080808080808caf9d808080de80808080a9c480b180be808080c1c596c38080a9aea7ff808080809980ac80878099be8e80b580bda38083b0808080
80808b808082878080809895988080a7e6a7809180809c80b080b6808080b9b495808080d4809dd382808080c080e28080808080a880b780cb80808b8084a480
808085808096a880808091a493808080bf8080a28097c780b680c9808080aaa682978080ab8e8dc8808080809980a5808080809f80808980cd808080ac808080
808080808081808080809eaf8c9080809580808080a5d39180a4b4808080ba8d809180808092a2c78093808087809b808080809d87808080c8808080a2808080
80829a8080809c808080a7cad2808081b680808b80a6e080e980ca808080e7b8988b8080d8b89605808080808280c280ae8086a98080a58eba808099ab808080
808087808080a080808090c495808080d98480be80adde80d780df808080aeb58294808092a9800187808080a080c980978099af8080a5a8fe808095d1808080
808081808080b6808080a3ad80998080a19680b780a8ea80c180c9808080c599809e808083809ba880808080cd81aa80808080aa80808d8ad69480a7b5808080
808ea2808099b6808280a88a97828080b68080a780aaed80cb80d3808080bfbc90958080da8080ec808080809b81c9809f80c5d78380808bd1868088bb809180
80808096808ca8808080979898858080b7808097808cce81aa80b7808080ada4818b8080a38384d2808080808f809380808094c793808080c7878080a5808a80
80808e9c80808b8080808d9980808080bf8080a18092e680aa85b3808080d0a2808080808080adcc80808080ae8bc0809280a2a88080a7900480809ea4808080
8080809d80808880808080b18da78080d280808080afeeb18180e78080809694848080809d80a0f4808f80808f809880908080a389808380c1868083a4898280
80808c8080809b808080809a95998083bd80809f8081a4808880b08080809bb180aa8082869393c3808180808d80a9808080809187809380cc808086aa808080
8080808080928480808090aa85808080a580809780aae480b980c5808080a8c98080808084a4aad0808080809f80ce80a38080b180808080da918085b2808080
8080808a80809b808080919080898080d58080ac80a40d80c382e7808080b2b3809b8080809497fc80808080ad80c880a580a2e48080918bf1928085d6809280
8080808080808080808087a883808080a2808087809bda80ad80ae808080d6b8808080808080bfcd80808080a480e0808b8088ae80808580ff80808aa0808680
808080818080888080808cac93db8080c98080a381c901a89380eb8080809c868a8b8080808f8019809080808c8095808580c2b9a6808080ea808099c7808d80
808090808087a0808080898e81808080f18080948080be80d485bc808080babe809b80809980a5c280808089b880da808482b7be9580b88dde80809fa0808680
8080ba80809b87808080968086808080dab8809880808580c0809b808080b789809b8080c580b6a88080809cc39da68080808bb68080cb80fb8080a580809680
808097808093b7808080a48b81808080c39480b78082cf80bb80bd808080c2a980b68080b08a93cf80808087b480a08080809cc28780a684f280808dae808080
8080969a80808d80808086808088808ec0a180938081b4808780ad808080b29780808080ab8193c886808080b885b880808080998f809380cb80808280809d89
8080bc808080838080808a9680808081d49180888096c88093808c808080d58e81b88080849fa3f883808080b98ac480808093c48080be80dd80808993808080
808094808091928080809da09c808080c38080978096be80c880b0808080a5b184878080b5938acc80808080ac80bb8092809cc78e808289d880809493808080
8080a1808080a5808080ae9395808080d78080b78096f980d082e6808080c3cd809480808e8799f380808080a080d0808080c7f098808d8a19858086dd809f80
8080b5808080b38080808e8da1c180800a8080b88090d6cfb480c5808080afd680af8090b880b60580808080ab8080808080c4fe9180a6802380808bc580bb80
8080af8080aebb808080bba99f878080a98680bc80b4f080ea80c980808007bf80988080c88093f580808086b780d980a180b1d288808c87fd808095a7808080
80808080808e93808080a38484988080c88080ad9392e180b984f98080809fb795a78080a48085d480808380ab80c680a98093acab808d89ad928098b6878480
80808080808080808480968f8f90809aba8580958080ad809c80c9808080a7a8808980809b9087ce94808080a180c3808080808ea2808c80b98080809d819380
8083a58080889080808093a69e8080809a8080aa80aebb80a980c980808080bca0868082d980a5db808280809280a780808088b081808080d1978080cd809680
80808e8080808a8080808baa8e8680809f80808f809ec0809e80a981808099b882988080889b9bce808080808b80a48080808cb481808080d1908080bb808480
8080a480809698808b80868b80808080c5b0808680809280b18088808080cb9f80958080cd80a7948080808ca9818d80808098c58680c180cf8080a080808680
8080979f8080878080808a8a80808080a9808091808aba80808095808088c88080848080808787be808080809c96a380808087a880809480eb80808892808780
8080908580809880808080af81808080be80809880aae093a380b4808080c78f8080808090809fc2808080809280848080808ab3988080801495808aaa808e80
8080888680808680808081a98f988080b680808080a0da838080c2808080b49c808b80808a80a2d3808780808a80ab8084808aa88c808c80dda3809387918880
808f8c80808080808080a1a58e8380809e8080a180aabc809180cd808080aa988080808080a0a0e28e808080b187a780808080a080808080ec808080a8808d80
80808080808b8e80808095b097808080b6808089809be080b280c8808080c89180808080a9989dca80808084b080df809a8480a680808f92ce80808080808080
80809a8080a0938080809989968080808c8580a480a7de80cc80c1808080ae979b868080db80a4bf80808080a780c980a3809aa596809680c684809da1808680
8080849f80949380808094a180808080b2808082808ad8809f9ca5808080d68080818080848094cf808d80839980a88088809db38c808d80e080808689808580
808096808080a08080809baca8808080b980808a80a8ba80a280c7808080a5b48e818080c29b8ad980af808088808e808080b5d084808780c6a68097ce808080
8080808180809280808092968e9a8080c28080888099e08e9380bd8080808cae959380808d829de4808080808980a1808080a79da9808080e8808080ab80a480
8080be808080b58080809ca68d808080ae9480ae80b3f480c3809f808080c5ab82998080a2988cf680808080a189d480a280acba80809a98ec808094c0808080
80808e8280809e8080808fa69f9880809180809d80b1c380a8809a808080958c8095808094a180de80a0808080808e808b8080a885808280c1848085ba808080
8080b18080809a80808086828b808080bf9280aa8080a1809b809d808080b4ad80a28080b683a0d1808080809d81ab808080a1a68c809e80ed808080a7809980
808084808080a580808080c29d898080b9808092808dcc809982d0808080c8a6809e80808c9199b7808080808080a78086808abf9880b180e09e80b6c38e8080
80809680809880808080c1d8b2828080ae80808c8099c080e880cf808080a8d4859c8080c2b8a6d78080808080809580a280a5d9a3809580f08080a0b28c8080
80809f83808f9f80808088988d808080ac8a808c8087a48093809c808080bc8c80838080c28097ba80898080a6808d8080808b9f83809280ce8080809c808384
8080ba80808084808080aa9f8c8d80809c8080bd8090c0809880a5878080beb880b98080809babe1808080809080c8808080a4ce89809780248b8080d2809b80
8080958080a791888080a19a9a808080dd9d809f85879f80e380d5808080b9bdaa968080d6808ed982808080cc80c0808e8080958380d680e580808f97808680
808080808080988080808ca080808080c08080998ca8e380a180c3808080a7b4969b8080809781e580808080be80c4809d8080ab80808b92c4808080ba808080
808098928086ab8080809b9b80808080a68c80ad80b6f980ab80c8808080baa4808d8080aa9499d780808080a683b78096809ab580808180db9c808fca808080
8080988b808080808080ac8f80808080058680808080c092918fbd80808ee7c780c080808086b2d080978084b8809b808080b4f69680dd8020808090ab809680
80808d808092908089809a8699808080ed9a80a09180ba80e380dd808080c592868e8080c88099d880808080c280a8808980baad9a80c392dd80809482809580
8089a68080a5b9808080a39caa898080b680808c80a5d680cb80d0808080a0d1ad908080f18090dd80808080a080ad809580a0bd80808080b1828080a7808880
808085808080c5808080a6bd959b8080ad8880a280afea809f80b78d808098b480b980808da98cca80808080a680b680808093d080809b80dca38096be808080
80809b8080809680808080a38c8080808180808f80a5c6809d80a2808080b1a880808080b880a6a180808080a480b2808080809f80808480e6ab8084a0808084
8080b1808092a680948096a3ca80808ccf8c82918093ae80d380ce808080afb2a18080801a8d98d5808080809880ca80808092c280809c80c98e808c9f808080
808082808099918080808bbfb2808080a0808d9d80aece80c080c2808080a2be95808080ec8b8adc808080809e80df80a48080a080808080cb808091948d8080
80808080808fa48080809cc79d808080848080af80bcea80dc80c7808080c6ac80808080c88da4d680808080af80dc80c08080aa80808997cc80809b9c808080
8083a9898090c18080808e8a808080808e9480a680a5d880a68095808080ac9d86808080d6809ab280808080a180ad808e8096ab80808080dc80808299808280
8080888f80809f918080808080b78080bc80809f839fbf808380b68080809395809080809a8f80d1808d808084808380978081af8b80a180d58080abbc808880
80808c94808dbc8080809b9980808080869380a580bcf780ac80b1808080ad8c80808080bf8091d480808080b48ac3809e80809880808080d6808080a3808080
80808080808080808080ade2878080809480808080c0fc87959ddb808080c4a580808080809adfca80ad80808380a680908085d6a5808080edcc808dbd808380
8080808080809a808080928080968080bf8080b38092ec80b880d880808089bb808d8080a58195ea80808080b280b480958083a480808580cb808080b8808980
80808080808099808080b0b7a4ba8080aa80809780adf0808c80f1808080b0c294808080809884fd80808080b680b680808090b985808080f9808080c5808780
80808880808686809a80a096ba808080e480808c8085c380e980c0808080cbc997808080c68090d880808080cf80e4808c8083c980809195c780809280838080
808080808082808080809daebd808096c08888968093d180b180cf808080babba3808080d2978af59b808080bf80da808c80809880808080a880808080848080
808080bf808094808080adab809a80808d8680cb80c918808085e7808080af808080948f808fa6eb83978080b680a6808880808d8080888015808081c0808980
80809e8080809a8080808ba887ab8080a680809b80acc2808181a4808080a989809680808f9180c9808580808a80a4808880809e90809a80d48080a6a0808080
8080a080808097808080d0abb8cb8080be80809d8080d8a7b480f2808080afc893808088c9a2a81080808080b88096808080b1d596808080f9808080ad80ae80
80808080808080808080b8c7a7808080b58080808090da80b480d8808080b0b99a808080bcb799fd808080809f80c180a88b80928d808f80bf80808094808080
80809a808093848080809c9e80808080c580809d8088da80b880bf808080c9c6809e80808080b2c080808080a780bd80808093de9b8099800b858091ab838c80
80808080808b93808080808d8c808080c2848081808ca980a280a080808090a699808080ce809fc3808080809f80a28085809c999b809480a980808092809180
808080808080d5808080a6a68d808080eab680a88080b380db80ce8080808fba80808080f1808cb380808080d880ad808080809c8080ad80ce808085a0808080
80808d80808a878080808d8e808080809a9f809a80a3e580a680ae808080c092808080809691accc80808080c186eb80a080889780808f80f7808090a5808080
8080808180809e80808091b2928980808b80809980bde9808a8abe808080b78d808080808e94a6d5808f8080a080c4809980809b82808080d29c8080aa808080
80808380809b8080808080a080828080a1808080809bb9809aa093808080f59a809180808080bf98808280a09b80bd809a8087a48f80b080cd9f80ba9e808080
808086808096898080809a9eb3808080e58c8b9d9788bb800680f6808080c8c491828080f3879bf680808080ca80c080a5808b8f8180ca9cc480808b9b818080
808094a88080b08080808e9c80858080af92809c80abf5809c80ae808080ab91808a8080aa80a4ce80808080b189b280808098bb80808080f48f808095808280
808080808084b18080808dc1a3858080b980808980b3ec829e80cb8080809fa2918f8080b39da2c9809b808080809b80938086a983808b80ba9e808db0808080
8080bf809780a1808a80878a8cae8087fa9980af808da2808080b0808080d78080ae808087c480e3838980899380a580808084c28080ab80228080c098809780
8080908080908f808e809c95a6808080ce96809180809c80c680b4808080bea980ad8080b98f93ba80808094a480ac8091899eb69580b78bc98080a687818080
8080b38080808080808090a483838080f38080808080ac889d80b48e8098b4b686c380808080b0b480908080848098808080c0e5c880c880019480c2a6809080
80808080808e90808180bd85918080800fa780a080809c88d680ef808080abc580808080c9839ad48080808bf0809d80808080bf8080a780d680808080809880
80808080809b808080809ec686808080a9808080809cbe809b8dbd808086b6a880808080918aa39a80808c8088809e80a380809a9e8080809d8080929a828080
8080808080898980808099a7a18e8080a7808081809dbc80ad86c2808080aab696a28080aaa295c4808080808080a98099808fc689808580899b8097a5808080
8080a3808080a3808080a1caa9a28080af80809880c60180b280c7938080cca3808b808080a683e1808080808280a180908081cd8080908cf99880c0bf868080
8080878c80aa8d8092808b8080868080d19e80a880809f808b80c78080809b8b809a8080b28784cd92808080a580948080808ba280809280cf8080809280a680
80809780809797808080859a85808080b69a8990808ba580ab80bd8080809794a1808080e6809dce80808080bd80a6808080909f80809680da808080b5809180
8080969f8080bf80808087ae9c808080b1808090809ee580a6809e808080c09c8097808091a383d0808080808080ad80808097d185808980dea48086b5808080
8080c88080808080808099b2959f8080df8080808080af9b938092998080dd9d80ad80808e95bae480808080918597808080eaffc780ba80279280a29180a780
80808a808080818080809eb996808080a49580a88099b080aa80ac808080ae80809e8f808fbc80d0919280809e80a180828080a68080a58be88080a29b808080
808080808088b3808080abcb9e9880809a80808b80a9ed8caeb4a7808084cb9d80aa80809dbe9bd7809e80808080998094809ad5a680a380c0af809faf808080
8080848c8080808080808e9d8081808098808080809ed8808280a0808080a5a280808080808fa2c6808080809980a78082808a9390808780f5808080ad808080
8080848080809080808081a882808080cb80809080809c809980c580808096a981828080ac8ca2b780808080a580b680898080958080af80d98080969c808a80
8080a5808081a5808080899ca8808080b6808094808e9c80b480a8808080b4af94848080c89e91ce808080808980b48080809eb580809980c087808bb3808780
808080808085a580808080a894808080cd80808b809dc980a580b7808080a0b48390808090939ecc808380808f80ba8083808db380808d80d4848086af808280
80808b808080908080808c978f808080b695808280808080878096808080888991808080c080979b80908080a380a280808091839680a380bd80808a99808e88
8080ae8080809a80808093c0b8858084b286808d80a8e280b280ac9b8080e8bd80a38080b9aba5ff808080809180ce80818091ba9180b080ffbd808fa8808080
8080a883808080808080849e80808080d48080808080ad80878aa3808084eb80809780808089a1d280808087a282a6808080ada5a280cd80f38080a480808280
8080928080808880808082b1b180808089808090809bab808d82b68080808b9e9d808080bda491c4808080808080a4808b8080a08080858097af8080bb808080
80808680808880808080b58aa9b28080908080a68082b187b380c5808080cba880ac8080808084c58080808ab7808f80808080c187808e80c98b8094818e8080
808093808080b48080809a9f80808080d1a580bc9d98da80c980de808080c0a5808e8080a38092d480808080c080c5808c80c3c78080a495f581809cce809b80
80888e80808092809c809f8bcb808087e9969e8f8080b980e180d1808080b3cca28080801980a2f380808080bd80d3808080969488809e80b080808080808980
808080808083a6808080a4b19d8d80808d80809680a3e180a682b5808080cba880978080a09e90d7808080809a80c1809c8a808e82808380b48180809f808080
80808b808080a2808080839291808080bd9184b88980c380a980db808080acc880808080b78f8cd680808080c280d0808780808e80809799ee858099c08d8080
8080968680808880808089978aac8080b780808e80a2cd948080b7898080ac8082928080809680e080808080908d958080809aa085808080da80808fa1808b80
80808088808f8080808080a381808080e080808080a6eb86ab99de808080b09980958080808f95de808080809380c1809c8092b0aa808080c18f80879f808980
8080808080818c808080839e84918080c28080848097b88f9280bd80808080a18b8b8080a78b90cc808080809d8098808080809781808080a48080808a808180
80809e80809b9a8080809b9ab7808080dd808098808cb480e180ce8080809bb5978f8080ea87a3dc80808080a580b1808080b0c99a809a80df808087a8808c80
8080818080a19280808091acad8080809e8080898097cd80bf80aa808080d1ac80808080c69590ca808080808c80c380a88081b18b808d8acc80808894878080
8080c0808094b0808080c3b7bc808080b28080b880b2fc801580c7808080e6cb80a58080da96a4fd808080809680b4808880b7f38a80a49b24918096b4808080
80888080808eab8080808a8699808080c980869f8094dd80c180dc80808082d197828080cc8793e0808080809780c68093809ba29a808480c68e8080b7808180
8080b0808080bb8080809cb795818080df83809d80b50680b780be808080cea380ba878080c182f8808080809280d3808f80a3d380809d92ff8080b0ca808080
80809785808080808080b0c6908d8080a380808080b4f1ca95b48a8b80809dac8bda808080cebe1880a8808082808080808098f28c808b80c0ce8080a6808f80
8080a2808080b1808080a2b4959a8080c180808c80a4e182a385a48f8080b29e80ba808087b382d2809c808080809a8080809eda94809b80df8b809fb8808080
808b958080818d808b809da4aa8080808d80809c8090bc80a380d7838080a9b389898080d8969ad5808080809080a180808096b680808780c2a58091da808080
8080808880809280808080b889a58080d180808880b5faab8783d0808080b69480808080809580e0808080808f80b78090808ebca4808080f7978095a6838080
8080908080809f80808080cd9f808080b880809980b8cb80ad80be808080da9c80808080999292c985808080ad80db808b80809b80809996f48d8095b3808080
80809e80808080808080b1cdd38180809480808080b0d98ba499c0818080b3b9a2a18080a6c8a6fa809d808080808080808094df858080809bcc808cbb848080
80808080808087808080cdcd96808096d1a6808080aee1a69a80f1838080d9c691968080b687a0cf80808080d380c38080808ab680809a80ca85809791808080
80808f88809b9b808080a1a180898080b88080aa80acf583ae80d4808080a0b1809e80808480add180808080a7809780808080c580808080ed898080ad808580
80808a948080808080809ba680808080b280808980b706808880bc808080b9a78080808080ae9efc808180809e80bd80838082c08080808007948080a5808880
80809dac80808f808080809c809f80800c80808680d32a99a680f5808080d28a8090808080b7801c808080808d80d380a280a2cb8b808080058080a3ba80a380
80888080808680808180989f9e808080b8808080808eac80b680cb808080a396a2808080ce8589b3808080808c80ac809e80a0a4ab808a808a80808496808980
80838c80808c80808780938aa5808080bc8080a38086a980c680ca808080b3b780808080bf80adc480808080ba83cf808081809780809b87c380808093808280
808080a880808080808083aa809d8080a680808e80acd6888085d58080809f878080808a81809dd180a0808097809e80808080a280808080f5808080af808880
808080808080a7808080a6c391818080c18980c0a1c9f380d880ed8080809b9a878a80809eac800180808080a780c680b98086c2808096abce8080a1c4808080
8083808080ada2808080a791a8808080e48080808097ee80e680d8808080c8c482808080d38099e980808080a880c380a686b9b38d808480be80808680808080
808080808082a980808094b39b80809bbba78b938080aa80c480d480808090a28b808080ec8098bc82808080b080a580808092998880a280c78080959b808080
80818080808086808e808ecfb08f808fb080808f80a5c180ac80f180808080c480808087c0b384de808080808080b080af8080bd86808080a9a2809aa6968080
80808382808080808080a3b880978080b980808980a419808091b8808080b5a986c0808080b29fe980b18080a380a480948080ce9f8093801da18089cb808080
80809180808db9808080a4d3b780809fb2939a938086a880ba80dc808080a7a394828080df8480b1808080809680a380808092c78080ad80c28180b4b6808080
80808680809a9b8e80808cb58d8080809a808095809db6808d80b58080809eb38a878080b78981b4808c80809780a8809380809e80808080c7958099a3898080
808082808080b480808080b389808080d38080ac8bafde80b38bd8858080adb680928080a28b82e880a780809480be809880a5b89b80a081e0a180a0eb808080
808090808080808080809ea0808080809780809d80ac0680b580bf808080c8a59585808080a79ef380808080cf80e780a98080aa808088901780809fbc808080
80858880809e93808080948684808080cf8080b280abea80c180e1808080a7cf898c8080b980a9e280808c80a080bb809680a6cb88808080d7938080b2809e80
80809080808f9580a2809b8b8f8080a2d4d88092808086809d80c580808099ae8e808080f984b0ac80808082ce80a08080808ab08380ca80b380808998809380
80809190808090808080849488888085d29680998080a49b8080b7808080a797908b8080b2888ece86808080a18091808080849a8c809080c98080809e80a680
80808f8a8080a3808080a1d9a1b980809e80809680ceffb3929fb680808bce8d85b080808ab298f880928080808091808480a6e09c808080ccb380929e808080
808091838080b5808080a896a78d8080bb8080a480b0f88fb780dc808080c2c080808080bc9f86f980808080ad80ca80818094de80808080f1838080b3808080
8080808080808089808080ac80808080bc8080808084bc808ba0998280a0a095a7aa8080809d9acc80808080a180c1809d8084a19c809880a88c80a087808080
8080a780809288808780a9a5d3808080c2878498808ebc80e680c6808080cec790808080fd8098ef86808080c480d480808083c288808080da80808080808080
808098808080c38080809ec480808080ce95809380a3e2809980baa980809f9c80b580808aab86bc80a080809280ab808280a2e08f809d80f49480bbe3808a80
80808080808080958080bc9080808080e5a5808a8080aa80a680c880808090cca6808080ab808dae80808080e580a180808080989780b980d980809d94808294
80809f808080a1808080928a81808080a78380a58090b9809c809c808080969f80b18080948e98c3808f808092809b80808097ac80808d80d2898080b4808580
8080808080828b80808087a780808080b180808380a4d2808e80a0808080a7b59a8880808f80acb680ab808097808f8080808aa395808280e3a280808b808180
808080848082ca80808096bf888b8080a98088b28091f180b080e7808080959b80838080c38098b58080808097809080808085b680808080e592809fa4858080
80808080808392808180a582a28b8080fe8080af8099d580e780fb808080a5cd8e968080a4a0800880808080be81f4809280a2b394808f81bd80808099809a80
80809780808dab80808099a0a3808080b293808c8083a180a580af808080a39a858a8080b8819ba68086808e9280a3808080a9c38180a086d08080a5a8808080
808080808080828080808f8c9a9080809b80808d8080b3809690a28080808a9c80808087818982bb8089808088888e808480829892808080b9808084a1878880
808080808088a8868080828f93b28080bd80809b8095d080b480c7808080bfa280918080b2bc80e9808080808780b980b38096ce91808690ba9b80aab9828580
8080908e809dae8080809ea080808080b89180998087e9809f9b99808080fbb3809180808080a0b9808d808eaf80a88088808dcd8b809580038080a1ab808080
808081808083a980808087aeba908080e88080a584baf180d780fb808080a2d492a58080d49d8001808080809680be80a28088d088808a80bd8580a0d3808080
80808b80808091808780909d94978080c38080a88c95ce80a880e4808080bda8809c8080a7a780d2808080809180b880b28081b884809b99ca8080b5c8858080
808096808080c480898084a1ad80808ebba480a28090ac80be80ad8080809ea080808080c78081af808080869c80b080808093b88080a687cd8080a3c1808080
80808980809de080808094b785848080ba81809f80c0fe80d880be808080aeb88ea28080f98088cc808080809c80b7808f80a2e190809480d0a3809bb5808080
808080808091808080808cacb5808080aa80809680879880b280bc808080a4a08b808087c09193d48a808080a280ca808080808b80808180d08080808c868280
8080808080828a80808080afa0808080b88080808099b080ae80bf808080b4a896808080ba869fc3808080808180c4809f809da6a0809d80b698809dbe808580
8080a7808082b58080808eaa898080809fa080c180aad380e180be808080b9a780808080ca80a5e086808083b580d180958087bd80809f9511808080c5808080
808084808093ca808080abcda48080808a8080b080a9dc80be80e78080809e94808d8080d1808a9a8080808088808380808080bb80808380c49c809dca808080
80808480808b84808080a5c197a38080b38080808080bd80ad86a9808080e7c480ab80809ea497d9808080809480aa8095808ae99b808880b88b80b380888180
8080a68080808f808080a1aa87888080a180809180a0e186ab9085808080a29486a88080959ca0f6808080809e8099808080a7c98b808880d58b808090809780
8080809e8080808080808f97809b8080b4808098808abd80848bc880809b8b9e8080808480889fd2808680809f8aaa808080859292808780f1808080a6809280
80809a8080808080808091a6a9808080ac8080808097ba80a986ad808080c2bb838180809cc996d2808080818c80c980998080a680808780bc8980a2b1808080
8080808080898080808080af808080800b808080809c9c82d280db8080808dc080808081ea80cbb880a4808bc180c780a780cfbdc580c580d48080b0a9809d80
808098878080a3808080a0a78d898080b983808d8093d88a9980aa838080a8af82ad8080b591ade880948080a48090808080aae18d809580e1b68080a4808a80
808086808080878080809fa097858080b18080968098cb80a681c5808080a2c0aa938080a18b92d9808080809680bf809c8093999b808680ae8d8098a5808680
8080808080808780808099bfbb808080b980809c8091cf80cd80ed8080809adda8818080c194b0e0808080808680c5809080a5a78d80b28cd696809de9808080
8080809d808da380808091a285948080e980808a80acf880af8be4808080bfb98b808080b78095dc80808080a380c68081808ca791808080cd80808095808080
808598808081898080809ebdce80808dc9808080809b9d80b680cf808080a8bba4808080f2be8ee4808080808080aa808a8084b8808095809f8c8089ab808080
80809580808489808080b39680808080b58080ab80a211809b80d4808080bbb980b18080828fb0ff808e8080a580ac80808095d88b808e800da18080bc809680
8080808080868e8080809b9d95808080d88f80968080b280ac80b0808080abb8808c8080b1a883d680808080a780b2808080809180809880cc8080808f808080
808097808089ed8080809caf9ca58080df8080ca80ad0b84e080f2808080a9c280ae8080e8808add808080809c80ab808080a3ed86808080ee9e8097c8808080
8080b7808080a7808d80948dbe808080f98080b380808b80e780da808080bebf8aa08080d980a3bb8080808fcb80cf808093a4c18c80c3a0d58080a69f808280
808080808097848080808e9796808080b480859a8098ba809080cc8080809cbbaf858080a29183de80808080b280bb80928080a480808080ab868080aa808d80
8080a8808080968080808887878780809a8080a0809fb8809b809d8080809b99919f8080ab8ba3da808080808f8fa18b8c80b9c181808380a99d8083a8809880
808b808080a1808d8b80939da5808080b68081808096b380d380d28080809fc59a808080b792b0d9808080809880b780a1809fb980809180b1838093a0808080
8080a580808095808080a2a4b9858080948080af8093c380ba80ce808080c8ac80958080bc9088e1808080808580a580808095cc8d808583f0a28086c7868080
808094808080a38080808f9e80808080c39b80aa8093f580c180d6808080c9c980808080a280b6c580808080d080f080988080a68080a08d198080a9b9808080
8080808080918080808096b680808080ac808080809abf80a880bc8080809f9a80808080b2929baf80808080b580c280a880809296808080af808094808a8080
80808280808090808080a5b29cac8080b08080918095d8a68280d980808086b985ab808094a680e38080808095808780808082b290808080bc808080a4808980
80809080808080808080969a89808080d897808080808080b080ab8080808e9686808080b0809b968080808dba809780808094ab9080c580ce8080958a808d94
8080888080889c808080978f8c808080cd81808c8080c280b8809f80808092c5938d8080bc8090d180808080a280978080809eb5b2808080b98080809d809f80
8080a68e8080b08080808bb08c808080c89180988092d8809780a2848080bea1809c80809897a9bf808080809f80a48080809ac18980af801492808cb2808080
8080988280808e8080808da8909e8080b780808880ade58f8381ad928080b09e85a1808080a88de380a5808080809b80808087c581808080e68f808fc0808a80
80809f808080878080808f898e808088e69680868080a4808b80ac808080aa9480808080b1939bc583808080af80c180808084949e80a880d780808086809b80
808091a4808096808080908980b98080a480809d80c1e1809280b28080808c80809b8080828e97c580808080908f9f809a8080b480808a80d280809097808080
8080808280809d80808084ad8c8980808189809b8099b1808880ac808080928780808080978280a38080808096809b809c80809880808080a580808c94808080
80809d808095cb808080acc4b0808080878480ad80abe180c680c5808080be95808e8080d88080a7808080809380a080878087bc88808989d98c809fab808080
80809699808094808080809c84808080ba8080818098bb908d84a0828080aa90809580809880a3c58080808085809c8a8080b6bd9980a080ca9580929f808b80
80808d80808a8d808080868c92808080a892809480809180978093808080a3998c808080b9808cc283808080a380ac808080849780808580ba8080808c809880
8080878080808180808094a992808080b18080878093c2809e9ca7808080afa1929c808092a980de808280808480ab8098809baf8e808d80b488808aae808080
80808b80808cd680808096c59a8080809e8a809c80b6ef80cc80ca808080ceba80808080e480c9be80808080a780bb80998090a58280cb92ef9d809cc7808080
8080809d8091918080808fa590a580809f80808280a9d8808899c68080879e8080838080809088c780808080878a97809f86808095808080a98080808e868080
808080808084a9808080bc808080808013a380e0b380e980da80118080809fe594b18080aea2811680808080df80d8808080a2cc9280ae88eb808080d080b580
808081808081c2808080a5af85958080a18080ac82a6f280b991bd808080c6a280ac808099c580d9808280808d80af80ab809cd78e808793c49f80a1d8808080
8080828080888080808089a5a680809cf88082808096d380cf80f6808080eac790808080bb80c0f880808080c8800780978480808080c180e380808093808880
80808680808699808080a0bab49f8080b88080968090c78eb080e1808080a0a389888087bf9098d78080808086808980808094b4ab808080ca808080a8829280
80808d808080a180808088ba80808080ae8080aa88a0cb809c80d699808087c480b080809a80cfbc809b8080a58091808080b5df8080b38005d2808ff1809280
8080808080809180808092b7918080808880809180a6e4809680b48e8080bbb9808180808093a9c1808b80808980a4808e8080a980808080e4a98094c38c8080
80809780808580808080a198b7908080be8080a78091af80dd80d7808080a9e19aa58080be86ad00808080808f80b7808085a6ce86809d80b6978087b18c9080
808086b880808080808091af80898080ab80808f80a3008a939eb4808088c68080878e80809db6e280968080a9809e80808080ab80808e801b888085aa808080
8080808080838080918084a08c808084b38080808084c880a580cb808080bf9f84808080ba8d84e580808080ae80dd809b80808080808080ba80808d80988080
8080c0808082b0808080aec6ab808080af8680b780d3db800280f08080808ecdb486808015a1baec80808080a880a9809c80a8db8080bf8fdaae80a000808080
80808080808ba88080809fc9959480809980808c809be1809898c0808080ccac809d80808a8091b88080808088808f808f8080ad93808080af8e808894888080
8080aa808080b5808180aa9bbc8080808caa80bf808ebd80e780ac808080b0b0809f8080cd9596cf8c808080a486ab8080808fcb8080a0a3e6878091a2808080
8080808080808880808094c5b5808080b980808b8099ad80ba80c7808080b29484808080d09099cc87808080a680b480808080c180808880d28e808192808080
808080808080b180808097a182808080e1c380808080c380be80ac8080809fb584808080da80abb980808080c180d0808080a9a0b380bd80e180809883808580
8080808080808080808080b89ba38080b180808580b8db8d9d8edd8080808fc48487808093969111808080808480a9808d8080ab84808080a8a08080aa808980
8080a18080898e80808084939295808fab8480a5809ab2809f809f808080c3a080a38080a1a78de0808080808d90bc808e809ca794809280bc80808ca7808180
8080c6808080a3808080998e94808080eba480a98080a680cf80a5808080bfc082aa8080be80a8d681808080ab80a9808080cbc4a280bd801e808083a6809480
8080ae8b808093808080849a808080809996809680bad48087808a978080d992808080808086a9b5808080809897c980a0809bc38080a683f08280b49a808180
80808e8080849680808088c8ad808080ac808a8b808eb380a580c7808080a2a583808080ce8d8fad808080809380c5808080809380809583e18580a0b5868080
8080808080839f8080809ec2a8808080c680808c809fcc80bf80db808080949f868b8080a28093af808080809a809280808087d280808c87ce97809e93808080
80808f8080808a8080808ba5c1848080a580809980a8db80ba80ea808080d4aa81808080b6a492e7808080808b80c780848085c58c808089ddae808bcb8b8080
80808d888080888080808fb2929d80889f80808780aeda888391b8858080c5888085808080b480ef808080808b80bb80898080a580808080d2808088b6808080
80808f8080809780808083a48d9a8080ba80809d80a1c692a380c9808080b2aa879180808a808edf808080809180bb808580b4b58d808380d5808089bb809380
8080808080808080808094aa929a8080ba808080809ac9889a8fc2808080a48b83958080809388e0808e808091809e808180a2abb0808080c992809091828580
80809780808394808080888f8c8080809a94808a808cae809c80a4888080bb9b80988080a48099ba808080809f80a880868087a18a80a180b98b8080ad808080
808d8580808f808080809aa2b8808095d888b79f8080ad80d880eb808080b1c8ac808080fa8097098d808080b180d38094808d8980809c80b88080809780a780
80809f80808094808380a7a6ad808080d580809d808ebb80d780b3808080a6ce89af8080d2a495cc838080809c80d480849a85a59380a580c880808a98808080
8080808080909b8080808b9089808080cb8280b8a3809d80bc80da80808084cb89808080b38083bf80808080b380b98089808fb88080a083bc808080cf809280
808091808084c980808095a08c808080b98a80a48094ca80b380ba8080809bb0809e8080ba808eb680808080aa80a980808091b580809180d2868083b4808080
80808080808c808080808da1888c8080e980808f8089cd808080f580808493b19090808098a595ea80808080a380a4808080808980809080e28080809c809580
80808080809081888080908580838080bf8080aaa399d680b580e1808080bba3808b808086828ac880808080bc80c880b58094aa938094a7c78a80abbb868280
808e808080918f808080a4bde1808080b2809eaa8088be80e880d9808080bfcba88080800a878912808080808780e580808083af80808080b68380808b9d9480
8080808080a095808080959e99808080ac8086928086bc80ab80c58080808fa48f958080b38084b38080888090809180968080b3818080809a8080809c808080
808080808082809d808091a4898080809e8080808092b28098809e808080a49e8f808080889f82c4808080809b80a5809c80809f80808b86b88180969a808080
80808c808093928080809195a08680809d8080938090b6809980af808080a8a585938080a1809fb6808080809484b080828082a78a808080c28880809a8b8180
80809380808093808080be9e869d8080e880809980b81990be80ee808080d19c84bb808080b9804180808080b980b9808d80aeaf82808b80e8808080ab808680
808080938b8088808880a7be9fae8080bb8080808095e3968180bf8080a1be808080808088828dba808a808085908a8080809ac0b3808080d59280a680b08080
80808080808092808080a4bd828c8080db80809b80b7fb89a880cb808088b9a986b58080809c910280808080938cc8808980c9b1aa80ab860e808090b8808080
8080a38080809d8080809a92998080809e8e809d808abd80ae8093808080ae9380938080a78e9fcf8080808096809d808080a7bf92809380d28980889c808580
80808d808080af808080a09e99808080d68780b9808ee580d280ec808080b8d480918080b78093e580808080cc80d380808084c680809184f8858081b5808080
80808080808a88808380928dac808080c589808b8080a080c980ba8080809e9f81828080d4809dcc8080808fa88096808080aca89c80b580bc80809c9a808080
80888080809780808080999a808c80809b80808880aee1809c80bc80808090c486808080938aa4c580808780988097809f8084b384808080c5968080b0808080
8080808080808080808099b583808080d68180868696b980a880d8808080bdca80808080978088b380808080d080b8808180809680808f80cd8080889e808080
80808080808d948080809a918c808080c2a280a78396ac80e280be80808080aca2808080d280a3c986808080c780b2809d8092868980a980bd808080a8808080
80808080808e88848f809d9698828082f280809c9286b580c380fc808080aecc80998080b48f80de80808080b380b6809980839a9980b180bb8080a39c928a80
808c8080808080808180adcfe2808080b48080858092ab80ca80eb808080a0c29d808080d79f80e98080808080809b8080809cda8e808080b2948080b3848380
8080888080abbe808080b480808d8080d88080c58aa51680c480e2808080bac484a58080b488800480808080c080db80a680acc88f808080f1808080a6809480
80848080808885808080809da8808085e580808180968080b880ca80808080b89e8080951e80afcf80988080ae80a5808f80aca0a080978098808080ac809280
80808f938090ac808080a59a808e8080ac9680af808fce809180a4808080b98680a380809eb380cd808f8089a580c080878080ea80808080e08080909f808580
8080a28080809480808095ada4808080b18a809080abd380bd80a4808080e1a880808080a99aa2ca80808080a18dc580948087b680809498e580809b98808080
8080938080808880868089ac8c9b8080a880809880afc780a380bc808080bba686808080ac829ed7808080808a8aa9808f80b8b18a808f80c59680a9b2808080
80808f80809d818080808da7a9808080ee81808080808f80bc80cc808080bdb38f898080e890a5c580808080a980a88086838b968e80cb80cb8080a187808080
80808c80808583808080aa9380858080a68080948090f380a180aa808080d2a680928080809f9fdb80808080af80c280808089bd8a80818012808082a0808580
808080808093808080809f95a6918080bb808083808ebd80ae81c58080808cad99a580809f9a8ced80808b808080a3808680a8a6af808080bb808080a0809880
80898b80808480808b808d9299808080a582969c808e9f80bb80ce80808084b396808080ba80a6b196808080af80b8809280808c8080a280ac848080aa808780
80808e8080a0b880a280a6a5b7808080e19195a68086d080dd80df808080a6b39b928080f7878cdb80808080a380c3808080a9c480809986d680809aa3808080
8080a0808086a38084809290a0808080b88580b2818cc580d580be808080a4bc89ac8080d09098de808080809680b1809780b6be86809a95d78f8084b8808480
8080988080998e8080809a9a848080809c80809b80a9cc80ab80a9808080b19d80968080ad889ecf80808080a484a9808c808abb83808880da8b808098808080
80838080808986808080a9bab98d8080bd80808780afd380d380d5808080b1c88d948080c2dd8003808080808280b780a7808ad1808080809b998096aa808080
80808c8080808e80808098b285808080c780808f80a5fa80be80c9808080e199808080808983a2e280808080a380c7808e80b9cc8e808189008980aea2808080
80808080808580809680809f8d808087e28080848094c280b580f9808080c4b380808080a981a7d080808080c180c4809880808080808a80bb80808897808080
8080878080808080808098c9aca18080b58080808099bda49380b4888083b2a28aa5808098a3a4e2808080808680928080809dc0aa808080e99580809d808880
80808f8080809a8080808cb799808080b280808d8082a9809480b0858080ac9d80a180809586979f8092808090808f80808084c38b809a80ce9480a39f818080
8080809f808080808080aaa480ba8080d580809a808cf0bf8095d880809481b194b18080808b9b0880808080af80958080809dd58e80878015808080b480bf80
8080808080958080808098a982808081b48080808091ce809680bc808080c598818080809db9abd9808080809980e480aa8080a992808780bb80808095809380
80808d808080a480808095ae9f808080b480809b80b4d680b380c6808080b4b88f988080a6a58ee8808080809880b6809e8083c08080908dcc938089b9808080
808084808080838080809eafafa68080c580809080a5e280bf80bc808080baac8098808095e28017808080808680bf809c8085dd8b808080dc808087a9808080
80808c8080838080808087939580809ad39f8080808095809a80bf808080cf9e849380809d9281bc88808080bd80ae808080808f8080b580b4808080a0808680
80808380808082808080909e80808080e28080808088bf8a9c80bd80808ccf928893808088829ed980808080a980b0808680a68d8280b680e680809a83808180
8080ae8080808080808091cb85948080d68080808080c1a896859c9c8096cdb480c6808080a3b0d78080808080809c808080c4faaa80a580219480a0a7809e80
808095a58080a78080809ab380a08080aa80809f80b5ff808e80a3808080ba80808f818080a682e3808280809d9cbd808980a4b490808d93ff80809996808080
8080808080a88080958089c8b4808080e780948080a2ab80fb80f1808080a6f1ab808080128ca5e982808080cb80d380a18080a08080a0809880808096808080
8080808c808080808080b19880938080c180809880aae990ab80f680808d85df8283808080989ae880808080c180a780808080b580808980d7808080a9808080
808080808082b38080809cbdbd808080be80809f80b90780d38014808080b7dbca808080fc80aafe808080809480df8098808bb491808080bba78080d6808a80
808098928090aa8080808f90858080809f8480a180b2e080b180a8808080ae9f80858080b5869ad280808080a696b7809d8094a380808783d880808098808080
808080808080958080808ba982808080c79380a78080b6808c80c880808099ae8f87808090818bd48c808080a380b680808080809380978012808080c8809280
8080898080829b808080a79ca1808080e58980a08080bd80ab80d980808093c08ba48080bb9580e0838080809e80b280808b84b580809f80e38080809e808b80
8089808080808780808080c39d808080938084868088bb809380d180808095b693808080b58795bd828080808d80b7809c80808080808280bc948080c6808080
808080808080808080809abcad808080a5808080809bc9808f96b1808080a7a29c888080a7a898e0808c808080809d80909088a280808680a19080859f808080
8080b3848080aa80808099a78f8080809580809e809ddc809f8180808080cd8680b1808080a690df808780808e81aa8083809dc280809e89ea948093a4808080
80808080808aad8080809fbc9e808080aa80808080b2e480ab8aba808080a3b88f9b8080b7a292c6808080808e80c980b99480839980888092808086a7808080
8080998080808080808080a59a8080808080808a80a4c08095809a888080d29880808080809791c5808080808780b6808e8080b380808882eaa780a6b7828080
8080808080969b80808086a08e808080b3808080809ab880a580b380808090b18c808080c9809ba5808080809880af80968082948e808f80a18080809c808080
80809e848093bf80808097a7868080808d87809680addc809d808f808080ca81808f8080b78298b0808c80809385a48092809bb784808e80dc92808ea0808080
8080a180808ec480808096978e808080c1a080a18080af80a68097808080ca9680978080cba98fba80808087a880c280858080bf8080aa92fe8080a49a808680
8080a080808f8080808097928a808080808e809a8094a7808c808e808080c286808080808f8d9eaf80808080b19bc080808080a680808082e380808a95888180
80809980809887808080939481808080ae80808e808eb380b580a1808080b69c80808080a080b3b480808095aa82aa808e809db98080a880ea8080948d808080
8080808080809980808098b188808080af86808e808de380b58bcc808080eca4808080808080b4ba80808080ad80bc80928088a88380b88bf58080b7af808080
8080ae808080a58080809ec88ca58080bd8080a28090db9c9480b39d8080c59c80cb80808097a1cb80a580808c808480808096ee8e808180fbb48098ad809280
80808080808a92808080a08080808080d89e80b3a680d180a380cd808080bbbc868e808080808ec180808080cd80ac80868080988180a58bea8080a1a1818880
8080808080809380808097c091808080c480809d808cea80ae80d1808080cfb9878080809cb690eb80808080ab80e780a18080b180809d96fe8080a1b6838080
80808c8080878b808080809a80808080b38581b18080b5809580c880808092b180808085a180adc080808080a780b980808080998080968000808088bd80a280
80808f808098b38088809faeae808080bf8d808f8080bc80c280c0808080adb080988080da8d93a9808080809780b0808a8091c08480aa8dca8080adaf808080
8080808180848e80808091bc848a8080cf80808380beff95a080c1978080b9ad80a680808094a6e1808880808a80a78082808fd69e808080e8a78084a7808f80
8080b28080998e8080809092a5808080deb4888080808080be80a8808080d599a8818080f180a5bd95808093c98093808080abab8080d080d08080809d809880
80808080878a8580808088988d968080d3808080808fa6888080c2808080868d928080809d9887d28095808088808d8081808ba296808080c48080878e8baa80
8080af808080af80828085a6b5808080c18080a38080a780c480c4808080b2b8809b8080da80aac1808080809180a7808080a6bd9580c080f7998080c2808180
80808085808082808080abd185ca8080d580808380bf1fd68580f380808badb984b9808080b289f1808080808b809a808a8080ee92808080dd9a80808d808f80
8080868080809e8080808eaab1808080c580809c8091b5809a80cb80808093b8919d8080cb9484e5868080809580b1808080809883808080ba808080a7808080
8080b0808099be80808095b1aa808080de80808f808ebb80d080b6808080afd380aa8080f194a3b7808080859780b58089809ed18080ae84f580809eaa808080
808290808096968089808792a1808080c290959480809780aa80b38080809fb192808080d88084bf80808080a780a9808080808f80809480b580808094808a80
80808380808a92808680839aa8808080b880899f809cbd80b180db8080808eb3898c8080e480a1e0808080809980b18086808ea496809180bca58080a8808080
80808a8180808b808080a8ca84808080dd808096809cfe80888cce80808cc1a4828f858080a880fd808080809c80b680808092bb8780988013808080d4808180
808097808084968080808ca091808080ae9380848094d4809f80ac808080c092809882809d9788c5808080809f80b7808d80819882809780e3808099aa808080
80809980808c97808080a180808d8080bf8480cc83a9f580ac80e1808080a6ac809480809a80b4e680808080d580af808e8090c780809880fe808080cb80a280
80948080808e80808d808085a9808080d580808080858980bb80b280808085a69d808083d98095d9808d80808f80a5809980c6af8f8086808b8080809380a380
808d8080809a808e8580938a96808080a1808085808eae80b080aa808080999e838f8080a58e95bf808080808e80918095809ca18d808f809c8a808a8f808080
808089a48080a480808095a088c68080b58080998098eca58091b69c8080a28080af978080b281e180858080838c9980808080a89b808080dc818080a980a580
808089808080b680808091a186ae8080dd8080a580c6f3929680cf8080809c98899e808080be800b808c80809180bd80808080c280808080ff808080cd809680
8080a08c8080af8080809c9f8080808007af80868080a580be80a6808080b89580a780809480b0b2808580adb5809b808080caf39a80d280128080a291809780
8080bd808080a48080808c8b80808080b99c80ae80a9c28088809e848080a99588a98080aa80b6cf80988080ae83c2808c80b1c68080a780f78d8088af809e80
8080a0808087a5808080a4958d928080ad8080b1809fd5809e80bf808080aaa680b8808091ac80e4808080809f80bc80828086d08a808080e68d8080b9808b80
80808f808080bb808080c0988680808a0d9f80aba581bc80cc800b808080b9dfb5d78080ba8080ce80808080d580b28081808596a080d980d38080a0be809380
80808380809180808080c5a282808080e080858f8080cd80d680ea80808085ad80808080ba80aedd8080809bcb80978080809ed281808880e980808085809c80
8080938080919d808680808098808080c5878098808aaa80b580b38080809d9da0808080d78097dc808080809980b7808680aa9a89808680a68080809680a280
8080888080808b8080809fad84808080d280808a8091db80ab80c880808099be958680808080b5bf808080809480b8808a809cac97809d80ff808085cd809580
808591808093a8808080919291808080cb80868e809be280bd80cb808080afd2a1808080e9809fe8808080809a80c0809680a2b489808080c7878080a7809280
80809580808181808080a9b0d0808080e5888a8080809480d680d0808080adbfaa80808004a7a9e99c808080a1809f8080809cc09080c780c9808080b7808080
8080a0808080ab808080969880808080c89c80a080809d808280b581808093a48b878080ab80a6b580a98080aa808e808080a6af81809d80fa808098bf80a580
8080ab80808a8f8080809c8f8e888080d280809a808bca809e80ba808080a79480b580809a88a3dc80818080a0809c808080a2cf93809380e687808099809f80
8080a8808090ba8080809a9594808080ab8080b280aed580d580c9808080abaa87958080d58385e280808080ab80b0809e80a6b98080878bc7808089af808080
8080a7808080858080809cb08d8080809aa080a1809dc680b38091808080d580808a88808bb68fda89808080a680bb808c8080bd8080a198fd808094a5808080
80808180808080808080afcd9b808080a480808080b1e3809f99e5868080dbbe8080808085a9e2d7809080808b80b580908086c080809c80eeb18092c0818080
8080808080919f8080808a8c98998080ac80809a809ac9809e8ac580808095978d9e8080a69d80dc808b808089809d80a4808fa598808083a0938085ae828a80
80808980809999808080989fac808080c7808080809ccb80ab80aa808080baaf93948080bfaa8fdc808080809380ba8099808ca380808a80b880808985828080
808092c280a2a6808080918480818080b794809c8098e380bd80a5808080cb878081808095809fd080808092bd92a280808099ad80808980dc80808086808b80
808080808088808580809a8f86808080cb808089848ea780a780c5808080a294809180808e878dab80808080a380ad809582949a9c80b082cc80809a95808380
808081808080b380808080b684808080ab80809480a0ce80a280b7808080a0a9808d80809a849daa808b80809580ad80838080af80808e80d89680a5c8808080
80808b828080af808080a4b0a1a78080e58080b780c10882b880e0808080bfb480a9808080bb800880808080a180cd80858087d994808080fb80808bb5808080
808091808080a5808080b0bdba968080808080a98080c480ac80df80808084a78f99808ac78092b48080808080808580808096d18d808080bcaf8080be808980
80808080808080808080a9c49e808080e7808080809ffdae8697e582808080c1928d808080b6870c808080809480ba80808080959a808080c7808080af809580
80809fa68084b8808080cdae80c38080b28080a780ac1f91b387c1808080ff9f80b2808080b0800a80848087b480b48089809f27808080800a8d8080af809580
80808080809b80808080948f80808080b98085a48b80be80ba83e5808080a3a28e8b8080a58994d480808080ac80a6809e8080978080a58b9f808080b5808080
8080908080939d80808094a191958080b180808080a0d080a585a4808080bd9380b4808092a980d1808c808080809a809980a4c597809180b98d809ea9808080
8080808580849d808080809f8f988080ae80809f809ac280af90a8808080c79c80888080808184bf808080999280a380918080b780809584df8080b0b0808080
8080a98280808880808080a588808080c191808780a2dd80b7809d8b8080f39680808080ab80b9ce80808080a580d68083809eccac80a180fb9480a5808e8c80
8080a2808080a98080809bb1a68d8080b58080a580c1f880c180b5898080a0bd8698848095b285f3808080808080b980ad809db780808d92d48780b1c5808080
8080808080809a808080a5b593808080d684808080a4e2809d80ca8080809cbda2808080a09596da80808080bf80b880858080a687808a80c880808093808080
80808089808aa7808080868d80a880809c8080a686b1d5809480ac808080a39181808080a88080c68084808093809e80ad8098c880808080c280809ab1808a80
8080a5808080be8080808cb081808080ab9880a580a0fc80a280b5858080fbb380ae808093aaa2d680878080a980cc80898080b78080ac80228e80b4cd808080
8080aa80808f83808080998f80808080a88a809380a3e180b8809b808080e4a5808080809580b6c880808080c798ea809f8092d980808c88fa80809591809a80
8080938680808d808080ae8c879d8080aa9380a980a8df80a180ba808080a5a280a3808089a780ed80808080ac8ebf808c8099af80808080f080808098808180
8080808080878d808080b4cdd4808080be8085a4809ab4800d80fa80808091c6bc80808006b580029a808080ba80cc809a8080998680a180b8808080a2808080
8080a08080808080808099bf95808080b78080808096b79a8f9493978093bd9683a1808080a394c68080808081809b808080b5cd8b808e80c284809da0808380
8080a38080928d808080819e91808080cb94858080808b80ad80a1808080cbaf98808080e6809fb680808080ac80978080809fad8080c380d1808084a1808c80
808d99808080808084809d9ab9808080d18c8c9280808f80b580be808080b4a090808080c68099bf84808080b480ba8080808faa8080a780b880808088809880
8085808080a5ca8083808b88ad808080d18081988092c980d380b18080809eab87848080038091bd808080809680a5808f80a19c86809b81b580809296808080
808080808080c18080809abca68f8080cb80809880a7e780b580d2808080a3ae809b80809d9280c6808080808c80a580808092d092808080e5958086bd808080
80808980808098808080a0ad9a808080d58080a0808ed580e580f2808080c0dd8a808080be80bec880808080bf80e280a280a1af8080bca40480809cc8808080
8080808080a980808080929d80958080b48080808095c09fa196b2808080c4a7808080808980b3a48080808ba480b480928082cc96808080d28080a680818080
808d8a8b808093808080afad809a80808a8080a280b606808780dc808080aac9808480809880b9c380938080ab808080808080c18080808000bb8080c3808780
808085808080928080809cada4808080b58080808091b880ba84a6808080baa6948c80809d9b9ad3808b80808b8099809280a7b68080ae87bf808093ac808080
80808380808fb98080808daea9808080a9808092808ac280ab80ae808080cda280838080ad8181ae808080808a80ac80878082a380808a95dc80808fa18c8080
8080bb918080c08080808e8a80808080d19b80b280a2eb80be8099808080e2b180948080808095d78080808fbc82e08086809adc80809787158080a5ae808e80
8080868080809c80808095c2819f8080ce80808080b5e4808086bf9980809b9484808080948fa8bb80ad80808580a9808980b5c0af80ba80098080ddab808580
808084808081a5808080a6d1a2808080a980808b80b2ef9bb088c580808097caa2c880809cbba3e88084808080808080938093ff80809380a6c48087c1808080
80809b80808091808080a59f8e808080b186809f809bd180ca80cd808080bec48e848080b1a99be580808080c180c08091809ba88d80a685ee8380abd3808080
80808e8280808680808097a680958080ca8080968098e480b780db808080abbb83968080808690f680808080a280a2808080979e8080968014808080c1808b80
8080a280809fc3808080909599808080afc180b7808fbd80d980a7808080c69c80908080d4809dc2808080a0b080c08087809ec38080a99fe48080a3a5808080
8080808080978080808089c098808080a280808080b1d280b788c280808095b685808080a182aadb808080809980c0809a8080a686808080bb83808099808080
8080808080adab80808080b080808080df808e95808ad380ca80ea80808090c6968080800f80a7bc80808080ad80d080b480809680809981d5808080aa808280
8080808080878f808080add794808080bc80808080b9eb80ce80cf808080b8b5858a8080afa99fc9808080809b80b980bb80809c91808c80a88980ae82938080
8084808080a1808080809bc28f808080b7808080808bba80ae81d7808081a7b380808080a8949ca380808b808580a480b08083b0988091809e81809a988c8080
80808080808086808580b2adb6988080de8080a691b0e183e280fe808080b2d48c9a8080ae8080f280808080ba80c7808f808fc9a1808080c38d808693818080
8086b2808096a7808080aa8b9eb48080958080a780a7ce80b180b08080809ea3a69e8080dc8096e3808080809f918e8083809eb980808080ab8080809f80a580
8080b8808085a1808080b2b180838080a98080a780b8ee80b880d280808090b589a08080ad80c0c480978080b280918080809adf80808080f09c8086c5808e80
8080da8080a1c8808a80a18084808080f4b980c88080ae80ea80ae808080c7d680cf8080f880aebb8080809bc685ad808080b1ce8280c8890a8080aa93809080
8080ad808080b6808080acc3a0808080bf80808c80b8fb80d780b6808080e9a284a280809f958dee80808080b180d3809f8092be8080af9de58080a3a8808080
8080928080838a8080808d9d91848080ae8080878086a9828080a0808080b48080948080808496ba808a80808d83918080808ba98d808e80d68080809d809b80
8080928080808080808080af808f8080f980808080a0f6a5a493b89f8080b5a982d080808099afe4809680809380ba808080a3d7be809780fd9e80acaf808b80
8080808080809d8080809caac380809bd3898091808eb980bb80c7808080b5b680808080c79581cc80808080be85ec808080808c80808b8dbc808080808a8080
808085a88080a780808099a5a69f8092ba8080a180bbfa859980d0808080ba918082808080c88006808080809683ca80808080a780808080dd808080a2808080
8080828080948080808094cca5808080a7808080808db480a180c0808080c7ab80808086a9a49ac7808080808080aa80978082c691808780d08f80a3989d8380
80808080808093808080a3c8b2848080d58080b783b8f180d280e9808080b5ce80a1808080c2801c80808080a280dc809d8080c080808098d8808080c7808080
8080808080a299868c80909f84808080bb80808080a2cf80a480d8808080a29883808080c99880cf80808080ac80a580b48080938c8080809180808a87808080
8085808080a88e808780808bb1858080c380808880a5a780cc80bd80808090bb84808087ed9a88e2808080868f80b180b48aadbb8d8082809d808090a8808080
808081808080a480828089949781808dcf8480a68184cb80ae81d1808080ba90898c8080a58080ff80808080a280bb808380a8a28180a582ca828096968a9880
80808080808daf808080a78c80808080e09880a4809e1880a880e2808080c6c68c808080ad808f0480808080dc80e680a280999980808080e880808086808180
8080808080879d808080b6cac1808080a280808c80b1e880c080da808080a8aa999b8080bbaa9bec809680808080808081808fcc8b809b80ccaa8080ca808080
808080808082808080808aa48d808080b780809d8085bb808680da808080a9aa85808080a09e86e080808080ad80b8808480808580808080d0808080ac808880
80808080808f898e9b8086af8c808080dc80808080a0d580cb89d3808080aec180808080ac808bc380808080b580d780948080a690808680cb89809280978080
8080808080809a8080809d8080808080f78180a08981d680aa80e08080808ecab09f8080a78085f980808080c780b980898097af9a809980c8808080a780a180
80809880808080808080a5d9c98080809c80809f80bedf80e580d7808080d9ad80808080beae9a0f88808080a680d9808f8080a280808d8ffd808080c1808080
8081bb8080809e808080c2c6ca8080809380809b80baf983bc86e7808080cedc9aa68080cfd9a21e80808080808082808f80aef580809180c1d6808ef5808080
8080a3a580809c8080809b9b8af08080d58080ac80b80fc78b80d3808080b680809f998080a390038080808085a783808080a0cd928082801f808091a680b180
80809d8080808080808080ab928080800d808080809eed80b28ccf898080d89f85c2808080c78508808080808e80ca8087809fc1a980b880ee80809fb9808480
80808080808080808080819c80808080d0808084809ce780be80ca808080e7b0888080808092a0e180808080df80ff80aa80809480809f93d98080a091898080
808080808090988080809ba7b4808080cb8080888093cf80d180d8808080a8bd94808080ca8084de80808080a580bb808480809e8f808380ac87808088878080
8080958080809e80808090cfa8808080b280808780a9cb80b380bb808080a6bc8a9b80809d9c99be808080808080ae80938098cc82809b83c59380aecd808080
8080bf8080a3bc8080809a8081808080c29980b080a0e480e780bb808080d0b4808e8080e680afd880808089c080d3809b80c9c29580a68d0880808ca8808980
8080b48380888c8080809a8b80808080d39380aa80afea80e780b7808080b49f80898780ab80bdec808080a0d988cc80898096d78080ad80128080909c808980
8080808080809b808080a0b88b998080c08080af82c61c80b183e1808080b2af80a5808080b68014808f8080a480b980998096c78780809bfaa7808cbd808080
80808080808e808080808b8d91808080b080808080808b809480948084809b8b8b808080a08390b285808080ae8097808080808580809280a48080808080878b
8080808f808f85808080809597858080b780808c8091a3818986b38080838e9080808080988f80c28d80808080809380808080938a808080b28080809c808980
80809080808c89808080849a89808080d88080808092d080c780c5808080b2a1879a8080b280b6e280808080a980b3808d80b2988f80b580db8080968f808080
808084808084b18080808a9593808080be80808c8098c880ab80ba80808083b1a0888080cc8099c5808080809480a080808095a690808e80c18d8080a8808380
8080848080808680808080ab8180808084ab808b80a7b480c28094808080bb9780808080a38d9bbf90808080b880d380a480808780809e80c68080959d808080
808080a080889e808080949b80978080a980808b8093d890918eac808080918a838c808087808cbb808080808a8080808680809c8c808080a080808093809380
8080808080808080808085d59e808080ac808080809fb2809098cd808088a49485808080a180aca9808e82808080a1809580889f9b808080ac99808e9c828380
8080808080808f8080808ab680808080ac89808480a3d480859baf8d8080a6a184808080809d9cbb809580809f80bb8099808b9e80808780e68080abba808080
80808780808ab3808280999b9c858080cc8080bd8eaffc80e780e5808080e29c80808080bb8081ea80808080c689d680a28095c380809dbfe88080a796988080
8080898080808a80808083ae8e808080b88080808096c3808980a88880809aae8f838080ae8bb0c5808780809c80a880808085a08d809580e79d8080a4808180
8080808080928c8080809d9c85808080ae8c80ab80878b80a480ab80808092ae96808080a88086aa80848080c380bb808080808b80809080bc8080879080858b
808092808080a38080808ca49e808080cf8080be809fe680ee80de808080bdda8f988080909087fd808080809b80ec80a080a3ab80808fa3e180808ed9808080
8080878080808d8080808ab28a808080c480808583bdd180a780ca808080d193808080808780a2c180808080c480c480a080808c8080b892d880809a9b808080
80838880808096808080918c8f848080928080a18086a3808b80a78080808a9c809a8080808080a18080808091809380808080a486808080bc8b8081b0808180
808080808080a6808080adc588808083bb868080808bd780ca80c88080809ea180808080b8819690808680809180868080809beba0808480c39a80b3c5808080
8080af808089a9808080aa928bae8080ce8080c8a49ed480b180dd808080ccb680cb80808f9a80e980808080ad809e80808083d79280ae920f808095cb808080
8080968080809f8080808ba28ea98080d38080a580b9e780ab80d0808080c1928092808099a48003808080809e88cf809e80b0a897809080e6808095a7808080
8080808080809c808080a5ac89808080ed9b8083808cd280db80e5808080b0b58a808080db809fba80808080d580ca80808093a0af80a780b980808b80808080
8080828080839d8080808bba88908080d480809480b5fa80a691d1958080d7c380bb808080a691e980aa80808280b7809d809acfb8808f80f8c68096cc888280
8080828080828080808095b3a6808080918080808090b280a68094808080ce9b8080808084b686d2808080808080ac80918080c484808180c28f80a094968080
8080808080809b80808091bf9c808088d78080a680b1c586be80c9808080afaa8080808080a980ce80808080a384ce80898080ac80808f9fd480809aa5808080
8080808080878680808097928b808080c8a180968080a1809b80b880808083a09f808080b89797d08e808080ba80c780808080808c80a380c080808091809082
80809f808080aa808080818b8f808080dd9880968080bb80b780bd808080c1d1998b8080e580a4e780808080b880be80808097b48780ae80c3888080a4809180
808080808098858080808996a9808082db83a78a85809980cd80cb8080809eaaaf808080e58086dd8d808080b780c4809180898688809d80988080809180a680
808080918087ae808080868481988080ac84809c809ad2809b80a7808080b183808180809f8080c4808080809786a5809180a7b08e809380c68080989b808480
8080808080919380818094998b808080d580809f808fd5809d80e98080809ae384898080af9f90e0808080809f80b7808f8080948d808080d0808080b7898d80
808099808080b580808095acac848081bd9980b48096bf80c480b9808080a7bd80a28080b1a38de2808080809e80bb8080809dbb80809f8fed808090ba808080
80808ca78080a780808082949b8d8080908080a28086ab809689aa8080809e8c80878089938080be8080808080808680808083b181808080b4918080ba808080
8080918080809880808099a896878080ba8080aa8091cb80ac80c9808080b2b3809d808087928fdd808080809480c58080809da09780968009808080d5808c80
808080808080a5808080b5a1808b8080c88080b384ac2a80ab8ef0808080c1a78a988080868c99f780808080d080da80b58095b78d809397fa808093be808080
80808080809c8c8080809b9f80808080a1858089809faa809780ab808080809696808080cd87a8af80858080aa809f80a3808a928a808d80bc80808292808180
8080808080828380928082bd96808092d3808080808dad80aa80d0808080aec29b808080d4819dbd808080809180bc80998083aa90808c809291809381878e80
808088808081868080808aa5918080809e808080809db6808d80a28380808e928a808083a18fa0be809980808580b680998092b489808080bd9780878e859780
80809b8080939e8080809e89929a80809d8080b0808acc80b480ca8080809d9ca5a38080c48092de808080809a829e808c80b8a4a3808080c0808080b9809c80
80808080808f8080808095a6a5808080d28080808093d180d280d7808080a6b792988080c3a39ffb808080809580b7809d80a5bcae809380ae8e80978a848180
8082938080818f808080849087808080d1988c858096bd80be80c2808080bbaea8808080e080a1e880808080c180c380a380a19780809880b4808080a6808e80
8080ac808080ba808080bdc397a48080c78080b88096d485bd80b180808095a580e3808098bda2e6809d8080a4808d80808093f380809d8007a78080b1808080
808096808080b1808080a88f86808080f08080b58092e980d080d7808080aadc9ece8080989da2ef80808080ae80d1809280b0b29280b284dd808097cd808080
80908480809a8b8085809494c0808080d180808e808ea880c580cf808080b1c6a1848080e2948cf6808080808180af808e80b9bd908089809e848086ab809380
80809980809f80808080b5adcb808080cc8080808091bb80f780dd808080e5eea08d8080009fceed808080809780b280948fcfe29e80c480be9380b5b3808080
8080808080808880808089b480a28080af80808e8095ed808180da808080b5ae8085808085a28ed0808380808080a980a58087b9a580838002a180adc7948880
80898080808780808080af9e9b808080d6808c848090d680b880e88080809ab7949b8080a3ac970f80808080c280ce80988f809280809d80be80808080808980
8082a480809bcc8080809e948e808080af8080b680aee580bc80c68080809cb6808b8080e2809bdb80808080ac80c18080808aa680808080e2808080b3808080
808980808088a380808099b7a2808080a5809298818fdf80b68cd78080809aa982808080988080c5808080809a80a9808a8080b289808080a79880809c8c8280
80808480808095808080879280808080bd9f80998087b9808a80b6808080b1a380808080a3858fc680808080b980aa808080809780809080e08080839e808880
8080808980809580808082c5999e8080b980809080bafbb68598c6808080c4988082808080b9900b808980808080998089808cdf84808080e2bb8080cd809b80
808086858080a8808080a4bf80888080bc80809880b41380ae80e0808080b7a680968a80808ea4e380808080a38099808b808ab080808080f8808083b8808080
80808080808c81808080889588808080ce808e9c8e83bc80d180e7808080b0b390878080ae80a5d380808082bf80bd80968085998080b791b7808085b1808080
8080838080898c8080808bafa1808080ba8e808b808da380aa80b8808080b0a880808080e19d9dd580808080a680b680818080a39280a080d48b808388808080
80808080809aa880808098b1aa808080948080848093c680b180bc808080a09d89828080c58a87af808080808b809e80a987839e8180818ba080809291878080
80808d8080959b808080868fa2918080a68080a3809aaa808a80b0808080a692888a8094ab808fcb808280808e80ac80808086c080808080bb8d80809b829a80
808080a684808380808082c18ec5808eda80808380c4fc998080e1808081a18080978b8080c480fc808c80808080a3808f8080ae84808080d680809c98808080
8080a1808091938080809c9ebdac8080a18080a48094b880af80b6808080b9b884a78080ab9584e1808080808080a3808082a2c7a0808080dc84808eb6918980
80809380809283808280818180808080ca8f8083808a9d80b280a7808080cb9088808080b0869cc380808092bc80bf809b80a8ad8080aa80b880809282809180
8080a480808088808080afa38d8c80809e8580ae8091e780ae80ae808080c1a180a48080809a800580808080ad88d28080809aad94808c801e808080bf808580
808098808085988080809e8e80808080a492809c8092c1809c80a9808080859b88808080c680baac808c8080a683af809c809b9983809880d5808089a4808b80
808089808080a280838093a6a2808080a3a480948090aa80a680b38080808b978f808080de9291b380808080b180a7808080839f80809180b381808ca1808080
808080808093888080808ca590808080b18c809180849a80a780b7808080a29f99808080c59796c580808080af80c0808980808b80809580d580808099808980
80809d80808ca280808091c5938080809680809d80c1c4809d80b9808080a69c80808080caa080cc808b80808e80b180978080b580808080e28d808fc4808080
808080808080c28a8080809b80b58080b58080a080b7e1808a80ab808080ae9080808080c19880e0809b808080809d80bb8087cc80809180da8080c3ba808980
80809380808080808080a5deb9808086af80808480a5ca80ab89c1988080b5878093808083bf9de38091808083809f8080808ac69a80a880e6a7809abe808080
8080878080928480808083b7808080809180808f80abca808880b6808080bb90808080809580b1a680918080968093808880809980808080d8968084a6808080
808091808080cd80808080ccb9a88080c88080ac80c9d786a280cb808080a8b292a48080dbb880f2809a80808080aa808b808ee382808880e2bf8099dc808080
8081938080a7968080809b9c899280808f80809980a0c383ab80b2808080a39e808c8080a78090ad808080809b8a868087808db180808080bf80808082808480
80808080808880809a80859f95808080a380808680809580b683ad808580a79e808080809b8093a985808080ac82b0808c8d808980808c818c80808080818080
8080808080809c808080b2a880808080f68580ad809d0a9aa380e78080809fc080ab808080809ef880808080a680cd808080abbeab80a68023808080c280aa80
808091bd8080b5808a80c99c9bd9808bbc9c80998089dfb2a080c4808080b9b387a08080a58092d180808080b1808b808080c427a1808080edbb808d9d808b80
80808b968080a080808082b4808080809e89808780a6ec80949295888080c99f808b8080809da6c6808380808980c38090808cb080809e90f08a80adc9808080
8080b5808080938080809aae90818080ca80808480a0c5839e879e9a8080d38b80ac808088ab80ea808080809380a6808980bace9680a780cd9180aa9c808080
808083808080b080808093aa908d8080ac8080b19db4d780b780cf808080a795808f8080a68880dd808a80809180a580a18099c285808a93d3818094ca808080
808083808080bb808080b1c0cc808093029980938080c180e280df808080b6c8b38080801c86960480808080c480e38080809ebb9d809c80f28080808d809080
808086808187ab808080a19e91808080cfad80b995809980a280b680808095bf938c8080b58f80bf80808080dd80b280808080a480809488d380808f8c80808e
8080808280949c80808099a380808080ac80809480a9ee80af80c5808080b1a6818080809f80acc080808080b180b880b380988e80808e80d880808a9a808080
80808780808880808080809d83808080ea8080808080a08bb380ab808080afb380918080a280c1b6808080809c80be80808097cba180bd80ce80809b90809180
80808380808089868f8083aa94808080aa80808280aabf80ac80a78080809f958080808096809da780808080a286ab809b8080ad80809f8fc98080a285808080
808d9180808f80809c809aa9c4808080a080838080889d80b280ba80808097a698808080dd9a98cd8a8080808080a580818093c789808080b3a2808084869080
8080809580808080808085aa80808080908080888098fa80929cbe808080c7a6808080808093a7cd80808080b580d9809080809a80808080108980949f968080
808080808080808080809cbfab8f8080998080858090be869199cb808080d1a1808c808080a597dd809b808080808e80808080b389808380ca8f8095bf8d8080
80808599808090808080b1ab96d18080cf8080ac80c0249e8880fc8080809dc2809a8080808f8006808080809882aa80808080c9808080800f808080aa848d80
8080a18080809f80848095b4848e8080c580809b808399808880bb8080809a9180a58080b79e80c2808a808095808180808080b896808780cf8080a093808e80
80808080808588809480ada0bd808080b08580a48084c180d480dd8080809ead8d888080cc9d82d880808080a180b98090808aae8a808c97bf80808a9f8a8080
8080808080ac98808080a2debc808080cb80a1888082b580e180f7808080a2b2a0808080218e80d1808080809d80c280938080b380808080ac808080808e8480
808080808098a3808080899a80808080a680808e8090b480a280a580808083a68da180809780949c808087808f80978089808ca689808080a6818080a2808e80
80808080808ba3808680918686808082d6ad88a88080aa80a880d980808089c08f808080d48080c680808080c180b1808080808280809580ba8080809e808780
80808c808082ae808080809187808085d4c2809c80809880bb80a3808080aaae80808080d1809fb181808080bd80c280808084839180bd80d680808095808080
80808080809b8180808088bb808080808c80808080a6d3809e88a8808080baa3808080809e879dac80808080a480b680b880809f80808080b785809688898080
8080b1808a809a808c80a595978d8080b48b808c80859780808089978080939380b78080b3a3929580808081939a9b80808080c085809080c18080b188808380
8080a08080809180808094b3a58080809d8080ad80a5ca80a980a8808080b78c809383808eb280f3928080808180b9808d8080b780808094e3808090b1808080
80809180808080808080aab5b2808080a48780808090b980c780aa808080b0af998f8080aba195ca808080808980b180938697a98a80ac80d6808090b8808080
8080808080838f8080808f9f82808080be8080a992a9e780b680e980808098c1899180809580a8d280808080b580bf80998089a78980928fd99b8083cb808080
80809b808098a5809e80a892bf808080fd92808a8080b080de80de808080a0e79e9b80801881b3ca80808080bb80b380808099c49b80c080c580808b93808080
8080818080938e80808084af9e808080a1808fa68088bc809780e280808093ad8680808ca68087be8680808084809c808080809d80808080d1808080b7878a80
8080808c80a1cb808080968080968080c28c80bb8fa3e880a780bb808080b6a6809a8080c78080eb80828080af80a2809c80a3c685808581ca80808b9d809580
808480868092918080808a88938080809d80848e8086b680a186a88080808f8f8d8880809d8e89bf818080808c80968b9a808097808087808980808099808080
80808a898080968080809baa809180809d8f8097808fca808080a88c8080a58080828a8080a780c18092808093809780808080aa80809580ef8080a9a3878480
8080cf808085bf808080aa918080808098b280bb80af0e80c080b3808080e8ae809b8080b88795ef80808080ce80ed80928098e78080838a3a80809cbe808080
8080a08080848d808080949f808380809f9180c180a3b5808380b2808080a28480958080938e91ca8e878080a080a080808080a380808180f280809fa4808080
8080a28a808092808080b0b480a78080b880809e80b20fa88491aa918080caa280cc808080cfb20d808880809280a880808085028e808080fdb98080b780b980
808082808080888080808ca99f808080ab80808a809ac2809380b9838080a99f808b8080809399b5808080809580ad80858080a580808787c78f8090a68b8080
80809a8b8083a9808080878680808080c7b680b580ade280b480d3808080c5ae89808080b6809cdf80808080d084dc809f80949f8080958de1808080c0808d80
80848080809eb98080808a8f9e8c8080ab8080a484a7ce80ca80cb808080a5a994898080dd8082d6808080809e80a780af80abb680808f8fa78e8085be808080
8080938580939e8080808aa180838080a48080a580b6f1809686ac808080c7b3808080808c80b6be808080809880bd80a08083be80809a80fc80809abb808080
8080aa808080ad8089808e9ebd808080fea3809c8080ad80dd80c8808080cec88fa38080ef8488e091808084ad80ce808080a0b38080b986ee808080a2808080
8080988080858c80808094a895808080b188809380a2c580d180bb808080bd9689808080c680adde82808081c380c7808c8089ab80809f80ec8080809b808080
808080808080858080808ea680808080b8808091809adb809986c9808080a89e858080808092b2d980938080c480af808080809580808e80e78b8085b6808580
808080808080a1808080b8ba908080a1afa2809a8091ca809980c280808098a893808080b48085a280808080b1809e808080809f90808080bd8f809cab808a83
80808c808080868080808ba08e808087daa9809a808082809980b18080809b808a808086cc80a6b480868080c880c0808080808c8080af80cf80808086809688
80808f80808a8080808085c38f908080a380808680caf2a68f8db5a18080edab808a808080a9b3dc808080809080c3808e8080cf82808080ebbd809aa9918080
80858080808e80808080a1a6a1808080ad8084948081b3808e80d280808086d191858080b99e91d9808080809f80ae808080809480808680bd808080a5808080
808080808096938180809cb48e808080b680808e80b4f380b380d9808080afd89f8a8080aaa28ce480808080bc80c280b780808780808f87a98080889b808080
808098808086b0808080a39a80808080bb8b80aa869eed80b380b2808080ccaa809a80809b859bd080808080b080b680a580acbb8980a28aeb8080a9ad808080
808080808080bc80808081b9aa80809db9b780b080abd480c880d4808080cfad88808080e4a084e896808080dd80fb808e8080808080908ae1808080a6808080
80808e808084a7808080a0b79d808080da9780898096c780e480b6808080a2b29c8b8080e49e90cc838080809c80c38095809bb99280b580d5808098a6808080
80808080808098808080d6dcbb818080ab80808080b1f180ca81f0808080d2d7af988080b294b8e680808080808088809580c8c7ae809c80d395808cbf808080
808080808080a280808084a6a3808080aa8c82948087b380a480b180808096b389808080ba8788b880808080ad80cb808a80808280808580af80808793808080
8080808080958980808093a0808080808c808098809ed1809a80aa808080b4a6808080808888a5b980808080a086b5809f80809980808080cb80809095808080
80808080809480808b8080808b80808cdb80808080809f80aa82bd808080b5a383808080c18c88ce80808082a080c0809080899096809a809b80808097809480
80809e8b80818f808080878080808080a39380a882a4d7808c80af808080b49e808080808680b4b980808080c68bc480a48097ad80809786f2808094af808680
8080808d808a84808080959f80958080a88080958093db808885cc808080b8ab808080889680aad880808080bc80bb808080808491808080eb80808087888a80
80808080808f878080809ed09d808080a68080808098cb80c580e1808080c3ce80808080df81bbcc80808080a580b780a580809e9580a080a78a808a97808080
808099808096b280808091989d918080db8080a480c7f580cb80d9808080bdb980898080dbb68009808080808380c080c0809fd789808084df8080b4c7838980
80808a8780809b8080808d9a81808080998480a680a6e380ab80bf808080b4a780888080939290d6808080809e80b880a18089a080808792db8a808bbd808080
80808380808b97808080929b8d808080bf80809980afe280ca80dc808080bda280808080ba838aea80808080b380b180a48099a58080898cc88a808cac808080
8080808080888280808080a884848080aa8080808096a780969ba3808080a69d80808080a480a49e809080838680b280b28098ab9e809780bf8080ada8808b80
808080808081a58080809c8b85808080d68080a59880cc869180ca80808090b49cad8080858980ce80808080b180b080808090b88b808a80c9808085a2808b80
80809c808080808080808fa0a38e8080bc8080888097ba809d80b3808080a49a8fa880809cbd80ec858080808480a4808a848bb080808480b380808ca3808080
80808780809f80808080968ca8808087f88086898080a980cc80d8808080b9c4ac808080eda2910380808080b880db80958080808080a780a38080808f809280
808e86808082918080808c8786808080b28080968092af80b584cc808080a3bc9d808080a388a5d4808080809c80b9809c80b1be80809588a886808ed3809880
80808c8080a399808080a0ac9f808080d1ab99988093c480fa80e6808080b2a3a28080800e8098e480808080da80b880948093a68080b980bf808091a3808080
80808880808789808080899e99808080b88b80998092bf80ca80bf808080adb298808080ca979aea80808080ab80cf808f8080a486809a80d7808086a7808b80
80808080808a8b8080808798aa8c8080ac80808f8084ac80b3809f808080cba280878080a79089cf808080808580a7809880a9c387809380b68a80a39e808080
80808f888088a980808080a48280808081ab80ae80adcb80b180b0808080b58e80808080ba80a0b690808080bb80bc809f8080918080a091dd838080a8808086
80808080809780808080929291808080b38080aa808cb980ac80d080808084b3868980809e9199c083808080ab80bc808d8080a080808087bc808080a5808080
808092808084b4808080808980808080ada9809e808db78090809180808091a89c888080ba80aead80808080a980b58080808f8e8580a580ed80808298809682
80808c8080809380808086a2a0808080b98080808089af809080a8808080ae98938e8080b38a9ecd8080808097809a8080808bab80809680b78680809e808080
8080808080958080808080c080808080fd808080808fc79cc2a5df808091d3a0808380808980c6d280808080aa80de8091809299bc80c680c084808b9b809b80
808080808086808082808dacb2848080b880808b809cbc80cf80df808080a1a890808080cb9e82f1808080808080a4809b80a2b598808080a6938091a7848480
8080958080808b80808084ae9a8a8080ab808092808eb588a280b4808080b59f808580808d9193ce808080808780a380808090a991809680d5808085b7808180
8080aa808093b78080809e8280808080d7ae80b8809ce180c280b8808080c1b98f808080c080ade880808080e686d28080809aaf80808f80058080809b80a080
8080968080848b80808091cad7808098b780808080a09680db80be808080c7cea5808080eda9a8e7808080808080c980898a95ba8c80ad80ad9e80a2b8808080
80808080808e80808080a7a9898080809880808d80a2cc80a888ba8080809e938580808080928ab680808080a580b480a58080a980808080b480809088808080
80809780808099808080a6ebc3808080dc80808180c60780cf8008888080e1f9a68b8080a8a1f2fb808080808080da808a80b5feae80de8025c1809f18808080
8090808080808080808090ad8f808080b0808280809af180a080d280808096af8e808080d180b9da80808080a680c580a080938099808080d7838080808a8080
8080a2808090908082809980918e8080bc8080998096cb80b380b9808080aa9480a18080b59789e780808080a2809e809080acbe8f809280c28780859a809080
80809980968da4808580b891808d8080ccaa80908085bb808680b8808080999583958080ce9782aa80808080a4888e8080808db89480af80e98080b492808680
8080898080828680808093acaa828080d780808980a7e180ba81d6808080bea88da48080bbc6801a828080809180c480988080ac8b808080aa968080a5808080
80809880808080808080a5c8c19680809f80808080a8bd80b085ab808080c6ab879f80808cbe93ea808780808080a080808da4d093808e80c89580a8b2808080
8080808080918c8080809a91a08c8080ee80808880aad799b780e480808080d68b8e8086dd9ba80580808080a480b380888090ad96808080b080808097809080
8080968080809780808091bba2808080d580808b80bade80e480c8808080c5cf8a918080b1a89dee808080809780dc80aa80a9ce8080a78ad18280aab5808080
80809c958080a7808080999b85a28080b880809980a3d98fa380a4808080ad8a80ba808087988fcf808c80809a848f80808096da80809380de93808c95808080
808080808080c9809a809c9daa808081efb1828b8080b880d380cc80808080bf8b8080801280aab080808080bb80af8080809ba98b80a980c780808592808080
8080808a808f808080808c9a858080808a87808f8099bc809b809c808080b5888080808087809ea980808080a396be808f8280a180808580bc80808285808080
80808080808c96808080979380808080e58080a7a380c395a880c1808080a7c595c18080808095c880858080c580a080808088d892809a80eb808099ba809280
80869f8080a89a808080959796808080aa80809a80a9d580d080bb808080bba689808080dd8090db808080809c80bd809780a6b887808180d88080809f808980
80808080808080808080a2b6918a8080ce8080808085c880a494c580808395b3838080808081b1c3808080809380bc8080809aa1ba809980f9808082ab808f80
808099828088ae80808083808b918080f48080af8089b7a1a980b880808097a5809b8087be8093ea808080809c809d808080acb389809280d18080809c80b180
80808d8080808f8080809ab3b080808eaf97809b809eb480db80d1808080afbbb4808080dbaa8efb978080809980bf80ab808da08080b088b5808081d8808080
808080808090808080808fbaae808080ba80808080868280b480b4808080a494ad808080cf879ac0808080809e8091808b948b9e9380aa808780808282808080
8080838080809280808080b6b7c18080d280808080c1e4b58d80b9858080b4adaa868080998c94fa80978080808092809080b6de94808080dda78093b7809480
808084808080a28080808da18c80808b8fa0809c8092af808f80a78080808b8c80808080b4818aa782808080a480b5808780808c80809880b88080999a808080
808089808080808080809cb68b808080ac80809480b0e1809c80c5808080c4a480808080888ea2dc80808080ba80cc809b8080a880808880e88080929e808080
80809e808080908080808aa19aad8080a68080a5809db6889180a1808080a29e80948080948091c780808080a7808d80808084c680808b80eb808096b1808880
8080b0808092ac808080929aab8080808a9980ae808fc480b980b3808080ce8580928080b39596b98480808c9780b980808080d18080989e068a8099b7808080
8080af898080a6808080a08b80808080b0a980b98ea1cc809280b0808080ab8182a180809d8084d880808080b382ae808c809bbd8080a280ec80808bae808c80
8080b280808791808080a280808d8080c68980bd8681be80a580b5808080b99d80ba808096809ddd80808080c88ea0808080aad18280a580f68080809e808b80
80808080809a809386808089a0808080f480808f8080b280e280d8808080c8cc8b808080c98491ef808080808f80d880a985a6a58d80b580b68080b2b0808680
808080808081b3808080b2a89c808081c78e809e809cfb80e080ee808080c3a8809d8080b39e80f380808080a980c680aa809da98b80a79fbf80809ec2808080
808080a680809e8080809cb18baf8080be80809b80b61bb1808be7808080a4a7808e808080c1800b808080808680aa80828088c784808080f58c8080c0809a80
808093808080ab808f8081b59d808080c0a180a3808dbb80a380b08080808d8f8f9e8080c2a894cd808080809280a08080808bb98080af87cd93809fb1808080
8080918080808980808095bdae808089c580808080a5c280a685b7848080b3b08689808092cb84db808380808180bb80988480aa80809480b182809cb7808080
8080978080808080808093ab9d808080958080838090c980a5809a808080cdba80818080978ca3c1808980809480a780808092be93808e800a9a80959d888080
8080808080808d80808089a3809b8080ca808097849cde86b596c38080808eb39bb18080808e82e3808780809c80a8809b808ab98d808f80c7888086ba808080
80808d938080898080808d9880928080bf80808d80a5db808086b2808082a4978091808080949fe0808080809992b4808080959b88808080db808080a8809180
80808080809682808280a580b0c68080b280809d8090ca84b780eb8080809cb18c9a80809a8480e98080808090809a8091809fb6ad808080b1808080978e9380
80808080808c848080808bb791808080b98080948098b680bf80ce808080b3ba808080809680aed2808080809d80a280808080b292809580c8808080ab808080
8080aa9a8080a68080809ab780b48080af80808d80bef083b080a8808080b5ae809d8080afae8cf080838080908095808080a00a80808080f1bf8081b9808780
808086808080988080809bb68a808080ab8080a980aef780be80d3808080d8c38080808080959bec80808080bd80c9808d8089b980808591108d808fc8838080
808091808080c480808089aa93ad80809d9280af8093e280ab80b58980809ab680ad8080ab809bd080808080a180b980808088b49a809680fab18088bb808080
8080808080808080808099a9ab808080bb8080818098c080a68ac88080809fb8a48f8080a1a192ec808080808280b2808d8092b784808d809f828080b7808880
80808c80808898808080b09ea2a98080bb80808a8089e990a580e2808080c1a284a28080a09881ec80808080a2809980808093d282808080d88b808c9b8b8a80
808cac8080808e80828084a19f8f8080a080809580899c809880a98080809c9380888094bb808ba9808080808380a68083808dbe89809280cb80809fba808380
808c89808080808080808ea6c980809fb7808a8080929180b480d3808080bcadbc808080ec8e96cf9a808080a180ae808680809f8080a38086808080ae808680
8080a680808087808080a4c0b2808080ad80809a80add080c880b7818080c5d88696808093b59aed808080808b80d4808b8090b183809e800280808bd0808080
80808380808080808080a89c808b8080b28080af80b0f480a180dd8080808ae2939a8080809b97ff80808080bf80b7808c8080a0808088800a808080db808380
808080808080928d80808aa2808080808083808b8095e980808b96808080cbb380808080a08ba2ba80808080ad80d880a780808080808086f691809880988080
8080808a8080c9808080a9d089858080c380809780b7ff88ac80e780808099be80948080b387a3c3808080809880958080809ce580808080dba38094b7808080
8080818080808080808085ad978e8080cb8080818089b4808f85af8080809f8080808080838692d2809980808b80a38080809fb196809280de8080809d809b80
8080808080809b80808094a2b1af8082a48080a18098d788b080e6808080b6cc8b808080a29980f680808080a680cf808b80929f89808080bf808080ba808080
8080b7808080d4808080a3a099b28080b18080b780b3e580c680a0808080b4b280bb8080b6ac80ed808080809a80ac8080809fdf80808080e1998080b9808080
8086808080808080838080cb94808080ba80808080a0d180998ef980808091b98880808099988acd808084808080a680b48080b1998080809fb28088b8969480
8080808080a5808080808da591808080be808080809dbdac938fb38085809ba3838080808784abbe808d80809a809180918080af99808080a880808084808880
808089808081b080808090afb2808080c38080ad80acd680f780da808080b7d9a0808080008097e886808080bf80eb808c8080ac80809a80be89808099808080
8080a58c8080a9808080888c80808080c0a1808f8080ad809080ab8080809c9290878080bf8099c180808080ba80958080808b9a80808e80c9808080a6809482
80808d80808d958f808093ac93888080c380808b80a6dc80af86b5808080c2c086ab808097a18fe1809680808e80a3808f808bb888809f80d09a8095aa808080
8080808080868080808099dda7808080d880808080969495b78dbf808080daaa9d898080ba8ab7c1809480809c809980808887ad8e80c6809f88809691808080
80809680808096808080a4d2a6948080848080a580c2e684b280d4808080c29b809080809fae9bf2809e808080808c80898080c780808080ddbc8087c7808080
80808080808c8080808092bb9d808081c780808080849e80b080cb80808093a0bb808080cf8a82cc81808080a780a6808f8080818b808b808380808085808180
808080808088a1808e80828185808080c98b808d80809d809880b080808083af89808080c48c84c480808080af80a9808080809180808580a18080808e808c80
8080a49680808d808080858e80b28080c280809f8080b79e8880aa80809aa29080d38080809390e18c80808084808080808095c682809080ce8980818d809680
80809e8084808c808080b69a92888080fc8080aa8080b180be80c980808088d18bcd80808b8098c980808080ab808b8080809ac5a680a580098080859e809180
808080808084a680808092a2a39f8080b98080a58092c480bb80c3808080b99c808b8080a2a180d58081808ba880bd80818080c68080888ed38e80a09e808080
80808080808693808080b382a9998080f580809c9980d480da80e9808080b0c481b48080b2a680f980808080a980a1809380bdd7b480a687d18080a89e938080
8080b880808893808080979daf808080c981899c8086b080d080bb808080acb6ad908080fc80bae480808080a980bd808080aac580808e80d18080809b80ae80
8080808080898d80808080a0aca38080c980808f80bfc48da380bc808080979d81808080b89780f58081808080809f80a480a0bd94808080a588808bb0808c80
808080ab80809680808080d6899c8080ea80808080b516a58391e6a18080bf8f8093808080ba96e4808b80809580c480808080b4a980808004b5809db8808080
808080808080838080808e9095808080e380809d8891c180b683df8080809ab49f96808092928cf780808080a980c880948090988f808d809b808080b080a180
8080848080918e808380898a84808080b38280b69b969f80b080c3808580869780808084af8092bb80808081b0809d8089809bcb8080a083c2808088b180a080
808080808089878080808ba49e958080b78080908095de80ca89d4808080c490838280808ca880f6808080809980c580a2808bb58e808187b6828093a1808080
808097808084ac808080928591808080b19c80b5808dca80b180c8808080aeba8e808080c89092e280808080bf80d5809380869a80808a81da808080aa808b80
8080a6808080a4808080a6a489808080e68e809f8080d380b180c0808080b2a481958080898098c8808080809880a8808080cdcba680b0802580809ec6809780
8080909280828a80808080a480978080a88080808096c68085848e928080b38580a280808296a3af809e8080808086808b8085c881809380cb9d80a790808980
8080ab808090ae808180958db1808080d296909e8084b380c380b5808080adc09e8080800480bbcf80808080bc80d980808092a780809680d88080808a809580
8086a7808080868080808b988e878080a080808e8088b680a680a8888080c2a7a2818080a780a1bf80808080a180a980808095cc80809280c68f80808f80ab80
8080978080839b80808093aaaa808080df8080868081b280b380c0808080c99e809e8080a7809bc080808080a480a6808080a3b69180b486de80809494888080
80808a80808aa4808080a19980808080d7898094809dd680b780c480808099cf8d808080d68099c580808080be80bb808d809ab394808680d280808395808b80
8080ae8080809f808080b9b085a28092de8080bb80abff858680bf8d8080c89f80bd808080b08009808080809891c68080809fca8f808a8028808084b2809580
80808080809480808a80809280808080c382808080819780a180a58080809bb880808080c281a8ad808080809d80b7808e80858bab80a680ab80808795808880
808092808080978080809cb9ae978080c380808f80abe580a580d5848080c5bd93968080b1a7a5f7808080808d80ae8080808dca82808380de9b8086af808580
808090808085858080808095a6888080c28080938095ab888f80af838080bb9d808f8080989984df808e808080809780838098b894808580c8908092a8809280
8080808080808080858097a1b5808082de80808c8080bb80cb81ed808080c1a19c838080b6a5940780808080a280b0808080a4db9080a180af8d8080a580aa80
80808782809c96808080879882808080a892809c8090a680a280a1808080ab8680808080b2809eaa80808080a58b9d808680899980809c80c680808192808682
8082808a80808080808096959cb3808099808095809ce98b9185be808080a0b080838080808e80e8808080808e829f80808091ae8f808080d98b808099808480
80808685808080808080809792b68080af80808c8093af9b8080ab8080969085809a808080a588db8880808080938b80808090a99d808080cc80808196808f80
808097808080908089808596bbad8080bd80809580a4b48db580b9808080a1af94828080d08b8efe808b8080878089808080cfd68e808480bea1809bb7808f80
808080808080b780808096b380808080d19280aa80ace880e180e380808094d7a2838080ce809ff280808080ce80ad808b80808380809f80c1808080d6808080
808086808080ab808080a0e8b5808080e28080b480b9f480f480df808080cee2808280809ed2800580808080aa80fa80b38080d3808099bbf48080acd4808080
80808080809c868080809a98d2808080098094808080aa80fb80d6808080b5d7bc898080f1afa2f880808080a580d4809480969c8080a9808d80808282808080
80809280808996808080a1c2a9808080e380808380bcf480cb80df938080cfd582808080e58db0e1808080809c80e28098809bdaa1808080d496808e9b889d80
8080a88080808080808092a280808080b880809280acea80ad80b5858080b5d9929f80809a80d0c780808080b180b0808080c0d79f809a801bc0809ca3808080
808086808080a9808080a69389808080cb8680a18092d880bd80bf808080a7b38a978080bc8d9ae980998080b180a5808080cac0a180a980e0828095b2808080
8080bc8080809b808080899bb8808080b68a809d8082b180b080d1808080afa68b878081f6849ecb848080809a80a4808080809680809d80d9808097bc808080
8080809580828780808080b080968080cb80808280a8df888391c880809b96a9809780808087a9c68080808080809980808080b597808380d9998080b0809580
808e8480808680808b808bb0c580808094808e9380869980ae80c7808080a09e8080808bc8808fb98b8080809380bc808081809280808080b58780808b8d8080
8080808380808080808091c69a808080af80808080a7fe80a682e3808080e1ad8080808080a2b9e7808080809980c7808080809b918098802d9f8085e3808080
808086808096a180808095a8ad8080809280889280a0b080b380c380808085ae9f8f8080dc8b87c980808080828094808d8082a394808d80b7998080a9808080
80808780808a808080809ba09b808080bf848080808087808d80ab8080808fa68c808080c0979db0808080809f808d8080808f9c91809d80c180808a90808d80
80808f80808090808080b18780a78080ad8080ab8898e387a280be808080aca697a18080868080dd80808080b288b5808080afcfa2808080e088808396808780
80808a808091808088808787898080808e8880a280849a8093809480808098948082808b968095b2838080809f8fa980808080b980808080bc8080808d808a80
80808097808086808080e0a3808f8080f19e809a808b02809380f1808084c1c380bd808080888dcb80a28080c38094808180a2e0a580ca803e87808fc7808b80
80808080808088808080959691938080ca8080a3809ecb869c80d9808080a3b4848180808b9389de80808080c180c6808480809e80808080d1808080a1808880
80808097808d8780828086958ba68080c18080848091c0968080c3808088838989988080959780df8280808095808b808080809e82808080a78080808e808d80
80808e948080c08080808cc085a18080ee80808080ad019b9e82a1988080959480a4808083c38bdd8098808082809f808080a5f18080a180e28f80b9bb808480
808096a080808f80808087c487958080da80808080bbe3af989daf808095bda99ab5808088a19519808080808f80a8808080b8f188809280c8a28080aa809380
80808080808280808c80809796808091e9808080808a9e809d80c480808099b580808080b3ae8bdb808080809b80ba808180809892809380ae80808193808980
8080b0808080c980808092ac938b80808e9280ba80a0d980b480b1858080b1b080938080b680abce808080808d809c808080bad18a809e8003b18093db808080
8080b9808080ad8080809e9985808080c48080a280a7fa80a680ad808080b9bf8c9682808786aee0808080808985ce809b80bebf8080938009808096d2809180
8080b4808080af8080809ba5958a80809c8080ab8096d480ad809b808080c39980ac80809c9096d38080808094929b808080a3bf84809684dd8d80a0af808080
8080808080a080808080809b91808083cd80808080808680a980b18080809c99a6808080ce8093c880808080b180ae80878080908680a5809980808080809480
808091808094ab8080808c9588868080a18080b580b2d580bd80bf808080b8a780838080b9808fd480808080a683bd809b809dc080808983df8e8081ba808080
8080b08080808d808080cac5ada28080c18080ab8094da809e80dd808080bba380c880809de58bf780808080a4809c808080800880808080efa58090a9808080
80808b80808093808f8091a8ae808081ba8080928091a3809d80c6808080abb780808080c58985b780808080a380a680808080b680808380a481808495808080
80808c8980829580808091ae80808080d38080808096f780b88dae808080d5ba80b180808081b5ce80918082b380a180808097c78280a9801c828088bb808180
8080808080809180808086c5a880809d9c8080938093a9808080e0808080969a9a808080b99f80b7808080808080a8809d80809b868080809e9f8091c28a8080
8080a180808080808080bcbabdb08080ac80809080bcec80bf80db808080a3dfa29d8080cfa8ab14808080808480a6808080abd2b8808080dda38080bd809a80
8080a0818084a7808080918c80808080c2888096808cd880ac80a8808080b89b808e8080a08098cc80808080a982c0808980a8b480809180eb80809796808080
808080808090808083809dadbf808080ba808a8b80809980cf80d280808094afa1858080e18092ce80808080a080978080808eb2898089809983808189808c80
8080808080838080808089ad9d808082a5808b808080a2808a80c58080828b908c808080a09b99c8948080808e80ad808e87808080808780b0808080858a8080
8080a89380809b80808086998e808080a0878098808ec680a18080808080c98e809c808088aa92d5808080808780b38082808bbb80809c88e980808ea4808080
8080a08080809185808092a3a6808082d580808080808780b8809c808080d3c188a28080b1829bbe808080829080af808089a3ba9380d980c58880b089808080
8080808880859e808080c6be99868080a180808280b10680b594be808080da858094808080bb8de5808a80808580a980938087df89808880cf878096aa808080
8080a38080809d808080aba5809c8080a78080a480a9e9929b80c480808093b780b08080988295d280808080a7808b80808086e081808080dbac8080a7808680
808080a180808a80808086a880808080c280809280a4db829e80a7808080b88980848080809e8edb80808080a484bb808f8088a980809c82d480808ea9808080
8080828080808580808080af97808080c380808880a3c480b680bd808080c9ad808080809e9e96c980808080a280d5809a8080a18b809580d080809b9c808080
808096898091cc8080809d9c80808080e38080b280c73280d280eb808080bbed9c808080c580b60780808080d180d3809780a4cb8080808023868080ce808e80
808086a18080878080808bbb89ae80809480808780c6fa898096ae958080b5808080808080a59cd880a4808085809f80948080af8f808080e58f809ea0808080
8080a9808094948089808594a1858080be80809080809c80a98097808080b59489a98080b98da4b88080808c8d809c8080809ac98080a180e180809881808a80
808085848080828080809eba9e808080ad80808f8096b1809081ac8080809a808091808080b080cf978b80808c809080808080b180808080d2808080a5808080
80888080808b8080a2808fc5ae808080a18099938094c280e480c78080809ed885808080c58089d793808080a580d080948080b380808080b382808080808080
80808e8380808f808080898d80808080b99f80b18090a580a880a58080809f908c8080809180a5cf8e808080bc8bb280808087978080a280ed8080809b809289
808080808080858080808a9c95808080c1808088809dd288b18dad808080ada280958080988d9efc809480809680a0808580a9c990808f80bd9f808094809180
8080878080809c80808097a5a4828080b880809c80a2da80a980d6808080aaaf8ea78080a4bb80f4808080809680c0809f8082b284808886b7958086b8808080
D: ethosu_invoke_async(): OPTIMIZER_CONFIG
I: Optimizer release nbr: 0 patch: 1
I: Optimizer config. product=2, cmd_stream_version=1, macs_per_cc=8, num_axi_ext=1, num_axi_sram=2, custom_dma=0
I: Optimizer config. arch version=2.0.0
I: Ethos-U config. product=2, cmd_stream_version=1, macs_per_cc=8, num_axi_ext=1, num_axi_sram=2, custom_dma=0
I: Ethos-U. arch version=2.0.0
D: ethosu_invoke_async(): NOP
D: ethosu_invoke_async(): NOP
D: ethosu_invoke_async(): NOP
D: ethosu_invoke_async(): COMMAND_STREAM
I: handle_command_stream: cmd_stream=0x220101e0, cms_length 398
I: Soft reset NPU
D: ethosu_dev_set_clock_and_power(): CMD=0x00000000
D: ethosu_dev_run_command_stream(): QBASE=0x00000000220101e0, QSIZE=1592, cmd_stream_ptr=0x220101e0
D: ethosu_dev_run_command_stream(): BASEP0=0x000000002200b740
D: ethosu_dev_run_command_stream(): BASEP1=0x0000000021000040
D: ethosu_dev_run_command_stream(): BASEP2=0x0000000021080040
D: ethosu_dev_run_command_stream(): BASEP3=0x0000000000000000
D: ethosu_dev_run_command_stream(): BASEP4=0x0000000000000000
D: ethosu_dev_run_command_stream(): BASEP5=0x0000000000000000
D: ethosu_dev_run_command_stream(): BASEP6=0x0000000000000000
D: ethosu_dev_run_command_stream(): BASEP7=0x0000000000000000
D: ethosu_dev_run_command_stream(): CMD=0x00000001
D: ethosu_dev_set_clock_and_power(): CMD=0x0000000c
D: ethosu_wait(): Inference finished successfully...
RUN 1 status=0 cpu_cycles=848700
OFM_DONE pass=1
I: NPU driver handle 0x20000e50 deregistered.
